Primary_Symbol,STRING
TTN,9606.ENSP00000467141
MUC16,9606.ENSP00000381008
SYNE1,9606.ENSP00000356224
NEB,9606.ENSP00000484342
MUC19,9606.ENSP00000495398
OBSCN,9606.ENSP00000455507
DST,9606.ENSP00000307959
MACF1,9606.ENSP00000354573
LRTM3,9606.ENSP00000320232
FSIP2,9606.ENSP00000401306
SYNE2,9606.ENSP00000350719
ADGRV1,9606.ENSP00000384582
AHNAK,9606.ENSP00000367263
AHNAK2,9606.ENSP00000353114
MUC5B,9606.ENSP00000436812
MUC5AC,9606.ENSP00000485659
HMCN1,9606.ENSP00000271588
MDN1,9606.ENSP00000358400
KMT2D,9606.ENSP00000301067
MUC12,9606.ENSP00000441929
MUC4,9606.ENSP00000417498
FCGBP,9606.ENSP00000481056
MUC2,9606.ENSP00000494061
RNF213,9606.ENSP00000464087
NBPF20,9606.ENSP00000479291
USH2A,9606.ENSP00000305941
UBR4,9606.ENSP00000364403
PCLO,9606.ENSP00000334319
HYDIN,9606.ENSP00000377197
EPPK1,9606.ENSP00000484472
HMCN2,9606.ENSP00000485357
ABCA13,9606.ENSP00000411096
RYR1,9606.ENSP00000352608
BLTP1,9606.ENSP00000264501
FAT4,9606.ENSP00000377862
RYR2,9606.ENSP00000355533
KMT2C,9606.ENSP00000262189
RYR3,9606.ENSP00000489262
HERC1,9606.ENSP00000390158
BIRC6,9606.ENSP00000393596
HERC2,9606.ENSP00000261609
DNHD1,9606.ENSP00000254579
STARD9,9606.ENSP00000290607
PLEC,9606.ENSP00000323856
MYCBP2,9606.ENSP00000444596
LRP2,9606.ENSP00000496870
DYNC1H1,9606.ENSP00000348965
DNAH5,9606.ENSP00000265104
LRP1B,9606.ENSP00000374135
FAT1,9606.ENSP00000406229
SACS,9606.ENSP00000371729
APOB,9606.ENSP00000233242
FAT3,9606.ENSP00000432586
LRP1,9606.ENSP00000243077
DNAH11,9606.ENSP00000475939
MUC17,9606.ENSP00000302716
DNAH8,9606.ENSP00000333363
DNAH9,9606.ENSP00000262442
DNAH10,9606.ENSP00000489675
DNAH17,9606.ENSP00000374490
DNAH2,9606.ENSP00000458355
HSPG2,9606.ENSP00000363827
VPS13D,9606.ENSP00000478104
ANK3,9606.ENSP00000280772
HUWE1,9606.ENSP00000340648
FAT2,9606.ENSP00000261800
DYNC2H1,9606.ENSP00000497174
PKD1,9606.ENSP00000262304
DNAH1,9606.ENSP00000401514
TNXB,9606.ENSP00000407685
PKHD1L1,9606.ENSP00000367655
ALMS1,9606.ENSP00000482968
DNAH6,9606.ENSP00000374045
PRKDC,9606.ENSP00000313420
DNAH3,9606.ENSP00000261383
PKHD1,9606.ENSP00000360158
CMYA5,9606.ENSP00000394770
FLG,9606.ENSP00000357789
DNAH7,9606.ENSP00000311273
VPS13B,9606.ENSP00000351346
FRAS1,9606.ENSP00000422834
HECTD4,9606.ENSP00000366783
KMT2A,9606.ENSP00000436786
ANK2,9606.ENSP00000349588
ZNF469,9606.ENSP00000456500
BSN,9606.ENSP00000296452
AKAP9,9606.ENSP00000348573
TRRAP,9606.ENSP00000352925
NBPF19,9606.ENSP00000478752
LYST,9606.ENSP00000374443
NBPF10,9606.ENSP00000463957
VPS13C,9606.ENSP00000493560
CSMD3,9606.ENSP00000297405
ZFHX3,9606.ENSP00000493252
LAMA5,9606.ENSP00000252999
DMD,9606.ENSP00000354923
SPTBN5,9606.ENSP00000317790
SPEN,9606.ENSP00000364912
SMG1,9606.ENSP00000402515
CUBN,9606.ENSP00000367064
SVEP1,9606.ENSP00000363593
ZFHX4,9606.ENSP00000498627
CSMD1,9606.ENSP00000489225
USP34,9606.ENSP00000381577
MYO15A,9606.ENSP00000495481
WDFY3,9606.ENSP00000295888
CSMD2,9606.ENSP00000362479
ASPM,9606.ENSP00000356379
RELN,9606.ENSP00000392423
UTRN,9606.ENSP00000356515
SZT2,9606.ENSP00000457168
BRCA2,9606.ENSP00000369497
VCAN,9606.ENSP00000265077
XIRP2,9606.ENSP00000386840
DCHS2,9606.ENSP00000349768
CDH23,9606.ENSP00000224721
PCNT,9606.ENSP00000352572
LAMA3,9606.ENSP00000324532
MUC3A,9606.ENSP00000368771
CELSR3,9606.ENSP00000164024
DCHS1,9606.ENSP00000299441
SPEG,9606.ENSP00000311684
GOLGB1,9606.ENSP00000377275
UNC80,9606.ENSP00000391088
MKI67,9606.ENSP00000357643
SRCAP,9606.ENSP00000262518
RANBP2,9606.ENSP00000283195
CPLANE1,9606.ENSP00000389014
CFAP47,9606.ENSP00000367922
WDFY4,9606.ENSP00000320563
COL6A3,9606.ENSP00000295550
VPS13A,9606.ENSP00000353422
FREM2,9606.ENSP00000280481
EYS,9606.ENSP00000359655
EP400,9606.ENSP00000374212
HTT,9606.ENSP00000347184
REV3L,9606.ENSP00000351697
LAMA2,9606.ENSP00000400365
CEP350,9606.ENSP00000356579
CENPF,9606.ENSP00000355922
TRIO,9606.ENSP00000339299
MYO15B,9606.ENSP00000495242
CFAP54,9606.ENSP00000431759
DNAH12,9606.ENSP00000312554
PRUNE2,9606.ENSP00000365908
ADGRG4,9606.ENSP00000377699
LAMA1,9606.ENSP00000374309
MGA,9606.ENSP00000219905
COL12A1,9606.ENSP00000325146
ATM,9606.ENSP00000278616
BOD1L1,9606.ENSP00000040738
BPTF,9606.ENSP00000307208
DMXL2,9606.ENSP00000441858
DMXL1,9606.ENSP00000439479
CELSR1,9606.ENSP00000262738
FRY,9606.ENSP00000445043
FRYL,9606.ENSP00000351113
CHD7,9606.ENSP00000392028
KALRN,9606.ENSP00000240874
CRYBG3,9606.ENSP00000374273
ASH1L,9606.ENSP00000376204
TNRC18,9606.ENSP00000395538
ZZEF1,9606.ENSP00000371051
TACC2,9606.ENSP00000358001
NBEA,9606.ENSP00000383295
COL7A1,9606.ENSP00000332371
TRANK1,9606.ENSP00000494480
OTOG,9606.ENSP00000382323
CELSR2,9606.ENSP00000271332
FBN2,9606.ENSP00000424571
CHD9,9606.ENSP00000396345
HELZ2,9606.ENSP00000417401
PRRC2C,9606.ENSP00000343629
WDR87,9606.ENSP00000405012
FBN1,9606.ENSP00000325527
DSP,9606.ENSP00000369129
LRBA,9606.ENSP00000349629
HRNR,9606.ENSP00000357791
PKD1L1,9606.ENSP00000289672
MEGF8,9606.ENSP00000251268
APC,9606.ENSP00000257430
PDZD2,9606.ENSP00000402033
NF1,9606.ENSP00000351015
MXRA5,9606.ENSP00000217939
VWF,9606.ENSP00000261405
AKAP13,9606.ENSP00000354718
ZAN,9606.ENSP00000480750
FBN3,9606.ENSP00000270509
NIPBL,9606.ENSP00000282516
MAP1A,9606.ENSP00000300231
UBR5,9606.ENSP00000429084
TEX15,9606.ENSP00000493555
UTP20,9606.ENSP00000261637
TENM2,9606.ENSP00000427874
TENM4,9606.ENSP00000278550
TG,9606.ENSP00000220616
ITPR1,9606.ENSP00000306253
NBEAL2,9606.ENSP00000415034
MGAM,9606.ENSP00000447378
PIEZO2,9606.ENSP00000421377
SRRM2,9606.ENSP00000301740
TENM1,9606.ENSP00000403954
FLNC,9606.ENSP00000327145
ZNF292,9606.ENSP00000358590
HIVEP1,9606.ENSP00000368698
KMT2B,9606.ENSP00000398837
CFAP46,9606.ENSP00000357575
CHD6,9606.ENSP00000362330
ITPR2,9606.ENSP00000370744
CENPE,9606.ENSP00000265148
TENM3,9606.ENSP00000424226
NSD1,9606.ENSP00000395929
NBEAL1,9606.ENSP00000399903
SETX,9606.ENSP00000224140
ITPR3,9606.ENSP00000363435
GCN1,9606.ENSP00000300648
ANKRD11,9606.ENSP00000301030
FLNA,9606.ENSP00000358866
ATR,9606.ENSP00000343741
BAHCC1,9606.ENSP00000462154
UNC79,9606.ENSP00000256339
TEP1,9606.ENSP00000262715
BDP1,9606.ENSP00000351575
MAST4,9606.ENSP00000385727
IGSF10,9606.ENSP00000282466
USP24,9606.ENSP00000294383
COL6A5,9606.ENSP00000265379
HECTD1,9606.ENSP00000382269
ANKRD17,9606.ENSP00000351416
FLNB,9606.ENSP00000420213
CEP295,9606.ENSP00000316681
ABCA12,9606.ENSP00000272895
POLQ,9606.ENSP00000264233
CHD8,9606.ENSP00000495240
EPG5,9606.ENSP00000282041
ZFHX2,9606.ENSP00000413418
STAB1,9606.ENSP00000312946
MYO18B,9606.ENSP00000386096
SPTBN4,9606.ENSP00000469242
SETD2,9606.ENSP00000386759
NOTCH1,9606.ENSP00000498587
USP9Y,9606.ENSP00000342812
USP9X,9606.ENSP00000316357
STAB2,9606.ENSP00000373539
MTOR,9606.ENSP00000354558
MYO9A,9606.ENSP00000348349
TLN2,9606.ENSP00000453508
ANKHD1,9606.ENSP00000354085
TLN1,9606.ENSP00000316029
JMJD1C,9606.ENSP00000382204
ZFYVE26,9606.ENSP00000251119
CEP192,9606.ENSP00000427550
ACAN,9606.ENSP00000387356
LRRK2,9606.ENSP00000298910
PIEZO1,9606.ENSP00000301015
CIC,9606.ENSP00000458663
CUL9,9606.ENSP00000252050
MGAM2,9606.ENSP00000420449
NCOR2,9606.ENSP00000384018
FASN,9606.ENSP00000304592
CACNA1A,9606.ENSP00000489829
ZNF462,9606.ENSP00000277225
ATRX,9606.ENSP00000362441
IGF2R,9606.ENSP00000349437
NAV2,9606.ENSP00000379396
PTPN13,9606.ENSP00000394794
TTC28,9606.ENSP00000381003
CEP290,9606.ENSP00000448012
FN1,9606.ENSP00000346839
RIF1,9606.ENSP00000243326
SPTAN1,9606.ENSP00000487444
NOTCH2,9606.ENSP00000256646
MAP1B,9606.ENSP00000296755
DOP1A,9606.ENSP00000237163
ACACB,9606.ENSP00000341044
HIVEP2,9606.ENSP00000356576
SPG11,9606.ENSP00000261866
CREBBP,9606.ENSP00000262367
CEP250,9606.ENSP00000380661
NCOR1,9606.ENSP00000268712
MUC6,9606.ENSP00000406861
ABCA2,9606.ENSP00000344155
TASOR2,9606.ENSP00000328426
SON,9606.ENSP00000348984
SPTA1,9606.ENSP00000495214
EP300,9606.ENSP00000263253
DMBT1,9606.ENSP00000357905
HIVEP3,9606.ENSP00000361664
RP1L1,9606.ENSP00000371923
FLG2,9606.ENSP00000373370
SPTBN2,9606.ENSP00000432568
NAV3,9606.ENSP00000381007
WNK1,9606.ENSP00000341292
CACNA1G,9606.ENSP00000352011
CNOT1,9606.ENSP00000320949
NBAS,9606.ENSP00000281513
GPR179,9606.ENSP00000483469
TRIOBP,9606.ENSP00000496394
SPTBN1,9606.ENSP00000349259
TPR,9606.ENSP00000356448
SEC16A,9606.ENSP00000325827
ZDBF2,9606.ENSP00000497308
OTOGL,9606.ENSP00000447211
CACNA1H,9606.ENSP00000334198
C2CD3,9606.ENSP00000334379
F8,9606.ENSP00000353393
FAM186A,9606.ENSP00000329995
ROS1,9606.ENSP00000357494
PDE4DIP,9606.ENSP00000358363
ACACA,9606.ENSP00000483300
KNL1,9606.ENSP00000335463
PCNX1,9606.ENSP00000304192
CACNA1B,9606.ENSP00000360423
PRPF8,9606.ENSP00000460348
PTPRQ,9606.ENSP00000495607
CNTRL,9606.ENSP00000362962
CSPG4,9606.ENSP00000312506
NOTCH3,9606.ENSP00000263388
BRWD1,9606.ENSP00000330753
AKAP6,9606.ENSP00000280979
ARID1B,9606.ENSP00000490491
PTPRZ1,9606.ENSP00000377047
CACNA1E,9606.ENSP00000356545
APC2,9606.ENSP00000442954
PLCE1,9606.ENSP00000360431
DOP1B,9606.ENSP00000382104
WNK2,9606.ENSP00000297954
ARMCX4,9606.ENSP00000404304
POLE,9606.ENSP00000322570
ARID1A,9606.ENSP00000320485
ZNF318,9606.ENSP00000354964
ABCA4,9606.ENSP00000359245
URB1,9606.ENSP00000372199
AHCTF1,9606.ENSP00000355465
ICE1,9606.ENSP00000296564
COL6A6,9606.ENSP00000351310
ABCA1,9606.ENSP00000363868
PKDREJ,9606.ENSP00000253255
ZNF407,9606.ENSP00000299687
ASXL3,9606.ENSP00000269197
USF3,9606.ENSP00000320794
DNAJC13,9606.ENSP00000260818
GON4L,9606.ENSP00000357315
DIDO1,9606.ENSP00000266070
BLTP2,9606.ENSP00000436773
GOLGA4,9606.ENSP00000349305
PRRC2B,9606.ENSP00000349856
RTTN,9606.ENSP00000491507
CAD,9606.ENSP00000264705
F5,9606.ENSP00000356771
CACNA1I,9606.ENSP00000385019
SPAG17,9606.ENSP00000337804
CACNA1C,9606.ENSP00000266376
CABIN1,9606.ENSP00000381364
MYO7A,9606.ENSP00000386331
UNC13C,9606.ENSP00000260323
SORL1,9606.ENSP00000260197
SVIL,9606.ENSP00000348128
SDK1,9606.ENSP00000385899
MED13L,9606.ENSP00000281928
KNTC1,9606.ENSP00000328236
ASCC3,9606.ENSP00000358159
TNC,9606.ENSP00000265131
INTS1,9606.ENSP00000385722
DOCK10,9606.ENSP00000493664
FREM1,9606.ENSP00000412940
MED12,9606.ENSP00000363193
ARFGEF3,9606.ENSP00000251691
MED13,9606.ENSP00000380888
SDK2,9606.ENSP00000376421
ALPK2,9606.ENSP00000354991
BAZ2B,9606.ENSP00000376534
CACNA1D,9606.ENSP00000288139
SHANK1,9606.ENSP00000293441
MYO9B,9606.ENSP00000471457
PRRC2A,9606.ENSP00000365201
RP1,9606.ENSP00000220676
MALRD1,9606.ENSP00000412763
TECTA,9606.ENSP00000376543
PRR14L,9606.ENSP00000331845
ABCA7,9606.ENSP00000263094
YLPM1,9606.ENSP00000324463
MED12L,9606.ENSP00000417235
HEATR1,9606.ENSP00000355541
DOCK7,9606.ENSP00000251157
FREM3,9606.ENSP00000332886
SPTB,9606.ENSP00000495909
PCNX2,9606.ENSP00000258229
SNRNP200,9606.ENSP00000317123
TET1,9606.ENSP00000362748
PLXNB1,9606.ENSP00000351338
CRYBG1,9606.ENSP00000358062
ESPL1,9606.ENSP00000257934
MYO7B,9606.ENSP00000415090
NUMA1,9606.ENSP00000377298
GTF3C1,9606.ENSP00000348510
KIF26B,9606.ENSP00000385545
ZGRF1,9606.ENSP00000424737
BRD10,9606.ENSP00000382815
PI4KA,9606.ENSP00000255882
DOCK8,9606.ENSP00000394888
PIKFYVE,9606.ENSP00000264380
TDRD6,9606.ENSP00000346065
NUP214,9606.ENSP00000352400
NIN,9606.ENSP00000371472
MDC1,9606.ENSP00000365588
ARHGAP32,9606.ENSP00000310561
DYSF,9606.ENSP00000386881
ATG2B,9606.ENSP00000353010
KAT6B,9606.ENSP00000287239
DOCK11,9606.ENSP00000276202
HEATR5B,9606.ENSP00000233099
MPDZ,9606.ENSP00000320006
DOCK9,9606.ENSP00000365643
AGRN,9606.ENSP00000368678
TRIP12,9606.ENSP00000373696
LOXHD1,9606.ENSP00000444586
ARHGEF17,9606.ENSP00000263674
NCOA6,9606.ENSP00000363929
ANKRD12,9606.ENSP00000262126
MYOF,9606.ENSP00000352208
PWWP4,9606.ENSP00000498408
MYO10,9606.ENSP00000421280
FER1L5,9606.ENSP00000485238
MYO18A,9606.ENSP00000437073
DSCAML1,9606.ENSP00000315465
FANCM,9606.ENSP00000267430
DOCK6,9606.ENSP00000294618
LPA,9606.ENSP00000321334
HEATR5A,9606.ENSP00000437968
CR1,9606.ENSP00000356016
PHF3,9606.ENSP00000262043
RALGAPA1,9606.ENSP00000490119
PRR12,9606.ENSP00000394510
HCFC1,9606.ENSP00000309555
PCNX3,9606.ENSP00000347931
EVPL,9606.ENSP00000465630
CKAP5,9606.ENSP00000432768
DOCK3,9606.ENSP00000266037
CCDC88C,9606.ENSP00000374507
CIT,9606.ENSP00000376306
TTC3,9606.ENSP00000381981
PCM1,9606.ENSP00000327077
TRPM6,9606.ENSP00000354006
CROCC,9606.ENSP00000364691
SCN5A,9606.ENSP00000328968
LRRK1,9606.ENSP00000373600
NUP205,9606.ENSP00000285968
DSCAM,9606.ENSP00000383303
SCN1A,9606.ENSP00000303540
SMCHD1,9606.ENSP00000326603
SCN2A,9606.ENSP00000490107
KAT6A,9606.ENSP00000265713
NOTCH4,9606.ENSP00000364163
MICAL3,9606.ENSP00000416015
TET2,9606.ENSP00000442788
SCN3A,9606.ENSP00000283254
CHD3,9606.ENSP00000369716
OTOF,9606.ENSP00000272371
PTPRB,9606.ENSP00000334928
SHROOM3,9606.ENSP00000296043
MYH14,9606.ENSP00000493594
TANC2,9606.ENSP00000387593
EXPH5,9606.ENSP00000265843
ZFC3H1,9606.ENSP00000368017
SCN9A,9606.ENSP00000386306
SPATA31H1,9606.ENSP00000386190
MYH7B,9606.ENSP00000483640
CASP8AP2,9606.ENSP00000478179
MCM3AP,9606.ENSP00000291688
SCN8A,9606.ENSP00000346534
TRIP11,9606.ENSP00000267622
ZNF638,9606.ENSP00000386433
CACNA1F,9606.ENSP00000365441
MYH10,9606.ENSP00000353590
MYH11,9606.ENSP00000379616
TP53BP1,9606.ENSP00000371475
POLR2A,9606.ENSP00000461879
EML5,9606.ENSP00000451998
DOCK4,9606.ENSP00000410746
SETD1B,9606.ENSP00000474253
TNRC6A,9606.ENSP00000379144
TCF20,9606.ENSP00000352463
MYH9,9606.ENSP00000216181
ARHGAP21,9606.ENSP00000379709
EML6,9606.ENSP00000348842
MICAL2,9606.ENSP00000256194
SCN10A,9606.ENSP00000390600
PCDH15,9606.ENSP00000363068
CHD5,9606.ENSP00000262450
THADA,9606.ENSP00000385995
KIAA1549,9606.ENSP00000416040
GREB1,9606.ENSP00000370896
PTPRS,9606.ENSP00000467537
ANAPC1,9606.ENSP00000339109
TCHH,9606.ENSP00000480484
KIAA1217,9606.ENSP00000365637
HELZ,9606.ENSP00000464512
WDR81,9606.ENSP00000386609
MYH2,9606.ENSP00000380367
MYH3,9606.ENSP00000464317
MYH1,9606.ENSP00000226207
MYH6,9606.ENSP00000386041
MYH4,9606.ENSP00000255381
ATG2A,9606.ENSP00000366475
MYH13,9606.ENSP00000404570
MYH8,9606.ENSP00000384330
TNRC6C,9606.ENSP00000336783
MYH7,9606.ENSP00000347507
ADAMTS9,9606.ENSP00000418735
TDRD15,9606.ENSP00000384376
LCT,9606.ENSP00000264162
MYH15,9606.ENSP00000273353
PLXND1,9606.ENSP00000317128
CFAP65,9606.ENSP00000340776
GREB1L,9606.ENSP00000464162
DICER1,9606.ENSP00000437256
DLG5,9606.ENSP00000361467
ZNFX1,9606.ENSP00000360817
ANKRD36,9606.ENSP00000498611
MYLK,9606.ENSP00000353452
RLF,9606.ENSP00000361857
CHD4,9606.ENSP00000440542
PTPRD,9606.ENSP00000370593
AK9,9606.ENSP00000410186
ADAMTS20,9606.ENSP00000374071
TICRR,9606.ENSP00000268138
DENND4C,9606.ENSP00000473469
PLXNB3,9606.ENSP00000442736
NCKAP5,9606.ENSP00000387128
MIA3,9606.ENSP00000340900
PTPRF,9606.ENSP00000353030
RAI1,9606.ENSP00000323074
VWA8,9606.ENSP00000368612
BAZ2A,9606.ENSP00000446880
MTCL1,9606.ENSP00000352927
LRP4,9606.ENSP00000367888
AKAP11,9606.ENSP00000025301
NYNRIN,9606.ENSP00000371994
PLXNA1,9606.ENSP00000377061
OBSL1,9606.ENSP00000385636
PLXNA2,9606.ENSP00000356000
PLXNA4,9606.ENSP00000352882
FNDC1,9606.ENSP00000297267
CDK5RAP2,9606.ENSP00000343818
TAF1,9606.ENSP00000406549
NUP210L,9606.ENSP00000357547
UBR3,9606.ENSP00000396068
NUP210,9606.ENSP00000254508
CPAMD8,9606.ENSP00000498697
TMEM131,9606.ENSP00000186436
ZNF106,9606.ENSP00000263805
KIF26A,9606.ENSP00000388241
ANK1,9606.ENSP00000265709
NAV1,9606.ENSP00000356265
ANKRD31,9606.ENSP00000274361
CACNA1S,9606.ENSP00000355192
RALGAPA2,9606.ENSP00000202677
PLXNA3,9606.ENSP00000358696
CCDC88A,9606.ENSP00000338728
PDCD11,9606.ENSP00000358812
DOCK5,9606.ENSP00000276440
SBF1,9606.ENSP00000370196
NLRC5,9606.ENSP00000262510
TRPM7,9606.ENSP00000495860
DOCK1,9606.ENSP00000485033
BRCA1,9606.ENSP00000418960
DENND4A,9606.ENSP00000391167
TANC1,9606.ENSP00000263635
GBF1,9606.ENSP00000359000
PCSK5,9606.ENSP00000446280
COL27A1,9606.ENSP00000348385
KMT2E,9606.ENSP00000312379
MYO16,9606.ENSP00000401633
FER1L6,9606.ENSP00000428280
TSPOAP1,9606.ENSP00000345824
MYO5A,9606.ENSP00000382177
CFAP44,9606.ENSP00000377428
BTAF1,9606.ENSP00000265990
SBF2,9606.ENSP00000256190
ARFGEF1,9606.ENSP00000262215
KIAA1549L,9606.ENSP00000315295
SHANK2,9606.ENSP00000345193
MYO5B,9606.ENSP00000285039
ECPAS,9606.ENSP00000259335
ZNF236,9606.ENSP00000322361
ATAD5,9606.ENSP00000313171
XIRP1,9606.ENSP00000343140
PSME4,9606.ENSP00000384211
TNS1,9606.ENSP00000171887
PLXNB2,9606.ENSP00000352288
COL5A1,9606.ENSP00000360882
ZSWIM8,9606.ENSP00000381693
SCN4A,9606.ENSP00000396320
ARID2,9606.ENSP00000335044
SLX4,9606.ENSP00000294008
TNRC6B,9606.ENSP00000401946
ZNF646,9606.ENSP00000300850
DOCK2,9606.ENSP00000429283
CHD2,9606.ENSP00000377747
SI,9606.ENSP00000264382
MAP2,9606.ENSP00000353508
TAF1L,9606.ENSP00000418379
KIF13B,9606.ENSP00000427900
AFDN,9606.ENSP00000355771
LAMA4,9606.ENSP00000230538
SPEF2,9606.ENSP00000348314
ITGB4,9606.ENSP00000200181
PHIP,9606.ENSP00000275034
LTBP2,9606.ENSP00000261978
CATSPERT,9606.ENSP00000409937
KIF20B,9606.ENSP00000360793
TUBGCP6,9606.ENSP00000248846
NUP98,9606.ENSP00000316032
KIF1B,9606.ENSP00000263934
VIRMA,9606.ENSP00000297591
TSC2,9606.ENSP00000219476
COL11A1,9606.ENSP00000359114
KIAA1671,9606.ENSP00000351207
SHANK3,9606.ENSP00000489407
KIF13A,9606.ENSP00000259711
SIPA1L1,9606.ENSP00000450832
BRWD3,9606.ENSP00000362372
PARP14,9606.ENSP00000418194
PATJ,9606.ENSP00000494277
FOCAD,9606.ENSP00000369599
WNK3,9606.ENSP00000346667
LAMB2,9606.ENSP00000307156
MAST2,9606.ENSP00000354671
COL14A1,9606.ENSP00000297848
TET3,9606.ENSP00000386869
RBBP6,9606.ENSP00000317872
BTBD8,9606.ENSP00000490913
PAPPA2,9606.ENSP00000356634
SCN11A,9606.ENSP00000499569
LAMB1,9606.ENSP00000222399
BCORL1,9606.ENSP00000437775
ARFGEF2,9606.ENSP00000360985
DCDC1,9606.ENSP00000385936
AKAP12,9606.ENSP00000384537
SIPA1L3,9606.ENSP00000222345
ANKRD36C,9606.ENSP00000403302
FRMPD3,9606.ENSP00000276185
STRC,9606.ENSP00000401513
MUC22,9606.ENSP00000455906
KIDINS220,9606.ENSP00000256707
N4BP2,9606.ENSP00000261435
LTN1,9606.ENSP00000478783
RGPD5,9606.ENSP00000016946
RGPD8,9606.ENSP00000306637
ADAMTSL1,9606.ENSP00000369921
LAMB4,9606.ENSP00000373433
KDM3B,9606.ENSP00000326563
CASZ1,9606.ENSP00000366221
RGPD4,9606.ENSP00000386810
RGPD3,9606.ENSP00000386588
PPL,9606.ENSP00000340510
RGPD2,9606.ENSP00000381214
UBR2,9606.ENSP00000361990
BCOR,9606.ENSP00000367705
DLEC1,9606.ENSP00000308597
COL18A1,9606.ENSP00000352798
IFT172,9606.ENSP00000260570
KNDC1,9606.ENSP00000304437
NUP188,9606.ENSP00000361658
UBR1,9606.ENSP00000290650
WDR90,9606.ENSP00000293879
TJP1,9606.ENSP00000348416
RGPD1,9606.ENSP00000453170
RESF1,9606.ENSP00000310338
PEAK1,9606.ENSP00000452796
COL5A3,9606.ENSP00000264828
C4A,9606.ENSP00000396688
C4B,9606.ENSP00000415941
MARF1,9606.ENSP00000379654
MYO5C,9606.ENSP00000261839
NWD2,9606.ENSP00000309501
NALCN,9606.ENSP00000251127
COL11A2,9606.ENSP00000363840
QSER1,9606.ENSP00000382241
CDC42BPA,9606.ENSP00000355731
TRPM3,9606.ENSP00000366314
PKD1L3,9606.ENSP00000480090
NRAP,9606.ENSP00000358365
TNKS1BP1,9606.ENSP00000437271
SUPT6H,9606.ENSP00000319104
PARP4,9606.ENSP00000371419
SIPA1L2,9606.ENSP00000355589
LY75,9606.ENSP00000263636
FMN2,9606.ENSP00000318884
LRRIQ1,9606.ENSP00000376910
LTBP1,9606.ENSP00000386043
ITSN1,9606.ENSP00000370719
TOGARAM1,9606.ENSP00000354917
POLR1A,9606.ENSP00000263857
PRDM2,9606.ENSP00000235372
MON2,9606.ENSP00000377250
PHLPP1,9606.ENSP00000262719
COL24A1,9606.ENSP00000359603
COL4A2,9606.ENSP00000353654
DDX60,9606.ENSP00000377344
NRXN2,9606.ENSP00000265459
CDC42BPB,9606.ENSP00000355237
CEP152,9606.ENSP00000370337
CHD1,9606.ENSP00000483667
ANKRD26,9606.ENSP00000365255
KIAA1210,9606.ENSP00000384670
SIGLEC1,9606.ENSP00000341141
RICTOR,9606.ENSP00000296782
SETD1A,9606.ENSP00000262519
DDX60L,9606.ENSP00000260184
XRN1,9606.ENSP00000264951
ALPK3,9606.ENSP00000258888
ARHGEF28,9606.ENSP00000441913
ABCA3,9606.ENSP00000301732
ARAP2,9606.ENSP00000302895
UNC13A,9606.ENSP00000429562
TIAM2,9606.ENSP00000437188
CCDC180,9606.ENSP00000501085
SPHKAP,9606.ENSP00000375909
LRRC37A,9606.ENSP00000326324
LRRC37A2,9606.ENSP00000459551
CUL7,9606.ENSP00000438788
ITSN2,9606.ENSP00000347244
PLCH1,9606.ENSP00000345988
TOPAZ1,9606.ENSP00000310303
RIMS1,9606.ENSP00000428417
ADAMTSL3,9606.ENSP00000286744
COL4A6,9606.ENSP00000378340
COL4A4,9606.ENSP00000379866
KDM5A,9606.ENSP00000382688
KIF1A,9606.ENSP00000438388
PBRM1,9606.ENSP00000386593
RREB1,9606.ENSP00000369270
ZNF142,9606.ENSP00000398798
ADAMTS7,9606.ENSP00000373472
PIK3C2A,9606.ENSP00000265970
COL4A5,9606.ENSP00000331902
MYOM1,9606.ENSP00000348821
USP54,9606.ENSP00000345216
GCC2,9606.ENSP00000307939
SHPRH,9606.ENSP00000275233
LMO7,9606.ENSP00000366757
SCN7A,9606.ENSP00000496114
ZNF831,9606.ENSP00000490240
C5,9606.ENSP00000223642
CLTC,9606.ENSP00000479606
MROH2A,9606.ENSP00000477597
KIF21A,9606.ENSP00000354878
CAMTA1,9606.ENSP00000306522
COL4A3,9606.ENSP00000379823
TASOR,9606.ENSP00000347845
COL4A1,9606.ENSP00000364979
ZC3H13,9606.ENSP00000242848
ADGB,9606.ENSP00000381036
CFAP43,9606.ENSP00000349568
PPRC1,9606.ENSP00000278070
QRICH2,9606.ENSP00000262765
CTTNBP2,9606.ENSP00000160373
C3,9606.ENSP00000245907
MTCL2,9606.ENSP00000237536
CRYBG2,9606.ENSP00000428746
PREX1,9606.ENSP00000361009
IQGAP1,9606.ENSP00000268182
THSD7A,9606.ENSP00000406482
ALS2,9606.ENSP00000264276
SCRIB,9606.ENSP00000349486
CROCC2,9606.ENSP00000397968
ROBO1,9606.ENSP00000420321
WIZ,9606.ENSP00000469534
NHS,9606.ENSP00000369400
PHRF1,9606.ENSP00000264555
EIF2AK4,9606.ENSP00000263791
KIF14,9606.ENSP00000356319
SMARCA4,9606.ENSP00000343896
MADD,9606.ENSP00000310933
TUT4,9606.ENSP00000257177
KDM6B,9606.ENSP00000254846
NRXN3,9606.ENSP00000489551
ABCA5,9606.ENSP00000376443
MROH1,9606.ENSP00000435565
CLTCL1,9606.ENSP00000441158
RIMBP3C,9606.ENSP00000390630
RIMBP3,9606.ENSP00000483386
RIMBP3B,9606.ENSP00000479326
KIF21B,9606.ENSP00000411831
PTPN23,9606.ENSP00000265562
PIK3C2B,9606.ENSP00000356155
LRRC37A3,9606.ENSP00000464535
IQGAP3,9606.ENSP00000354451
PAPPA,9606.ENSP00000330658
PLEKHG4B,9606.ENSP00000490806
COL22A1,9606.ENSP00000303153
TOP2B,9606.ENSP00000264331
LTBP4,9606.ENSP00000311905
ABCA9,9606.ENSP00000342216
RNF17,9606.ENSP00000255324
WDR97,9606.ENSP00000320648
NES,9606.ENSP00000357206
TARBP1,9606.ENSP00000040877
ABCA8,9606.ENSP00000467271
CC2D2A,9606.ENSP00000403465
ALK,9606.ENSP00000373700
KATNIP,9606.ENSP00000261588
ABCA6,9606.ENSP00000284425
MYO3A,9606.ENSP00000495965
DNMT1,9606.ENSP00000352516
SHROOM2,9606.ENSP00000370299
LRP5,9606.ENSP00000294304
LRP6,9606.ENSP00000261349
NHSL1,9606.ENSP00000394546
ADCY10,9606.ENSP00000356825
LAMC1,9606.ENSP00000258341
TMEM131L,9606.ENSP00000386787
MAP3K4,9606.ENSP00000375986
THSD7B,9606.ENSP00000387145
PREX2,9606.ENSP00000288368
HECW1,9606.ENSP00000379228
COL16A1,9606.ENSP00000362776
USP32,9606.ENSP00000300896
TRPM1,9606.ENSP00000437849
DEPDC5,9606.ENSP00000498382
AHDC1,9606.ENSP00000363123
CAMSAP1,9606.ENSP00000374183
RAPGEF6,9606.ENSP00000296859
EIF4G1,9606.ENSP00000416255
ARHGEF5,9606.ENSP00000056217
SETBP1,9606.ENSP00000497406
RB1CC1,9606.ENSP00000025008
ADAMTS12,9606.ENSP00000422554
THOC2,9606.ENSP00000245838
UNC13B,9606.ENSP00000479261
TIAM1,9606.ENSP00000286827
SMARCA2,9606.ENSP00000371638
VWDE,9606.ENSP00000275358
SAMD9,9606.ENSP00000369292
CEP170B,9606.ENSP00000404151
PEG3,9606.ENSP00000326581
GLI2,9606.ENSP00000390436
MROH2B,9606.ENSP00000382476
ADGRB2,9606.ENSP00000362759
EIF4G3,9606.ENSP00000383274
CEP170,9606.ENSP00000355500
ADGRB1,9606.ENSP00000430945
SAMD9L,9606.ENSP00000326247
CFAP74,9606.ENSP00000417061
NRK,9606.ENSP00000434830
ABCC8,9606.ENSP00000494321
MED1,9606.ENSP00000300651
GLI3,9606.ENSP00000379258
FRMPD1,9606.ENSP00000444411
DNMBP,9606.ENSP00000315659
DIP2B,9606.ENSP00000301180
SPATA31D1,9606.ENSP00000341988
IQGAP2,9606.ENSP00000274364
LAMC3,9606.ENSP00000354360
SSC5D,9606.ENSP00000374274
SYNJ1,9606.ENSP00000409667
HECW2,9606.ENSP00000260983
DIP2A,9606.ENSP00000392066
MAST1,9606.ENSP00000251472
PLXNC1,9606.ENSP00000258526
KCP,9606.ENSP00000479679
RERE,9606.ENSP00000338629
SYNM,9606.ENSP00000336775
NWD1,9606.ENSP00000501265
SKIC3,9606.ENSP00000497948
NEURL4,9606.ENSP00000382390
NACAD,9606.ENSP00000420477
ERCC6L2,9606.ENSP00000499371
KDM5C,9606.ENSP00000364550
BICRA,9606.ENSP00000379946
DIP2C,9606.ENSP00000280886
INO80,9606.ENSP00000497609
BAZ1A,9606.ENSP00000371859
PCF11,9606.ENSP00000298281
UGGT1,9606.ENSP00000259253
CDC42BPG,9606.ENSP00000345133
DUOX1,9606.ENSP00000317997
ABCC9,9606.ENSP00000261200
ZMYM4,9606.ENSP00000322915
DUOX2,9606.ENSP00000373691
ABCC2,9606.ENSP00000497274
ARHGEF12,9606.ENSP00000380942
KDM5B,9606.ENSP00000356233
ARAP3,9606.ENSP00000239440
TULP4,9606.ENSP00000356064
ABCA10,9606.ENSP00000269081
ASXL1,9606.ENSP00000364839
MEGF6,9606.ENSP00000348982
KDM5D,9606.ENSP00000322408
ZFYVE16,9606.ENSP00000426848
CLASP1,9606.ENSP00000263710
LRRC7,9606.ENSP00000309245
DOT1L,9606.ENSP00000381657
SLIT1,9606.ENSP00000266058
KIAA0586,9606.ENSP00000346359
AGL,9606.ENSP00000294724
NFAT5,9606.ENSP00000338806
TOP2A,9606.ENSP00000411532
ABCC1,9606.ENSP00000382342
SYCP2,9606.ENSP00000350162
ERICH3,9606.ENSP00000322609
CCDC141,9606.ENSP00000386503
SLIT2,9606.ENSP00000422591
DLC1,9606.ENSP00000276297
ABCC3,9606.ENSP00000285238
DISP1,9606.ENSP00000284476
URB2,9606.ENSP00000258243
EHBP1L1,9606.ENSP00000312671
SLIT3,9606.ENSP00000332164
ARHGEF11,9606.ENSP00000357177
ADGRB3,9606.ENSP00000359630
TOPBP1,9606.ENSP00000260810
ARHGEF40,9606.ENSP00000298694
WDR62,9606.ENSP00000384792
RUSC2,9606.ENSP00000393922
UGGT2,9606.ENSP00000365938
NEXMIF,9606.ENSP00000055682
FAM193A,9606.ENSP00000324587
FAM135A,9606.ENSP00000410768
MAPKBP1,9606.ENSP00000393099
MAP3K1,9606.ENSP00000382423
EPRS1,9606.ENSP00000355890
CDK13,9606.ENSP00000181839
ZNF608,9606.ENSP00000307746
GEMIN5,9606.ENSP00000285873
DCAF1,9606.ENSP00000393183
CUX1,9606.ENSP00000353401
NISCH,9606.ENSP00000418232
LMTK2,9606.ENSP00000297293
EFCAB5,9606.ENSP00000378312
TRPM2,9606.ENSP00000381026
ABCC6,9606.ENSP00000205557
ARHGAP5,9606.ENSP00000371897
GPATCH8,9606.ENSP00000467556
EFCAB6,9606.ENSP00000262726
CPS1,9606.ENSP00000402608
ATP7A,9606.ENSP00000345728
BCL9L,9606.ENSP00000335320
ATP10A,9606.ENSP00000450480
ARHGAP35,9606.ENSP00000500409
COL5A2,9606.ENSP00000364000
RAPGEF2,9606.ENSP00000264431
NCAPD3,9606.ENSP00000433681
GOLGA3,9606.ENSP00000204726
TEX14,9606.ENSP00000240361
COL17A1,9606.ENSP00000497653
SYNJ2,9606.ENSP00000347792
DENND4B,9606.ENSP00000354597
TUT7,9606.ENSP00000365130
RALGAPB,9606.ENSP00000262879
MBD5,9606.ENSP00000386049
SHROOM4,9606.ENSP00000365188
PLEKHH2,9606.ENSP00000282406
ERCC6,9606.ENSP00000348089
ABCC10,9606.ENSP00000361608
ARHGAP23,9606.ENSP00000481862
MAGI1,9606.ENSP00000385450
CDK12,9606.ENSP00000398880
WDR7,9606.ENSP00000254442
CAMSAP2,9606.ENSP00000236925
TCOF1,9606.ENSP00000367028
IQSEC2,9606.ENSP00000495726
COL2A1,9606.ENSP00000369889
CUX2,9606.ENSP00000261726
PIK3C2G,9606.ENSP00000445381
AQR,9606.ENSP00000156471
GRIN2B,9606.ENSP00000477455
CECR2,9606.ENSP00000383428
ZNF518A,9606.ENSP00000485614
BAZ1B,9606.ENSP00000342434
PZP,9606.ENSP00000261336
MAGI3,9606.ENSP00000304604
CFTR,9606.ENSP00000003084
PXDN,9606.ENSP00000252804
MRC2,9606.ENSP00000307513
FYCO1,9606.ENSP00000296137
GAPVD1,9606.ENSP00000377665
NRXN1,9606.ENSP00000385142
CCDC88B,9606.ENSP00000349238
NUP153,9606.ENSP00000444029
A2M,9606.ENSP00000323929
ADGRL1,9606.ENSP00000340688
NLRP1,9606.ENSP00000460475
SNAPC4,9606.ENSP00000298532
RAD54L2,9606.ENSP00000386520
COL3A1,9606.ENSP00000304408
MYOM2,9606.ENSP00000262113
ATP7B,9606.ENSP00000242839
COL1A1,9606.ENSP00000225964
GRIN2A,9606.ENSP00000332549
NCOA2,9606.ENSP00000399968
BLTP3B,9606.ENSP00000279907
PLA2R1,9606.ENSP00000283243
SCAF11,9606.ENSP00000358374
PXDNL,9606.ENSP00000348645
IFT140,9606.ENSP00000406012
POLA1,9606.ENSP00000368358
NKTR,9606.ENSP00000232978
FGD5,9606.ENSP00000285046
RPRD2,9606.ENSP00000358064
PRX,9606.ENSP00000326018
ATP10B,9606.ENSP00000313600
NEO1,9606.ENSP00000341198
RFX7,9606.ENSP00000501317
LMTK3,9606.ENSP00000270238
CEP164,9606.ENSP00000278935
ADGRL2,9606.ENSP00000359765
PLB1,9606.ENSP00000330442
ATAD2B,9606.ENSP00000238789
NBPF12,9606.ENSP00000478609
MRC1,9606.ENSP00000455897
MAGI2,9606.ENSP00000346151
FANCA,9606.ENSP00000373952
MED14,9606.ENSP00000323720
CCDC18,9606.ENSP00000343377
A2ML1,9606.ENSP00000299698
CD163L1,9606.ENSP00000393474
LRRC9,9606.ENSP00000493790
MLH3,9606.ENSP00000348020
PTPRM,9606.ENSP00000463325
FANCD2,9606.ENSP00000287647
ARAP1,9606.ENSP00000377233
C1orf167,9606.ENSP00000414909
ADGRL3,9606.ENSP00000422533
PDS5B,9606.ENSP00000313851
PTCH1,9606.ENSP00000332353
DCC,9606.ENSP00000389140
RGS12,9606.ENSP00000339381
PTPRU,9606.ENSP00000334941
TNS3,9606.ENSP00000312143
SPATA31E1,9606.ENSP00000322640
PTPRG,9606.ENSP00000418112
CD109,9606.ENSP00000287097
ARHGAP31,9606.ENSP00000264245
SHOC1,9606.ENSP00000363405
CPSF1,9606.ENSP00000484669
SETD5,9606.ENSP00000385852
PTPRT,9606.ENSP00000362294
RSF1,9606.ENSP00000311513
NCOA1,9606.ENSP00000385216
BLTP3A,9606.ENSP00000192788
AKNA,9606.ENSP00000303769
PTPRK,9606.ENSP00000432973
CLIP1,9606.ENSP00000479322
ABCC5,9606.ENSP00000333926
NSD3,9606.ENSP00000313983
MYOM3,9606.ENSP00000363557
CC2D2B,9606.ENSP00000386988
NUP160,9606.ENSP00000367721
HFM1,9606.ENSP00000359454
CEFIP,9606.ENSP00000363259
ASXL2,9606.ENSP00000383920
CARMIL2,9606.ENSP00000334958
TRAPPC8,9606.ENSP00000283351
ANKAR,9606.ENSP00000427882
NOS1,9606.ENSP00000477999
PPIP5K1,9606.ENSP00000400887
WRN,9606.ENSP00000298139
CASKIN1,9606.ENSP00000345436
TRO,9606.ENSP00000173898
YTHDC2,9606.ENSP00000161863
DAPK1,9606.ENSP00000386135
FGD6,9606.ENSP00000344446
ANKRD50,9606.ENSP00000425658
ATRN,9606.ENSP00000262919
VPS8,9606.ENSP00000487164
CCDC144A,9606.ENSP00000353717
NPAT,9606.ENSP00000278612
ADAMTS13,9606.ENSP00000360997
NPHP4,9606.ENSP00000367398
ATP10D,9606.ENSP00000273859
BCL9,9606.ENSP00000234739
ZFYVE9,9606.ENSP00000287727
NCOA3,9606.ENSP00000361066
SSH2,9606.ENSP00000444743
RIC1,9606.ENSP00000416696
FHOD3,9606.ENSP00000466937
YEATS2,9606.ENSP00000306983
SMG6,9606.ENSP00000263073
FMN1,9606.ENSP00000479134
BLM,9606.ENSP00000347232
PLCH2,9606.ENSP00000367747
UACA,9606.ENSP00000314556
SNED1,9606.ENSP00000308893
ERBIN,9606.ENSP00000426632
FHAD1,9606.ENSP00000351770
MIA2,9606.ENSP00000491014
RIMS2,9606.ENSP00000427018
TECPR2,9606.ENSP00000352510
ZNF609,9606.ENSP00000316527
EEA1,9606.ENSP00000317955
POGZ,9606.ENSP00000271715
TNS2,9606.ENSP00000319756
FAM135B,9606.ENSP00000378710
CRB1,9606.ENSP00000356370
PRAG1,9606.ENSP00000481109
USP6,9606.ENSP00000460380
CNTLN,9606.ENSP00000370021
PRG4,9606.ENSP00000399679
NAIP,9606.ENSP00000428657
CEP162,9606.ENSP00000385215
NCAPD2,9606.ENSP00000325017
KDM6A,9606.ENSP00000367203
DISP2,9606.ENSP00000267889
EDC4,9606.ENSP00000351811
KIF27,9606.ENSP00000297814
MST1R,9606.ENSP00000296474
SCAPER,9606.ENSP00000454973
ANKRD30A,9606.ENSP00000354432
CCNB3,9606.ENSP00000365210
KIAA0232,9606.ENSP00000303928
GPRASP1,9606.ENSP00000498934
LRPPRC,9606.ENSP00000260665
RAB3GAP2,9606.ENSP00000351832
RPAP1,9606.ENSP00000306123
SBNO1,9606.ENSP00000473665
ANKRD30B,9606.ENSP00000499676
DISP3,9606.ENSP00000294484
NUP155,9606.ENSP00000231498
MET,9606.ENSP00000317272
ATAD2,9606.ENSP00000287394
POLR3A,9606.ENSP00000361446
RTL9,9606.ENSP00000419786
KIF15,9606.ENSP00000324020
COL15A1,9606.ENSP00000364140
ROCK2,9606.ENSP00000317985
ROBO3,9606.ENSP00000380903
DHX57,9606.ENSP00000405111
PLEKHG2,9606.ENSP00000392906
PLEKHG1,9606.ENSP00000351318
CCDC7,9606.ENSP00000491655
CNTNAP1,9606.ENSP00000264638
PALLD,9606.ENSP00000425556
CEMIP2,9606.ENSP00000366243
EIF3A,9606.ENSP00000358140
TDRD9,9606.ENSP00000387303
ABCC11,9606.ENSP00000378230
INSR,9606.ENSP00000303830
NINL,9606.ENSP00000278886
HEG1,9606.ENSP00000311502
CPD,9606.ENSP00000225719
ATRNL1,9606.ENSP00000347152
TONSL,9606.ENSP00000386239
ROBO2,9606.ENSP00000417335
PHLDB1,9606.ENSP00000354498
ZMYM2,9606.ENSP00000479904
NID2,9606.ENSP00000216286
PNPLA6,9606.ENSP00000407509
USP47,9606.ENSP00000382382
AATK,9606.ENSP00000324196
MAP3K5,9606.ENSP00000351908
DROSHA,9606.ENSP00000425979
CARMIL3,9606.ENSP00000340467
CARMIL1,9606.ENSP00000331983
PLIN4,9606.ENSP00000488481
ZMYM3,9606.ENSP00000322845
MTUS2,9606.ENSP00000498251
ARHGEF10,9606.ENSP00000431012
DHX29,9606.ENSP00000251636
MED23,9606.ENSP00000357047
KIF24,9606.ENSP00000384433
IGF1R,9606.ENSP00000497069
SBNO2,9606.ENSP00000354733
COL1A2,9606.ENSP00000297268
NSD2,9606.ENSP00000372351
PLEKHH1,9606.ENSP00000330278
FLT4,9606.ENSP00000261937
BRD4,9606.ENSP00000263377
ARHGEF18,9606.ENSP00000499655
CEMIP,9606.ENSP00000378177
TNIK,9606.ENSP00000399511
MSH6,9606.ENSP00000234420
ABCC12,9606.ENSP00000311030
NPC1L1,9606.ENSP00000289547
JCAD,9606.ENSP00000364526
RTL1,9606.ENSP00000497482
TNR,9606.ENSP00000356646
PIK3R4,9606.ENSP00000349205
KTN1,9606.ENSP00000378725
TMEM94,9606.ENSP00000364397
KDR,9606.ENSP00000263923
PARD3,9606.ENSP00000363921
ROCK1,9606.ENSP00000382697
ADCY9,9606.ENSP00000294016
IBTK,9606.ENSP00000305721
ANKRD36B,9606.ENSP00000481149
CADPS,9606.ENSP00000373215
KANK1,9606.ENSP00000477725
USP31,9606.ENSP00000219689
TRIM66,9606.ENSP00000495413
ZNF804B,9606.ENSP00000329638
PITPNM2,9606.ENSP00000322218
IGSF9B,9606.ENSP00000436552
UBN2,9606.ENSP00000418648
NFASC,9606.ENSP00000344786
SPATA31A7,9606.ENSP00000484807
UTY,9606.ENSP00000442047
SPATA31A1,9606.ENSP00000498856
PCDH11X,9606.ENSP00000362186
ADGRF5,9606.ENSP00000283296
ZNF541,9606.ENSP00000375770
PRR36,9606.ENSP00000482374
SYNGAP1,9606.ENSP00000496007
KIF7,9606.ENSP00000377934
SPATA31A6,9606.ENSP00000329825
ERBB3,9606.ENSP00000267101
WDR19,9606.ENSP00000382717
ZNF335,9606.ENSP00000325326
MYO3B,9606.ENSP00000386213
WASHC2C,9606.ENSP00000485513
WASHC2A,9606.ENSP00000282633
ACIN1,9606.ENSP00000262710
ASTN2,9606.ENSP00000354504
CLSPN,9606.ENSP00000312995
IRS2,9606.ENSP00000365016
ADGRA2,9606.ENSP00000406367
FLT1,9606.ENSP00000282397
PFAS,9606.ENSP00000313490
CPAP,9606.ENSP00000371308
AOX1,9606.ENSP00000363832
PDS5A,9606.ENSP00000303427
PTPRJ,9606.ENSP00000400010
KDM2B,9606.ENSP00000366271
GRIN2D,9606.ENSP00000263269
MAPK8IP3,9606.ENSP00000481780
WDR33,9606.ENSP00000325377
SH3TC1,9606.ENSP00000245105
IGSF1,9606.ENSP00000359940
RPTOR,9606.ENSP00000307272
SPATA31F1,9606.ENSP00000417711
NCKAP5L,9606.ENSP00000337998
XDH,9606.ENSP00000368727
SOS1,9606.ENSP00000384675
SOS2,9606.ENSP00000216373
ELP1,9606.ENSP00000363779
IL16,9606.ENSP00000302935
MINK1,9606.ENSP00000347427
CNTNAP2,9606.ENSP00000354778
NPHP3,9606.ENSP00000338766
FANCI,9606.ENSP00000310842
MYBBP1A,9606.ENSP00000370968
MAP3K19,9606.ENSP00000376647
ZNF644,9606.ENSP00000359469
TNKS,9606.ENSP00000311579
CCDC171,9606.ENSP00000370077
ABCC4,9606.ENSP00000494609
ZMYM6,9606.ENSP00000349708
SCAND3,9606.ENSP00000395259
USP42,9606.ENSP00000301962
SALL1,9606.ENSP00000251020
PHLPP2,9606.ENSP00000457991
PASK,9606.ENSP00000351475
MROH7,9606.ENSP00000396622
EMSY,9606.ENSP00000433205
FRMPD4,9606.ENSP00000370057
WDR17,9606.ENSP00000280190
ADGRA3,9606.ENSP00000334952
KDM3A,9606.ENSP00000386660
TTBK1,9606.ENSP00000259750
ABCB11,9606.ENSP00000497931
NCAN,9606.ENSP00000252575
SIK3,9606.ENSP00000364449
SPAG9,9606.ENSP00000262013
TTC21A,9606.ENSP00000398211
MN1,9606.ENSP00000304956
MYPN,9606.ENSP00000351790
NEDD4,9606.ENSP00000424827
UMODL1,9606.ENSP00000386126
USP19,9606.ENSP00000401197
KIF16B,9606.ENSP00000384164
PNPLA7,9606.ENSP00000384610
TTC21B,9606.ENSP00000243344
STK36,9606.ENSP00000295709
RPGRIP1L,9606.ENSP00000493946
SYNRG,9606.ENSP00000483453
RNF123,9606.ENSP00000328287
ATXN2,9606.ENSP00000446576
MAP3K15,9606.ENSP00000345629
ITIH6,9606.ENSP00000218436
ARID4B,9606.ENSP00000264183
RAD50,9606.ENSP00000368100
SCAF1,9606.ENSP00000353769
ZNF521,9606.ENSP00000354794
GAK,9606.ENSP00000314499
AFF2,9606.ENSP00000359489
CDHR2,9606.ENSP00000424565
CLUH,9606.ENSP00000458986
FRMPD2,9606.ENSP00000363317
MAST3,9606.ENSP00000262811
EVC2,9606.ENSP00000342144
CNTNAP4,9606.ENSP00000479811
ERBB4,9606.ENSP00000342235
ACE,9606.ENSP00000290866
PTPRC,9606.ENSP00000411355
CNTNAP5,9606.ENSP00000399013
NRCAM,9606.ENSP00000368314
SF3B1,9606.ENSP00000335321
ZC3H4,9606.ENSP00000253048
LTBP3,9606.ENSP00000301873
UBE4B,9606.ENSP00000343001
ASTN1,9606.ENSP00000354536
CGNL1,9606.ENSP00000281282
ZNF532,9606.ENSP00000338217
DSPP,9606.ENSP00000498766
ATP8B3,9606.ENSP00000311336
SALL3,9606.ENSP00000441823
ZNF536,9606.ENSP00000347730
TNN,9606.ENSP00000239462
NFRKB,9606.ENSP00000436926
GIGYF2,9606.ENSP00000387170
TBC1D4,9606.ENSP00000366863
AMBRA1,9606.ENSP00000431926
EHMT1,9606.ENSP00000417980
INSRR,9606.ENSP00000357178
RRP12,9606.ENSP00000446184
CADPS2,9606.ENSP00000398481
CLASP2,9606.ENSP00000327760
VWA3B,9606.ENSP00000417955
MYO6,9606.ENSP00000358994
SORBS1,9606.ENSP00000360293
HMGXB3,9606.ENSP00000421917
UBE2O,9606.ENSP00000323687
SETDB1,9606.ENSP00000271640
PER1,9606.ENSP00000314420
PLCG1,9606.ENSP00000244007
OPLAH,9606.ENSP00000480476
PCARE,9606.ENSP00000332809
CNTNAP3B,9606.ENSP00000478671
CNTNAP3,9606.ENSP00000297668
SH3TC2,9606.ENSP00000423660
SMC4,9606.ENSP00000341382
MAP3K6,9606.ENSP00000350195
DENND5A,9606.ENSP00000328524
ARHGAP33,9606.ENSP00000320038
CDON,9606.ENSP00000376458
STIL,9606.ENSP00000360944
ABCB4,9606.ENSP00000265723
RPGRIP1,9606.ENSP00000382895
CRB2,9606.ENSP00000362734
ZNF423,9606.ENSP00000455426
COL20A1,9606.ENSP00000351767
PEX1,9606.ENSP00000248633
RAB11FIP1,9606.ENSP00000331342
BMS1,9606.ENSP00000363642
TRPS1,9606.ENSP00000379065
TTLL5,9606.ENSP00000298832
ZNF208,9606.ENSP00000380315
ABCB1,9606.ENSP00000478255
SCAP,9606.ENSP00000265565
ARHGEF10L,9606.ENSP00000355060
NPC1,9606.ENSP00000269228
DCTN1,9606.ENSP00000354791
PAPLN,9606.ENSP00000345395
CYFIP2,9606.ENSP00000479719
PRDM16,9606.ENSP00000270722
ULK4,9606.ENSP00000301831
KIAA0825,9606.ENSP00000331385
MYBPC3,9606.ENSP00000442795
CACHD1,9606.ENSP00000290039
SYMPK,9606.ENSP00000245934
MEI1,9606.ENSP00000384115
DENND5B,9606.ENSP00000444889
SIN3A,9606.ENSP00000378402
RASGRF1,9606.ENSP00000405963
DIAPH1,9606.ENSP00000373706
UPF2,9606.ENSP00000348708
SCAF8,9606.ENSP00000413098
DGKK,9606.ENSP00000477515
BCR,9606.ENSP00000303507
ATF7IP,9606.ENSP00000440440
DHX9,9606.ENSP00000356520
MTUS1,9606.ENSP00000262102
FLII,9606.ENSP00000324573
CRAMP1,9606.ENSP00000380559
SEC24B,9606.ENSP00000428564
HDLBP,9606.ENSP00000375836
NOMO2,9606.ENSP00000477502
ZNF592,9606.ENSP00000452877
TBC1D9,9606.ENSP00000411197
PLCG2,9606.ENSP00000482457
SGO2,9606.ENSP00000350447
MTR,9606.ENSP00000355536
VARS1,9606.ENSP00000364815
RGS22,9606.ENSP00000354109
IARS1,9606.ENSP00000364794
ADCY5,9606.ENSP00000419361
COBL,9606.ENSP00000378912
ARHGAP29,9606.ENSP00000260526
TRAPPC10,9606.ENSP00000291574
ITPRID2,9606.ENSP00000388731
AUTS2,9606.ENSP00000344087
STAG1,9606.ENSP00000372689
NEK1,9606.ENSP00000424757
INPPL1,9606.ENSP00000298229
PPFIA2,9606.ENSP00000450337
TBC1D32,9606.ENSP00000381270
IRS4,9606.ENSP00000361202
ABCB5,9606.ENSP00000384881
L1CAM,9606.ENSP00000359077
ARID4A,9606.ENSP00000347602
CSPP1,9606.ENSP00000262210
GNPTAB,9606.ENSP00000299314
ERBB2,9606.ENSP00000269571
PER2,9606.ENSP00000254657
MUC1,9606.ENSP00000484824
SUCO,9606.ENSP00000356696
PHLDB2,9606.ENSP00000405405
CYFIP1,9606.ENSP00000481038
ZNF729,9606.ENSP00000469582
CNGB1,9606.ENSP00000251102
IGFN1,9606.ENSP00000334714
ATP8B1,9606.ENSP00000497896
ADCY8,9606.ENSP00000286355
REV1,9606.ENSP00000258428
RAPH1,9606.ENSP00000316543
CFAP57,9606.ENSP00000479773
IGDCC4,9606.ENSP00000319623
ERCC6L,9606.ENSP00000334675
TBC1D9B,9606.ENSP00000349291
TPP2,9606.ENSP00000365220
POM121,9606.ENSP00000378687
BRIP1,9606.ENSP00000259008
CAMSAP3,9606.ENSP00000416797
MAGEL2,9606.ENSP00000497810
INF2,9606.ENSP00000376410
APAF1,9606.ENSP00000448165
ANKS1B,9606.ENSP00000449629
LRRC53,9606.ENSP00000294635
SASH1,9606.ENSP00000356437
NID1,9606.ENSP00000264187
RBP3,9606.ENSP00000463151
SKIC2,9606.ENSP00000364543
JARID2,9606.ENSP00000341280
TTBK2,9606.ENSP00000267890
ALPK1,9606.ENSP00000498374
PITPNM1,9606.ENSP00000348772
PPIP5K2,9606.ENSP00000486357
ZFAT,9606.ENSP00000367069
ATP2B2,9606.ENSP00000353414
WNK4,9606.ENSP00000246914
MMS22L,9606.ENSP00000275053
VWA5B2,9606.ENSP00000398688
SFI1,9606.ENSP00000383145
IRS1,9606.ENSP00000304895
SLC4A2,9606.ENSP00000419412
NPHS1,9606.ENSP00000368190
ATP2B4,9606.ENSP00000350310
IMPG2,9606.ENSP00000193391
IFT122,9606.ENSP00000296266
ZBTB40,9606.ENSP00000384527
MAP4K4,9606.ENSP00000343658
POLG,9606.ENSP00000399851
JAG2,9606.ENSP00000328169
EDRF1,9606.ENSP00000349244
RASGRF2,9606.ENSP00000265080
ZNF687,9606.ENSP00000319829
PCDH9,9606.ENSP00000367096
CFAP61,9606.ENSP00000245957
CAND2,9606.ENSP00000387641
KCNMA1,9606.ENSP00000286628
BRD8,9606.ENSP00000254900
SLK,9606.ENSP00000358770
TAOK2,9606.ENSP00000310094
PHKA2,9606.ENSP00000369274
SMC1B,9606.ENSP00000350036
USP40,9606.ENSP00000415434
KIF4B,9606.ENSP00000387875
PLCB3,9606.ENSP00000443631
GRIN2C,9606.ENSP00000293190
SMC1A,9606.ENSP00000323421
CRACD,9606.ENSP00000264229
SLC4A3,9606.ENSP00000273063
KIF4A,9606.ENSP00000363524
ANO8,9606.ENSP00000159087
CFH,9606.ENSP00000356399
EHBP1,9606.ENSP00000263991
STAG2,9606.ENSP00000218089
KCNT1,9606.ENSP00000360822
MECOM,9606.ENSP00000264674
CAND1,9606.ENSP00000442318
POLRMT,9606.ENSP00000465759
POM121C,9606.ENSP00000481575
MMRN1,9606.ENSP00000378431
DHX38,9606.ENSP00000268482
CDAN1,9606.ENSP00000348564
RBM20,9606.ENSP00000358532
AFF3,9606.ENSP00000386834
ADAR,9606.ENSP00000357459
AGTPBP1,9606.ENSP00000338512
ATP13A3,9606.ENSP00000416508
CTNND2,9606.ENSP00000307134
NHSL2,9606.ENSP00000488668
STAG3,9606.ENSP00000477973
WDR11,9606.ENSP00000263461
ADAMTS16,9606.ENSP00000274181
COPA,9606.ENSP00000357048
PHKA1,9606.ENSP00000362643
ADAMTS14,9606.ENSP00000362304
RIPOR1,9606.ENSP00000400099
NOMO3,9606.ENSP00000382274
VCPIP1,9606.ENSP00000309031
NOMO1,9606.ENSP00000287667
SORCS3,9606.ENSP00000358715
ADGRG6,9606.ENSP00000356581
ADAMTS18,9606.ENSP00000282849
REXO1,9606.ENSP00000170168
EIF5B,9606.ENSP00000289371
SEC31A,9606.ENSP00000378721
VWA5B1,9606.ENSP00000364220
ATP2B3,9606.ENSP00000263519
ATP2B1,9606.ENSP00000392043
DHX8,9606.ENSP00000262415
DGKH,9606.ENSP00000337572
RTEL1,9606.ENSP00000353332
FKBP15,9606.ENSP00000416158
PLEKHG3,9606.ENSP00000247226
ATP13A5,9606.ENSP00000341942
JAG1,9606.ENSP00000254958
SF3B3,9606.ENSP00000305790
SMC3,9606.ENSP00000354720
GSE1,9606.ENSP00000253458
CTC1,9606.ENSP00000498499
WWC3,9606.ENSP00000370242
SPOCD1,9606.ENSP00000353670
PTPRO,9606.ENSP00000281171
RELCH,9606.ENSP00000256858
MAMDC4,9606.ENSP00000319388
PLCB1,9606.ENSP00000338185
GPR158,9606.ENSP00000365529
HIPK3,9606.ENSP00000304226
HDAC6,9606.ENSP00000365804
ZSWIM6,9606.ENSP00000252744
ZEB2,9606.ENSP00000487174
SMARCC2,9606.ENSP00000449396
TRPM4,9606.ENSP00000252826
SLC4A7,9606.ENSP00000390394
NBPF1,9606.ENSP00000474456
DGKD,9606.ENSP00000264057
BRPF1,9606.ENSP00000373340
ADAMTS19,9606.ENSP00000274487
FILIP1,9606.ENSP00000237172
DSEL,9606.ENSP00000310565
SLC12A2,9606.ENSP00000262461
GRM5,9606.ENSP00000306138
ADAMTS2,9606.ENSP00000251582
MOV10L1,9606.ENSP00000262794
GRID2IP,9606.ENSP00000397351
AFF1,9606.ENSP00000378578
EGFR,9606.ENSP00000275493
HIPK1,9606.ENSP00000407442
EHMT2,9606.ENSP00000379078
ATP8B2,9606.ENSP00000500034
PPP1R26,9606.ENSP00000349274
ZNF804A,9606.ENSP00000303252
CHL1,9606.ENSP00000256509
TIMELESS,9606.ENSP00000450607
DZIP3,9606.ENSP00000355028
RECQL4,9606.ENSP00000482313
EGF,9606.ENSP00000265171
PARD3B,9606.ENSP00000385848
ADAMTS3,9606.ENSP00000286657
BRPF3,9606.ENSP00000350267
FNDC3B,9606.ENSP00000411242
XPO5,9606.ENSP00000265351
ATP13A1,9606.ENSP00000349877
HCN4,9606.ENSP00000261917
CGN,9606.ENSP00000271636
NOS3,9606.ENSP00000297494
PTCH2,9606.ENSP00000361266
PPFIA1,9606.ENSP00000253925
CASKIN2,9606.ENSP00000325355
CAMTA2,9606.ENSP00000412886
PAN2,9606.ENSP00000481859
PER3,9606.ENSP00000482093
KIAA1755,9606.ENSP00000279024
TRERF1,9606.ENSP00000439689
NLRP5,9606.ENSP00000375063
TAF2,9606.ENSP00000367406
TTLL4,9606.ENSP00000375951
MTMR3,9606.ENSP00000384651
HIPK2,9606.ENSP00000385571
FNDC3A,9606.ENSP00000441831
RGS3,9606.ENSP00000363255
DENND3,9606.ENSP00000428714
SMC2,9606.ENSP00000286398
INTS2,9606.ENSP00000414237
KCNH7,9606.ENSP00000331727
AHI1,9606.ENSP00000265602
ATP13A4,9606.ENSP00000339182
SPEM3,9606.ENSP00000490274
ZBTB38,9606.ENSP00000426387
MTMR4,9606.ENSP00000325285
PPFIA3,9606.ENSP00000335614
DHX30,9606.ENSP00000405620
GRM1,9606.ENSP00000282753
IGSF3,9606.ENSP00000358495
SYDE2,9606.ENSP00000340594
SPAG5,9606.ENSP00000323300
LAMC2,9606.ENSP00000264144
DIAPH3,9606.ENSP00000383178
PKP4,9606.ENSP00000374409
ATP8B4,9606.ENSP00000284509
RTN4,9606.ENSP00000337838
WWC2,9606.ENSP00000384222
AGAP2,9606.ENSP00000449241
TBCD,9606.ENSP00000347719
RC3H2,9606.ENSP00000362774
ARHGAP20,9606.ENSP00000260283
ZNF91,9606.ENSP00000300619
PLEKHG4,9606.ENSP00000353646
KIAA1614,9606.ENSP00000356560
ATN1,9606.ENSP00000379915
TJP2,9606.ENSP00000438262
WAPL,9606.ENSP00000298767
HR,9606.ENSP00000370826
ZC3H6,9606.ENSP00000386764
INPP5D,9606.ENSP00000405338
DAB2IP,9606.ENSP00000259371
ATP8A2,9606.ENSP00000371070
ITGA11,9606.ENSP00000327290
ARID5B,9606.ENSP00000279873
FBXO38,9606.ENSP00000342023
C6orf132,9606.ENSP00000341368
TYK2,9606.ENSP00000431885
PTPN14,9606.ENSP00000355923
BAIAP3,9606.ENSP00000324510
STXBP5L,9606.ENSP00000273666
PUM1,9606.ENSP00000391723
ZMYND8,9606.ENSP00000439800
ERCC5,9606.ENSP00000498881
PALB2,9606.ENSP00000261584
MYT1L,9606.ENSP00000497479
PLCB2,9606.ENSP00000260402
PPFIA4,9606.ENSP00000402576
ZSWIM5,9606.ENSP00000352614
FBLN2,9606.ENSP00000384169
PCDH12,9606.ENSP00000231484
VWA3A,9606.ENSP00000374049
CILP,9606.ENSP00000261883
SRCIN1,9606.ENSP00000484715
MPHOSPH9,9606.ENSP00000475489
IQSEC3,9606.ENSP00000437554
ABL2,9606.ENSP00000427562
ITGA7,9606.ENSP00000452120
ITGA2,9606.ENSP00000296585
HEATR6,9606.ENSP00000184956
WDR35,9606.ENSP00000314444
KIAA2012,9606.ENSP00000419834
ATP13A2,9606.ENSP00000327214
IQCN,9606.ENSP00000376213
TDRD1,9606.ENSP00000251864
IGSF9,9606.ENSP00000357073
FAM83H,9606.ENSP00000373565
ITGAE,9606.ENSP00000263087
GLG1,9606.ENSP00000205061
ITGA1,9606.ENSP00000282588
SEC31B,9606.ENSP00000359370
PC,9606.ENSP00000498994
ZCCHC2,9606.ENSP00000269499
DNAAF9,9606.ENSP00000252032
TDRD12,9606.ENSP00000390621
SLC9C1,9606.ENSP00000306627
ATP11B,9606.ENSP00000321195
LARS1,9606.ENSP00000377954
PLCB4,9606.ENSP00000367762
POLR2B,9606.ENSP00000370625
PTPN21,9606.ENSP00000452414
WASHC4,9606.ENSP00000484713
CTR9,9606.ENSP00000355013
SLF2,9606.ENSP00000359292
PCNX4,9606.ENSP00000384801
THBS2,9606.ENSP00000355751
LAMB3,9606.ENSP00000375778
NEK10,9606.ENSP00000343847
ZBED4,9606.ENSP00000216268
RBM33,9606.ENSP00000384160
ITGAL,9606.ENSP00000349252
THBS1,9606.ENSP00000260356
ZNF862,9606.ENSP00000223210
ANKFY1,9606.ENSP00000459943
SORCS1,9606.ENSP00000263054
TBC1D1,9606.ENSP00000261439
ADCY6,9606.ENSP00000311405
NOL8,9606.ENSP00000441140
ITGA10,9606.ENSP00000358310
FNIP1,9606.ENSP00000421985
TNKS2,9606.ENSP00000360689
TRPM5,9606.ENSP00000155858
TECPR1,9606.ENSP00000404923
LEPR,9606.ENSP00000330393
TSC1,9606.ENSP00000298552
ATP8A1,9606.ENSP00000371084
NRDE2,9606.ENSP00000346335
FHOD1,9606.ENSP00000258201
ZNF516,9606.ENSP00000394757
AFF4,9606.ENSP00000265343
ITGAX,9606.ENSP00000454623
SIN3B,9606.ENSP00000369131
KDM2A,9606.ENSP00000432786
TTF2,9606.ENSP00000358478
ITGAD,9606.ENSP00000373854
NPIPB11,9606.ENSP00000430853
BMP2K,9606.ENSP00000334836
WASHC5,9606.ENSP00000318016
KCNH2,9606.ENSP00000262186
RAD51AP2,9606.ENSP00000382030
SORCS2,9606.ENSP00000422185
HEPHL1,9606.ENSP00000313699
CATSPERG,9606.ENSP00000386962
PCDH17,9606.ENSP00000367151
AEBP1,9606.ENSP00000223357
HEPH,9606.ENSP00000430620
STYXL2,9606.ENSP00000354483
NRIP1,9606.ENSP00000327213
DHX37,9606.ENSP00000311135
NUP133,9606.ENSP00000261396
CILP2,9606.ENSP00000291495
NPAP1,9606.ENSP00000333735
CD163,9606.ENSP00000352071
MAML2,9606.ENSP00000434552
CARD11,9606.ENSP00000380150
JAK1,9606.ENSP00000499900
PDZD8,9606.ENSP00000334642
CCDC136,9606.ENSP00000297788
AP3D1,9606.ENSP00000495274
NOS2,9606.ENSP00000327251
OTOA,9606.ENSP00000496564
MAP4,9606.ENSP00000353375
ITGAM,9606.ENSP00000496959
NRDC,9606.ENSP00000346890
SEMA5B,9606.ENSP00000389588
ZFPM2,9606.ENSP00000384179
STXBP5,9606.ENSP00000321826
XPO4,9606.ENSP00000255305
MYRF,9606.ENSP00000278836
PRTG,9606.ENSP00000373937
PPP2R3A,9606.ENSP00000264977
SLC12A6,9606.ENSP00000346112
CACNA2D2,9606.ENSP00000418081
CCAR1,9606.ENSP00000265872
MAN2A2,9606.ENSP00000452948
KCNU1,9606.ENSP00000382770
CFAP251,9606.ENSP00000288912
RFC1,9606.ENSP00000371321
PCDH19,9606.ENSP00000362125
SGSM1,9606.ENSP00000383212
TRAPPC9,9606.ENSP00000373979
PRDM10,9606.ENSP00000351686
SCAF4,9606.ENSP00000286835
ATP9B,9606.ENSP00000398076
SREBF1,9606.ENSP00000348069
NOL6,9606.ENSP00000297990
ANKFN1,9606.ENSP00000321627
ANKRD24,9606.ENSP00000471252
ADCY3,9606.ENSP00000384484
MAN2A1,9606.ENSP00000261483
DHX34,9606.ENSP00000331907
MCM9,9606.ENSP00000314505
NCAPG2,9606.ENSP00000387007
FHDC1,9606.ENSP00000427567
COL19A1,9606.ENSP00000480474
ZMYM1,9606.ENSP00000496876
MAGEC1,9606.ENSP00000285879
ENAM,9606.ENSP00000379383
CCDC40,9606.ENSP00000380679
TTC17,9606.ENSP00000039989
PRDM15,9606.ENSP00000269844
MYBPC2,9606.ENSP00000350332
SREBF2,9606.ENSP00000354476
C16orf96,9606.ENSP00000415027
PDE3A,9606.ENSP00000351957
MYBPC1,9606.ENSP00000400908
FAM184A,9606.ENSP00000342604
CEP135,9606.ENSP00000257287
MEGF10,9606.ENSP00000423354
TBC1D8,9606.ENSP00000386856
DDB1,9606.ENSP00000301764
RASAL2,9606.ENSP00000356621
RBL2,9606.ENSP00000262133
SLC12A5,9606.ENSP00000387694
NPIPB13,9606.ENSP00000429734
TIE1,9606.ENSP00000361554
MAML3,9606.ENSP00000421180
NPIPB4,9606.ENSP00000404439
AP4E1,9606.ENSP00000261842
MCF2L,9606.ENSP00000440374
CACNA2D4,9606.ENSP00000372169
DENND2B,9606.ENSP00000433528
SMG7,9606.ENSP00000425133
SLC4A5,9606.ENSP00000251768
ALG13,9606.ENSP00000378260
MSH3,9606.ENSP00000265081
ARHGAP45,9606.ENSP00000439601
MYO1B,9606.ENSP00000376132
KCNT2,9606.ENSP00000294725
PCDH18,9606.ENSP00000355082
AMER1,9606.ENSP00000364003
POLR1B,9606.ENSP00000444136
FILIP1L,9606.ENSP00000346560
UBN1,9606.ENSP00000262376
ATP11A,9606.ENSP00000420387
OVCH1,9606.ENSP00000326708
ANKS1A,9606.ENSP00000353518
VCL,9606.ENSP00000211998
FBF1,9606.ENSP00000490726
RC3H1,9606.ENSP00000356669
SH3PXD2A,9606.ENSP00000348215
POLR3B,9606.ENSP00000228347
NPIPB5,9606.ENSP00000440703
TRAPPC11,9606.ENSP00000335371
NUTM1,9606.ENSP00000444896
ATP11C,9606.ENSP00000332756
TERT,9606.ENSP00000309572
MIS18BP1,9606.ENSP00000309790
JAK2,9606.ENSP00000371067
BTBD7,9606.ENSP00000335615
SEL1L3,9606.ENSP00000382767
BAG6,9606.ENSP00000365131
INPP5F,9606.ENSP00000497527
ADNP2,9606.ENSP00000262198
ITGA6,9606.ENSP00000386896
LATS1,9606.ENSP00000437550
PELP1,9606.ENSP00000301396
ABL1,9606.ENSP00000361423
CIITA,9606.ENSP00000485010
WDHD1,9606.ENSP00000353793
HPS5,9606.ENSP00000265967
ASAP1,9606.ENSP00000429900
UPF1,9606.ENSP00000470142
COBLL1,9606.ENSP00000487041
ZNF654,9606.ENSP00000490842
GRIP1,9606.ENSP00000381098
TP53BP2,9606.ENSP00000341957
NCKAP1,9606.ENSP00000354251
NCKAP1L,9606.ENSP00000293373
CAPRIN2,9606.ENSP00000298892
TRIM33,9606.ENSP00000351250
TEX2,9606.ENSP00000258991
PLCL2,9606.ENSP00000478458
COL28A1,9606.ENSP00000382356
XPO6,9606.ENSP00000302790
ANLN,9606.ENSP00000265748
TEK,9606.ENSP00000369375
SLC9C2,9606.ENSP00000356687
JAK3,9606.ENSP00000432511
ZEB1,9606.ENSP00000354487
RBM6,9606.ENSP00000266022
USP36,9606.ENSP00000441214
USP43,9606.ENSP00000285199
PPP1R3A,9606.ENSP00000284601
HDAC5,9606.ENSP00000225983
CFAP70,9606.ENSP00000310829
WDR6,9606.ENSP00000378857
PLEKHA7,9606.ENSP00000435389
MYT1,9606.ENSP00000498616
NFX1,9606.ENSP00000368856
TBC1D8B,9606.ENSP00000349781
EFL1,9606.ENSP00000268206
UBAP2,9606.ENSP00000354039
SLC38A10,9606.ENSP00000363891
LRIG3,9606.ENSP00000326759
ADCY1,9606.ENSP00000297323
TRPA1,9606.ENSP00000262209
DSG2,9606.ENSP00000261590
USP8,9606.ENSP00000379721
SLC4A10,9606.ENSP00000393066
FAM120A,9606.ENSP00000277165
SPECC1L,9606.ENSP00000325785
ADAMTS6,9606.ENSP00000370443
CEP126,9606.ENSP00000263468
ERC1,9606.ENSP00000354158
CATSPERB,9606.ENSP00000256343
PLEKHA5,9606.ENSP00000404296
EIF2AK3,9606.ENSP00000307235
GRIN3A,9606.ENSP00000355155
PTPRH,9606.ENSP00000365528
BOC,9606.ENSP00000273395
RET,9606.ENSP00000347942
OTUD4,9606.ENSP00000409279
MCF2L2,9606.ENSP00000328118
FNIP2,9606.ENSP00000264433
CCDC158,9606.ENSP00000373566
STARD13,9606.ENSP00000338785
WWC1,9606.ENSP00000427772
PDE3B,9606.ENSP00000282096
AGBL1,9606.ENSP00000413001
SENP6,9606.ENSP00000402527
NBPF9,9606.ENSP00000477979
GUCY2F,9606.ENSP00000218006
MYO1E,9606.ENSP00000288235
TMEM132C,9606.ENSP00000410852
KCNH8,9606.ENSP00000328813
POLD1,9606.ENSP00000472445
PDGFRB,9606.ENSP00000261799
GLI1,9606.ENSP00000228682
KANSL1,9606.ENSP00000387393
RANBP6,9606.ENSP00000259569
SMARCC1,9606.ENSP00000254480
TRPM8,9606.ENSP00000323926
ABTB3,9606.ENSP00000280758
ESYT1,9606.ENSP00000267113
MAP3K9,9606.ENSP00000451263
GUCY2D,9606.ENSP00000254854
KIF1C,9606.ENSP00000320821
PALM2AKAP2,9606.ENSP00000363654
CACNA2D1,9606.ENSP00000349320
ADAMTS10,9606.ENSP00000471851
USP7,9606.ENSP00000343535
PIK3CG,9606.ENSP00000419260
WDR72,9606.ENSP00000379619
ADNP,9606.ENSP00000360662
DIAPH2,9606.ENSP00000321348
HELQ,9606.ENSP00000295488
SECISBP2L,9606.ENSP00000453854
SMC5,9606.ENSP00000354957
ARHGAP30,9606.ENSP00000356992
CCDC150,9606.ENSP00000373827
ACLY,9606.ENSP00000466259
CNTN5,9606.ENSP00000435637
SORBS2,9606.ENSP00000347852
TMC3,9606.ENSP00000352413
FMNL1,9606.ENSP00000329219
SRGAP3,9606.ENSP00000373347
SLC12A1,9606.ENSP00000495332
SLC24A1,9606.ENSP00000261892
R3HDM1,9606.ENSP00000387010
BNC2,9606.ENSP00000370047
TMEM132D,9606.ENSP00000408581
MYO1F,9606.ENSP00000494550
TCERG1,9606.ENSP00000296702
PPP1R9A,9606.ENSP00000405514
AASDH,9606.ENSP00000205214
TDRD7,9606.ENSP00000347444
APOBR,9606.ENSP00000457539
REST,9606.ENSP00000311816
IPO5,9606.ENSP00000261574
LIFR,9606.ENSP00000398368
FAM120C,9606.ENSP00000364324
PHF2,9606.ENSP00000352185
KDM4B,9606.ENSP00000159111
LARP1,9606.ENSP00000336721
ADAMTS17,9606.ENSP00000268070
PLCL1,9606.ENSP00000402861
TANGO6,9606.ENSP00000261778
AP3B1,9606.ENSP00000255194
SEC24C,9606.ENSP00000343405
CEP128,9606.ENSP00000451162
PHKB,9606.ENSP00000313504
MLLT6,9606.ENSP00000479910
SEC24A,9606.ENSP00000381823
TMF1,9606.ENSP00000494067
LRIG1,9606.ENSP00000273261
SLC4A8,9606.ENSP00000405812
NLRP14,9606.ENSP00000299481
SYNPO2,9606.ENSP00000306015
USPL1,9606.ENSP00000255304
SMC6,9606.ENSP00000404092
ADCY2,9606.ENSP00000342952
CACNA2D3,9606.ENSP00000419101
PPP1R13B,9606.ENSP00000202556
UNC13D,9606.ENSP00000207549
ZNF850,9606.ENSP00000464976
TTI1,9606.ENSP00000362547
PDGFRA,9606.ENSP00000257290
ANKIB1,9606.ENSP00000265742
PIGO,9606.ENSP00000367880
MRTFB,9606.ENSP00000459626
STK11IP,9606.ENSP00000389383
RANBP17,9606.ENSP00000427975
LATS2,9606.ENSP00000372035
SUPT5H,9606.ENSP00000470252
XPO7,9606.ENSP00000252512
UBAP2L,9606.ENSP00000389445
HELB,9606.ENSP00000247815
EPB41L3,9606.ENSP00000343158
OAS3,9606.ENSP00000228928
FMNL2,9606.ENSP00000288670
CAPN15,9606.ENSP00000219611
NNT,9606.ENSP00000264663
SLC12A4,9606.ENSP00000395983
SRGAP1,9606.ENSP00000347198
TAF4,9606.ENSP00000252996
BUB1,9606.ENSP00000302530
HDAC4,9606.ENSP00000264606
AMOT,9606.ENSP00000361027
FCSK,9606.ENSP00000288078
SLC12A7,9606.ENSP00000264930
ARHGAP39,9606.ENSP00000366522
CEP131,9606.ENSP00000269392
KCNH3,9606.ENSP00000257981
UBE3C,9606.ENSP00000309198
AP3B2,9606.ENSP00000440984
SUGP2,9606.ENSP00000472914
ZNF827,9606.ENSP00000421863
TSHZ3,9606.ENSP00000240587
WDR64,9606.ENSP00000355510
IPO4,9606.ENSP00000346453
ADCY7,9606.ENSP00000501053
ZRANB3,9606.ENSP00000264159
ADGRF3,9606.ENSP00000307831
BICRAL,9606.ENSP00000313933
SPATA31G1,9606.ENSP00000308279
SLC4A4,9606.ENSP00000393557
CCDC73,9606.ENSP00000335325
CASR,9606.ENSP00000420194
DAAM1,9606.ENSP00000378557
TMEM132B,9606.ENSP00000299308
RAPGEF1,9606.ENSP00000361264
ADCY4,9606.ENSP00000312126
USP28,9606.ENSP00000003302
TSHZ1,9606.ENSP00000464391
ANKRD52,9606.ENSP00000267116
ATOSA,9606.ENSP00000443598
RGSL1,9606.ENSP00000457748
NEMF,9606.ENSP00000298310
LIPE,9606.ENSP00000244289
LUZP1,9606.ENSP00000303758
POTEE,9606.ENSP00000439189
NFATC3,9606.ENSP00000300659
ATXN2L,9606.ENSP00000378917
POTEF,9606.ENSP00000386786
POTEI,9606.ENSP00000392718
RADIL,9606.ENSP00000382492
ADAMTSL4,9606.ENSP00000358035
ZFR,9606.ENSP00000265069
ZNF518B,9606.ENSP00000317614
TMEM132E,9606.ENSP00000487800
PLD1,9606.ENSP00000342793
SEMA5A,9606.ENSP00000371936
USP53,9606.ENSP00000409906
TSC22D1,9606.ENSP00000397435
SEMA6D,9606.ENSP00000324857
GUCY2C,9606.ENSP00000261170
KIAA0319,9606.ENSP00000367459
RNF31,9606.ENSP00000315112
XPO1,9606.ENSP00000384863
SRGAP2,9606.ENSP00000459615
GARRE1,9606.ENSP00000299505
PIK3CB,9606.ENSP00000501150
PCDH8,9606.ENSP00000367177
PTK7,9606.ENSP00000418754
RABGAP1,9606.ENSP00000362751
TRHDE,9606.ENSP00000261180
PAXIP1,9606.ENSP00000384048
PCDH7,9606.ENSP00000441802
PIK3CA,9606.ENSP00000263967
ABI3BP,9606.ENSP00000284322
RBL1,9606.ENSP00000362768
MLLT10,9606.ENSP00000307411
UBE3B,9606.ENSP00000340596
DAAM2,9606.ENSP00000381876
HIP1R,9606.ENSP00000253083
SPECC1,9606.ENSP00000261503
RIPOR2,9606.ENSP00000259698
ZMIZ1,9606.ENSP00000334474
RBMXL3,9606.ENSP00000417451
MICAL1,9606.ENSP00000486901
DYNC2I1,9606.ENSP00000384290
UBE4A,9606.ENSP00000387362
PUM2,9606.ENSP00000338173
ZBTB21,9606.ENSP00000308759
RPS6KC1,9606.ENSP00000355927
PDZRN3,9606.ENSP00000263666
TBC1D31,9606.ENSP00000287380
LRIG2,9606.ENSP00000355396
NLRC3,9606.ENSP00000352039
INVS,9606.ENSP00000262457
CP,9606.ENSP00000264613
SPINK5,9606.ENSP00000352936
LLGL1,9606.ENSP00000321537
KDM4A,9606.ENSP00000361473
VARS2,9606.ENSP00000441000
CCDC187,9606.ENSP00000456543
ITGA8,9606.ENSP00000367316
MYO1C,9606.ENSP00000496954
NLRP2,9606.ENSP00000445135
NPR1,9606.ENSP00000357669
NLRP12,9606.ENSP00000375653
ZNF451,9606.ENSP00000359740
PCDH1,9606.ENSP00000287008
RBM27,9606.ENSP00000265271
DNA2,9606.ENSP00000351185
SEC16B,9606.ENSP00000308339
FAM184B,9606.ENSP00000265018
PHF8,9606.ENSP00000350676
MAP1S,9606.ENSP00000325313
ZNF865,9606.ENSP00000457715
ZNF658,9606.ENSP00000482540
ZNF628,9606.ENSP00000469591
TMPRSS9,9606.ENSP00000497651
ACAD10,9606.ENSP00000389813
BRD1,9606.ENSP00000410042
SLF1,9606.ENSP00000265140
UBA1,9606.ENSP00000338413
GEMIN4,9606.ENSP00000321706
DGKI,9606.ENSP00000288490
HERC4,9606.ENSP00000378624
PSD4,9606.ENSP00000245796
PLEKHM1,9606.ENSP00000389913
KDM4C,9606.ENSP00000370710
KIF11,9606.ENSP00000260731
USP25,9606.ENSP00000383044
PDE10A,9606.ENSP00000355847
EPHB2,9606.ENSP00000383053
FARP2,9606.ENSP00000264042
DLGAP2,9606.ENSP00000489774
DIS3L,9606.ENSP00000321711
CEBPZ,9606.ENSP00000234170
ZBTB11,9606.ENSP00000326200
CLEC16A,9606.ENSP00000387122
ANKRD28,9606.ENSP00000382379
EMILIN2,9606.ENSP00000254528
SALL4,9606.ENSP00000217086
UBA6,9606.ENSP00000313454
SMARCA5,9606.ENSP00000283131
MBTPS1,9606.ENSP00000344223
KLF18,9606.ENSP00000489024
FBXW10,9606.ENSP00000379025
RIMBP2,9606.ENSP00000261655
MFHAS1,9606.ENSP00000276282
PTK2,9606.ENSP00000341189
ITGA3,9606.ENSP00000315190
RBM44,9606.ENSP00000321179
TRIM24,9606.ENSP00000340507
SENP7,9606.ENSP00000377655
ANKRD27,9606.ENSP00000304292
BUB1B,9606.ENSP00000287598
HERC3,9606.ENSP00000385684
ULK1,9606.ENSP00000324560
CFAP337,9606.ENSP00000311343
TLR7,9606.ENSP00000370034
SSH1,9606.ENSP00000315713
ITGA5,9606.ENSP00000293379
DSG1,9606.ENSP00000257192
KIAA0319L,9606.ENSP00000318406
SAP130,9606.ENSP00000350333
PSD3,9606.ENSP00000324127
PLEKHA6,9606.ENSP00000272203
ZNF217,9606.ENSP00000360526
NLRP8,9606.ENSP00000291971
ITGAV,9606.ENSP00000261023
ATP9A,9606.ENSP00000342481
RASA1,9606.ENSP00000274376
NPR2,9606.ENSP00000341083
ST18,9606.ENSP00000276480
C15orf39,9606.ENSP00000353854
SUPT16H,9606.ENSP00000216297
OGT,9606.ENSP00000362824
CLIP2,9606.ENSP00000223398
TOPORS,9606.ENSP00000353735
MIDEAS,9606.ENSP00000286523
FARP1,9606.ENSP00000486285
FBRSL1,9606.ENSP00000396160
ODAD2,9606.ENSP00000306410
ITPRID1,9606.ENSP00000395835
MEGF11,9606.ENSP00000386908
KLB,9606.ENSP00000257408
PIK3CD,9606.ENSP00000366563
GRIN3B,9606.ENSP00000234389
RAG1,9606.ENSP00000299440
MYO1A,9606.ENSP00000393392
INTS3,9606.ENSP00000318641
FBH1,9606.ENSP00000369335
NLRP13,9606.ENSP00000343891
GRIP2,9606.ENSP00000478352
ZSCAN20,9606.ENSP00000355053
USP38,9606.ENSP00000303434
SMARCA1,9606.ENSP00000360162
ATP2A2,9606.ENSP00000440045
DAGLA,9606.ENSP00000257215
CORIN,9606.ENSP00000273857
SIPA1,9606.ENSP00000377771
MTREX,9606.ENSP00000230640
TLR8,9606.ENSP00000312082
DHX16,9606.ENSP00000365625
IPO9,9606.ENSP00000354742
DCLRE1A,9606.ENSP00000355185
FHIP1A,9606.ENSP00000413196
MAN2C1,9606.ENSP00000457788
DSG4,9606.ENSP00000352785
CNTN2,9606.ENSP00000330633
PCDH10,9606.ENSP00000264360
NOD2,9606.ENSP00000300589
ITGA2B,9606.ENSP00000262407
B4GALNT4,9606.ENSP00000328277
ATP12A,9606.ENSP00000218548
FRMD4A,9606.ENSP00000350032
POTEJ,9606.ENSP00000387176
TNK2,9606.ENSP00000371341
BMPR2,9606.ENSP00000363708
IPO7,9606.ENSP00000369042
PITRM1,9606.ENSP00000370377
HIP1,9606.ENSP00000336747
GNAS,9606.ENSP00000360141
PEAR1,9606.ENSP00000344465
CARD6,9606.ENSP00000254691
IPO8,9606.ENSP00000256079
EPHA5,9606.ENSP00000480763
CRIM1,9606.ENSP00000280527
ULK2,9606.ENSP00000378914
PDZRN4,9606.ENSP00000384197
NLRP3,9606.ENSP00000337383
MAP3K21,9606.ENSP00000355583
EPHA6,9606.ENSP00000374323
ITGA9,9606.ENSP00000264741
USP48,9606.ENSP00000309262
FAM47C,9606.ENSP00000367913
NHSL3,9606.ENSP00000383851
GIGYF1,9606.ENSP00000275732
ATP4A,9606.ENSP00000262623
POM121L2,9606.ENSP00000392726
CNKSR2,9606.ENSP00000368824
FRMD4B,9606.ENSP00000381549
TSHZ2,9606.ENSP00000360552
SLTM,9606.ENSP00000369887
PDZD7,9606.ENSP00000480489
CR2,9606.ENSP00000356024
NLRP11,9606.ENSP00000466285
TLR9,9606.ENSP00000353874
MORC2,9606.ENSP00000380763
ITGA4,9606.ENSP00000380227
LRRCC1,9606.ENSP00000353538
CARD10,9606.ENSP00000384570
MYO1H,9606.ENSP00000444076
SEC24D,9606.ENSP00000280551
RTN3,9606.ENSP00000367050
KIF5A,9606.ENSP00000408979
DDX46,9606.ENSP00000416534
ZNF445,9606.ENSP00000379387
PPP1R12A,9606.ENSP00000389168
KRABD3,9606.ENSP00000418647
SEMA6A,9606.ENSP00000257414
MMS19,9606.ENSP00000359818
ELAPOR2,9606.ENSP00000413445
U2SURP,9606.ENSP00000418563
ATP1A4,9606.ENSP00000357060
KIF17,9606.ENSP00000247986
ZNF197,9606.ENSP00000345809
COL6A1,9606.ENSP00000355180
CNTN3,9606.ENSP00000263665
CNTN6,9606.ENSP00000407822
FMNL3,9606.ENSP00000335655
IQCH,9606.ENSP00000336861
INO80D,9606.ENSP00000384198
SCART1,9606.ENSP00000491516
HEATR4,9606.ENSP00000450444
SMARCAD1,9606.ENSP00000351947
CNTN4,9606.ENSP00000380602
CPED1,9606.ENSP00000309772
NAT10,9606.ENSP00000257829
PARP10,9606.ENSP00000434776
ABTB2,9606.ENSP00000410157
IFIH1,9606.ENSP00000497271
LNPEP,9606.ENSP00000231368
MPRIP,9606.ENSP00000379156
DPYD,9606.ENSP00000359211
PSD,9606.ENSP00000384830
POP1,9606.ENSP00000385787
TUBGCP5,9606.ENSP00000480316
NLRC4,9606.ENSP00000385428
SEZ6L,9606.ENSP00000248933
HERC5,9606.ENSP00000264350
FAM13A,9606.ENSP00000264344
ATP1A1,9606.ENSP00000445306
PPARGC1B,9606.ENSP00000312649
TMEM132A,9606.ENSP00000005286
OGDH,9606.ENSP00000388183
CDCA2,9606.ENSP00000328228
ARHGAP11A,9606.ENSP00000355090
STARD8,9606.ENSP00000363727
HERC6,9606.ENSP00000264346
EPHB6,9606.ENSP00000481994
CD101,9606.ENSP00000358482
SLC12A3,9606.ENSP00000402152
RAB44,9606.ENSP00000481054
GLDC,9606.ENSP00000370737
RPGR,9606.ENSP00000495537
LLGL2,9606.ENSP00000376333
ATP1A2,9606.ENSP00000354490
NEFH,9606.ENSP00000311997
TMPRSS15,9606.ENSP00000284885
STK31,9606.ENSP00000348132
COL6A2,9606.ENSP00000300527
PLEKHM2,9606.ENSP00000364956
TOGARAM2,9606.ENSP00000368876
INTS5,9606.ENSP00000327889
IDE,9606.ENSP00000265986
CNTN1,9606.ENSP00000447006
MYO1G,9606.ENSP00000258787
THSD4,9606.ENSP00000347484
USP35,9606.ENSP00000431876
KCNH4,9606.ENSP00000264661
EGFLAM,9606.ENSP00000346964
HIRA,9606.ENSP00000263208
PHF20L1,9606.ENSP00000378784
FAN1,9606.ENSP00000354497
ADGRG2,9606.ENSP00000369198
FNBP4,9606.ENSP00000263773
SMG5,9606.ENSP00000355261
EMILIN1,9606.ENSP00000369677
MAML1,9606.ENSP00000292599
NCAPG,9606.ENSP00000251496
PROB1,9606.ENSP00000416033
SKOR2,9606.ENSP00000414750
TLL2,9606.ENSP00000350630
PTPRN2,9606.ENSP00000374069
NEBL,9606.ENSP00000366326
PARP1,9606.ENSP00000355759
ATP1A3,9606.ENSP00000444688
ELAPOR1,9606.ENSP00000358955
ZBTB4,9606.ENSP00000307858
TLL1,9606.ENSP00000061240
GARNL3,9606.ENSP00000362485
IARS2,9606.ENSP00000355889
OFD1,9606.ENSP00000344314
CCP110,9606.ENSP00000370803
KL,9606.ENSP00000369442
PHF20,9606.ENSP00000363124
AXDND1,9606.ENSP00000356590
UBA7,9606.ENSP00000333266
HDAC9,9606.ENSP00000408617
FAM83B,9606.ENSP00000304078
RASAL3,9606.ENSP00000341905
ANKRD18B,9606.ENSP00000290943
MAN2B1,9606.ENSP00000395473
RAPGEF4,9606.ENSP00000380271
PPFIBP1,9606.ENSP00000314724
OGDHL,9606.ENSP00000363216
GART,9606.ENSP00000371253
LIG3,9606.ENSP00000367787
DENND2A,9606.ENSP00000419654
PTK2B,9606.ENSP00000380638
MAN2B2,9606.ENSP00000285599
HLTF,9606.ENSP00000308944
DENND1A,9606.ENSP00000362727
GRID1,9606.ENSP00000330148
DHX36,9606.ENSP00000417078
GPRIN1,9606.ENSP00000305839
EPHA10,9606.ENSP00000362139
ROBO4,9606.ENSP00000304945
PMFBP1,9606.ENSP00000237353
SALL2,9606.ENSP00000483562
PCDHAC2,9606.ENSP00000289269
PRP4K,9606.ENSP00000337194
RBM26,9606.ENSP00000483408
GRID2,9606.ENSP00000282020
TMC5,9606.ENSP00000379531
ZFPM1,9606.ENSP00000326630
MYO1D,9606.ENSP00000324527
PLEKHG5,9606.ENSP00000439625
INPP5J,9606.ENSP00000333262
MIB1,9606.ENSP00000261537
ASAP2,9606.ENSP00000281419
SGSM2,9606.ENSP00000268989
ESPNL,9606.ENSP00000339115
EPHA8,9606.ENSP00000166244
EPB41L2,9606.ENSP00000357110
PHC1,9606.ENSP00000437659
HPS3,9606.ENSP00000296051
PHF12,9606.ENSP00000329933
CARD14,9606.ENSP00000498071
ZNF316,9606.ENSP00000477706
MBD6,9606.ENSP00000347896
MOV10,9606.ENSP00000399797
CLMN,9606.ENSP00000298912
GOLGA2,9606.ENSP00000416097
TOP3A,9606.ENSP00000321636
RNF40,9606.ENSP00000325677
ATP2A1,9606.ENSP00000349595
AGBL3,9606.ENSP00000388275
TAOK1,9606.ENSP00000261716
RBM12B,9606.ENSP00000382239
ANKRD35,9606.ENSP00000347802
SEC23IP,9606.ENSP00000358071
C2CD5,9606.ENSP00000443204
MERTK,9606.ENSP00000295408
DSG3,9606.ENSP00000257189
ATP2A3,9606.ENSP00000353072
SCUBE2,9606.ENSP00000310658
HYOU1,9606.ENSP00000480150
MCTP1,9606.ENSP00000424126
DDIAS,9606.ENSP00000435421
GTF2I,9606.ENSP00000460070
EPHB3,9606.ENSP00000332118
EPHA7,9606.ENSP00000358309
B4GALNT3,9606.ENSP00000266383
ANO2,9606.ENSP00000348453
KIF19,9606.ENSP00000374566
SEPTIN4,9606.ENSP00000354874
KANK4,9606.ENSP00000360195
TMEM67,9606.ENSP00000389998
SRBD1,9606.ENSP00000263736
INTS8,9606.ENSP00000430338
BNC1,9606.ENSP00000307041
NLRP4,9606.ENSP00000301295
SEZ6,9606.ENSP00000312942
RNF111,9606.ENSP00000453015
EMC1,9606.ENSP00000420608
ANKRD44,9606.ENSP00000282272
SCUBE3,9606.ENSP00000274938
FLT3,9606.ENSP00000241453
INPP5B,9606.ENSP00000362115
IGHMBP2,9606.ENSP00000255078
TEX13C,9606.ENSP00000488022
EVC,9606.ENSP00000264956
SNX19,9606.ENSP00000265909
ANKRD18A,9606.ENSP00000382610
DLGAP4,9606.ENSP00000363023
NLRP9,9606.ENSP00000331857
RECQL5,9606.ENSP00000317636
SMG8,9606.ENSP00000438748
LVRN,9606.ENSP00000350541
STOX1,9606.ENSP00000298596
ZSWIM4,9606.ENSP00000254323
MED24,9606.ENSP00000440100
KCNH1,9606.ENSP00000271751
KCNH5,9606.ENSP00000321427
SCUBE1,9606.ENSP00000354080
JMY,9606.ENSP00000379441
CLCN1,9606.ENSP00000339867
KANSL1L,9606.ENSP00000281772
EPHB4,9606.ENSP00000350896
CEP120,9606.ENSP00000303058
EPHA4,9606.ENSP00000281821
ANO1,9606.ENSP00000347454
ARHGEF2,9606.ENSP00000354837
BMP1,9606.ENSP00000305714
AARS2,9606.ENSP00000244571
EIF4ENIF1,9606.ENSP00000380659
RIN3,9606.ENSP00000216487
TXNDC11,9606.ENSP00000349439
EPHB1,9606.ENSP00000381097
PKN2,9606.ENSP00000359552
NR3C2,9606.ENSP00000350815
MORC1,9606.ENSP00000232603
MYCBPAP,9606.ENSP00000498665
EPHA3,9606.ENSP00000337451
SLC4A9,9606.ENSP00000427661
PIGG,9606.ENSP00000415203
PHC3,9606.ENSP00000420294
PPP1R12B,9606.ENSP00000375821
CBLB,9606.ENSP00000499037
ICE2,9606.ENSP00000261520
CLSTN1,9606.ENSP00000366513
EML4,9606.ENSP00000320663
RAB3GAP1,9606.ENSP00000411418
USP15,9606.ENSP00000280377
TDRD5,9606.ENSP00000406052
PRRT3,9606.ENSP00000392511
ANO3,9606.ENSP00000256737
NLRP7,9606.ENSP00000467123
RAI14,9606.ENSP00000427123
COG1,9606.ENSP00000299886
GRIK5,9606.ENSP00000301218
PEX6,9606.ENSP00000303511
NEK9,9606.ENSP00000238616
OSMR,9606.ENSP00000274276
PTPRN,9606.ENSP00000295718
DLGAP3,9606.ENSP00000362444
USP37,9606.ENSP00000258399
RFX1,9606.ENSP00000254325
ZBED6,9606.ENSP00000447879
ZNF280D,9606.ENSP00000267807
MTHFD1L,9606.ENSP00000478253
VPS54,9606.ENSP00000272322
FCRL5,9606.ENSP00000354691
SLITRK3,9606.ENSP00000420091
DLGAP1,9606.ENSP00000316377
RBM15,9606.ENSP00000358799
AP2A1,9606.ENSP00000351926
ERN1,9606.ENSP00000401445
TRPC4,9606.ENSP00000486109
SYNPO2L,9606.ENSP00000378289
INPP4A,9606.ENSP00000074304
ZC3H7B,9606.ENSP00000345793
KIT,9606.ENSP00000288135
PARG,9606.ENSP00000384408
R3HDM2,9606.ENSP00000385169
EPHA1,9606.ENSP00000275815
SYCP1,9606.ENSP00000358535
EPHA2,9606.ENSP00000351209
AJM1,9606.ENSP00000412388
SYNE3,9606.ENSP00000334308
RNF20,9606.ENSP00000373772
CHTF18,9606.ENSP00000262315
BICD1,9606.ENSP00000498700
NEDD4L,9606.ENSP00000383199
IPO11,9606.ENSP00000386992
NLRX1,9606.ENSP00000387334
ARHGAP6,9606.ENSP00000338967
EXOC4,9606.ENSP00000253861
PITPNM3,9606.ENSP00000262483
WDR59,9606.ENSP00000262144
BICC1,9606.ENSP00000362993
PIWIL2,9606.ENSP00000349208
TRPC5,9606.ENSP00000262839
SLC8A1,9606.ENSP00000384763
EFCAB13,9606.ENSP00000332111
VPS18,9606.ENSP00000220509
PAM,9606.ENSP00000306100
EFTUD2,9606.ENSP00000392094
CSF1R,9606.ENSP00000286301
RUBCN,9606.ENSP00000296343
NAA25,9606.ENSP00000261745
FHIP1B,9606.ENSP00000265978
CSE1L,9606.ENSP00000262982
RECK,9606.ENSP00000367202
ZC3H7A,9606.ENSP00000379773
GMIP,9606.ENSP00000203556
ZNF845,9606.ENSP00000388311
MYO19,9606.ENSP00000479518
PLK4,9606.ENSP00000270861
DDX11,9606.ENSP00000440402
SLC26A8,9606.ENSP00000347778
PCSK6,9606.ENSP00000482760
SNX13,9606.ENSP00000398789
CTNND1,9606.ENSP00000382004
NFKB1,9606.ENSP00000226574
PKD2,9606.ENSP00000237596
STK10,9606.ENSP00000176763
AARS1,9606.ENSP00000261772
ANPEP,9606.ENSP00000300060
ADAMTS1,9606.ENSP00000284984
ZKSCAN2,9606.ENSP00000331626
LGR6,9606.ENSP00000356247
KIAA0753,9606.ENSP00000355250
PPP6R2,9606.ENSP00000478417
MAP3K13,9606.ENSP00000265026
NBR1,9606.ENSP00000343479
TRIM37,9606.ENSP00000262294
VPS50,9606.ENSP00000307666
USP11,9606.ENSP00000218348
IQSEC1,9606.ENSP00000480301
TBC1D2B,9606.ENSP00000300584
PCDHAC1,9606.ENSP00000253807
RASIP1,9606.ENSP00000222145
ADGRD2,9606.ENSP00000335156
VPS35L,9606.ENSP00000251143
IREB2,9606.ENSP00000258886
SH3BP4,9606.ENSP00000386862
SART3,9606.ENSP00000449386
USP4,9606.ENSP00000265560
LRP8,9606.ENSP00000303634
PACS1,9606.ENSP00000316454
KIF5B,9606.ENSP00000307078
IPO13,9606.ENSP00000361418
INTS4,9606.ENSP00000434466
CRACDL,9606.ENSP00000380996
XPOT,9606.ENSP00000327821
ARVCF,9606.ENSP00000263207
INTS7,9606.ENSP00000355961
USO1,9606.ENSP00000264904
PCDHGA4,9606.ENSP00000458570
AAK1,9606.ENSP00000386456
THBS4,9606.ENSP00000339730
FGD1,9606.ENSP00000364277
GABBR1,9606.ENSP00000366233
CTDP1,9606.ENSP00000484525
RBM19,9606.ENSP00000442053
KIF23,9606.ENSP00000260363
ERAP2,9606.ENSP00000400376
CDKL5,9606.ENSP00000369325
OPA1,9606.ENSP00000354681
LONP1,9606.ENSP00000353826
XYLT1,9606.ENSP00000261381
GTF2IRD1,9606.ENSP00000397566
DIS3,9606.ENSP00000366997
SLITRK5,9606.ENSP00000366283
CCDC33,9606.ENSP00000381795
DSE,9606.ENSP00000494147
KCNH6,9606.ENSP00000463533
COL21A1,9606.ENSP00000244728
DRP2,9606.ENSP00000378635
PRPF40A,9606.ENSP00000386458
ERC2,9606.ENSP00000288221
ENPEP,9606.ENSP00000265162
MAGEE1,9606.ENSP00000354912
KIF5C,9606.ENSP00000393379
AMOTL1,9606.ENSP00000387739
MDGA2,9606.ENSP00000405456
MATN2,9606.ENSP00000254898
THBS3,9606.ENSP00000357362
FBXO10,9606.ENSP00000403802
ZHX3,9606.ENSP00000312222
CLSTN3,9606.ENSP00000266546
CYLD,9606.ENSP00000392025
GRIK4,9606.ENSP00000435648
CHAF1A,9606.ENSP00000301280
ADAM19,9606.ENSP00000257527
MDGA1,9606.ENSP00000402584
VWCE,9606.ENSP00000334186
THRAP3,9606.ENSP00000346634
CCDC146,9606.ENSP00000285871
CHRD,9606.ENSP00000204604
HAUS6,9606.ENSP00000369871
ANO4,9606.ENSP00000376703
MIB2,9606.ENSP00000426103
CLSTN2,9606.ENSP00000402460
CEP112,9606.ENSP00000376522
ZNF618,9606.ENSP00000363241
SMARCAL1,9606.ENSP00000349823
MAP3K10,9606.ENSP00000253055
TRAK1,9606.ENSP00000328998
PSMD1,9606.ENSP00000309474
CCDC14,9606.ENSP00000420180
ALS2CL,9606.ENSP00000313670
ZC3H18,9606.ENSP00000416951
COPB1,9606.ENSP00000249923
SAFB2,9606.ENSP00000252542
NOD1,9606.ENSP00000222823
UNC5D,9606.ENSP00000385143
CTNNA2,9606.ENSP00000384638
ZNF507,9606.ENSP00000348162
MEIOC,9606.ENSP00000386452
GAA,9606.ENSP00000305692
HDAC7,9606.ENSP00000080059
CC2D1A,9606.ENSP00000313601
ADAMTSL2,9606.ENSP00000346478
CATSPERE,9606.ENSP00000355492
SFSWAP,9606.ENSP00000437738
CNNM1,9606.ENSP00000349147
LGR4,9606.ENSP00000368516
CCDC15,9606.ENSP00000341684
PCDH20,9606.ENSP00000386653
XRN2,9606.ENSP00000366396
PCDHA13,9606.ENSP00000289272
CCDC80,9606.ENSP00000206423
PCDHA8,9606.ENSP00000434655
KSR2,9606.ENSP00000389715
PPP4R1,9606.ENSP00000383402
PCDHA9,9606.ENSP00000436042
ADAMTS15,9606.ENSP00000299164
PCDHA3,9606.ENSP00000429808
PCDHA1,9606.ENSP00000420840
OSBPL1A,9606.ENSP00000320291
PCDHA6,9606.ENSP00000433378
GTF2IRD2B,9606.ENSP00000480524
GTF2IRD2,9606.ENSP00000406723
ZCCHC14,9606.ENSP00000268616
MMRN2,9606.ENSP00000361097
AP1B1,9606.ENSP00000350199
PCDHA11,9606.ENSP00000381636
CCDC66,9606.ENSP00000378167
ZC3H3,9606.ENSP00000262577
PCDHA10,9606.ENSP00000304234
PHF14,9606.ENSP00000385795
PCDHA2,9606.ENSP00000431748
ZNF268,9606.ENSP00000444412
MAP3K14,9606.ENSP00000482657
PCDHA4,9606.ENSP00000435300
BRDT,9606.ENSP00000387822
MTCL3,9606.ENSP00000434570
LRRC37B,9606.ENSP00000340519
ITIH2,9606.ENSP00000351190
SNX14,9606.ENSP00000313121
ITPKB,9606.ENSP00000411152
ARHGAP4,9606.ENSP00000359045
RIPOR3,9606.ENSP00000045083
ATP2C2,9606.ENSP00000397925
UNC5B,9606.ENSP00000334329
GANAB,9606.ENSP00000340466
PCDHGC5,9606.ENSP00000252087
PROSER1,9606.ENSP00000332034
UNC45A,9606.ENSP00000407487
ROR2,9606.ENSP00000364860
CLCA2,9606.ENSP00000359596
WDR3,9606.ENSP00000308179
CENPC,9606.ENSP00000273853
NFATC1,9606.ENSP00000389377
USP33,9606.ENSP00000359829
INTU,9606.ENSP00000334003
PKN1,9606.ENSP00000343325
NCOA7,9606.ENSP00000376269
ITIH5,9606.ENSP00000380333
DGKQ,9606.ENSP00000273814
DCAF5,9606.ENSP00000341351
KDM7A,9606.ENSP00000380692
PDE2A,9606.ENSP00000334910
CCDC39,9606.ENSP00000417960
BBX,9606.ENSP00000319974
ERAP1,9606.ENSP00000296754
VPS11,9606.ENSP00000481126
ANKMY1,9606.ENSP00000385887
CFAP69,9606.ENSP00000373948
PCDHA12,9606.ENSP00000381628
GABBR2,9606.ENSP00000259455
PRPF6,9606.ENSP00000266079
XPC,9606.ENSP00000285021
TEX11,9606.ENSP00000379226
GALNT5,9606.ENSP00000259056
PPP1R10,9606.ENSP00000365694
MORC3,9606.ENSP00000383333
ZFR2,9606.ENSP00000262961
AP2A2,9606.ENSP00000327694
PCDHGC4,9606.ENSP00000306918
ANKLE2,9606.ENSP00000350686
DDX42,9606.ENSP00000464050
MYOCD,9606.ENSP00000401678
GRIN1,9606.ENSP00000360608
ROR1,9606.ENSP00000360120
MORC4,9606.ENSP00000347821
PCDHA7,9606.ENSP00000436426
SMCR8,9606.ENSP00000385025
AP2B1,9606.ENSP00000483185
ZNF836,9606.ENSP00000470239
ZNRF3,9606.ENSP00000443824
MSH4,9606.ENSP00000263187
PCDHA5,9606.ENSP00000436557
PCDHGA10,9606.ENSP00000381611
CCDC191,9606.ENSP00000295878
AFTPH,9606.ENSP00000238855
ARMC5,9606.ENSP00000386125
PCDHGA11,9606.ENSP00000381589
MTHFD1,9606.ENSP00000498336
SYTL2,9606.ENSP00000318803
C6,9606.ENSP00000263413
MSH2,9606.ENSP00000233146
OSBPL6,9606.ENSP00000376293
PCDHGC3,9606.ENSP00000312070
NPAS3,9606.ENSP00000348460
PLD2,9606.ENSP00000263088
PDE11A,9606.ENSP00000286063
PGR,9606.ENSP00000325120
TPO,9606.ENSP00000329869
ANO7,9606.ENSP00000274979
PCDHGA8,9606.ENSP00000381605
PCDHGA12,9606.ENSP00000252085
PCDHGA7,9606.ENSP00000430024
EDEM3,9606.ENSP00000318147
RBM12,9606.ENSP00000363228
PCDHGA6,9606.ENSP00000429601
KCNQ5,9606.ENSP00000345055
PCDHGA9,9606.ENSP00000460274
PCDHGA2,9606.ENSP00000378077
PMS1,9606.ENSP00000406490
PCDHGA3,9606.ENSP00000253812
PCDHGB2,9606.ENSP00000429018
PCDHGA5,9606.ENSP00000429834
GPATCH1,9606.ENSP00000170564
TRPC6,9606.ENSP00000340913
PIGN,9606.ENSP00000492233
MRTFA,9606.ENSP00000498671
URGCP,9606.ENSP00000396918
UNC45B,9606.ENSP00000268876
NRP2,9606.ENSP00000353582
UNC5C,9606.ENSP00000406022
PCDHGA1,9606.ENSP00000431083
ITIH4,9606.ENSP00000266041
PCDHGB6,9606.ENSP00000428603
ADAMTS5,9606.ENSP00000284987
SEMA6C,9606.ENSP00000357909
RBM10,9606.ENSP00000328848
PCDHGB3,9606.ENSP00000461862
TAF3,9606.ENSP00000340271
DSTYK,9606.ENSP00000356130
SYNPO,9606.ENSP00000377789
TEX10,9606.ENSP00000364037
SCYL2,9606.ENSP00000489123
PCDHGB7,9606.ENSP00000381594
NIBAN1,9606.ENSP00000356481
RFX6,9606.ENSP00000332208
NPIPB12,9606.ENSP00000447597
TBC1D2,9606.ENSP00000481721
RB1,9606.ENSP00000267163
DENND2C,9606.ENSP00000376955
DGKZ,9606.ENSP00000412178
BCAS3,9606.ENSP00000468592
SLC8A3,9606.ENSP00000370669
FBXO11,9606.ENSP00000384823
GBA2,9606.ENSP00000367343
PCDHGB1,9606.ENSP00000429273
ETAA1,9606.ENSP00000272342
GPRC6A,9606.ENSP00000309493
CASK,9606.ENSP00000494788
AASS,9606.ENSP00000403768
SIK2,9606.ENSP00000305976
PTPN4,9606.ENSP00000263708
STOX2,9606.ENSP00000311257
KCTD19,9606.ENSP00000305702
SPAG1,9606.ENSP00000373450
OTUD7A,9606.ENSP00000305926
ERN2,9606.ENSP00000256797
NUP107,9606.ENSP00000229179
CORO7,9606.ENSP00000251166
MCF2,9606.ENSP00000430276
NFATC2,9606.ENSP00000379330
CEP104,9606.ENSP00000367476
ENPP1,9606.ENSP00000498074
RIGI,9606.ENSP00000369213
TBC1D30,9606.ENSP00000440207
ICAM5,9606.ENSP00000221980
INPP4B,9606.ENSP00000422793
EXOC2,9606.ENSP00000230449
ATG9B,9606.ENSP00000491504
PCDHGB5,9606.ENSP00000478258
TNPO3,9606.ENSP00000265388
NRP1,9606.ENSP00000265371
RAPGEF3,9606.ENSP00000395708
PCDHGB4,9606.ENSP00000428288
KSR1,9606.ENSP00000381958
ALDH1L2,9606.ENSP00000258494
CCAR2,9606.ENSP00000310670
HK3,9606.ENSP00000292432
USP29,9606.ENSP00000254181
GARIN5B,9606.ENSP00000398617
PGAP1,9606.ENSP00000346809
WWP1,9606.ENSP00000427793
C2orf78,9606.ENSP00000387124
COL9A1,9606.ENSP00000349790
TCAF1,9606.ENSP00000419235
TRPC3,9606.ENSP00000368966
SLC8A2,9606.ENSP00000236877
ESYT2,9606.ENSP00000499020
ZMIZ2,9606.ENSP00000311778
SLC14A2,9606.ENSP00000255226
BCLAF1,9606.ENSP00000435210
AR,9606.ENSP00000363822
EXTL3,9606.ENSP00000220562
CLCA4,9606.ENSP00000359594
GRIK3,9606.ENSP00000362183
MLXIP,9606.ENSP00000312834
DHTKD1,9606.ENSP00000263035
NPEPPS,9606.ENSP00000320324
ATP2C1,9606.ENSP00000421326
SNCAIP,9606.ENSP00000261367
LIG1,9606.ENSP00000263274
WDR47,9606.ENSP00000383599
TJP3,9606.ENSP00000465419
TCAF2,9606.ENSP00000404265
PWP2,9606.ENSP00000291576
SARDH,9606.ENSP00000360938
INCENP,9606.ENSP00000378295
GRIK1,9606.ENSP00000327687
IL6ST,9606.ENSP00000370698
SPATA31D4,9606.ENSP00000488251
PAXBP1,9606.ENSP00000328992
HK2,9606.ENSP00000290573
HK1,9606.ENSP00000494664
SPATA31D3,9606.ENSP00000488117
NSMAF,9606.ENSP00000411012
HKDC1,9606.ENSP00000346643
ANKRD62,9606.ENSP00000467740
SMTN,9606.ENSP00000484398
ERCC4,9606.ENSP00000310520
OGA,9606.ENSP00000354850
CDH4,9606.ENSP00000484928
CHERP,9606.ENSP00000439856
MINAR1,9606.ENSP00000307461
OSBP2,9606.ENSP00000332576
NEFM,9606.ENSP00000221166
SAFB,9606.ENSP00000467423
TMTC3,9606.ENSP00000266712
CCDC57,9606.ENSP00000376154
GRM7,9606.ENSP00000350348
FAM13B,9606.ENSP00000033079
SPIDR,9606.ENSP00000297423
TRAK2,9606.ENSP00000328875
GANC,9606.ENSP00000326227
EIF3CL,9606.ENSP00000370258
ECT2,9606.ENSP00000376457
CLCA1,9606.ENSP00000234701
LARP1B,9606.ENSP00000321997
ZNF717,9606.ENSP00000419377
RALGDS,9606.ENSP00000361120
USP20,9606.ENSP00000313811
SLC12A9,9606.ENSP00000275730
ANO5,9606.ENSP00000315371
ZNF112,9606.ENSP00000337081
CUL4B,9606.ENSP00000384109
PTPN3,9606.ENSP00000363667
EIF3C,9606.ENSP00000332604
WDR44,9606.ENSP00000254029
DDR1,9606.ENSP00000427552
DNAJC6,9606.ENSP00000360108
USP26,9606.ENSP00000423390
ARHGEF1,9606.ENSP00000337261
PRKD1,9606.ENSP00000390535
GRM4,9606.ENSP00000440556
DNMT3A,9606.ENSP00000264709
LEMD3,9606.ENSP00000308369
E2F7,9606.ENSP00000323246
ACTN4,9606.ENSP00000252699
GTF3C2,9606.ENSP00000352536
SH3PXD2B,9606.ENSP00000309714
SLC4A1,9606.ENSP00000262418
NFXL1,9606.ENSP00000422037
ZNF721,9606.ENSP00000428878
BCAN,9606.ENSP00000331210
KCNB2,9606.ENSP00000430846
ITIH1,9606.ENSP00000273283
LIG4,9606.ENSP00000484288
ANO6,9606.ENSP00000409126
RAD54B,9606.ENSP00000336606
ADGRF1,9606.ENSP00000360299
MARCHF6,9606.ENSP00000274140
MYRFL,9606.ENSP00000448753
FAM120B,9606.ENSP00000440125
SEZ6L2,9606.ENSP00000481917
SND1,9606.ENSP00000346762
PIDD1,9606.ENSP00000337797
HACE1,9606.ENSP00000262903
GOLGA6L2,9606.ENSP00000454407
ADAM12,9606.ENSP00000357668
ZBTB41,9606.ENSP00000356375
GEN1,9606.ENSP00000370653
PSMD2,9606.ENSP00000310129
GRIK2,9606.ENSP00000397026
SKIDA1,9606.ENSP00000410041
GRM8,9606.ENSP00000351142
CWC22,9606.ENSP00000387006
SNAP91,9606.ENSP00000400459
WHRN,9606.ENSP00000354623
EIF4G2,9606.ENSP00000433664
TUBGCP3,9606.ENSP00000261965
FIG4,9606.ENSP00000230124
LGR5,9606.ENSP00000266674
CBL,9606.ENSP00000264033
CDH2,9606.ENSP00000269141
CTNNA1,9606.ENSP00000304669
GRIA1,9606.ENSP00000428994
ADAM22,9606.ENSP00000265727
TMC2,9606.ENSP00000351732
COPB2,9606.ENSP00000329419
MAP10,9606.ENSP00000403208
TTF1,9606.ENSP00000333920
CIP2A,9606.ENSP00000295746
STON2,9606.ENSP00000450857
TCHHL1,9606.ENSP00000357796
MTBP,9606.ENSP00000303398
SRRM1,9606.ENSP00000326261
IRAG1,9606.ENSP00000412130
MICALL2,9606.ENSP00000297508
ECT2L,9606.ENSP00000442307
ERMP1,9606.ENSP00000340427
SAGE1,9606.ENSP00000323191
MCM2,9606.ENSP00000265056
DLG1,9606.ENSP00000345731
C3orf20,9606.ENSP00000253697
ZNF598,9606.ENSP00000455308
TLR3,9606.ENSP00000296795
KANSL3,9606.ENSP00000396749
CNTROB,9606.ENSP00000369614
ZNF808,9606.ENSP00000352846
ASAP3,9606.ENSP00000338769
ZZZ3,9606.ENSP00000359837
THAP9,9606.ENSP00000305533
ITCH,9606.ENSP00000499786
AKAP1,9606.ENSP00000478212
IGSF22,9606.ENSP00000421191
LARS2,9606.ENSP00000498867
FAM193B,9606.ENSP00000422131
AGBL2,9606.ENSP00000435582
ZC3HAV1,9606.ENSP00000242351
ALDH1L1,9606.ENSP00000273450
TUBGCP2,9606.ENSP00000446093
RUSC1,9606.ENSP00000357336
NFATC4,9606.ENSP00000388910
GRIA4,9606.ENSP00000282499
DSC2,9606.ENSP00000280904
OCRL,9606.ENSP00000360154
ACTN3,9606.ENSP00000422007
SLFN11,9606.ENSP00000378067
EPB41L4B,9606.ENSP00000363694
SWT1,9606.ENSP00000356470
POLN,9606.ENSP00000435506
ZFP62,9606.ENSP00000423820
MARS1,9606.ENSP00000262027
NFKB2,9606.ENSP00000358983
CCSER1,9606.ENSP00000425040
DDHD1,9606.ENSP00000500986
PRRT4,9606.ENSP00000415026
CNK3/IPCEF1,9606.ENSP00000499846
TNPO1,9606.ENSP00000336712
KIF18A,9606.ENSP00000263181
CIZ1,9606.ENSP00000439244
CCDC186,9606.ENSP00000498136
TAOK3,9606.ENSP00000376317
DPP8,9606.ENSP00000339208
CLCN2,9606.ENSP00000265593
RBBP8,9606.ENSP00000382628
SLFN13,9606.ENSP00000285013
CHD1L,9606.ENSP00000358262
TNPO2,9606.ENSP00000407182
CSF2RB,9606.ENSP00000384053
N4BP1,9606.ENSP00000262384
SLC9A5,9606.ENSP00000299798
EPS15,9606.ENSP00000360798
ZNF574,9606.ENSP00000222339
LPIN2,9606.ENSP00000261596
DSC3,9606.ENSP00000353608
EML3,9606.ENSP00000434513
ZNF281,9606.ENSP00000294740
WDR36,9606.ENSP00000423067
DAG1,9606.ENSP00000442600
SF3B2,9606.ENSP00000318861
RIN2,9606.ENSP00000255006
CTNNA3,9606.ENSP00000389714
ACTN2,9606.ENSP00000355537
AXL,9606.ENSP00000301178
BCL11B,9606.ENSP00000349723
MAP4K3,9606.ENSP00000263881
EXOC1,9606.ENSP00000370695
MTTP,9606.ENSP00000427679
CWF19L2,9606.ENSP00000282251
GRIA3,9606.ENSP00000481554
SFMBT2,9606.ENSP00000380353
DSC1,9606.ENSP00000257198
ILF3,9606.ENSP00000404121
PRDM9,9606.ENSP00000296682
MVP,9606.ENSP00000378760
FAM186B,9606.ENSP00000257894
TBCK,9606.ENSP00000378198
AFG2A,9606.ENSP00000274008
ACTN1,9606.ENSP00000377941
ATXN7,9606.ENSP00000295900
NLRP6,9606.ENSP00000309767
ZNF512B,9606.ENSP00000358904
VWA7,9606.ENSP00000364840
TTLL6,9606.ENSP00000377043
SLFN5,9606.ENSP00000299977
DNAI3,9606.ENSP00000294664
RBM15B,9606.ENSP00000454545
FAM171A1,9606.ENSP00000367356
ITIH3,9606.ENSP00000415769
TYRO3,9606.ENSP00000263798
PRKD3,9606.ENSP00000368356
HCN1,9606.ENSP00000307342
WFS1,9606.ENSP00000226760
LPIN1,9606.ENSP00000397908
KIF20A,9606.ENSP00000378356
ADAMTS8,9606.ENSP00000257359
PACS2,9606.ENSP00000393559
OSBPL8,9606.ENSP00000261183
HCN2,9606.ENSP00000251287
PKN3,9606.ENSP00000291906
ACO1,9606.ENSP00000309477
ARHGAP27,9606.ENSP00000403323
FCHO1,9606.ENSP00000473001
SEMA6B,9606.ENSP00000467290
PTCHD1,9606.ENSP00000368666
MOCOS,9606.ENSP00000261326
HMGCR,9606.ENSP00000287936
SH3RF1,9606.ENSP00000284637
ZFYVE28,9606.ENSP00000290974
PAN3,9606.ENSP00000370345
PIK3C3,9606.ENSP00000262039
INTS6,9606.ENSP00000310260
TTLL7,9606.ENSP00000260505
OSBPL3,9606.ENSP00000315410
BBS9,9606.ENSP00000242067
PDE4A,9606.ENSP00000370078
ESYT3,9606.ENSP00000374218
VPS39,9606.ENSP00000335193
GTF3C3,9606.ENSP00000263956
ADGRE1,9606.ENSP00000311545
AGBL5,9606.ENSP00000353249
DIS3L2,9606.ENSP00000315569
CDHR3,9606.ENSP00000325954
PDE8B,9606.ENSP00000264917
EXOSC10,9606.ENSP00000366135
KMT5B,9606.ENSP00000305899
ZC3H12C,9606.ENSP00000278590
EEF1AKMT4-ECE2,9606.ENSP00000384223
GRIA2,9606.ENSP00000296526
NDST2,9606.ENSP00000310657
CHSY3,9606.ENSP00000302629
PIWIL3,9606.ENSP00000330031
PML,9606.ENSP00000268058
NDST1,9606.ENSP00000261797
SH3RF3,9606.ENSP00000309186
CDH1,9606.ENSP00000261769
TMTC1,9606.ENSP00000442046
PKP2,9606.ENSP00000070846
FAAP100,9606.ENSP00000333283
DDX54,9606.ENSP00000323858
EPB41L1,9606.ENSP00000337168
ARHGAP17,9606.ENSP00000289968
PPP6R1,9606.ENSP00000414202
GAS2L2,9606.ENSP00000474529
LRRC66,9606.ENSP00000341944
PIK3R5,9606.ENSP00000392812
MANBA,9606.ENSP00000495247
SP100,9606.ENSP00000343023
MASTL,9606.ENSP00000365107
PTGFRN,9606.ENSP00000376899
PDPR,9606.ENSP00000288050
OSBPL5,9606.ENSP00000263650
TMEM245,9606.ENSP00000363714
GRM3,9606.ENSP00000355316
PRKD2,9606.ENSP00000393978
AP5B1,9606.ENSP00000454303
NUTM2A,9606.ENSP00000371126
MCTP2,9606.ENSP00000350377
NUTM2B,9606.ENSP00000394623
VAV2,9606.ENSP00000360916
NUTM2E,9606.ENSP00000407521
MED16,9606.ENSP00000325612
GRM6,9606.ENSP00000497110
GAREM1,9606.ENSP00000269209
SRRT,9606.ENSP00000480421
MAP7D3,9606.ENSP00000318086
KPNB1,9606.ENSP00000290158
EXD3,9606.ENSP00000340474
PPFIBP2,9606.ENSP00000299492
PDE5A,9606.ENSP00000347046
ENPP3,9606.ENSP00000406261
PRSS12,9606.ENSP00000296498
CNNM2,9606.ENSP00000358894
MIOS,9606.ENSP00000339881
AGAP3,9606.ENSP00000380413
SLC4A11,9606.ENSP00000369399
MCM10,9606.ENSP00000418268
DDX10,9606.ENSP00000314348
KLHL29,9606.ENSP00000420659
FBXO41,9606.ENSP00000428646
UBE3A,9606.ENSP00000497594
TUT1,9606.ENSP00000308000
ADGRD1,9606.ENSP00000444425
GAREM2,9606.ENSP00000384593
ARHGAP42,9606.ENSP00000298815
COPG1,9606.ENSP00000325002
OXR1,9606.ENSP00000405424
DRC7,9606.ENSP00000353942
SOBP,9606.ENSP00000318900
PPP6R3,9606.ENSP00000377390
VLDLR,9606.ENSP00000371532
ZHX1,9606.ENSP00000297857
TTC16,9606.ENSP00000362386
PPP4R4,9606.ENSP00000305924
NDST3,9606.ENSP00000296499
NDST4,9606.ENSP00000264363
ARMC3,9606.ENSP00000298032
SIMC1,9606.ENSP00000410552
CFAP58,9606.ENSP00000358718
GRM2,9606.ENSP00000378492
KCNQ2,9606.ENSP00000352035
KCNQ3,9606.ENSP00000373648
SULF1,9606.ENSP00000260128
ZNF473,9606.ENSP00000472808
PRPF40B,9606.ENSP00000448073
SCARF2,9606.ENSP00000485276
TRPV4,9606.ENSP00000406191
ARHGEF26,9606.ENSP00000348828
ANKS6,9606.ENSP00000297837
ZBTB10,9606.ENSP00000387462
COPG2,9606.ENSP00000402346
RSPH10B2,9606.ENSP00000384766
BCAR1,9606.ENSP00000391669
DNM2,9606.ENSP00000373905
WWP2,9606.ENSP00000352069
SULF2,9606.ENSP00000353007
DLG2,9606.ENSP00000365272
EPAS1,9606.ENSP00000263734
RSPH10B,9606.ENSP00000385443
GPR155,9606.ENSP00000376335
POLK,9606.ENSP00000241436
CLCN6,9606.ENSP00000234488
TAF1C,9606.ENSP00000455265
DNM3,9606.ENSP00000347457
ZNF629,9606.ENSP00000262525
MUSK,9606.ENSP00000363571
PLA2G4E,9606.ENSP00000382434
ZFP28,9606.ENSP00000301318
TRIM71,9606.ENSP00000373272
PDCD6IP,9606.ENSP00000411825
E2F8,9606.ENSP00000250024
CCDC178,9606.ENSP00000463254
VSIG10L,9606.ENSP00000335623
DZIP1,9606.ENSP00000257312
SP140,9606.ENSP00000375899
ARMC2,9606.ENSP00000376417
NAA15,9606.ENSP00000296543
SFMBT1,9606.ENSP00000378235
RNF216,9606.ENSP00000374552
DMGDH,9606.ENSP00000255189
SMPD4,9606.ENSP00000386531
IL17RA,9606.ENSP00000320936
FGA,9606.ENSP00000498441
CEP97,9606.ENSP00000342510
PROM1,9606.ENSP00000426809
ZNF624,9606.ENSP00000310472
NBPF11,9606.ENSP00000477509
DPP6,9606.ENSP00000367001
XYLT2,9606.ENSP00000017003
L1TD1,9606.ENSP00000419901
DNM1,9606.ENSP00000362014
EPB41,9606.ENSP00000345259
NAA16,9606.ENSP00000368716
EPS15L1,9606.ENSP00000393313
LTK,9606.ENSP00000263800
ZNF99,9606.ENSP00000472969
NLGN1,9606.ENSP00000392500
USP13,9606.ENSP00000263966
MICALL1,9606.ENSP00000215957
DPP9,9606.ENSP00000262960
ENPP2,9606.ENSP00000259486
ADAM15,9606.ENSP00000349436
MCM4,9606.ENSP00000262105
TRPC7,9606.ENSP00000426070
TAF4B,9606.ENSP00000462980
PMS2,9606.ENSP00000265849
RABEP1,9606.ENSP00000445408
SEMA4D,9606.ENSP00000416523
IL12RB2,9606.ENSP00000262345
TOP3B,9606.ENSP00000381773
AXIN1,9606.ENSP00000262320
INTS6L,9606.ENSP00000491427
AMER3,9606.ENSP00000392700
ATXN7L1,9606.ENSP00000410759
ORC1,9606.ENSP00000360623
AGO4,9606.ENSP00000362306
HECTD3,9606.ENSP00000361245
PIWIL1,9606.ENSP00000245255
LDLR,9606.ENSP00000454071
TTC13,9606.ENSP00000355621
NOM1,9606.ENSP00000275820
LRRD1,9606.ENSP00000405987
AGO3,9606.ENSP00000362287
COG5,9606.ENSP00000297135
MPHOSPH8,9606.ENSP00000355388
DCAF6,9606.ENSP00000356814
PDE6A,9606.ENSP00000255266
TGFBRAP1,9606.ENSP00000377027
SH2D3C,9606.ENSP00000317817
LRP12,9606.ENSP00000276654
ABR,9606.ENSP00000303909
MYRIP,9606.ENSP00000301972
DDX24,9606.ENSP00000481495
FANCB,9606.ENSP00000498215
MAP3K12,9606.ENSP00000449038
AGO2,9606.ENSP00000220592
CDHR1,9606.ENSP00000485478
ZXDC,9606.ENSP00000374359
HSPH1,9606.ENSP00000487365
LRRC8D,9606.ENSP00000338887
CC2D1B,9606.ENSP00000360642
TLR5,9606.ENSP00000496355
KCNB1,9606.ENSP00000360806
USP5,9606.ENSP00000229268
PDE6C,9606.ENSP00000360502
NCAM1,9606.ENSP00000480132
EEF2,9606.ENSP00000307940
PHC2,9606.ENSP00000257118
TTC7A,9606.ENSP00000378320
TTK,9606.ENSP00000358813
AGAP1,9606.ENSP00000307634
AGO1,9606.ENSP00000362300
NOP14,9606.ENSP00000405068
PALD1,9606.ENSP00000263563
NVL,9606.ENSP00000281701
HNRNPUL1,9606.ENSP00000375863
VILL,9606.ENSP00000283713
RHBDF2,9606.ENSP00000322775
ATP6V0A2,9606.ENSP00000332247
ZNF814,9606.ENSP00000410545
PRSS36,9606.ENSP00000268281
SPICE1,9606.ENSP00000295872
DNAAF5,9606.ENSP00000297440
RADX,9606.ENSP00000361628
RHBDF1,9606.ENSP00000262316
ST14,9606.ENSP00000278742
DDR2,9606.ENSP00000356899
XAB2,9606.ENSP00000351137
VPS41,9606.ENSP00000309457
PARP8,9606.ENSP00000281631
GSAP,9606.ENSP00000257626
SECISBP2,9606.ENSP00000364965
AKAP4,9606.ENSP00000351327
ESPN,9606.ENSP00000496593
ZNF341,9606.ENSP00000364346
PARP9,9606.ENSP00000353512
PDE6B,9606.ENSP00000420295
GOLGA6L22,9606.ENSP00000483673
DISC1,9606.ENSP00000403888
TGS1,9606.ENSP00000260129
DNMT3B,9606.ENSP00000328547
AKAP3,9606.ENSP00000228850
FIRRM,9606.ENSP00000286031
MLXIPL,9606.ENSP00000320886
TAS1R3,9606.ENSP00000344411
PIWIL4,9606.ENSP00000299001
ZSCAN29,9606.ENSP00000380174
THSD1,9606.ENSP00000258613
ZNF484,9606.ENSP00000378881
SHROOM1,9606.ENSP00000367950
KDM1A,9606.ENSP00000383042
MACC1,9606.ENSP00000383185
LONP2,9606.ENSP00000285737
KIF18B,9606.ENSP00000465992
KANK2,9606.ENSP00000468002
STAT2,9606.ENSP00000315768
TGFBR3,9606.ENSP00000212355
DDX31,9606.ENSP00000361232
ESF1,9606.ENSP00000202816
LPIN3,9606.ENSP00000487971
NRG2,9606.ENSP00000354910
RASA2,9606.ENSP00000286364
TTLL8,9606.ENSP00000392252
CCDC87,9606.ENSP00000328487
PPP4R3B,9606.ENSP00000483228
PLA2G4F,9606.ENSP00000380442
CRNKL1,9606.ENSP00000366557
DNAI4,9606.ENSP00000360065
SLCO5A1,9606.ENSP00000260126
NLGN3,9606.ENSP00000351591
AHR,9606.ENSP00000242057
FASTKD1,9606.ENSP00000400513
CD22,9606.ENSP00000085219
MAP3K11,9606.ENSP00000309597
MATR3,9606.ENSP00000354346
PYGL,9606.ENSP00000216392
FSTL5,9606.ENSP00000305334
STAT6,9606.ENSP00000300134
FTSJ3,9606.ENSP00000396673
VAV3,9606.ENSP00000359073
MAP4K5,9606.ENSP00000013125
PTCHD4,9606.ENSP00000341914
EXO1,9606.ENSP00000355506
DLGAP5,9606.ENSP00000247191
RSBN1L,9606.ENSP00000334040
CLOCK,9606.ENSP00000426983
ARHGAP12,9606.ENSP00000345808
ABCF1,9606.ENSP00000313603
SLITRK2,9606.ENSP00000334374
PRMT9,9606.ENSP00000314396
VAV1,9606.ENSP00000472929
CDHR5,9606.ENSP00000380676
JAKMIP3,9606.ENSP00000499375
PRICKLE2,9606.ENSP00000492363
ARHGEF33,9606.ENSP00000387020
PYGB,9606.ENSP00000216962
AXIN2,9606.ENSP00000302625
TTC27,9606.ENSP00000313953
RBM25,9606.ENSP00000261973
OTUD7B,9606.ENSP00000462729
C7,9606.ENSP00000322061
TTC7B,9606.ENSP00000336127
ABCB6,9606.ENSP00000265316
PYGM,9606.ENSP00000164139
JADE1,9606.ENSP00000226319
OSBPL7,9606.ENSP00000007414
FSTL4,9606.ENSP00000265342
UNC5A,9606.ENSP00000332737
ARHGEF15,9606.ENSP00000355026
SLITRK6,9606.ENSP00000495507
MAP7D1,9606.ENSP00000362244
GRIPAP1,9606.ENSP00000365606
TAS1R1,9606.ENSP00000331867
NYAP1,9606.ENSP00000300179
NEK4,9606.ENSP00000233027
BACH2,9606.ENSP00000257749
ESCO1,9606.ENSP00000269214
HSPA4,9606.ENSP00000302961
GPLD1,9606.ENSP00000230036
SNX25,9606.ENSP00000426255
L3MBTL1,9606.ENSP00000402107
CFAP221,9606.ENSP00000393222
ATP6V0A4,9606.ENSP00000308122
MCM8,9606.ENSP00000368164
LZTR1,9606.ENSP00000496779
VPS16,9606.ENSP00000369810
ZKSCAN5,9606.ENSP00000377725
TRPV1,9606.ENSP00000459962
TAS1R2,9606.ENSP00000364520
NTRK3,9606.ENSP00000354207
HSPA4L,9606.ENSP00000296464
TLR4,9606.ENSP00000363089
ATG9A,9606.ENSP00000386710
ZNF347,9606.ENSP00000405218
SEMA4G,9606.ENSP00000210633
HELLS,9606.ENSP00000377601
TACC3,9606.ENSP00000326550
OCA2,9606.ENSP00000346659
FAM91A1,9606.ENSP00000335082
GPRASP2,9606.ENSP00000437872
RNF19A,9606.ENSP00000428968
KIFC2,9606.ENSP00000301332
STRIP1,9606.ENSP00000358810
ADAMTS4,9606.ENSP00000356975
ZHX2,9606.ENSP00000314709
KAT2A,9606.ENSP00000225916
MOGS,9606.ENSP00000410992
NCAM2,9606.ENSP00000383392
TFIP11,9606.ENSP00000384421
ATP6V0A1,9606.ENSP00000264649
SLITRK4,9606.ENSP00000349400
APBA1,9606.ENSP00000265381
TELO2,9606.ENSP00000262319
DNAAF2,9606.ENSP00000298292
SEMA4B,9606.ENSP00000394720
AKNAD1,9606.ENSP00000359018
DACT1,9606.ENSP00000337439
POSTN,9606.ENSP00000369071
TMTC2,9606.ENSP00000322300
CDCP1,9606.ENSP00000296129
EPC1,9606.ENSP00000263062
ZNF546,9606.ENSP00000339823
CSF3R,9606.ENSP00000362195
ZC3H12B,9606.ENSP00000340839
BCL11A,9606.ENSP00000496168
CMTR1,9606.ENSP00000362550
ADGRE5,9606.ENSP00000242786
MCPH1,9606.ENSP00000342924
NLGN2,9606.ENSP00000305288
TNNI3K,9606.ENSP00000322251
SHLD2,9606.ENSP00000298786
TRIM28,9606.ENSP00000253024
CCSER2,9606.ENSP00000361160
STRIP2,9606.ENSP00000249344
ACAP3,9606.ENSP00000346733
RASA3,9606.ENSP00000335029
NEDD9,9606.ENSP00000368759
SLC9A3,9606.ENSP00000264938
MSH5,9606.ENSP00000364855
PROM2,9606.ENSP00000318270
ZNF780B,9606.ENSP00000391641
CCDC110,9606.ENSP00000306776
SEMA4C,9606.ENSP00000306844
VEPH1,9606.ENSP00000354919
MAP4K1,9606.ENSP00000465039
PPP4R3A,9606.ENSP00000450864
EFHB,9606.ENSP00000295824
KIFC3,9606.ENSP00000442008
VPS53,9606.ENSP00000401435
ADAM23,9606.ENSP00000264377
PPP4R3C,9606.ENSP00000489770
SIDT2,9606.ENSP00000314023
CDH26,9606.ENSP00000339390
TMEM63B,9606.ENSP00000259746
KAT2B,9606.ENSP00000263754
CDH17,9606.ENSP00000027335
RIPK4,9606.ENSP00000332454
ZNF777,9606.ENSP00000247930
SORT1,9606.ENSP00000256637
SLC39A10,9606.ENSP00000386766
PRICKLE1,9606.ENSP00000345064
SCARF1,9606.ENSP00000263071
WDR75,9606.ENSP00000314193
TCIRG1,9606.ENSP00000265686
SELP,9606.ENSP00000263686
PDE8A,9606.ENSP00000378056
ODF2,9606.ENSP00000403453
MCC,9606.ENSP00000386227
CDH16,9606.ENSP00000299752
CDH3,9606.ENSP00000264012
MYSM1,9606.ENSP00000418734
USP6NL,9606.ENSP00000277575
CDH22,9606.ENSP00000437790
SLMAP,9606.ENSP00000499241
ELFN1,9606.ENSP00000456548
PPP1R13L,9606.ENSP00000354218
SGIP1,9606.ENSP00000360076
ZNF438,9606.ENSP00000412363
SOX6,9606.ENSP00000379644
BEND3,9606.ENSP00000411268
GPAM,9606.ENSP00000265276
COG3,9606.ENSP00000258654
WDR27,9606.ENSP00000416289
SIDT1,9606.ENSP00000377416
VIL1,9606.ENSP00000248444
CARNS1,9606.ENSP00000389009
FAM171A2,9606.ENSP00000293443
ELAC2,9606.ENSP00000337445
FAM171B,9606.ENSP00000304108
ELP2,9606.ENSP00000414851
HIF1A,9606.ENSP00000437955
STT3B,9606.ENSP00000295770
LRGUK,9606.ENSP00000285928
HNRNPU,9606.ENSP00000491215
AMPD2,9606.ENSP00000499465
PRDM1,9606.ENSP00000358092
FSCB,9606.ENSP00000344579
ZNF229,9606.ENSP00000479884
BCAR3,9606.ENSP00000260502
TXNDC16,9606.ENSP00000281741
IL4R,9606.ENSP00000379111
IFT88,9606.ENSP00000323580
BICD2,9606.ENSP00000349351
ADAM8,9606.ENSP00000453302
ADAM17,9606.ENSP00000309968
CDC27,9606.ENSP00000434614
MAPK8IP2,9606.ENSP00000330572
MALT1,9606.ENSP00000497997
NPAS2,9606.ENSP00000338283
DDX20,9606.ENSP00000358716
JADE3,9606.ENSP00000481850
ADGRE2,9606.ENSP00000319883
AREL1,9606.ENSP00000348714
ANKRD20A2P,9606.ENSP00000366826
USP16,9606.ENSP00000334808
FAM83G,9606.ENSP00000373647
ANKRD20A3P,9606.ENSP00000482325
CIROZ,9606.ENSP00000366203
ANKRD20A4P,9606.ENSP00000349891
ATMIN,9606.ENSP00000299575
ANKRD20A1,9606.ENSP00000477695
FER,9606.ENSP00000281092
FGFR1,9606.ENSP00000393312
NTRK2,9606.ENSP00000277120
EPS8,9606.ENSP00000494689
GTF3C4,9606.ENSP00000361219
AP1G1,9606.ENSP00000377148
ANAPC2,9606.ENSP00000314004
FES,9606.ENSP00000331504
SUSD2,9606.ENSP00000351075
DRC11,9606.ENSP00000407213
BRAT1,9606.ENSP00000339637
CAPN3,9606.ENSP00000380349
ZNF41,9606.ENSP00000366265
KANK3,9606.ENSP00000328923
FGFR2,9606.ENSP00000410294
EFR3A,9606.ENSP00000254624
CEP95,9606.ENSP00000450461
MCM6,9606.ENSP00000264156
ELFN2,9606.ENSP00000385277
ADAM29,9606.ENSP00000484862
MAP4K2,9606.ENSP00000294066
DDX23,9606.ENSP00000310723
IWS1,9606.ENSP00000295321
ADAM9,9606.ENSP00000419446
MYLK3,9606.ENSP00000378288
CDH24,9606.ENSP00000380517
NUP93,9606.ENSP00000310668
AOPEP,9606.ENSP00000364464
AVIL,9606.ENSP00000257861
DRC11L,9606.ENSP00000482119
ARMC9,9606.ENSP00000484804
PLA2G4D,9606.ENSP00000290472
AFAP1L2,9606.ENSP00000303042
ZNF160,9606.ENSP00000406201
PCDHB1,9606.ENSP00000307234
CLCN3,9606.ENSP00000261514
ARHGAP44,9606.ENSP00000368994
EFR3B,9606.ENSP00000384081
TGM1,9606.ENSP00000206765
DLG3,9606.ENSP00000363480
PPP1R9B,9606.ENSP00000478767
NLGN4X,9606.ENSP00000370483
TPCN1,9606.ENSP00000448083
NLGN4Y,9606.ENSP00000348169
PI4KB,9606.ENSP00000357869
CLCN5,9606.ENSP00000365256
NELL2,9606.ENSP00000416341
MAPK7,9606.ENSP00000311005
KCTD3,9606.ENSP00000259154
ATXN1,9606.ENSP00000244769
RABGAP1L,9606.ENSP00000251507
TTLL13,9606.ENSP00000491066
SLC9A1,9606.ENSP00000263980
RBM5,9606.ENSP00000343054
EML1,9606.ENSP00000334314
KIF6,9606.ENSP00000287152
EIF3B,9606.ENSP00000354125
IGDCC3,9606.ENSP00000332773
CDH15,9606.ENSP00000289746
USP45,9606.ENSP00000333376
ARHGAP26,9606.ENSP00000274498
GPR156,9606.ENSP00000417261
ADAM33,9606.ENSP00000348912
SNX29,9606.ENSP00000456480
MAP6,9606.ENSP00000307093
CAPN7,9606.ENSP00000253693
SLC9A2,9606.ENSP00000233969
LRRC41,9606.ENSP00000477792
CHAMP1,9606.ENSP00000496699
ARPP21,9606.ENSP00000412326
NOP2,9606.ENSP00000371858
SYCP2L,9606.ENSP00000283141
ECE2,9606.ENSP00000350066
DEPDC1,9606.ENSP00000412292
RNF10,9606.ENSP00000415682
ZNF839,9606.ENSP00000399863
EXOC6B,9606.ENSP00000489442
TLR10,9606.ENSP00000308925
TMPRSS6,9606.ENSP00000384964
TRIL,9606.ENSP00000479256
FCHO2,9606.ENSP00000393776
ZNF33A,9606.ENSP00000304268
EVI5,9606.ENSP00000440826
LRRC8A,9606.ENSP00000259324
UNK,9606.ENSP00000464893
ZC3H11A,9606.ENSP00000491830
NELL1,9606.ENSP00000298925
PLG,9606.ENSP00000308938
JAKMIP2,9606.ENSP00000479248
PDE4D,9606.ENSP00000345502
ZNF43,9606.ENSP00000350085
CNGB3,9606.ENSP00000316605
PGBD1,9606.ENSP00000259883
WHAMM,9606.ENSP00000286760
SCYL1,9606.ENSP00000270176
ANAPC4,9606.ENSP00000426654
LRRFIP1,9606.ENSP00000375857
TBL3,9606.ENSP00000454836
ZNF841,9606.ENSP00000470746
MARCHF10,9606.ENSP00000463080
TBC1D10B,9606.ENSP00000386538
MCM3,9606.ENSP00000480987
SPON1,9606.ENSP00000460236
PTPN22,9606.ENSP00000352833
TMEM63A,9606.ENSP00000355800
AP5Z1,9606.ENSP00000497815
EPC2,9606.ENSP00000258484
ZNF594,9606.ENSP00000461032
OSBP,9606.ENSP00000263847
VCP,9606.ENSP00000351777
TMEM63C,9606.ENSP00000298351
FGFR3,9606.ENSP00000339824
PLA2G6,9606.ENSP00000333142
NUTM2D,9606.ENSP00000371116
TMC6,9606.ENSP00000465261
TACC1,9606.ENSP00000321703
CEP85L,9606.ENSP00000357474
ZC3H11B,9606.ENSP00000498875
ACE2,9606.ENSP00000389326
ZFX,9606.ENSP00000368486
PKD2L1,9606.ENSP00000325296
CLCN7,9606.ENSP00000372193
PIK3AP1,9606.ENSP00000339826
PNISR,9606.ENSP00000496842
EXOC6,9606.ENSP00000260762
DGKB,9606.ENSP00000385780
RASAL1,9606.ENSP00000450244
TSR1,9606.ENSP00000301364
SMYD4,9606.ENSP00000304360
ZNF226,9606.ENSP00000465121
ZBTB17,9606.ENSP00000364885
CPT1C,9606.ENSP00000376303
RASA4,9606.ENSP00000262940
ARHGEF7,9606.ENSP00000495631
HSP90B1,9606.ENSP00000299767
LRRC8B,9606.ENSP00000491377
LRRC8C,9606.ENSP00000359483
ZXDB,9606.ENSP00000364023
TARS3,9606.ENSP00000338093
SCNN1D,9606.ENSP00000368411
ARHGEF19,9606.ENSP00000270747
RPS6KA5,9606.ENSP00000479667
OPHN1,9606.ENSP00000347710
CHSY1,9606.ENSP00000254190
NPAS4,9606.ENSP00000311196
CDC5L,9606.ENSP00000360532
PTPRA,9606.ENSP00000369756
FGFR4,9606.ENSP00000292408
RSBN1,9606.ENSP00000261441
EXOC3L2,9606.ENSP00000252482
ALDH16A1,9606.ENSP00000293350
UHRF2,9606.ENSP00000276893
ZFY,9606.ENSP00000155093
BRD2,9606.ENSP00000378702
PCDHB8,9606.ENSP00000239444
DENND1C,9606.ENSP00000370889
TFR2,9606.ENSP00000420525
PRDM4,9606.ENSP00000228437
CDH20,9606.ENSP00000262717
ZBBX,9606.ENSP00000390232
NOC3L,9606.ENSP00000360412
MAP3K20,9606.ENSP00000364361
SART1,9606.ENSP00000310448
PCDHB10,9606.ENSP00000239446
TAF5,9606.ENSP00000358854
LENG8,9606.ENSP00000318374
ITGB5,9606.ENSP00000296181
BEND2,9606.ENSP00000369372
ZNF227,9606.ENSP00000482749
PPP1R3F,9606.ENSP00000055335
ZXDA,9606.ENSP00000351530
CDH8,9606.ENSP00000462701
HASPIN,9606.ENSP00000325290
CATSPERD,9606.ENSP00000371037
USP10,9606.ENSP00000457411
PCDHB2,9606.ENSP00000194155
SLC9A4,9606.ENSP00000295269
ITGB1,9606.ENSP00000379350
PPARGC1A,9606.ENSP00000264867
CSDE1,9606.ENSP00000481762
ITGB7,9606.ENSP00000267082
PCDHB14,9606.ENSP00000239449
PCDHB13,9606.ENSP00000345491
RASGRP1,9606.ENSP00000310244
IMPG1,9606.ENSP00000358966
PCDHB11,9606.ENSP00000346802
STRN3,9606.ENSP00000350071
SLC6A5,9606.ENSP00000434364
PKP3,9606.ENSP00000331678
ADGRG7,9606.ENSP00000273352
TRPC4AP,9606.ENSP00000252015
CASD1,9606.ENSP00000297273
AFG3L2,9606.ENSP00000269143
PCDHB9,9606.ENSP00000478606
VPS35,9606.ENSP00000299138
NUGGC,9606.ENSP00000408697
DPP10,9606.ENSP00000376855
YY1AP1,9606.ENSP00000357323
REPS1,9606.ENSP00000392065
TLR6,9606.ENSP00000389600
CDH11,9606.ENSP00000268603
NTRK1,9606.ENSP00000431418
PCDHB3,9606.ENSP00000231130
LRRC8E,9606.ENSP00000479953
IRF2BPL,9606.ENSP00000238647
PLAA,9606.ENSP00000380460
PCDHB12,9606.ENSP00000239450
PCDHB4,9606.ENSP00000194152
SPG7,9606.ENSP00000495795
GPAT2,9606.ENSP00000389395
ALDH18A1,9606.ENSP00000360268
MARK1,9606.ENSP00000483424
TBC1D5,9606.ENSP00000402935
DHX15,9606.ENSP00000336741
CDK11B,9606.ENSP00000464036
PCDHB5,9606.ENSP00000231134
NAALADL2,9606.ENSP00000404705
FURIN,9606.ENSP00000483552
PCDHB6,9606.ENSP00000231136
STAT5A,9606.ENSP00000341208
UFL1,9606.ENSP00000358283
ZNF148,9606.ENSP00000353863
SEL1L,9606.ENSP00000337053
EVI5L,9606.ENSP00000445905
CDH12,9606.ENSP00000371689
PCDHB7,9606.ENSP00000231137
TRPC1,9606.ENSP00000419313
SOWAHB,9606.ENSP00000334879
UHRF1,9606.ENSP00000479617
DNAJC10,9606.ENSP00000264065
CALD1,9606.ENSP00000354826
PLEKHH3,9606.ENSP00000468678
SF3A1,9606.ENSP00000215793
KIF3C,9606.ENSP00000264712
CCDC175,9606.ENSP00000453940
R3HCC1L,9606.ENSP00000483494
HCFC2,9606.ENSP00000229330
KIFAP3,9606.ENSP00000354560
XRRA1,9606.ENSP00000339918
RRM1,9606.ENSP00000300738
MGAT5B,9606.ENSP00000391227
ZNF606,9606.ENSP00000343617
TENT4A,9606.ENSP00000488642
RINT1,9606.ENSP00000257700
MFSD6,9606.ENSP00000376141
IL17RC,9606.ENSP00000295981
H6PD,9606.ENSP00000473348
DGKG,9606.ENSP00000265022
ATRIP,9606.ENSP00000323099
SLC26A9,9606.ENSP00000356102
IQUB,9606.ENSP00000417769
FAM47A,9606.ENSP00000345029
JADE2,9606.ENSP00000282605
ADAM30,9606.ENSP00000358407
WDR24,9606.ENSP00000293883
TNFAIP3,9606.ENSP00000481570
PLEKHG6,9606.ENSP00000380185
SH3D19,9606.ENSP00000302913
CDH18,9606.ENSP00000371710
CDH6,9606.ENSP00000265071
PERM1,9606.ENSP00000414022
KIF9,9606.ENSP00000333942
NCBP1,9606.ENSP00000364289
TRPV3,9606.ENSP00000301365
PLCD3,9606.ENSP00000479636
ARNT,9606.ENSP00000351407
CDH9,9606.ENSP00000231021
LRFN2,9606.ENSP00000345985
TAX1BP1,9606.ENSP00000379612
CDHR4,9606.ENSP00000391409
MARK2,9606.ENSP00000385751
HID1,9606.ENSP00000413520
ITGB6,9606.ENSP00000283249
NASP,9606.ENSP00000255120
ITGB3,9606.ENSP00000452786
CDH10,9606.ENSP00000264463
MED15,9606.ENSP00000263205
PDXDC1,9606.ENSP00000379691
ADAM32,9606.ENSP00000369238
SMO,9606.ENSP00000249373
PCDHB15,9606.ENSP00000231173
STAT5B,9606.ENSP00000293328
KIAA1586,9606.ENSP00000359768
SUPV3L1,9606.ENSP00000352678
CCNF,9606.ENSP00000380256
TLR1,9606.ENSP00000354932
ARHGAP10,9606.ENSP00000336923
VWA5A,9606.ENSP00000407726
CASS4,9606.ENSP00000353462
ELN,9606.ENSP00000351807
SPATA20,9606.ENSP00000006658
SP1,9606.ENSP00000329357
PHTF2,9606.ENSP00000403042
PCSK7,9606.ENSP00000325917
USP1,9606.ENSP00000343526
SUN1,9606.ENSP00000384015
IFI16,9606.ENSP00000357113
SEMA3F,9606.ENSP00000002829
AP1G2,9606.ENSP00000312442
CDH7,9606.ENSP00000381058
BANK1,9606.ENSP00000320509
COG4,9606.ENSP00000315775
PFKP,9606.ENSP00000370517
RPTN,9606.ENSP00000317895
RBSN,9606.ENSP00000253699
SP4,9606.ENSP00000222584
E4F1,9606.ENSP00000301727
TLR2,9606.ENSP00000260010
CDH5,9606.ENSP00000497290
RNF43,9606.ENSP00000463069
BRINP2,9606.ENSP00000354481
CDK11A,9606.ENSP00000367900
SIK1,9606.ENSP00000270162
PNPT1,9606.ENSP00000400646
CCDC30,9606.ENSP00000339280
RIN1,9606.ENSP00000310406
FYB1,9606.ENSP00000493623
TRIM67,9606.ENSP00000355613
DDX21,9606.ENSP00000346120
CEP89,9606.ENSP00000306105
ANO9,9606.ENSP00000332788
CCHCR1,9606.ENSP00000379566
ZNF786,9606.ENSP00000417470
GSN,9606.ENSP00000362924
VAC14,9606.ENSP00000261776
VPS51,9606.ENSP00000279281
HHIPL1,9606.ENSP00000330601
ERCC3,9606.ENSP00000285398
PPP1R12C,9606.ENSP00000263433
DNAJC16,9606.ENSP00000365007
CPSF2,9606.ENSP00000298875
SEMA3G,9606.ENSP00000231721
PNPLA8,9606.ENSP00000257694
KAT14,9606.ENSP00000392318
SP3,9606.ENSP00000310301
DTHD1,9606.ENSP00000401597
PLA2G4B,9606.ENSP00000396045
SIX4,9606.ENSP00000216513
GCFC2,9606.ENSP00000318690
CTNNB1,9606.ENSP00000495360
MEFV,9606.ENSP00000219596
ZNF616,9606.ENSP00000471000
ZSCAN10,9606.ENSP00000458879
PPP1R21,9606.ENSP00000294952
L3MBTL3,9606.ENSP00000357118
PFKL,9606.ENSP00000269848
PFKM,9606.ENSP00000496597
TSC22D2,9606.ENSP00000354543
BAHD1,9606.ENSP00000396976
SLC26A4,9606.ENSP00000494017
CATSPER1,9606.ENSP00000309052
ASAH2,9606.ENSP00000378897
PTPN12,9606.ENSP00000248594
ACAD11,9606.ENSP00000264990
ACO2,9606.ENSP00000216254
CUL5,9606.ENSP00000376808
STRN,9606.ENSP00000263918
GFM2,9606.ENSP00000427004
DHX40,9606.ENSP00000251241
VEZT,9606.ENSP00000410083
SUPT20H,9606.ENSP00000417510
MMEL1,9606.ENSP00000367668
AMOTL2,9606.ENSP00000424765
PLEKHA4,9606.ENSP00000263265
ZW10,9606.ENSP00000200135
ZNF33B,9606.ENSP00000352444
ACAP2,9606.ENSP00000324287
JHY,9606.ENSP00000227349
ABLIM1,9606.ENSP00000277895
TROAP,9606.ENSP00000257909
BRSK1,9606.ENSP00000310649
KIRREL3,9606.ENSP00000435466
ZNF749,9606.ENSP00000333980
MAGED1,9606.ENSP00000364847
MTMR10,9606.ENSP00000402537
NR3C1,9606.ENSP00000231509
RGL2,9606.ENSP00000420211
ZFYVE1,9606.ENSP00000450742
BARD1,9606.ENSP00000260947
KLHDC7A,9606.ENSP00000383505
LRCH3,9606.ENSP00000399751
CTAGE8,9606.ENSP00000417289
HGS,9606.ENSP00000331201
CAGE1,9606.ENSP00000425493
CTAGE6,9606.ENSP00000474388
SEMA3D,9606.ENSP00000284136
IFT80,9606.ENSP00000312778
ARHGEF38,9606.ENSP00000416125
ARHGEF6,9606.ENSP00000250617
HECTD2,9606.ENSP00000401023
ANKEF1,9606.ENSP00000367644
RTN1,9606.ENSP00000267484
CUL1,9606.ENSP00000326804
GPRIN3,9606.ENSP00000476603
QRICH1,9606.ENSP00000378830
PCDHB16,9606.ENSP00000477314
ECEL1,9606.ENSP00000302051
DENND1B,9606.ENSP00000479816
CNNM4,9606.ENSP00000366275
KAZN,9606.ENSP00000365198
HPS6,9606.ENSP00000299238
DCBLD2,9606.ENSP00000321573
TBC1D12,9606.ENSP00000225235
GCC1,9606.ENSP00000318821
GLIS3,9606.ENSP00000371398
ADAM28,9606.ENSP00000265769
CHPF,9606.ENSP00000243776
SEMA3E,9606.ENSP00000496491
QARS1,9606.ENSP00000307567
LOXL2,9606.ENSP00000373783
REXO5,9606.ENSP00000261377
RFWD3,9606.ENSP00000354361
ARMH4,9606.ENSP00000267485
MAMLD1,9606.ENSP00000414517
HCN3,9606.ENSP00000357342
DACT2,9606.ENSP00000355760
YME1L1,9606.ENSP00000318480
TLE4,9606.ENSP00000365720
DCST2,9606.ENSP00000357409
DGCR8,9606.ENSP00000263209
CMIP,9606.ENSP00000446100
FAM149A,9606.ENSP00000227065
PASD1,9606.ENSP00000359382
CPT1A,9606.ENSP00000265641
PANK4,9606.ENSP00000498888
LONRF1,9606.ENSP00000381298
NFE2L1,9606.ENSP00000354855
CHPF2,9606.ENSP00000035307
ELOA,9606.ENSP00000395574
CPT1B,9606.ENSP00000379011
RPS6KA4,9606.ENSP00000333896
TLK2,9606.ENSP00000316512
TLE3,9606.ENSP00000452871
TTLL3,9606.ENSP00000392549
CDH19,9606.ENSP00000262150
SEMA3A,9606.ENSP00000265362
SLC7A14,9606.ENSP00000231706
PGAP6,9606.ENSP00000401338
PSD2,9606.ENSP00000274710
UTP14A,9606.ENSP00000377944
LRFN1,9606.ENSP00000248668
STAT3,9606.ENSP00000264657
SEMA4F,9606.ENSP00000350547
PATL1,9606.ENSP00000300146
TTC14,9606.ENSP00000296015
CMTR2,9606.ENSP00000337512
APP,9606.ENSP00000284981
DAB2,9606.ENSP00000313391
LRP3,9606.ENSP00000253193
ECE1,9606.ENSP00000364028
COG7,9606.ENSP00000305442
TLE1,9606.ENSP00000365682
ZNF585B,9606.ENSP00000433773
ADAM11,9606.ENSP00000200557
ITGB8,9606.ENSP00000222573
LRIF1,9606.ENSP00000358778
ITGB2,9606.ENSP00000380948
PDZD4,9606.ENSP00000377355
ZNF585A,9606.ENSP00000292841
SLC45A4,9606.ENSP00000428137
CUL3,9606.ENSP00000264414
AFAP1L1,9606.ENSP00000296721
RGL1,9606.ENSP00000303192
NSUN2,9606.ENSP00000264670
CFAP91,9606.ENSP00000273390
TBC1D16,9606.ENSP00000309794
AMPD3,9606.ENSP00000379802
GOLGA1,9606.ENSP00000362656
DZIP1L,9606.ENSP00000332148
SEC23B,9606.ENSP00000338844
FGD4,9606.ENSP00000433666
SIM1,9606.ENSP00000358210
ZER1,9606.ENSP00000291900
EMILIN3,9606.ENSP00000332806
BRAF,9606.ENSP00000419060
UTP14C,9606.ENSP00000428619
TLK1,9606.ENSP00000411099
BRINP3,9606.ENSP00000356432
DPP4,9606.ENSP00000353731
DCLK2,9606.ENSP00000303887
ABCB9,9606.ENSP00000440288
SEC23A,9606.ENSP00000306881
TOP1,9606.ENSP00000354522
SNRK,9606.ENSP00000296088
NOX5,9606.ENSP00000373518
ZDHHC8,9606.ENSP00000384716
ZBTB49,9606.ENSP00000338807
FHIP2A,9606.ENSP00000358251
TRPV6,9606.ENSP00000352358
LRCH2,9606.ENSP00000325091
ANKK1,9606.ENSP00000306678
SLC30A5,9606.ENSP00000379836
DDX27,9606.ENSP00000483495
SLC26A3,9606.ENSP00000345873
OSBPL10,9606.ENSP00000379804
FASTKD5,9606.ENSP00000369618
CFB,9606.ENSP00000416561
TRPV2,9606.ENSP00000342222
PIGR,9606.ENSP00000348888
UBTF,9606.ENSP00000302640
TSHR,9606.ENSP00000441235
FOXM1,9606.ENSP00000342307
HADHA,9606.ENSP00000370023
APLP2,9606.ENSP00000497691
AOC3,9606.ENSP00000312326
SATB1,9606.ENSP00000399518
PLPPR4,9606.ENSP00000359204
SOX5,9606.ENSP00000398273
DYRK1A,9606.ENSP00000340373
PHTF1,9606.ENSP00000358617
CHADL,9606.ENSP00000216241
PLCD4,9606.ENSP00000388631
PRKG2,9606.ENSP00000264399
CEP85,9606.ENSP00000252992
THAP12,9606.ENSP00000260045
SEMA4A,9606.ENSP00000357265
PLEKHM3,9606.ENSP00000417003
TATDN2,9606.ENSP00000287652
ZNF287,9606.ENSP00000379169
GIT1,9606.ENSP00000378338
ZNF711,9606.ENSP00000353922
BRINP1,9606.ENSP00000265922
TMC1,9606.ENSP00000494684
CLCN4,9606.ENSP00000370213
FAP,9606.ENSP00000188790
SEC63,9606.ENSP00000357998
PIGQ,9606.ENSP00000026218
DMTF1,9606.ENSP00000378193
ERCC2,9606.ENSP00000375809
TFRC,9606.ENSP00000376197
RBM28,9606.ENSP00000223073
LIMA1,9606.ENSP00000378400
ZYG11A,9606.ENSP00000360583
TRIM46,9606.ENSP00000334657
GIT2,9606.ENSP00000347464
CUL4A,9606.ENSP00000364589
SLC26A6,9606.ENSP00000378920
LONRF3,9606.ENSP00000360690
FIGN,9606.ENSP00000333836
DPY19L2,9606.ENSP00000315988
GGCX,9606.ENSP00000233838
RRP1B,9606.ENSP00000339145
MAPT,9606.ENSP00000340820
IMMT,9606.ENSP00000387262
DACH1,9606.ENSP00000482245
ASPH,9606.ENSP00000368767
CACTIN,9606.ENSP00000415078
APBB2,9606.ENSP00000427211
PIBF1,9606.ENSP00000317144
MINDY4,9606.ENSP00000265299
SMURF1,9606.ENSP00000354621
CD248,9606.ENSP00000308117
CEP68,9606.ENSP00000367229
COMP,9606.ENSP00000222271
LINS1,9606.ENSP00000318423
ASCC2,9606.ENSP00000380877
MFN2,9606.ENSP00000416338
TRMT44,9606.ENSP00000374387
KIRREL1,9606.ENSP00000352138
KCNC3,9606.ENSP00000434241
RXFP1,9606.ENSP00000405841
CCPG1,9606.ENSP00000403400
PLCD1,9606.ENSP00000430344
AOC2,9606.ENSP00000253799
MLH1,9606.ENSP00000231790
UTP25,9606.ENSP00000419005
RAB11FIP3,9606.ENSP00000262305
LARGE1,9606.ENSP00000347088
DNTTIP2,9606.ENSP00000411010
NUTM2F,9606.ENSP00000253262
CENPI,9606.ENSP00000362018
SH2B1,9606.ENSP00000321221
IKBKB,9606.ENSP00000430684
CPXM2,9606.ENSP00000241305
LOXL4,9606.ENSP00000260702
SPIRE1,9606.ENSP00000387266
SLC39A6,9606.ENSP00000269187
PCSK4,9606.ENSP00000300954
SENP5,9606.ENSP00000327197
TRIM56,9606.ENSP00000305161
ANAPC5,9606.ENSP00000261819
HTATSF1,9606.ENSP00000442699
VWA2,9606.ENSP00000376708
KLHL5,9606.ENSP00000423897
PPM1E,9606.ENSP00000312411
MTSS1,9606.ENSP00000322804
PWWP2A,9606.ENSP00000305151
ZKSCAN7,9606.ENSP00000273320
ADAM7,9606.ENSP00000175238
PIK3R6,9606.ENSP00000480157
LRRC36,9606.ENSP00000329943
PPIG,9606.ENSP00000260970
RXFP2,9606.ENSP00000298386
NBN,9606.ENSP00000265433
LONRF2,9606.ENSP00000377086
PTPDC1,9606.ENSP00000477817
CEL,9606.ENSP00000501111
CNOT3,9606.ENSP00000351159
PCSK1,9606.ENSP00000308024
ELOA2,9606.ENSP00000331302
SOX30,9606.ENSP00000265007
PPEF2,9606.ENSP00000286719
STRN4,9606.ENSP00000375777
MTF1,9606.ENSP00000362127
AFG2B,9606.ENSP00000305494
LOXL3,9606.ENSP00000264094
MARK3,9606.ENSP00000411397
CCDC157,9606.ENSP00000385357
ABCB7,9606.ENSP00000253577
TPCN2,9606.ENSP00000294309
C2,9606.ENSP00000299367
MARK4,9606.ENSP00000262891
DZANK1,9606.ENSP00000262547
ZNF425,9606.ENSP00000367300
FBXW10B,9606.ENSP00000379242
MYBL1,9606.ENSP00000429633
SEMA3C,9606.ENSP00000265361
AOC1,9606.ENSP00000411613
ZNF184,9606.ENSP00000211936
GFM1,9606.ENSP00000264263
ZNF337,9606.ENSP00000252979
ARHGAP9,9606.ENSP00000499232
OLFML2B,9606.ENSP00000356917
MMUT,9606.ENSP00000274813
CCDC142,9606.ENSP00000290418
POMT2,9606.ENSP00000261534
MME,9606.ENSP00000418525
FOLH1,9606.ENSP00000256999
STAT1,9606.ENSP00000354394
PHEX,9606.ENSP00000368682
MAP7,9606.ENSP00000482335
APBA2,9606.ENSP00000453293
FSD2,9606.ENSP00000335651
RFX3,9606.ENSP00000371434
NOC2L,9606.ENSP00000317992
SEMA3B,9606.ENSP00000480680
EFHC2,9606.ENSP00000404232
SGSM3,9606.ENSP00000248929
LIN54,9606.ENSP00000341947
PLA2G4A,9606.ENSP00000356436
SLC45A1,9606.ENSP00000418096
CHAT,9606.ENSP00000337103
SMURF2,9606.ENSP00000262435
HJURP,9606.ENSP00000414109
ADAM10,9606.ENSP00000260408
KLHL1,9606.ENSP00000367075
CARS1,9606.ENSP00000369897
ARHGAP24,9606.ENSP00000378611
STAT4,9606.ENSP00000351255
TAP1,9606.ENSP00000346206
JPH3,9606.ENSP00000284262
PKP1,9606.ENSP00000263946
AMPD1,9606.ENSP00000430075
POMT1,9606.ENSP00000361302
ZBTB47,9606.ENSP00000232974
WDR91,9606.ENSP00000346466
EZH1,9606.ENSP00000404658
TPX2,9606.ENSP00000300403
MTSS2,9606.ENSP00000341171
MTMR12,9606.ENSP00000371577
QSOX1,9606.ENSP00000356574
MED25,9606.ENSP00000326767
RAD54L,9606.ENSP00000361043
SIRT1,9606.ENSP00000212015
SUSD1,9606.ENSP00000363382
OSBPL11,9606.ENSP00000296220
FAM83C,9606.ENSP00000363529
KIF3B,9606.ENSP00000364864
HNRNPUL2,9606.ENSP00000301785
STIM2,9606.ENSP00000417569
EZH2,9606.ENSP00000320147
MEP1A,9606.ENSP00000230588
NIBAN2,9606.ENSP00000362409
EXOC3L1,9606.ENSP00000325674
BOP1,9606.ENSP00000455106
WDPCP,9606.ENSP00000272321
EXT1,9606.ENSP00000367446
JUP,9606.ENSP00000377508
RPS6KA6,9606.ENSP00000262752
CHUK,9606.ENSP00000359424
ZP2,9606.ENSP00000460971
CKAP2L,9606.ENSP00000305204
CTAGE1,9606.ENSP00000375220
EXOC3,9606.ENSP00000425587
MPO,9606.ENSP00000225275
FBXO30,9606.ENSP00000237281
CUL2,9606.ENSP00000414095
ABCD1,9606.ENSP00000218104
PAPOLA,9606.ENSP00000216277
ISLR2,9606.ENSP00000355402
TRIM3,9606.ENSP00000433102
SLC26A5,9606.ENSP00000304783
DAZ1,9606.ENSP00000384573
NSF,9606.ENSP00000381293
TRIM2,9606.ENSP00000339659
CNOT10,9606.ENSP00000399862
ZNF483,9606.ENSP00000311679
COL8A1,9606.ENSP00000261037
ZNF366,9606.ENSP00000313158
ZYG11B,9606.ENSP00000294353
NAGLU,9606.ENSP00000225927
TLE2,9606.ENSP00000466542
FHIP2B,9606.ENSP00000289921
THNSL1,9606.ENSP00000434887
DTNA,9606.ENSP00000470152
ENGASE,9606.ENSP00000462333
ZNF267,9606.ENSP00000300870
TBX3,9606.ENSP00000257566
POU2F1,9606.ENSP00000356840
DHX32,9606.ENSP00000284690
CD44,9606.ENSP00000398632
SLC4A1AP,9606.ENSP00000479964
ZMYND15,9606.ENSP00000269289
COLEC12,9606.ENSP00000383115
SCYL3,9606.ENSP00000356746
SV2A,9606.ENSP00000358142
ZNF700,9606.ENSP00000479449
ADARB1,9606.ENSP00000353920
NUTM2G,9606.ENSP00000361397
RNASEL,9606.ENSP00000356530
MAGED4,9606.ENSP00000421861
ZBTB20,9606.ENSP00000419153
MGAT5,9606.ENSP00000281923
NCAPH,9606.ENSP00000240423
TMTC4,9606.ENSP00000343871
NUP88,9606.ENSP00000458954
MFN1,9606.ENSP00000420617
POLI,9606.ENSP00000462664
DAXX,9606.ENSP00000266000
NAALAD2,9606.ENSP00000432481
DRC1,9606.ENSP00000288710
DTX3L,9606.ENSP00000296161
ACAP1,9606.ENSP00000158762
DCLK1,9606.ENSP00000353846
RASEF,9606.ENSP00000365630
LRRN4,9606.ENSP00000368135
NAALADL1,9606.ENSP00000351484
DDX1,9606.ENSP00000370745
FCHSD2,9606.ENSP00000386722
RPS6KA3,9606.ENSP00000368884
ABCD2,9606.ENSP00000310688
SLC26A2,9606.ENSP00000286298
CAPN11,9606.ENSP00000381758
LETM1,9606.ENSP00000305653
SIX5,9606.ENSP00000316842
ADAM18,9606.ENSP00000265707
GTSE1,9606.ENSP00000415430
IL17RD,9606.ENSP00000296318
GARS1,9606.ENSP00000373918
VCAM1,9606.ENSP00000294728
AP4B1,9606.ENSP00000358582
SUZ12,9606.ENSP00000316578
ADARB2,9606.ENSP00000370713
GRAMD1B,9606.ENSP00000402457
PLOD3,9606.ENSP00000223127
ZNF235,9606.ENSP00000291182
LARP4B,9606.ENSP00000326128
MELTF,9606.ENSP00000296350
ZNF84,9606.ENSP00000331465
COG2,9606.ENSP00000355629
PECAM1,9606.ENSP00000457421
ABCB10,9606.ENSP00000355637
PRKCE,9606.ENSP00000306124
PLOD2,9606.ENSP00000282903
DPP3,9606.ENSP00000440502
ZNF280C,9606.ENSP00000360017
DNER,9606.ENSP00000345229
PGGHG,9606.ENSP00000387185
GYS1,9606.ENSP00000317904
DDX50,9606.ENSP00000362687
ADD1,9606.ENSP00000264758
PROX1,9606.ENSP00000355925
HSD17B4,9606.ENSP00000411960
P3H3,9606.ENSP00000478600
ZC3H14,9606.ENSP00000251038
DNM1L,9606.ENSP00000449089
PAPOLG,9606.ENSP00000238714
BACH1,9606.ENSP00000382805
OSBPL9,9606.ENSP00000412733
GPHN,9606.ENSP00000417901
P3H1,9606.ENSP00000236040
DVL2,9606.ENSP00000005340
KRIT1,9606.ENSP00000378015
PDE4B,9606.ENSP00000342637
BRSK2,9606.ENSP00000371614
SLC6A16,9606.ENSP00000338627
TRAPPC12,9606.ENSP00000324318
DGKA,9606.ENSP00000377703
EXOC7,9606.ENSP00000334100
SYDE1,9606.ENSP00000341489
MKLN1,9606.ENSP00000323527
RPS6KA1,9606.ENSP00000435412
ADAM2,9606.ENSP00000265708
FBXL13,9606.ENSP00000321927
ABCB8,9606.ENSP00000297504
STON1,9606.ENSP00000384615
MID2,9606.ENSP00000262843
RFX4,9606.ENSP00000350552
MZF1,9606.ENSP00000215057
FCRL3,9606.ENSP00000357169
MCM5,9606.ENSP00000216122
LAS1L,9606.ENSP00000363944
CTNNAL1,9606.ENSP00000320434
FAM111B,9606.ENSP00000341565
CPXM1,9606.ENSP00000369979
CSNK2A2IP,9606.ENSP00000489704
TRMT1L,9606.ENSP00000356476
SATB2,9606.ENSP00000401112
HIC1,9606.ENSP00000314080
RPS6KA2,9606.ENSP00000422435
FNDC7,9606.ENSP00000359034
EPB41L5,9606.ENSP00000263713
FOXK1,9606.ENSP00000328720
LSS,9606.ENSP00000380837
RNF19B,9606.ENSP00000362555
GUCY1A2,9606.ENSP00000282249
TYW1,9606.ENSP00000352645
XRCC5,9606.ENSP00000375978
MAP7D2,9606.ENSP00000368964
F13A1,9606.ENSP00000264870
APEH,9606.ENSP00000296456
HSP90AA1,9606.ENSP00000335153
NPHP1,9606.ENSP00000313169
KEL,9606.ENSP00000347409
IL31RA,9606.ENSP00000498630
COP1,9606.ENSP00000356641
GNL2,9606.ENSP00000362153
CRACR2A,9606.ENSP00000409382
GOLGA5,9606.ENSP00000163416
KCNN3,9606.ENSP00000481848
GPR149,9606.ENSP00000374390
ZNF615,9606.ENSP00000471041
PBXIP1,9606.ENSP00000357448
TAGAP,9606.ENSP00000356033
SYTL5,9606.ENSP00000395220
CCNT2,9606.ENSP00000264157
SLC6A15,9606.ENSP00000266682
HNRNPM,9606.ENSP00000325376
DTL,9606.ENSP00000355958
RAP1GAP2,9606.ENSP00000254695
AFAP1,9606.ENSP00000410689
NCDN,9606.ENSP00000362340
CPEB4,9606.ENSP00000265085
TRDN,9606.ENSP00000333984
BAP1,9606.ENSP00000417132
SH3RF2,9606.ENSP00000424497
DDX17,9606.ENSP00000380033
ZNF778,9606.ENSP00000405289
RABL6,9606.ENSP00000360727
TBK1,9606.ENSP00000329967
SLC15A2,9606.ENSP00000417085
ARHGAP28,9606.ENSP00000392660
RANBP9,9606.ENSP00000011619
TRPV5,9606.ENSP00000265310
TRIM36,9606.ENSP00000282369
PIK3R2,9606.ENSP00000222254
HGF,9606.ENSP00000222390
FYB2,9606.ENSP00000345972
PCCA,9606.ENSP00000365462
LRCH1,9606.ENSP00000374447
LNX1,9606.ENSP00000263925
SKI,9606.ENSP00000367797
HOOK1,9606.ENSP00000360252
PLOD1,9606.ENSP00000196061
RHOBTB2,9606.ENSP00000427926
ELMO1,9606.ENSP00000312185
ZFAND4,9606.ENSP00000339484
NDUFS1,9606.ENSP00000392709
PREPL,9606.ENSP00000386543
SV2C,9606.ENSP00000423541
YTHDC1,9606.ENSP00000463982
ESRP2,9606.ENSP00000418748
MTIF2,9606.ENSP00000263629
SLC6A17,9606.ENSP00000330199
LDB3,9606.ENSP00000401437
ANKRD6,9606.ENSP00000345767
GPD2,9606.ENSP00000308610
TERB1,9606.ENSP00000463762
CTCF,9606.ENSP00000494538
CCNT1,9606.ENSP00000261900
OBI1,9606.ENSP00000282003
TMC8,9606.ENSP00000325561
HLCS,9606.ENSP00000382071
ADD2,9606.ENSP00000264436
ANKZF1,9606.ENSP00000321617
NHLRC2,9606.ENSP00000358307
ADAM20,9606.ENSP00000498512
BRD3,9606.ENSP00000305918
MCCC1,9606.ENSP00000265594
NAA35,9606.ENSP00000354972
CARF,9606.ENSP00000414644
EXOC8,9606.ENSP00000355605
RNPEPL1,9606.ENSP00000270357
KIF2C,9606.ENSP00000361298
FGD3,9606.ENSP00000336914
CNST,9606.ENSP00000355470
DNAAF1,9606.ENSP00000367815
SLC9A7,9606.ENSP00000480916
EEF2K,9606.ENSP00000263026
GOLGA6L6,9606.ENSP00000480376
LARP4,9606.ENSP00000415464
DDX4,9606.ENSP00000424838
SARM1,9606.ENSP00000468032
PIK3R1,9606.ENSP00000428056
HSP90AB1,9606.ENSP00000360609
ACSBG1,9606.ENSP00000258873
HHIPL2,9606.ENSP00000342118
GRAMD1A,9606.ENSP00000441032
SLCO4C1,9606.ENSP00000309741
HMMR,9606.ENSP00000377492
DLG4,9606.ENSP00000497806
RFX2,9606.ENSP00000306335
EHHADH,9606.ENSP00000231887
EPS8L1,9606.ENSP00000201647
LRSAM1,9606.ENSP00000322937
TRIM42,9606.ENSP00000286349
DLL1,9606.ENSP00000355718
DPY19L4,9606.ENSP00000389630
VPS52,9606.ENSP00000409952
GGA3,9606.ENSP00000438085
ZNF750,9606.ENSP00000269394
TARS1,9606.ENSP00000387710
BBS10,9606.ENSP00000497413
AK7,9606.ENSP00000267584
TMC7,9606.ENSP00000455041
ZNF219,9606.ENSP00000354206
SLCO4A1,9606.ENSP00000217159
GNE,9606.ENSP00000379839
ADAM21,9606.ENSP00000474385
ATXN7L2,9606.ENSP00000358886
EXOC3L4,9606.ENSP00000369409
ZNF600,9606.ENSP00000344791
NCKIPSD,9606.ENSP00000294129
LRRFIP2,9606.ENSP00000338727
LARGE2,9606.ENSP00000385235
EIF2B5,9606.ENSP00000497160
MAPK6,9606.ENSP00000261845
BBS2,9606.ENSP00000245157
WDCP,9606.ENSP00000295148
PAMR1,9606.ENSP00000482899
NRG3,9606.ENSP00000361214
TGM5,9606.ENSP00000220420
CNKSR1,9606.ENSP00000363371
ACSL3,9606.ENSP00000350012
ELMO3,9606.ENSP00000498602
ELMO2,9606.ENSP00000290246
ZNF408,9606.ENSP00000309606
CAPN12,9606.ENSP00000331636
MROH6,9606.ENSP00000381857
OAS2,9606.ENSP00000342278
UIMC1,9606.ENSP00000421926
SETDB2,9606.ENSP00000346175
HOOK2,9606.ENSP00000380785
SLCO6A1,9606.ENSP00000421339
MCM7,9606.ENSP00000307288
PAK5,9606.ENSP00000367686
LRFN5,9606.ENSP00000298119
NOL11,9606.ENSP00000253247
SLC44A5,9606.ENSP00000359892
NFKBIZ,9606.ENSP00000325663
ZNF888,9606.ENSP00000491567
SAMD4A,9606.ENSP00000452535
SLC5A3,9606.ENSP00000370543
ZNF28,9606.ENSP00000397693
EXT2,9606.ENSP00000379032
SANBR,9606.ENSP00000385579
NSUN7,9606.ENSP00000371201
HOOK3,9606.ENSP00000305699
MAD1L1,9606.ENSP00000385334
TARS2,9606.ENSP00000358060
FBXL18,9606.ENSP00000371805
KLHL4,9606.ENSP00000362206
PLPPR3,9606.ENSP00000352962
MTO1,9606.ENSP00000402038
ARNT2,9606.ENSP00000307479
RSPH6A,9606.ENSP00000221538
CSTF3,9606.ENSP00000315791
DQX1,9606.ENSP00000384621
ZNF470,9606.ENSP00000333223
PNN,9606.ENSP00000216832
SUN2,9606.ENSP00000385616
FBXO42,9606.ENSP00000364742
COL13A1,9606.ENSP00000381949
MPEG1,9606.ENSP00000354335
DNAI7,9606.ENSP00000379310
DVL3,9606.ENSP00000316054
DPY19L3,9606.ENSP00000344937
LRRN1,9606.ENSP00000314901
RSPH4A,9606.ENSP00000229554
KIAA1958,9606.ENSP00000440504
IKBKE,9606.ENSP00000464030
FLYWCH1,9606.ENSP00000253928
SRRM5,9606.ENSP00000476253
CCDC13,9606.ENSP00000309836
CCDC170,9606.ENSP00000239374
TNS4,9606.ENSP00000254051
SEC14L1,9606.ENSP00000376268
FOXP2,9606.ENSP00000386200
SCIN,9606.ENSP00000297029
EPX,9606.ENSP00000225371
BBS7,9606.ENSP00000264499
DCBLD1,9606.ENSP00000296955
MX2,9606.ENSP00000333657
ZNF544,9606.ENSP00000269829
MTA1,9606.ENSP00000333633
EPS8L2,9606.ENSP00000435585
ZDHHC5,9606.ENSP00000287169
CAPN1,9606.ENSP00000431984
SLC12A8,9606.ENSP00000377112
TEX13D,9606.ENSP00000488696
RBAK,9606.ENSP00000380120
AGGF1,9606.ENSP00000316109
FRMD7,9606.ENSP00000298542
MYORG,9606.ENSP00000297625
MDM1,9606.ENSP00000302537
HUNK,9606.ENSP00000270112
SPIRE2,9606.ENSP00000367494
LRRN2,9606.ENSP00000356143
CDH13,9606.ENSP00000268613
POLH,9606.ENSP00000361310
MIPEP,9606.ENSP00000371607
LRRC4B,9606.ENSP00000498662
ZBTB1,9606.ENSP00000451000
SDCCAG8,9606.ENSP00000355499
PPP1R15B,9606.ENSP00000356156
LRP10,9606.ENSP00000352601
BTBD18,9606.ENSP00000394472
TBX2,9606.ENSP00000240328
PDE4C,9606.ENSP00000347689
TICAM1,9606.ENSP00000248244
IRAK1,9606.ENSP00000358997
TMC4,9606.ENSP00000477627
LPO,9606.ENSP00000262290
USP44,9606.ENSP00000258499
SLCO1C1,9606.ENSP00000444149
ZBTB39,9606.ENSP00000300101
TAB3,9606.ENSP00000368215
ZNF175,9606.ENSP00000262259
TPRN,9606.ENSP00000387100
DDN,9606.ENSP00000390590
BCLAF3,9606.ENSP00000369009
GZF1,9606.ENSP00000338290
KHSRP,9606.ENSP00000381216
DDHD2,9606.ENSP00000380352
FBXO34,9606.ENSP00000313159
USP51,9606.ENSP00000423333
MST1,9606.ENSP00000414287
ALOXE3,9606.ENSP00000314879
ORC3,9606.ENSP00000257789
MAPK8IP1,9606.ENSP00000241014
ACSL4,9606.ENSP00000339787
RGL3,9606.ENSP00000377075
TGM7,9606.ENSP00000389466
NCL,9606.ENSP00000318195
BBS12,9606.ENSP00000438273
TRIM9,9606.ENSP00000298355
LTF,9606.ENSP00000231751
TTLL11,9606.ENSP00000321346
PWWP3A,9606.ENSP00000498656
INTS10,9606.ENSP00000381064
SLCO3A1,9606.ENSP00000320634
FASTKD2,9606.ENSP00000385990
NGEF,9606.ENSP00000264051
RTF1,9606.ENSP00000374280
APBB1,9606.ENSP00000477213
SLC44A4,9606.ENSP00000229729
PREP,9606.ENSP00000499089
MUC20,9606.ENSP00000414350
ARHGEF16,9606.ENSP00000367629
ABCF3,9606.ENSP00000411471
FBXO40,9606.ENSP00000337510
APPL1,9606.ENSP00000288266
SSRP1,9606.ENSP00000278412
NCSTN,9606.ENSP00000294785
SLCO2B1,9606.ENSP00000289575
UVSSA,9606.ENSP00000425130
TMCC2,9606.ENSP00000350718
CAPRIN1,9606.ENSP00000340329
MTMR11,9606.ENSP00000391668
PDE1C,9606.ENSP00000379496
RUFY1,9606.ENSP00000325594
KIRREL2,9606.ENSP00000353331
PEG10,9606.ENSP00000418944
FBXO43,9606.ENSP00000403293
NEK5,9606.ENSP00000347767
CAST,9606.ENSP00000422176
ADGRF2P,9606.ENSP00000296862
KLHL11,9606.ENSP00000314608
SLC15A1,9606.ENSP00000365686
RNF169,9606.ENSP00000299563
PJA2,9606.ENSP00000354775
ZRANB1,9606.ENSP00000352676
MRE11,9606.ENSP00000325863
POLR3E,9606.ENSP00000299853
LRRN3,9606.ENSP00000397312
P3H2,9606.ENSP00000316881
HPS4,9606.ENSP00000381213
EXOC5,9606.ENSP00000484855
ZNF224,9606.ENSP00000337368
TMEM260,9606.ENSP00000261556
SFPQ,9606.ENSP00000349748
CLPB,9606.ENSP00000294053
LMF2,9606.ENSP00000424381
DHX33,9606.ENSP00000225296
MMP9,9606.ENSP00000361405
ZCCHC8,9606.ENSP00000438993
SHKBP1,9606.ENSP00000291842
CNNM3,9606.ENSP00000305449
PRDM13,9606.ENSP00000358217
FBXW7,9606.ENSP00000474725
CCDC177,9606.ENSP00000469474
BCL6,9606.ENSP00000384371
PRKCQ,9606.ENSP00000263125
DCST1,9606.ENSP00000295542
ZNF132,9606.ENSP00000254166
ZNF225,9606.ENSP00000262894
ADD3,9606.ENSP00000348381
INTS13,9606.ENSP00000261191
C2CD2L,9606.ENSP00000338885
FZD6,9606.ENSP00000351605
SLC44A2,9606.ENSP00000466664
SLC6A9,9606.ENSP00000353791
NADSYN1,9606.ENSP00000326424
TGM6,9606.ENSP00000202625
KIF2A,9606.ENSP00000385000
G2E3,9606.ENSP00000206595
STT3A,9606.ENSP00000376472
C1R,9606.ENSP00000444271
ZNF611,9606.ENSP00000437616
CLIP4,9606.ENSP00000327009
SYN1,9606.ENSP00000295987
TTC12,9606.ENSP00000419652
L3MBTL2,9606.ENSP00000216237
CBARP,9606.ENSP00000465260
NLN,9606.ENSP00000370372
CLIC6,9606.ENSP00000353959
TRAP1,9606.ENSP00000246957
MARCHF7,9606.ENSP00000386830
PCIF1,9606.ENSP00000361486
MTMR8,9606.ENSP00000363985
CAPN8,9606.ENSP00000355837
CEP63,9606.ENSP00000336524
CASC3,9606.ENSP00000264645
KRI1,9606.ENSP00000498803
DHX35,9606.ENSP00000252011
GYS2,9606.ENSP00000261195
COL8A2,9606.ENSP00000380901
ATG7,9606.ENSP00000346437
FBLN1,9606.ENSP00000331544
USHBP1,9606.ENSP00000252597
ATF6B,9606.ENSP00000364349
RNF214,9606.ENSP00000300650
CEACAM5,9606.ENSP00000221992
GBE1,9606.ENSP00000410833
PHACTR4,9606.ENSP00000362942
MSLNL,9606.ENSP00000441381
SLCO1B3,9606.ENSP00000261196
VRTN,9606.ENSP00000256362
DNAJC14,9606.ENSP00000350223
NOL9,9606.ENSP00000366934
CEP83,9606.ENSP00000380911
MEP1B,9606.ENSP00000269202
SH3BP1,9606.ENSP00000497104
SLC9A6,9606.ENSP00000359729
ALOX12B,9606.ENSP00000497784
ACSS2,9606.ENSP00000253382
SLC26A1,9606.ENSP00000354721
PARP12,9606.ENSP00000263549
PUS7L,9606.ENSP00000343081
FBXL17,9606.ENSP00000437464
SCML2,9606.ENSP00000251900
HPS1,9606.ENSP00000326649
CAPN2,9606.ENSP00000295006
ACOX3,9606.ENSP00000348775
ZNF234,9606.ENSP00000400878
HHIP,9606.ENSP00000296575
PTPRE,9606.ENSP00000254667
MYBL2,9606.ENSP00000217026
PTCD1,9606.ENSP00000292478
ECM2,9606.ENSP00000344758
MAN1B1,9606.ENSP00000360645
KIF3A,9606.ENSP00000385808
GFPT1,9606.ENSP00000349860
LHCGR,9606.ENSP00000294954
HRC,9606.ENSP00000252825
NOLC1,9606.ENSP00000385410
TBC1D23,9606.ENSP00000377700
METTL13,9606.ENSP00000354920
ZNF782,9606.ENSP00000419397
DNAI1,9606.ENSP00000480538
UVRAG,9606.ENSP00000348455
CWH43,9606.ENSP00000226432
C10orf90,9606.ENSP00000284694
GLE1,9606.ENSP00000308622
ACSL1,9606.ENSP00000422607
ARHGAP22,9606.ENSP00000412461
TF,9606.ENSP00000385834
CPEB3,9606.ENSP00000265997
NOA1,9606.ENSP00000264230
SIGLEC11,9606.ENSP00000412361
MTRR,9606.ENSP00000402510
QSOX2,9606.ENSP00000351536
TSGA10,9606.ENSP00000377123
NIBAN3,9606.ENSP00000335040
AHRR,9606.ENSP00000323816
ZSCAN32,9606.ENSP00000380061
TMEM168,9606.ENSP00000323068
ZNF12,9606.ENSP00000385939
ZBTB24,9606.ENSP00000230122
SIGLEC10,9606.ENSP00000345243
GGNBP2,9606.ENSP00000478220
TCTN2,9606.ENSP00000304941
LCA5,9606.ENSP00000376686
ACSL6,9606.ENSP00000498260
PRKCG,9606.ENSP00000263431
IL1RAPL1,9606.ENSP00000368278
RHOBTB1,9606.ENSP00000338671
SESTD1,9606.ENSP00000415332
JPH2,9606.ENSP00000362071
PWWP3B,9606.ENSP00000338641
SLITRK1,9606.ENSP00000366288
GOLIM4,9606.ENSP00000417354
ZSWIM3,9606.ENSP00000255152
C2CD2,9606.ENSP00000369853
XPR1,9606.ENSP00000356562
ZNF607,9606.ENSP00000347338
ERICH6B,9606.ENSP00000298738
SEC14L5,9606.ENSP00000251170
SATL1,9606.ENSP00000425421
AKAP17A,9606.ENSP00000324827
AMPH,9606.ENSP00000348602
NUFIP2,9606.ENSP00000225388
IQCE,9606.ENSP00000480715
DVL1,9606.ENSP00000368166
FSHR,9606.ENSP00000384708
LMBRD2,9606.ENSP00000296603
KCNQ4,9606.ENSP00000262916
ADGRF4,9606.ENSP00000283303
ZBED1,9606.ENSP00000370621
NFE2L3,9606.ENSP00000056233
FBXL19,9606.ENSP00000369666
RPH3A,9606.ENSP00000374036
SAMD4B,9606.ENSP00000317224
TMPO,9606.ENSP00000266732
GAS2L3,9606.ENSP00000448955
PADI6,9606.ENSP00000483125
KIAA0408,9606.ENSP00000435150
CNGA3,9606.ENSP00000272602
FZD8,9606.ENSP00000363826
GAB1,9606.ENSP00000262995
GOLGA6A,9606.ENSP00000290438
CRTC2,9606.ENSP00000357622
ADGRG1,9606.ENSP00000455215
TAB2,9606.ENSP00000356426
ZBED5,9606.ENSP00000398106
ZNF441,9606.ENSP00000350576
GOLGA6B,9606.ENSP00000408132
GOLGA6D,9606.ENSP00000391085
GOLGA6C,9606.ENSP00000300576
TBC1D14,9606.ENSP00000386921
TGM3,9606.ENSP00000370867
GMPS,9606.ENSP00000419851
TSPYL2,9606.ENSP00000364591
DCLRE1C,9606.ENSP00000367527
NRROS,9606.ENSP00000328625
AKAP8,9606.ENSP00000269701
PRMT7,9606.ENSP00000343103
NEK8,9606.ENSP00000268766
ZNF180,9606.ENSP00000221327
PCSK9,9606.ENSP00000303208
CALCOCO1,9606.ENSP00000449960
PLEKHG7,9606.ENSP00000492692
TBC1D15,9606.ENSP00000448182
PPP1R37,9606.ENSP00000221462
FBXL5,9606.ENSP00000344866
SLC28A3,9606.ENSP00000365413
SLCO1B1,9606.ENSP00000256958
POU6F2,9606.ENSP00000384004
NOBOX,9606.ENSP00000419457
ERI2,9606.ENSP00000350651
GCNA,9606.ENSP00000362799
ZNF770,9606.ENSP00000348673
SLC39A12,9606.ENSP00000366586
TRAF3IP1,9606.ENSP00000362424
EPB42,9606.ENSP00000497777
RAVER2,9606.ENSP00000360112
NKRF,9606.ENSP00000442308
GUCY1A1,9606.ENSP00000296518
ADGRL4,9606.ENSP00000359778
SLC27A5,9606.ENSP00000263093
SLC34A2,9606.ENSP00000371483
RASGRP3,9606.ENSP00000385886
CAPN9,9606.ENSP00000271971
FCHSD1,9606.ENSP00000399259
ARHGEF4,9606.ENSP00000316845
LNX2,9606.ENSP00000325929
HDX,9606.ENSP00000362272
ATXN1L,9606.ENSP00000415822
MEPCE,9606.ENSP00000308546
ZNF185,9606.ENSP00000440847
PTCD3,9606.ENSP00000254630
GRK2,9606.ENSP00000312262
ARMH3,9606.ENSP00000359050
ACSS1,9606.ENSP00000316924
COL9A2,9606.ENSP00000361834
CFAP20DC,9606.ENSP00000295966
TMEM214,9606.ENSP00000238788
PRDM8,9606.ENSP00000339764
SP110,9606.ENSP00000258381
THOP1,9606.ENSP00000304467
CEP78,9606.ENSP00000365782
NOL10,9606.ENSP00000371101
SEL1L2,9606.ENSP00000367312
TBC1D25,9606.ENSP00000365962
SRPK2,9606.ENSP00000377262
SCEL,9606.ENSP00000302579
ZBTB48,9606.ENSP00000366902
USP49,9606.ENSP00000377797
GRK3,9606.ENSP00000317578
SCLT1,9606.ENSP00000281142
ZNF420,9606.ENSP00000338770
C1S,9606.ENSP00000385035
CLCNKB,9606.ENSP00000364831
CLCNKA,9606.ENSP00000332771
PATZ1,9606.ENSP00000266269
SDAD1,9606.ENSP00000348596
TGM2,9606.ENSP00000355330
EPB41L4A,9606.ENSP00000482810
RHPN2,9606.ENSP00000254260
EOMES,9606.ENSP00000388620
ZNF569,9606.ENSP00000325018
XKR5,9606.ENSP00000483879
LCMT2,9606.ENSP00000307214
ZNF7,9606.ENSP00000393260
HSPA12B,9606.ENSP00000254963
MAMDC2,9606.ENSP00000366387
AGAP5,9606.ENSP00000363207
WDR93,9606.ENSP00000268130
SLC22A23,9606.ENSP00000385028
MASP2,9606.ENSP00000383690
ACSS3,9606.ENSP00000449535
IL1RAPL2,9606.ENSP00000361663
TAP2,9606.ENSP00000364032
CNGA1,9606.ENSP00000384264
UTP4,9606.ENSP00000327179
LRRC49,9606.ENSP00000453273
UBC,9606.ENSP00000441543
C18orf63,9606.ENSP00000464330
RNF6,9606.ENSP00000371000
DLL4,9606.ENSP00000249749
SPTY2D1,9606.ENSP00000337991
SLC3A1,9606.ENSP00000260649
STIM1,9606.ENSP00000478059
RNF103,9606.ENSP00000237455
PLK2,9606.ENSP00000274289
GALC,9606.ENSP00000261304
BMPER,9606.ENSP00000497748
CAPN14,9606.ENSP00000385247
FOXRED2,9606.ENSP00000380401
SCFD2,9606.ENSP00000384182
SKIL,9606.ENSP00000415243
COL9A3,9606.ENSP00000496793
CCDC62,9606.ENSP00000253079
HBS1L,9606.ENSP00000356811
SPPL2C,9606.ENSP00000332488
CPSF3,9606.ENSP00000238112
TGM4,9606.ENSP00000296125
KBTBD7,9606.ENSP00000368797
TWNK,9606.ENSP00000309595
SETMAR,9606.ENSP00000373354
GPSM2,9606.ENSP00000385510
TXLNB,9606.ENSP00000351206
CKAP2,9606.ENSP00000367276
ABLIM3,9606.ENSP00000425394
SLC27A3,9606.ENSP00000271857
ZNF263,9606.ENSP00000219069
DIXDC1,9606.ENSP00000394352
PRKCH,9606.ENSP00000329127
PRPF3,9606.ENSP00000315379
ACSL5,9606.ENSP00000348429
TGFBI,9606.ENSP00000416330
SV2B,9606.ENSP00000377779
ZNF510,9606.ENSP00000364379
THOC5,9606.ENSP00000420306
LRCH4,9606.ENSP00000309689
ITPKC,9606.ENSP00000263370
ATF7IP2,9606.ENSP00000379808
TCF12,9606.ENSP00000388940
TTC39B,9606.ENSP00000422496
ZNF45,9606.ENSP00000269973
TBR1,9606.ENSP00000374205
GFPT2,9606.ENSP00000253778
ZNF16,9606.ENSP00000276816
SLC5A9,9606.ENSP00000236495
MPHOSPH10,9606.ENSP00000244230
ACOX2,9606.ENSP00000307697
MCMDC2,9606.ENSP00000413632
GAS2L1,9606.ENSP00000481012
ESRP1,9606.ENSP00000405738
SAMD11,9606.ENSP00000342313
RAD17,9606.ENSP00000426191
PAK6,9606.ENSP00000453858
PHF21A,9606.ENSP00000398824
HEATR3,9606.ENSP00000299192
UNKL,9606.ENSP00000301712
GNPAT,9606.ENSP00000355607
TP63,9606.ENSP00000264731
STKLD1,9606.ENSP00000361025
ZNF334,9606.ENSP00000473194
FERMT2,9606.ENSP00000342858
FOXP4,9606.ENSP00000362151
ANOS1,9606.ENSP00000262648
COL10A1,9606.ENSP00000327368
MISP,9606.ENSP00000215582
FAM178B,9606.ENSP00000429896
ASTE1,9606.ENSP00000426421
SLC20A1,9606.ENSP00000272542
MS4A14,9606.ENSP00000433761
LRIT3,9606.ENSP00000469759
RNF157,9606.ENSP00000269391
ZNF283,9606.ENSP00000484852
HSPA9,9606.ENSP00000297185
DHX58,9606.ENSP00000251642
VIT,9606.ENSP00000368544
KHNYN,9606.ENSP00000450799
ZFTA,9606.ENSP00000482180
ABCG1,9606.ENSP00000354995
ERMARD,9606.ENSP00000355735
GAS6,9606.ENSP00000331831
PARP15,9606.ENSP00000417214
ZNF665,9606.ENSP00000379702
SLC25A12,9606.ENSP00000388658
OVGP1,9606.ENSP00000358747
PANX2,9606.ENSP00000379183
BARGIN,9606.ENSP00000401076
SLC9D1,9606.ENSP00000389399
WDTC1,9606.ENSP00000317971
POR,9606.ENSP00000419970
TAF6,9606.ENSP00000399982
WDR48,9606.ENSP00000307491
FERMT1,9606.ENSP00000217289
WDR43,9606.ENSP00000384302
ZBTB5,9606.ENSP00000307604
FOXP1,9606.ENSP00000497585
BRF1,9606.ENSP00000448387
OGFR,9606.ENSP00000290291
GLB1,9606.ENSP00000306920
CHGB,9606.ENSP00000368244
ALOX15B,9606.ENSP00000369530
EXTL1,9606.ENSP00000363398
UROC1,9606.ENSP00000373073
ZNF418,9606.ENSP00000407039
IFT81,9606.ENSP00000242591
PRKCD,9606.ENSP00000331602
KCNQ1,9606.ENSP00000155840
LIMD1,9606.ENSP00000273317
TCF25,9606.ENSP00000263346
GAB2,9606.ENSP00000354952
PROS1,9606.ENSP00000377783
NEXN,9606.ENSP00000333938
SLC5A11,9606.ENSP00000289932
DPY19L1,9606.ENSP00000308695
PALS1,9606.ENSP00000261681
GPSM1,9606.ENSP00000392828
HSPA12A,9606.ENSP00000489674
ARHGEF37,9606.ENSP00000328083
ARHGAP40,9606.ENSP00000362442
SLC25A13,9606.ENSP00000400101
BMX,9606.ENSP00000350224
DBF4,9606.ENSP00000265728
ZNF429,9606.ENSP00000351280
PPP1R15A,9606.ENSP00000200453
ALOX5,9606.ENSP00000363512
RGS9,9606.ENSP00000262406
FLRT1,9606.ENSP00000246841
XPNPEP2,9606.ENSP00000360147
CLASRP,9606.ENSP00000221455
DMWD,9606.ENSP00000270223
ZNF534,9606.ENSP00000327538
NDC1,9606.ENSP00000360483
KBTBD6,9606.ENSP00000368799
FIGNL1,9606.ENSP00000410811
SAMD15,9606.ENSP00000216471
ABCG8,9606.ENSP00000272286
VASN,9606.ENSP00000306864
ARMC8,9606.ENSP00000419413
FXR2,9606.ENSP00000250113
LZTS3,9606.ENSP00000353496
ZNF433,9606.ENSP00000339767
ANXA6,9606.ENSP00000346550
FOXO3,9606.ENSP00000339527
ZBTB16,9606.ENSP00000338157
PALM3,9606.ENSP00000344996
KIZ,9606.ENSP00000479542
KIFC1,9606.ENSP00000393963
RASGRP4,9606.ENSP00000479844
KIF2B,9606.ENSP00000268919
TTLL10,9606.ENSP00000368592
GPCPD1,9606.ENSP00000368305
CAPN10,9606.ENSP00000375844
AACS,9606.ENSP00000324842
SLC5A2,9606.ENSP00000327943
PRKCA,9606.ENSP00000408695
ZBTB33,9606.ENSP00000450969
ODAD4,9606.ENSP00000478589
SHCBP1,9606.ENSP00000306473
STRBP,9606.ENSP00000321347
DAGLB,9606.ENSP00000297056
HDGFL2,9606.ENSP00000483345
SYTL4,9606.ENSP00000362080
RIPK1,9606.ENSP00000259808
AMER2,9606.ENSP00000426528
HAP1,9606.ENSP00000334002
ZNF443,9606.ENSP00000301547
ZNF282,9606.ENSP00000477841
SRP72,9606.ENSP00000495128
ZNF251,9606.ENSP00000292562
PRKG1,9606.ENSP00000363092
SORBS3,9606.ENSP00000240123
PRKCB,9606.ENSP00000496129
PRAM1,9606.ENSP00000408342
ODAD1,9606.ENSP00000318429
ANGEL1,9606.ENSP00000251089
ZNF526,9606.ENSP00000301215
TRAF7,9606.ENSP00000318944
LRRC45,9606.ENSP00000306760
ZNF551,9606.ENSP00000282296
NBPF15,9606.ENSP00000462600
ATF6,9606.ENSP00000356919
RHPN1,9606.ENSP00000289013
LCA5L,9606.ENSP00000351008
ZNF233,9606.ENSP00000375820
DDX18,9606.ENSP00000263239
FAM169A,9606.ENSP00000373808
SLCO1A2,9606.ENSP00000305974
CAPN13,9606.ENSP00000295055
HIF3A,9606.ENSP00000366898
GTPBP1,9606.ENSP00000216044
DYM,9606.ENSP00000269445
PRPF39,9606.ENSP00000348010
HDAC10,9606.ENSP00000216271
FEM1A,9606.ENSP00000269856
CLPTM1,9606.ENSP00000336994
ZMYM5,9606.ENSP00000372361
MMP15,9606.ENSP00000219271
LZTS2,9606.ENSP00000359240
SCNN1A,9606.ENSP00000353292
SELENOO,9606.ENSP00000370288
TSPEAR,9606.ENSP00000321987
GLS,9606.ENSP00000317379
RBM14,9606.ENSP00000311747
GUF1,9606.ENSP00000281543
GOLGA6L1,9606.ENSP00000478478
TYW1B,9606.ENSP00000482502
MTA2,9606.ENSP00000278823
BRME1,9606.ENSP00000254336
PIP5K1C,9606.ENSP00000466363
BEST3,9606.ENSP00000332413
ENTREP3,9606.ENSP00000354958
CD6,9606.ENSP00000323280
IL17RE,9606.ENSP00000373325
TUBGCP4,9606.ENSP00000260383
SIM2,9606.ENSP00000290399
TCF4,9606.ENSP00000381382
FERMT3,9606.ENSP00000279227
OS9,9606.ENSP00000318165
CCDC154,9606.ENSP00000373828
MID1,9606.ENSP00000414521
STRA6,9606.ENSP00000456609
ACSBG2,9606.ENSP00000465589
TNK1,9606.ENSP00000459799
SEMA7A,9606.ENSP00000261918
LEO1,9606.ENSP00000299601
ZNF844,9606.ENSP00000392024
APBB1IP,9606.ENSP00000365411
SPART,9606.ENSP00000414147
DDX51,9606.ENSP00000380495
FZD3,9606.ENSP00000240093
ZNF311,9606.ENSP00000366384
CAMK2B,9606.ENSP00000379098
TMEM201,9606.ENSP00000344503
SH3KBP1,9606.ENSP00000380921
PADI2,9606.ENSP00000364635
ZNF573,9606.ENSP00000440464
DUSP16,9606.ENSP00000298573
IFT70B,9606.ENSP00000386181
KIF22,9606.ENSP00000160827
GIMAP8,9606.ENSP00000305107
IFT70A,9606.ENSP00000347915
MTMR1,9606.ENSP00000414178
CCDC138,9606.ENSP00000295124
BFSP1,9606.ENSP00000367104
RPAP3,9606.ENSP00000005386
ZNF333,9606.ENSP00000292530
WRNIP1,9606.ENSP00000370150
CNGA2,9606.ENSP00000328478
ZNF710,9606.ENSP00000268154
SLC5A1,9606.ENSP00000266088
ALKBH8,9606.ENSP00000397673
RNF139,9606.ENSP00000304051
SDHA,9606.ENSP00000264932
MACO1,9606.ENSP00000363463
PADI3,9606.ENSP00000364609
APPL2,9606.ENSP00000446917
LMNA,9606.ENSP00000357283
ZNF800,9606.ENSP00000265827
CHFR,9606.ENSP00000392395
RBBP8NL,9606.ENSP00000252998
SPARCL1,9606.ENSP00000414856
TM9SF2,9606.ENSP00000493515
RNF145,9606.ENSP00000430955
ELF4,9606.ENSP00000311280
RAP1GAP,9606.ENSP00000363895
SYBU,9606.ENSP00000407118
HGSNAT,9606.ENSP00000368965
AGAP4,9606.ENSP00000392513
PADI4,9606.ENSP00000364597
CTCFL,9606.ENSP00000415579
AGAP6,9606.ENSP00000500374
INAVA,9606.ENSP00000392105
ARHGAP18,9606.ENSP00000357131
PADI1,9606.ENSP00000364620
ZNF44,9606.ENSP00000348419
ERICH6,9606.ENSP00000295910
ALOX12,9606.ENSP00000251535
GGT7,9606.ENSP00000338964
IL12RB1,9606.ENSP00000470788
FASTKD3,9606.ENSP00000264669
LRRC32,9606.ENSP00000384126
HDC,9606.ENSP00000267845
AKAP10,9606.ENSP00000225737
RAPGEFL1,9606.ENSP00000479735
GRAMD1C,9606.ENSP00000350881
MX1,9606.ENSP00000381601
DDX3X,9606.ENSP00000494040
ALOX15,9606.ENSP00000293761
ZNF17,9606.ENSP00000302455
RUBCNL,9606.ENSP00000396935
PUS7,9606.ENSP00000417402
F13B,9606.ENSP00000356382
WDR26,9606.ENSP00000498603
ZNF81,9606.ENSP00000366153
UBASH3A,9606.ENSP00000317327
CRTAC1,9606.ENSP00000359629
JPH1,9606.ENSP00000344488
CD180,9606.ENSP00000256447
NUAK1,9606.ENSP00000261402
SLC24A2,9606.ENSP00000344801
PMEL,9606.ENSP00000402758
KY,9606.ENSP00000397598
MMP2,9606.ENSP00000219070
RARS1,9606.ENSP00000231572
DDX3Y,9606.ENSP00000353284
MTMR7,9606.ENSP00000180173
ANO10,9606.ENSP00000292246
FOXK2,9606.ENSP00000335677
NEDD1,9606.ENSP00000451211
REPS2,9606.ENSP00000349824
FLRT2,9606.ENSP00000332879
FAM161A,9606.ENSP00000385158
ZNF540,9606.ENSP00000324598
CACNB2,9606.ENSP00000320025
ACOX1,9606.ENSP00000293217
POMGNT1,9606.ENSP00000361060
SCMH1,9606.ENSP00000318094
ZNF853,9606.ENSP00000455585
CEP76,9606.ENSP00000262127
ZNF304,9606.ENSP00000401642
ABCD3,9606.ENSP00000359233
ZNF254,9606.ENSP00000349494
ZNF875,9606.ENSP00000315505
TRMT1,9606.ENSP00000466967
BTK,9606.ENSP00000483570
SSH3,9606.ENSP00000312081
SLC5A4,9606.ENSP00000266086
MEX3C,9606.ENSP00000385610
SLC28A2,9606.ENSP00000315006
AGPS,9606.ENSP00000264167
CPT2,9606.ENSP00000360541
INTS9,9606.ENSP00000429065
ZNF135,9606.ENSP00000441410
ENG,9606.ENSP00000362299
TSNAXIP1,9606.ENSP00000457241
SLC7A2,9606.ENSP00000004531
LSG1,9606.ENSP00000265245
TIPARP,9606.ENSP00000420612
GALNT7,9606.ENSP00000265000
TMEM232,9606.ENSP00000401477
EDEM1,9606.ENSP00000256497
FAM200B,9606.ENSP00000483930
COG6,9606.ENSP00000397441
HAL,9606.ENSP00000261208
RMC1,9606.ENSP00000269221
C19orf44,9606.ENSP00000221671
PTPRR,9606.ENSP00000283228
THOC1,9606.ENSP00000261600
SASS6,9606.ENSP00000287482
SLC44A1,9606.ENSP00000363852
ZNF630,9606.ENSP00000354683
MTHFR,9606.ENSP00000365770
LRRC43,9606.ENSP00000344233
EWSR1,9606.ENSP00000400142
CHML,9606.ENSP00000355511
ANKS3,9606.ENSP00000304586
CXXC1,9606.ENSP00000390475
NUP85,9606.ENSP00000245544
SLC26A7,9606.ENSP00000309504
CCDC27,9606.ENSP00000294600
FOXO1,9606.ENSP00000368880
ABCG2,9606.ENSP00000498246
KLHL13,9606.ENSP00000419803
SMPD3,9606.ENSP00000219334
HGFAC,9606.ENSP00000421801
FGD2,9606.ENSP00000274963
NLRP10,9606.ENSP00000327763
LY9,9606.ENSP00000263285
ACADVL,9606.ENSP00000438689
UBQLN3,9606.ENSP00000347997
SRPK1,9606.ENSP00000362931
RALBP1,9606.ENSP00000372924
KCND3,9606.ENSP00000319591
TNFRSF21,9606.ENSP00000296861
KATNB1,9606.ENSP00000368982
TNFAIP2,9606.ENSP00000452634
ZNF133,9606.ENSP00000439427
GLB1L,9606.ENSP00000295759
NGLY1,9606.ENSP00000280700
TCF3,9606.ENSP00000262965
COL25A1,9606.ENSP00000382083
HSPA5,9606.ENSP00000324173
SPHK2,9606.ENSP00000469158
SERAC1,9606.ENSP00000496731
WDR70,9606.ENSP00000265107
KCNA4,9606.ENSP00000328511
SHCBP1L,9606.ENSP00000356518
NYAP2,9606.ENSP00000490942
IDUA,9606.ENSP00000247933
FIGNL2,9606.ENSP00000491257
LRRC4,9606.ENSP00000249363
PPEF1,9606.ENSP00000354871
TRIM32,9606.ENSP00000408292
CHM,9606.ENSP00000350386
SLC44A3,9606.ENSP00000271227
ZNF274,9606.ENSP00000484810
GLB1L3,9606.ENSP00000396615
RAB11FIP5,9606.ENSP00000258098
TMCC1,9606.ENSP00000376930
MAN1A1,9606.ENSP00000357453
CBFA2T3,9606.ENSP00000268679
MON1A,9606.ENSP00000296473
OLFML2A,9606.ENSP00000362682
REDIC1,9606.ENSP00000317671
GP1BA,9606.ENSP00000329380
CD93,9606.ENSP00000246006
PICALM,9606.ENSP00000377015
ADGRE3,9606.ENSP00000253673
CPZ,9606.ENSP00000354255
ZNF432,9606.ENSP00000221315
GGN,9606.ENSP00000334940
BNIP5,9606.ENSP00000418983
SLC20A2,9606.ENSP00000429754
SPATA13,9606.ENSP00000398560
CCDC81,9606.ENSP00000415528
MELK,9606.ENSP00000298048
NUMB,9606.ENSP00000451300
GUSB,9606.ENSP00000302728
CYLC1,9606.ENSP00000331556
BRD7,9606.ENSP00000378181
PIAS1,9606.ENSP00000438574
RRN3,9606.ENSP00000198767
MED17,9606.ENSP00000251871
TDRD3,9606.ENSP00000440190
MEX3D,9606.ENSP00000384398
ABCG5,9606.ENSP00000384513
ZNF816,9606.ENSP00000350295
DUS3L,9606.ENSP00000311977
SLC23A2,9606.ENSP00000368637
APLP1,9606.ENSP00000221891
FAF1,9606.ENSP00000379457
MTMR14,9606.ENSP00000296003
RNPEP,9606.ENSP00000295640
XKR4,9606.ENSP00000328326
LILRB1,9606.ENSP00000315997
FLRT3,9606.ENSP00000339912
DBN1,9606.ENSP00000377195
SCNN1G,9606.ENSP00000300061
TXNRD1,9606.ENSP00000434516
EML2,9606.ENSP00000468312
LSR,9606.ENSP00000480821
SLC28A1,9606.ENSP00000378074
SLC22A17,9606.ENSP00000380437
RECQL,9606.ENSP00000416739
UBASH3B,9606.ENSP00000284273
DCLK3,9606.ENSP00000394484
ZNF595,9606.ENSP00000477392
PUM3,9606.ENSP00000380982
TBC1D17,9606.ENSP00000221543
SLC2A13,9606.ENSP00000280871
FOXN1,9606.ENSP00000226247
AVL9,9606.ENSP00000315568
DDX43,9606.ENSP00000359361
ZCWPW1,9606.ENSP00000381109
ZNF202,9606.ENSP00000432504
ATAD3B,9606.ENSP00000500094
RAF1,9606.ENSP00000401888
KCND1,9606.ENSP00000218176
PNMA6E,9606.ENSP00000488404
ZNF567,9606.ENSP00000441838
LRWD1,9606.ENSP00000292616
WAC,9606.ENSP00000346986
CEP72,9606.ENSP00000264935
SLC39A4,9606.ENSP00000301305
FZD1,9606.ENSP00000287934
LIMK1,9606.ENSP00000336740
FAM161B,9606.ENSP00000499021
LMLN,9606.ENSP00000410926
COQ8A,9606.ENSP00000355741
MAP9,9606.ENSP00000310593
HROB,9606.ENSP00000313500
DLAT,9606.ENSP00000280346
AKAP8L,9606.ENSP00000380557
PLK3,9606.ENSP00000361275
KIF12,9606.ENSP00000363232
CFAP99,9606.ENSP00000480601
HSPA8,9606.ENSP00000437125
SLC27A1,9606.ENSP00000252595
ZNF503,9606.ENSP00000361602
WEE1,9606.ENSP00000402084
ABCG4,9606.ENSP00000481728
MCAM,9606.ENSP00000264036
PPWD1,9606.ENSP00000261308
SYT16,9606.ENSP00000478637
ZNF681,9606.ENSP00000384000
PDIA4,9606.ENSP00000499129
NEK11,9606.ENSP00000372857
FAM47B,9606.ENSP00000328307
ARHGAP25,9606.ENSP00000386911
SLC9A9,9606.ENSP00000320246
SUGP1,9606.ENSP00000247001
ZFP64,9606.ENSP00000216923
DYNC1I1,9606.ENSP00000320130
MMP24,9606.ENSP00000246186
DARS2,9606.ENSP00000497569
KRT1,9606.ENSP00000252244
SENP1,9606.ENSP00000394791
ZNF746,9606.ENSP00000493970
PABPC4,9606.ENSP00000361949
TTLL12,9606.ENSP00000216129
INPP5E,9606.ENSP00000360777
KLHL34,9606.ENSP00000368813
FUBP1,9606.ENSP00000359804
ZNF74,9606.ENSP00000383301
SLC24A3,9606.ENSP00000333519
KNG1,9606.ENSP00000493985
ZNF568,9606.ENSP00000334685
ECD,9606.ENSP00000401566
ASNSD1,9606.ENSP00000260952
AMFR,9606.ENSP00000290649
ZNF799,9606.ENSP00000411084
SLCO2A1,9606.ENSP00000311291
SLC5A5,9606.ENSP00000222248
PJA1,9606.ENSP00000355014
ENOX1,9606.ENSP00000261488
THEMIS2,9606.ENSP00000363031
TXNRD3,9606.ENSP00000430031
SLC27A4,9606.ENSP00000300456
HSPA6,9606.ENSP00000310219
ZNF23,9606.ENSP00000377171
MAGEC3,9606.ENSP00000298296
MTMR2,9606.ENSP00000345752
TMEM62,9606.ENSP00000260403
SCFD1,9606.ENSP00000390783
ZNF14,9606.ENSP00000340514
MCMBP,9606.ENSP00000353098
TIGD5,9606.ENSP00000421489
SLC6A14,9606.ENSP00000470801
ZNF699,9606.ENSP00000467723
IVNS1ABP,9606.ENSP00000356468
ZNF398,9606.ENSP00000420418
KLHL17,9606.ENSP00000343930
TM9SF4,9606.ENSP00000381104
NDC80,9606.ENSP00000261597
RIOX1,9606.ENSP00000477507
ZNF709,9606.ENSP00000380840
HSPA1L,9606.ENSP00000364805
EPN2,9606.ENSP00000320543
ZNF780A,9606.ENSP00000400997
PIF1,9606.ENSP00000328174
MAN1A2,9606.ENSP00000348959
CAPN6,9606.ENSP00000317214
THEMIS,9606.ENSP00000487358
WBP11,9606.ENSP00000261167
ZNF605,9606.ENSP00000376135
XKR6,9606.ENSP00000416707
HSPA1A,9606.ENSP00000364801
SLCO1B7,9606.ENSP00000394168
SH3D21,9606.ENSP00000421294
SCNN1B,9606.ENSP00000345751
NRG1,9606.ENSP00000287842
EFHC1,9606.ENSP00000360107
MYB,9606.ENSP00000339992
GBP4,9606.ENSP00000359490
UBA2,9606.ENSP00000246548
CAPN5,9606.ENSP00000498132
LRRC4C,9606.ENSP00000278198
ELL2,9606.ENSP00000237853
ZNF549,9606.ENSP00000365407
PHLDB3,9606.ENSP00000292140
PCK2,9606.ENSP00000216780
UMOD,9606.ENSP00000379438
ALAS1,9606.ENSP00000378416
SLC34A1,9606.ENSP00000321424
PEX5,9606.ENSP00000391601
ZIC5,9606.ENSP00000267294
CREBRF,9606.ENSP00000296953
HSPA2,9606.ENSP00000378199
KRT2,9606.ENSP00000310861
CTTNBP2NL,9606.ENSP00000271277
SF1,9606.ENSP00000366604
GALNT15,9606.ENSP00000344260
GGA1,9606.ENSP00000371175
CD2AP,9606.ENSP00000352264
ILDR2,9606.ENSP00000271417
EYA4,9606.ENSP00000432770
PARN,9606.ENSP00000387911
ZNF182,9606.ENSP00000380165
GHR,9606.ENSP00000483403
SRPRA,9606.ENSP00000328023
NBPF4,9606.ENSP00000389237
NOL4,9606.ENSP00000261592
DYNC1I2,9606.ENSP00000380308
LIMK2,9606.ENSP00000339916
PCSK2,9606.ENSP00000262545
ZNF143,9606.ENSP00000379847
NBPF6,9606.ENSP00000417277
C5orf34,9606.ENSP00000303490
ZP1,9606.ENSP00000278853
GOLGA8S,9606.ENSP00000455298
TRIM47,9606.ENSP00000254816
KCNC2,9606.ENSP00000449253
ZMAT1,9606.ENSP00000361868
KLKB1,9606.ENSP00000264690
MEIOSIN,9606.ENSP00000402674
KDM4F,9606.ENSP00000491279
GBP7,9606.ENSP00000294671
KRT76,9606.ENSP00000330101
GALNT8,9606.ENSP00000252318
MPP4,9606.ENSP00000387278
PAPOLB,9606.ENSP00000384700
RAB11FIP4,9606.ENSP00000482620
GCLC,9606.ENSP00000497574
PRMT5,9606.ENSP00000319169
TP73,9606.ENSP00000367545
IL27RA,9606.ENSP00000263379
NOP9,9606.ENSP00000267425
MOCS1,9606.ENSP00000344794
ZFP90,9606.ENSP00000460547
GLB1L2,9606.ENSP00000444628
ZNF790,9606.ENSP00000349161
ODF2L,9606.ENSP00000359600
TNIP1,9606.ENSP00000317891
PABPC1,9606.ENSP00000313007
BMAL2,9606.ENSP00000266503
SLC6A7,9606.ENSP00000230671
MPL,9606.ENSP00000361548
PNMA8B,9606.ENSP00000473036
SLC6A8,9606.ENSP00000253122
ASB2,9606.ENSP00000451575
SLC5A6,9606.ENSP00000310208
LRFN4,9606.ENSP00000312535
SYK,9606.ENSP00000364898
KCNC4,9606.ENSP00000358802
SLC7A4,9606.ENSP00000372390
KLHL22,9606.ENSP00000331682
GTPBP4,9606.ENSP00000354040
SLC6A19,9606.ENSP00000305302
LMNTD2,9606.ENSP00000331167
PHACTR2,9606.ENSP00000417038
KLHL31,9606.ENSP00000359942
ZBTB22,9606.ENSP00000407545
CRTC1,9606.ENSP00000345001
TMCO4,9606.ENSP00000294543
RNF207,9606.ENSP00000367173
POT1,9606.ENSP00000350249
KIAA2013,9606.ENSP00000365756
NBPF3,9606.ENSP00000316782
CLPX,9606.ENSP00000300107
CABLES1,9606.ENSP00000256925
HAUS5,9606.ENSP00000439056
XRCC1,9606.ENSP00000262887
HNRNPR,9606.ENSP00000363745
GATAD2A,9606.ENSP00000384899
GSTCD,9606.ENSP00000422354
ZSWIM2,9606.ENSP00000295131
GALNT3,9606.ENSP00000376465
CPNE7,9606.ENSP00000268720
GBP6,9606.ENSP00000359485
CILK1,9606.ENSP00000349458
ZNF792,9606.ENSP00000385099
EPN3,9606.ENSP00000268933
GOLGA8H,9606.ENSP00000456894
SH2B2,9606.ENSP00000440273
RACGAP1,9606.ENSP00000404190
FMR1,9606.ENSP00000359506
GOLGA8J,9606.ENSP00000456401
ARMCX2,9606.ENSP00000349281
GABRQ,9606.ENSP00000469332
MIGA1,9606.ENSP00000393675
HACL2,9606.ENSP00000263383
SLC6A11,9606.ENSP00000254488
GOLGA8N,9606.ENSP00000398454
GOLGA8Q,9606.ENSP00000457904
GOLGA8O,9606.ENSP00000423159
ZNF860,9606.ENSP00000373274
GOLGA8M,9606.ENSP00000456927
ZDHHC17,9606.ENSP00000403397
SMPD1,9606.ENSP00000340409
PABPC3,9606.ENSP00000281589
LILRB3,9606.ENSP00000245620
DDX53,9606.ENSP00000368667
GOLGA8A,9606.ENSP00000352111
RAD21,9606.ENSP00000297338
SPAG16,9606.ENSP00000332592
HNF1A,9606.ENSP00000438804
RNF112,9606.ENSP00000454919
CCDC93,9606.ENSP00000365477
RPN2,9606.ENSP00000237530
ANTXRL,9606.ENSP00000480615
DEF6,9606.ENSP00000319831
VPS9D1,9606.ENSP00000374037
DCAF8L2,9606.ENSP00000462745
GOLGA8T,9606.ENSP00000455826
GOLGA8R,9606.ENSP00000323217
TEC,9606.ENSP00000370912
SHTN1,9606.ENSP00000347532
TBRG4,9606.ENSP00000258770
PLS3,9606.ENSP00000348163
TRIM25,9606.ENSP00000323889
CCDC120,9606.ENSP00000474071
PARP6,9606.ENSP00000456348
PRDM5,9606.ENSP00000264808
KCND2,9606.ENSP00000333496
EIF2AK1,9606.ENSP00000199389
SLC6A4,9606.ENSP00000261707
ZFP37,9606.ENSP00000452552
SHC4,9606.ENSP00000329668
MAN1C1,9606.ENSP00000363452
TRIM41,9606.ENSP00000320869
MSLN,9606.ENSP00000372313
GOLGA8K,9606.ENSP00000426691
PP2D1,9606.ENSP00000373702
PLS1,9606.ENSP00000336831
SLC7A1,9606.ENSP00000370128
ZNF195,9606.ENSP00000382511
DMPK,9606.ENSP00000345997
SUSD5,9606.ENSP00000308727
IL23R,9606.ENSP00000321345
DYRK1B,9606.ENSP00000469863
EFCAB7,9606.ENSP00000360129
DACT3,9606.ENSP00000375783
NUAK2,9606.ENSP00000499251
ZNF528,9606.ENSP00000353652
SNX18,9606.ENSP00000342276
LRFN3,9606.ENSP00000246529
GSPT2,9606.ENSP00000341247
JPH4,9606.ENSP00000380307
MBTD1,9606.ENSP00000468304
ASH2L,9606.ENSP00000340896
KRT3,9606.ENSP00000413479
ZNF555,9606.ENSP00000334853
SLC6A18,9606.ENSP00000323549
BCAM,9606.ENSP00000270233
KLHL14,9606.ENSP00000352314
FBXO21,9606.ENSP00000328187
PIAS3,9606.ENSP00000376765
NTN4,9606.ENSP00000340998
CCDC22,9606.ENSP00000365401
ZNF264,9606.ENSP00000263095
ZSWIM9,9606.ENSP00000480314
LCP1,9606.ENSP00000381581
SRP68,9606.ENSP00000312066
ZNF805,9606.ENSP00000412999
FEM1B,9606.ENSP00000307298
CHRNA4,9606.ENSP00000359285
DTNB,9606.ENSP00000384084
ZNF256,9606.ENSP00000282308
ZNF442,9606.ENSP00000242804
COLGALT2,9606.ENSP00000354960
CRAT,9606.ENSP00000315013
NXF2,9606.ENSP00000472530
WDR76,9606.ENSP00000263795
SLC13A4,9606.ENSP00000297282
TESK1,9606.ENSP00000338127
GRHL3,9606.ENSP00000288955
PEX5L,9606.ENSP00000419975
MAP3K3,9606.ENSP00000354927
TKTL2,9606.ENSP00000280605
ADCK2,9606.ENSP00000072869
MAG,9606.ENSP00000376048
ZNF189,9606.ENSP00000342019
SAMHD1,9606.ENSP00000493536
ANKRD13B,9606.ENSP00000378328
ZNF471,9606.ENSP00000309161
BMAL1,9606.ENSP00000384517
NR4A3,9606.ENSP00000482027
JAKMIP1,9606.ENSP00000386711
GCKR,9606.ENSP00000264717
IRAK2,9606.ENSP00000256458
TRMT2A,9606.ENSP00000395738
CLINT1,9606.ENSP00000429824
GRHL2,9606.ENSP00000495564
ENO4,9606.ENSP00000345555
F11,9606.ENSP00000384957
DUSP8,9606.ENSP00000380530
RMI1,9606.ENSP00000317039
KEAP1,9606.ENSP00000377245
LRRIQ3,9606.ENSP00000346414
CERT1,9606.ENSP00000383996
PAPSS1,9606.ENSP00000265174
ACTR8,9606.ENSP00000336842
PKD2L2,9606.ENSP00000424725
UBQLN2,9606.ENSP00000345195
FDXACB1,9606.ENSP00000260257
RLIM,9606.ENSP00000328059
LRIT1,9606.ENSP00000361177
SYNCRIP,9606.ENSP00000358635
MAK,9606.ENSP00000346484
KBTBD12,9606.ENSP00000385957
GDPD4,9606.ENSP00000320815
KBTBD11,9606.ENSP00000321544
XPNPEP1,9606.ENSP00000421566
CCDC185,9606.ENSP00000355840
IRGQ,9606.ENSP00000387535
L3MBTL4,9606.ENSP00000382976
KBTBD2,9606.ENSP00000302586
ZNF131,9606.ENSP00000426504
TKT,9606.ENSP00000391481
ZNF30,9606.ENSP00000403441
KRT9,9606.ENSP00000246662
ABCF2,9606.ENSP00000222388
LRRC70,9606.ENSP00000399441
SOX13,9606.ENSP00000356172
FRMD6,9606.ENSP00000343899
CFAP206,9606.ENSP00000358575
ZNF728,9606.ENSP00000471593
KLC2,9606.ENSP00000399403
FAM234B,9606.ENSP00000197268
PRLR,9606.ENSP00000482954
GOLGA6L7,9606.ENSP00000490318
SLC24A4,9606.ENSP00000431840
MATN4,9606.ENSP00000361842
DTX2,9606.ENSP00000322885
PGM2L1,9606.ENSP00000298198
TAF6L,9606.ENSP00000294168
PCK1,9606.ENSP00000319814
DDX41,9606.ENSP00000330349
F2,9606.ENSP00000308541
ZDHHC13,9606.ENSP00000400113
CCDC17,9606.ENSP00000432172
FOXJ3,9606.ENSP00000361653
GALNT6,9606.ENSP00000348668
C12orf56,9606.ENSP00000446101
COLGALT1,9606.ENSP00000252599
FANCG,9606.ENSP00000367910
MINDY2,9606.ENSP00000452885
KIFBP,9606.ENSP00000354848
FXR1,9606.ENSP00000350170
ELL,9606.ENSP00000262809
CEP295NL,9606.ENSP00000312767
ASMTL,9606.ENSP00000370718
KLHL40,9606.ENSP00000287777
ACAD9,9606.ENSP00000312618
MTMR6,9606.ENSP00000371221
GPAA1,9606.ENSP00000347206
DNAJC2,9606.ENSP00000368565
TMEM200C,9606.ENSP00000463375
TOX4,9606.ENSP00000477868
PIAS2,9606.ENSP00000465676
KLHL6,9606.ENSP00000341342
FBXL4,9606.ENSP00000358247
EXD2,9606.ENSP00000313140
SLC6A3,9606.ENSP00000270349
CDC16,9606.ENSP00000348554
PRC1,9606.ENSP00000377793
KLHL8,9606.ENSP00000273963
DTX1,9606.ENSP00000257600
LMNB2,9606.ENSP00000327054
TMEM259,9606.ENSP00000349087
KLHL32,9606.ENSP00000358265
GLIS1,9606.ENSP00000309653
ITK,9606.ENSP00000398655
ZNF93,9606.ENSP00000342002
CFAP52,9606.ENSP00000339449
LINGO1,9606.ENSP00000347451
SLC6A6,9606.ENSP00000481625
SLC27A2,9606.ENSP00000267842
RANBP10,9606.ENSP00000316589
NCBP3,9606.ENSP00000373657
PABPC1L,9606.ENSP00000255136
MAP3K2,9606.ENSP00000387246
TCF7L2,9606.ENSP00000486891
SLC7A3,9606.ENSP00000363417
ELF1,9606.ENSP00000239882
DTX4,9606.ENSP00000227451
GUCY1B1,9606.ENSP00000426786
CRTC3,9606.ENSP00000268184
ZBTB7C,9606.ENSP00000468782
ATG16L2,9606.ENSP00000326340
ZNF724,9606.ENSP00000413411
NXF1,9606.ENSP00000436679
KLC4,9606.ENSP00000259708
REL,9606.ENSP00000295025
DDX59,9606.ENSP00000330460
SLC27A6,9606.ENSP00000262462
ZNF668,9606.ENSP00000442573
ZAP70,9606.ENSP00000264972
BUD13,9606.ENSP00000260210
ZNF48,9606.ENSP00000324056
BIRC2,9606.ENSP00000477613
RHOT1,9606.ENSP00000351132
RHOT2,9606.ENSP00000321971
DLL3,9606.ENSP00000205143
SLC5A12,9606.ENSP00000379326
GRHL1,9606.ENSP00000324693
DCP1B,9606.ENSP00000280665
FEM1C,9606.ENSP00000274457
RSC1A1,9606.ENSP00000341963
ZNF221,9606.ENSP00000251269
ZNF813,9606.ENSP00000379684
ATP6V1A,9606.ENSP00000273398
FNBP1,9606.ENSP00000413625
VPS33B,9606.ENSP00000327650
ZNF613,9606.ENSP00000293471
ETFDH,9606.ENSP00000426638
SLC2A12,9606.ENSP00000275230
KLHL9,9606.ENSP00000351933
SYVN1,9606.ENSP00000366395
GPR50,9606.ENSP00000218316
GLCE,9606.ENSP00000261858
DBH,9606.ENSP00000376776
SCG2,9606.ENSP00000304133
SLC6A2,9606.ENSP00000219833
RFX5,9606.ENSP00000290524
SPAST,9606.ENSP00000320885
RPA1,9606.ENSP00000254719
ZNF726,9606.ENSP00000471516
CSTF2T,9606.ENSP00000332444
ENTPD4,9606.ENSP00000351520
DGLUCY,9606.ENSP00000428263
HIPK4,9606.ENSP00000291823
KLHL36,9606.ENSP00000456743
TNFRSF11A,9606.ENSP00000465500
LBR,9606.ENSP00000339883
DBF4B,9606.ENSP00000323663
PRICKLE3,9606.ENSP00000470248
ZNF653,9606.ENSP00000293771
TBKBP1,9606.ENSP00000354777
ANKLE1,9606.ENSP00000377971
ACSF2,9606.ENSP00000401831
F12,9606.ENSP00000253496
NUB1,9606.ENSP00000454264
KLHL26,9606.ENSP00000300976
HIC2,9606.ENSP00000387757
VGF,9606.ENSP00000249330
PAPSS2,9606.ENSP00000406157
ACHE,9606.ENSP00000303211
ANKRD55,9606.ENSP00000342295
NR1D1,9606.ENSP00000246672
SSX2IP,9606.ENSP00000340279
ZNF276,9606.ENSP00000415836
MSL1,9606.ENSP00000462945
ZSCAN2,9606.ENSP00000410198
DDX5,9606.ENSP00000225792
BPIFB4,9606.ENSP00000364632
KHDC4,9606.ENSP00000357304
NCOA4,9606.ENSP00000463027
SLC6A12,9606.ENSP00000399136
MAU2,9606.ENSP00000262815
MOXD1,9606.ENSP00000356940
GGA2,9606.ENSP00000311962
CCDC116,9606.ENSP00000292779
AIFM1,9606.ENSP00000287295
GPR37,9606.ENSP00000306449
SP2,9606.ENSP00000365931
TTC39A,9606.ENSP00000393952
KCNA5,9606.ENSP00000252321
PPP1R18,9606.ENSP00000480270
IGSF8,9606.ENSP00000357065
PODN,9606.ENSP00000379212
RUNDC1,9606.ENSP00000354622
KBTBD3,9606.ENSP00000432163
RPAP2,9606.ENSP00000476948
BTBD9,9606.ENSP00000418751
ITFG1,9606.ENSP00000319918
PGM2,9606.ENSP00000371393
OTOP1,9606.ENSP00000296358
ZNF354B,9606.ENSP00000327143
CROT,9606.ENSP00000413575
COG8,9606.ENSP00000497669
LPP,9606.ENSP00000491657
CFAP100,9606.ENSP00000344749
KAT7,9606.ENSP00000259021
POU6F1,9606.ENSP00000330190
ALG9,9606.ENSP00000482396
AHCYL2,9606.ENSP00000315931
SRRM4,9606.ENSP00000267260
RHOBTB3,9606.ENSP00000369318
FAM111A,9606.ENSP00000434435
EIF4B,9606.ENSP00000388806
LTA4H,9606.ENSP00000228740
PLEKHN1,9606.ENSP00000368720
ZSCAN12,9606.ENSP00000354305
ABLIM2,9606.ENSP00000393511
ENOX2,9606.ENSP00000337146
ZNF823,9606.ENSP00000340683
ZNF667,9606.ENSP00000439402
CLGN,9606.ENSP00000392782
RETSAT,9606.ENSP00000295802
SLC23A3,9606.ENSP00000406546
NT5C1B,9606.ENSP00000352904
MEN1,9606.ENSP00000337088
MYNN,9606.ENSP00000326240
SLC5A8,9606.ENSP00000445340
SYTL3,9606.ENSP00000483936
NKPD1,9606.ENSP00000321976
SELE,9606.ENSP00000331736
WDR46,9606.ENSP00000363746
ALB,9606.ENSP00000295897
POGK,9606.ENSP00000356849
ZNF571,9606.ENSP00000333660
GPR153,9606.ENSP00000367125
ZNF527,9606.ENSP00000390179
RASGRP2,9606.ENSP00000338864
MTNAP1,9606.ENSP00000351937
AFP,9606.ENSP00000379138
KLHL20,9606.ENSP00000209884
PDE12,9606.ENSP00000309142
XRCC6,9606.ENSP00000352257
NUMBL,9606.ENSP00000252891
RTKN2,9606.ENSP00000362894
TOMM70,9606.ENSP00000284320
TDP1,9606.ENSP00000337353
NPLOC4,9606.ENSP00000331487
PLCZ1,9606.ENSP00000266505
GALNT11,9606.ENSP00000416787
KLHL10,9606.ENSP00000293303
DENND6A,9606.ENSP00000311401
CARM1,9606.ENSP00000325690
EPM2AIP1,9606.ENSP00000406027
GALNT18,9606.ENSP00000227756
TCTN3,9606.ENSP00000483364
FPGT,9606.ENSP00000359935
ACOT11,9606.ENSP00000360366
CUZD1,9606.ENSP00000376540
RYK,9606.ENSP00000478721
RPN1,9606.ENSP00000296255
GNL1,9606.ENSP00000365806
TBX18,9606.ENSP00000358677
MMP16,9606.ENSP00000286614
ACTR5,9606.ENSP00000243903
ENTHD1,9606.ENSP00000317431
ATG16L1,9606.ENSP00000375873
RAP1GDS1,9606.ENSP00000340454
ARAF,9606.ENSP00000290277
ZNF652,9606.ENSP00000354686
SCAI,9606.ENSP00000362650
MAGED2,9606.ENSP00000364193
SCARA3,9606.ENSP00000301904
LINGO2,9606.ENSP00000369328
SLC26A11,9606.ENSP00000355384
ABCD4,9606.ENSP00000349396
ZNF214,9606.ENSP00000278314
TM9SF1,9606.ENSP00000261789
RAVER1,9606.ENSP00000482486
MAP3K7,9606.ENSP00000358335
RUFY2,9606.ENSP00000373420
WDR1,9606.ENSP00000427687
KLHL41,9606.ENSP00000284669
GARIN3,9606.ENSP00000305596
NCAPH2,9606.ENSP00000299821
GDPD5,9606.ENSP00000337972
USP2,9606.ENSP00000260187
SPDL1,9606.ENSP00000265295
ANKRD13D,9606.ENSP00000427130
PPM1D,9606.ENSP00000306682
BTRC,9606.ENSP00000359206
NEIL3,9606.ENSP00000264596
IGFALS,9606.ENSP00000416683
DNAI2,9606.ENSP00000400252
ZNF354A,9606.ENSP00000337122
AIFM3,9606.ENSP00000382120
NFE2L2,9606.ENSP00000380252
MBD1,9606.ENSP00000468785
FNBP1L,9606.ENSP00000271234
PODXL2,9606.ENSP00000345359
HS6ST2,9606.ENSP00000429473
KLHL15,9606.ENSP00000332791
CBFA2T2,9606.ENSP00000262653
NTN1,9606.ENSP00000173229
BIRC3,9606.ENSP00000263464
PTGS2,9606.ENSP00000356438
ZNF300,9606.ENSP00000397178
ENTPD7,9606.ENSP00000359520
RUNX1T1,9606.ENSP00000402257
ME3,9606.ENSP00000440246
DEUP1,9606.ENSP00000298050
ERV3-1,9606.ENSP00000391594
GALNT9,9606.ENSP00000329846
ZNF415,9606.ENSP00000439435
HAUS3,9606.ENSP00000243706
GALNT10,9606.ENSP00000297107
MT-ND5,9606.ENSP00000354813
FBXO46,9606.ENSP00000410007
NR2C1,9606.ENSP00000333275
METTL25,9606.ENSP00000248306
PRSS56,9606.ENSP00000479745
MMP17,9606.ENSP00000353767
ZNF169,9606.ENSP00000378792
MTM1,9606.ENSP00000359423
PLK1,9606.ENSP00000300093
GOLGA8B,9606.ENSP00000343064
LCORL,9606.ENSP00000371661
MEGF9,9606.ENSP00000363040
ZMYND11,9606.ENSP00000371003
EBF4,9606.ENSP00000370022
CKAP4,9606.ENSP00000367265
BCHE,9606.ENSP00000264381
TBX15,9606.ENSP00000358437
PPP2R5D,9606.ENSP00000417963
SLC6A13,9606.ENSP00000339260
GLS2,9606.ENSP00000310447
LRRC40,9606.ENSP00000359990
GTPBP2,9606.ENSP00000303997
SLC47A2,9606.ENSP00000326671
SLC13A3,9606.ENSP00000279027
KBTBD8,9606.ENSP00000401878
TRIP10,9606.ENSP00000320117
TOP1MT,9606.ENSP00000328835
PPP2R1B,9606.ENSP00000311344
SARG,9606.ENSP00000352447
HMGXB4,9606.ENSP00000216106
UBQLN4,9606.ENSP00000357292
DYRK2,9606.ENSP00000342105
GALNTL6,9606.ENSP00000423313
ZNF90,9606.ENSP00000410466
CDK5RAP1,9606.ENSP00000217372
ESCO2,9606.ENSP00000306999
MED26,9606.ENSP00000263390
DDX55,9606.ENSP00000238146
KLHL24,9606.ENSP00000395012
ST6GALNAC1,9606.ENSP00000156626
KRT84,9606.ENSP00000257951
MLPH,9606.ENSP00000264605
INTS11,9606.ENSP00000445001
DCAF15,9606.ENSP00000254337
DCAF8L1,9606.ENSP00000405222
GPR107,9606.ENSP00000361483
MYEF2,9606.ENSP00000316950
PRODH,9606.ENSP00000481127
ZNF543,9606.ENSP00000322545
LMOD1,9606.ENSP00000356257
IFT74,9606.ENSP00000404122
ABCE1,9606.ENSP00000296577
SLC6A1,9606.ENSP00000494136
AFM,9606.ENSP00000226355
ZNF530,9606.ENSP00000332861
DACH2,9606.ENSP00000362217
DDX52,9606.ENSP00000479504
NUP58,9606.ENSP00000371155
IL18RAP,9606.ENSP00000264260
PTGS1,9606.ENSP00000354612
ZC3H12A,9606.ENSP00000362179
SPATA7,9606.ENSP00000377176
CENPB,9606.ENSP00000369075
IGF2BP2,9606.ENSP00000410242
SLC34A3,9606.ENSP00000442397
ZNF343,9606.ENSP00000482819
ARSJ,9606.ENSP00000320219
C1orf94,9606.ENSP00000435634
CDYL,9606.ENSP00000380718
GALNT17,9606.ENSP00000329654
EFCC1,9606.ENSP00000414597
CTIF,9606.ENSP00000372459
IQCB1,9606.ENSP00000311505
NR4A2,9606.ENSP00000344479
NR4A1,9606.ENSP00000440864
POLA2,9606.ENSP00000265465
PANK1,9606.ENSP00000302108
CACNB1,9606.ENSP00000377840
FBXW8,9606.ENSP00000498999
SLC23A1,9606.ENSP00000302851
GOLGA8CP,9606.ENSP00000454322
C4BPA,9606.ENSP00000356037
CDC23,9606.ENSP00000378350
UTP6,9606.ENSP00000261708
LILRB2,9606.ENSP00000375629
CEP70,9606.ENSP00000264982
DCAF8,9606.ENSP00000357052
NDOR1,9606.ENSP00000360576
KLHL21,9606.ENSP00000366886
BRD9,9606.ENSP00000419765
RNGTT,9606.ENSP00000358497
KARS1,9606.ENSP00000325448
UNC93B1,9606.ENSP00000227471
GAN,9606.ENSP00000497351
SRRM3,9606.ENSP00000480851
FRMD3,9606.ENSP00000303508
NR2C2,9606.ENSP00000483059
IRAK3,9606.ENSP00000261233
OTOP3,9606.ENSP00000464577
PRKCI,9606.ENSP00000295797
EBF3,9606.ENSP00000357637
SLC5A10,9606.ENSP00000379008
MYLK2,9606.ENSP00000365162
EEFSEC,9606.ENSP00000254730
CEACAM20,9606.ENSP00000481937
LZTS1,9606.ENSP00000370981
NET1,9606.ENSP00000347134
TKTL1,9606.ENSP00000358931
VPS33A,9606.ENSP00000267199
HSF5,9606.ENSP00000313243
CERCAM,9606.ENSP00000361929
GBP3,9606.ENSP00000359512
TNFRSF8,9606.ENSP00000263932
ODAD3,9606.ENSP00000348757
PRDM6,9606.ENSP00000384725
SNX9,9606.ENSP00000376024
SLC13A1,9606.ENSP00000194130
ZNF467,9606.ENSP00000304769
GATA6,9606.ENSP00000269216
ESR1,9606.ENSP00000405330
SIGLEC12,9606.ENSP00000291707
ZNF85,9606.ENSP00000329793
P2RX7,9606.ENSP00000330696
ZNF317,9606.ENSP00000247956
ZNF440,9606.ENSP00000305373
NF2,9606.ENSP00000344666
PTPN6,9606.ENSP00000391592
SLC22A14,9606.ENSP00000273173
MTA3,9606.ENSP00000385823
FAM200C,9606.ENSP00000386184
SHC3,9606.ENSP00000364995
NOP56,9606.ENSP00000370589
GRB10,9606.ENSP00000493728
FIP1L1,9606.ENSP00000336752
IHO1,9606.ENSP00000391788
CHDH,9606.ENSP00000319851
STXBP1,9606.ENSP00000362399
ZNF416,9606.ENSP00000196489
GARIN4,9606.ENSP00000294829
GAD1,9606.ENSP00000350928
CDC14A,9606.ENSP00000354916
A1CF,9606.ENSP00000378868
GLMN,9606.ENSP00000359385
ARID5A,9606.ENSP00000350078
KLHDC7B,9606.ENSP00000497256
SETD3,9606.ENSP00000327436
MARS2,9606.ENSP00000282276
ARSD,9606.ENSP00000370546
BBS1,9606.ENSP00000317469
MTF2,9606.ENSP00000359321
RBM47,9606.ENSP00000295971
ELF2,9606.ENSP00000368868
PTH1R,9606.ENSP00000402723
STXBP2,9606.ENSP00000413606
ZNF284,9606.ENSP00000411032
PTPN9,9606.ENSP00000482732
KLHL2,9606.ENSP00000424198
MIGA2,9606.ENSP00000351138
CRY2,9606.ENSP00000478187
GRN,9606.ENSP00000053867
BIN1,9606.ENSP00000316779
ARID3A,9606.ENSP00000263620
BEGAIN,9606.ENSP00000411124
PDE9A,9606.ENSP00000291539
CPNE5,9606.ENSP00000244751
LINGO4,9606.ENSP00000357810
PTPN11,9606.ENSP00000489597
GATAD2B,9606.ENSP00000357644
EPS8L3,9606.ENSP00000358820
CANX,9606.ENSP00000247461
TTLL2,9606.ENSP00000239587
BRAP,9606.ENSP00000403524
CDKL3,9606.ENSP00000265334
STXBP3,9606.ENSP00000359025
FRRS1,9606.ENSP00000287474
RNF180,9606.ENSP00000373752
PROX2,9606.ENSP00000451223
PGBD2,9606.ENSP00000331643
PRKCZ,9606.ENSP00000367830
SLC13A2,9606.ENSP00000392411
TSKS,9606.ENSP00000246801
LINGO3,9606.ENSP00000467753
HPSE2,9606.ENSP00000359583
EYA1,9606.ENSP00000496255
SPPL2B,9606.ENSP00000478298
ATIC,9606.ENSP00000236959
GBP1,9606.ENSP00000359504
TAF15,9606.ENSP00000474096
SLC6A20,9606.ENSP00000346298
ENAH,9606.ENSP00000355809
TIGD1,9606.ENSP00000386186
SLC19A1,9606.ENSP00000308895
PAK4,9606.ENSP00000469413
FZD9,9606.ENSP00000345785
EBF1,9606.ENSP00000322898
CTPS1,9606.ENSP00000497744
C8B,9606.ENSP00000360281
SPATC1,9606.ENSP00000366690
GBP2,9606.ENSP00000359497
PXN,9606.ENSP00000267257
CCDC148,9606.ENSP00000283233
ZWILCH,9606.ENSP00000311429
PWWP2B,9606.ENSP00000306324
NPAS1,9606.ENSP00000469142
KRT5,9606.ENSP00000252242
ANKRD13A,9606.ENSP00000261739
NELFCD,9606.ENSP00000473290
LILRB5,9606.ENSP00000406478
ZNF285,9606.ENSP00000464788
GRK5,9606.ENSP00000376609
SYT3,9606.ENSP00000340914
ZNF703,9606.ENSP00000332325
LRRTM4,9606.ENSP00000387228
SPMIP4,9606.ENSP00000283905
CHRM3,9606.ENSP00000255380
SBSN,9606.ENSP00000430242
ARSF,9606.ENSP00000370519
ZNF578,9606.ENSP00000459216
SELENON,9606.ENSP00000355141
FARSB,9606.ENSP00000281828
SENP2,9606.ENSP00000296257
TAF5L,9606.ENSP00000258281
KLHL25,9606.ENSP00000336800
FAM117B,9606.ENSP00000376071
ZBTB46,9606.ENSP00000378536
ARSL,9606.ENSP00000500220
CPEB2,9606.ENSP00000443985
EGR4,9606.ENSP00000445626
PPP2R1A,9606.ENSP00000324804
HNRNPL,9606.ENSP00000221419
SLC17A8,9606.ENSP00000316909
CLEC4F,9606.ENSP00000272367
UBQLN1,9606.ENSP00000365576
POF1B,9606.ENSP00000362238
CSRNP1,9606.ENSP00000273153
PLBD2,9606.ENSP00000280800
TM9SF3,9606.ENSP00000360184
ENC1,9606.ENSP00000499185
PES1,9606.ENSP00000346725
SLFN12L,9606.ENSP00000354412
TCF7L1,9606.ENSP00000282111
ZNF599,9606.ENSP00000333802
TRIM29,9606.ENSP00000343129
GPR162,9606.ENSP00000311528
DYRK3,9606.ENSP00000356076
CAMKK2,9606.ENSP00000312741
CCIN,9606.ENSP00000334996
NME8,9606.ENSP00000199447
TAF1B,9606.ENSP00000263663
ASB15,9606.ENSP00000397655
ZNF676,9606.ENSP00000380310
DAB1,9606.ENSP00000360280
KLHL3,9606.ENSP00000312397
NACC2,9606.ENSP00000277554
ZNF496,9606.ENSP00000294753
RANGAP1,9606.ENSP00000401470
MAPK4,9606.ENSP00000383234
ASB14,9606.ENSP00000419199
TCTN1,9606.ENSP00000380779
IRF2BP2,9606.ENSP00000355568
SIX6OS1,9606.ENSP00000324920
FPGS,9606.ENSP00000362344
FLAD1,9606.ENSP00000292180
ALAS2,9606.ENSP00000497236
LRRC63,9606.ENSP00000469337
GAB3,9606.ENSP00000399588
EZR,9606.ENSP00000338934
CLHC1,9606.ENSP00000384869
CRY1,9606.ENSP00000008527
ATAD3A,9606.ENSP00000368030
GBP5,9606.ENSP00000359488
ACSM3,9606.ENSP00000289416
SLU7,9606.ENSP00000297151
GGT5,9606.ENSP00000381340
TCERG1L,9606.ENSP00000357631
LMNB1,9606.ENSP00000261366
CTPS2,9606.ENSP00000401264
ZNF92,9606.ENSP00000332595
TMPRSS13,9606.ENSP00000434279
KLHL7,9606.ENSP00000343273
SEPTIN9,9606.ENSP00000391249
RFX8,9606.ENSP00000401536
MFSD6L,9606.ENSP00000330051
ZNF614,9606.ENSP00000270649
FZD5,9606.ENSP00000354607
SWAP70,9606.ENSP00000315630
IVL,9606.ENSP00000357753
YTHDF3,9606.ENSP00000478490
DENND6B,9606.ENSP00000391524
ST7,9606.ENSP00000265437
MPP3,9606.ENSP00000381430
CD96,9606.ENSP00000283285
IKZF4,9606.ENSP00000448419
FAM151A,9606.ENSP00000306888
LGALS3BP,9606.ENSP00000262776
APPBP2,9606.ENSP00000083182
ZNF732,9606.ENSP00000415774
FAM13C,9606.ENSP00000481854
PRR14,9606.ENSP00000441641
PGBD4,9606.ENSP00000380872
EIF2A,9606.ENSP00000417229
GAD2,9606.ENSP00000365437
FAM83D,9606.ENSP00000481465
BEST1,9606.ENSP00000399709
CSRNP3,9606.ENSP00000318258
PDILT,9606.ENSP00000305465
SLC8B1,9606.ENSP00000447091
EIF2D,9606.ENSP00000271764
IPP,9606.ENSP00000379739
ZBTB7A,9606.ENSP00000323670
C8A,9606.ENSP00000354458
ME2,9606.ENSP00000321070
BCAS1,9606.ENSP00000379290
BTN3A3,9606.ENSP00000244519
POTED,9606.ENSP00000299443
FAM20C,9606.ENSP00000322323
IRF2BP1,9606.ENSP00000307265
ZNF677,9606.ENSP00000469391
KRT10,9606.ENSP00000269576
TTC39C,9606.ENSP00000323645
PRORP,9606.ENSP00000440915
CFI,9606.ENSP00000378131
N4BP2L2,9606.ENSP00000382328
ATL2,9606.ENSP00000368237
LRRC47,9606.ENSP00000367498
NUDCD1,9606.ENSP00000239690
ALCAM,9606.ENSP00000305988
TREH,9606.ENSP00000264029
SHC1,9606.ENSP00000401303
TOR1AIP1,9606.ENSP00000435365
RDX,9606.ENSP00000496414
ADAD2,9606.ENSP00000268624
RALGPS2,9606.ENSP00000356607
STS,9606.ENSP00000217961
PARP2,9606.ENSP00000250416
KLHL35,9606.ENSP00000438526
TRAFD1,9606.ENSP00000257604
SHC2,9606.ENSP00000264554
DCP1A,9606.ENSP00000476386
FAM149B1,9606.ENSP00000242505
ZNF319,9606.ENSP00000299237
SEMG2,9606.ENSP00000361855
SHOC2,9606.ENSP00000358464
MTPAP,9606.ENSP00000263063
ZNF326,9606.ENSP00000340796
C2orf81,9606.ENSP00000491941
SYN2,9606.ENSP00000480050
MMP14,9606.ENSP00000308208
GNL3L,9606.ENSP00000354091
MTDH,9606.ENSP00000338235
FKBP10,9606.ENSP00000317232
TTC24,9606.ENSP00000357219
LARP7,9606.ENSP00000422626
MNT,9606.ENSP00000174618
SLC17A6,9606.ENSP00000263160
SLAIN2,9606.ENSP00000264313
FSIP1,9606.ENSP00000280236
LRRTM3,9606.ENSP00000355187
KLHL38,9606.ENSP00000321475
GALNT12,9606.ENSP00000364150
LRRC15,9606.ENSP00000413707
SOCS7,9606.ENSP00000499750
FZD10,9606.ENSP00000229030
ZNF674,9606.ENSP00000429148
TRIP4,9606.ENSP00000261884
SLC15A3,9606.ENSP00000227880
PYROXD2,9606.ENSP00000359607
SLC9A8,9606.ENSP00000416418
POTEB3,9606.ENSP00000483103
PINK1,9606.ENSP00000364204
CCNK,9606.ENSP00000374529
MBD4,9606.ENSP00000249910
ACSM4,9606.ENSP00000382349
TRIM45,9606.ENSP00000256649
SYN3,9606.ENSP00000351614
PHF19,9606.ENSP00000483946
TRAPPC14,9606.ENSP00000324741
CDC25B,9606.ENSP00000245960
ARHGEF25,9606.ENSP00000335560
CDKN2AIP,9606.ENSP00000427108
RAPGEF5,9606.ENSP00000343656
POMGNT2,9606.ENSP00000344125
FBXO24,9606.ENSP00000416558
NTN3,9606.ENSP00000293973
GPC3,9606.ENSP00000377836
NELFB,9606.ENSP00000339495
METTL3,9606.ENSP00000298717
PHACTR1,9606.ENSP00000329880
ADCK5,9606.ENSP00000310547
MCOLN1,9606.ENSP00000264079
SP140L,9606.ENSP00000397911
SLC5A7,9606.ENSP00000264047
BCO2,9606.ENSP00000350314
SLC15A5,9606.ENSP00000340402
MFRP,9606.ENSP00000481824
RELB,9606.ENSP00000221452
ZNF248,9606.ENSP00000379208
CDC40,9606.ENSP00000357928
PIGZ,9606.ENSP00000413405
ACSM5,9606.ENSP00000327916
LACTBL1,9606.ENSP00000402297
YTHDF2,9606.ENSP00000444660
INSC,9606.ENSP00000368872
CDKAL1,9606.ENSP00000274695
XKR7,9606.ENSP00000477059
GPC2,9606.ENSP00000292377
FAAH,9606.ENSP00000243167
NR1D2,9606.ENSP00000310006
FLCN,9606.ENSP00000285071
KCNN2,9606.ENSP00000264773
KPRP,9606.ENSP00000475216
NCOA5,9606.ENSP00000290231
IGF2BP3,9606.ENSP00000258729
PARPBP,9606.ENSP00000440850
GRK4,9606.ENSP00000381129
TMEM121B,9606.ENSP00000329318
NOX4,9606.ENSP00000263317
CFHR4,9606.ENSP00000356386
GRAMD4,9606.ENSP00000385689
ZUP1,9606.ENSP00000357565
PNMA6F,9606.ENSP00000488302
PIGT,9606.ENSP00000279036
SLFN12,9606.ENSP00000378063
EDEM2,9606.ENSP00000363616
HACL1,9606.ENSP00000323811
PXK,9606.ENSP00000348472
KRT77,9606.ENSP00000342710
GALNT4,9606.ENSP00000436604
KLHL30,9606.ENSP00000386389
DYTN,9606.ENSP00000396593
RARS2,9606.ENSP00000358549
ZKSCAN8,9606.ENSP00000332750
IL10RA,9606.ENSP00000227752
RFTN1,9606.ENSP00000334153
MSN,9606.ENSP00000353408
ACSM2B,9606.ENSP00000327453
OPTN,9606.ENSP00000368022
TBL1X,9606.ENSP00000495556
ACSM1,9606.ENSP00000301956
ACSM2A,9606.ENSP00000459451
HAS1,9606.ENSP00000222115
ZNF384,9606.ENSP00000380019
SLC22A16,9606.ENSP00000357915
CSTF2,9606.ENSP00000387996
STAU1,9606.ENSP00000360922
ZNF880,9606.ENSP00000406318
THAP4,9606.ENSP00000385006
SLC15A4,9606.ENSP00000266771
ORC2,9606.ENSP00000234296
SHQ1,9606.ENSP00000315182
MSL2,9606.ENSP00000311827
IGF2BP1,9606.ENSP00000290341
KIAA1328,9606.ENSP00000280020
ADAD1,9606.ENSP00000296513
PGLYRP2,9606.ENSP00000292609
EPN1,9606.ENSP00000406209
TOX3,9606.ENSP00000219746
CNBD2,9606.ENSP00000340954
MPP2,9606.ENSP00000428182
RSPRY1,9606.ENSP00000443176
WFIKKN2,9606.ENSP00000311184
ACSF3,9606.ENSP00000479130
SH2D3A,9606.ENSP00000245908
ZNF791,9606.ENSP00000342974
MPP7,9606.ENSP00000337907
GRK6,9606.ENSP00000347655
ZNF431,9606.ENSP00000308578
COIL,9606.ENSP00000240316
FUT8,9606.ENSP00000353910
ZNF587,9606.ENSP00000345479
TMEM108,9606.ENSP00000324651
SH2B3,9606.ENSP00000345492
ST7L,9606.ENSP00000350734
KCNA3,9606.ENSP00000358784
CNGA4,9606.ENSP00000369268
APBA3,9606.ENSP00000315136
ZNF8,9606.ENSP00000477716
EBF2,9606.ENSP00000430241
SSC4D,9606.ENSP00000275560
PPP2R3B,9606.ENSP00000375080
AOAH,9606.ENSP00000479664
POLL,9606.ENSP00000359181
WSCD1,9606.ENSP00000460825
GASK1A,9606.ENSP00000407301
TKFC,9606.ENSP00000378360
ZNF417,9606.ENSP00000311319
IL1RL2,9606.ENSP00000264257
THBD,9606.ENSP00000366307
BAG3,9606.ENSP00000358081
CNOT4,9606.ENSP00000445508
TFE3,9606.ENSP00000314129
CES5A,9606.ENSP00000428864
POC5,9606.ENSP00000410216
TRIM23,9606.ENSP00000231524
GAB4,9606.ENSP00000383431
SNX33,9606.ENSP00000311427
NEURL1,9606.ENSP00000358795
IL22RA1,9606.ENSP00000270800
KLHL18,9606.ENSP00000232766
TRAF3IP2,9606.ENSP00000345984
PKLR,9606.ENSP00000339933
SENP3,9606.ENSP00000314029
GOLGA6L4,9606.ENSP00000421586
SLC1A2,9606.ENSP00000278379
FOXJ2,9606.ENSP00000162391
CDC7,9606.ENSP00000393139
SQLE,9606.ENSP00000265896
LOXL1,9606.ENSP00000261921
C2orf42,9606.ENSP00000264434
ZBTB3,9606.ENSP00000501025
FZD7,9606.ENSP00000286201
NT5E,9606.ENSP00000257770
GMEB1,9606.ENSP00000294409
BICDL1,9606.ENSP00000380690
EYA3,9606.ENSP00000362978
ASPG,9606.ENSP00000450040
MROH9,9606.ENSP00000356733
AMHR2,9606.ENSP00000257863
KLC1,9606.ENSP00000414982
ZNF10,9606.ENSP00000248211
HSPD1,9606.ENSP00000340019
SLC41A2,9606.ENSP00000258538
FAM200A,9606.ENSP00000411372
DPYSL4,9606.ENSP00000339850
ME1,9606.ENSP00000358719
GPNMB,9606.ENSP00000371420
ADRA1D,9606.ENSP00000368766
ZYX,9606.ENSP00000324422
TENT4B,9606.ENSP00000396995
EFCAB12,9606.ENSP00000420854
GPC5,9606.ENSP00000366267
DPYSL2,9606.ENSP00000427985
FUBP3,9606.ENSP00000318177
RTP5,9606.ENSP00000345374
ZNF98,9606.ENSP00000350418
TLE6,9606.ENSP00000246112
CRMP1,9606.ENSP00000321606
CCM2L,9606.ENSP00000262659
PRR35,9606.ENSP00000386499
KLHL28,9606.ENSP00000347193
TESK2,9606.ENSP00000361158
RUFY4,9606.ENSP00000363270
OTUD5,9606.ENSP00000156084
ZNF181,9606.ENSP00000420727
SLC40A1,9606.ENSP00000261024
PRDM14,9606.ENSP00000276594
ISM2,9606.ENSP00000341490
GALNT2,9606.ENSP00000355632
CES3,9606.ENSP00000304782
RNF168,9606.ENSP00000320898
NHERF4,9606.ENSP00000347742
ZBTB44,9606.ENSP00000350574
PANK2,9606.ENSP00000313377
ZFP91,9606.ENSP00000339030
EME1,9606.ENSP00000376952
FRMD5,9606.ENSP00000403067
MSTO1,9606.ENSP00000245564
FKBP9,9606.ENSP00000439250
VPS45,9606.ENSP00000495563
ZNF430,9606.ENSP00000261560
HEATR9,9606.ENSP00000473941
SLC47A1,9606.ENSP00000270570
MKKS,9606.ENSP00000246062
STAU2,9606.ENSP00000428756
FAM227A,9606.ENSP00000348086
TM7SF3,9606.ENSP00000342322
CYBB,9606.ENSP00000367851
ZNF76,9606.ENSP00000363064
DPYSL3,9606.ENSP00000343690
IL1RAP,9606.ENSP00000314807
IL1R1,9606.ENSP00000386380
MMP21,9606.ENSP00000357798
ARSI,9606.ENSP00000333395
RABEP2,9606.ENSP00000350934
ZNF583,9606.ENSP00000388502
SLC43A2,9606.ENSP00000461382
TTC22,9606.ENSP00000360323
SPATA16,9606.ENSP00000341765
WDR20,9606.ENSP00000395793
EEPD1,9606.ENSP00000242108
GGT2P,9606.ENSP00000385721
ZNF273,9606.ENSP00000418719
PRKAG2,9606.ENSP00000287878
CR1L,9606.ENSP00000421736
CFHR5,9606.ENSP00000256785
MEX3B,9606.ENSP00000329918
NPRL3,9606.ENSP00000483814
GGT1,9606.ENSP00000248923
RTL5,9606.ENSP00000476792
ACCSL,9606.ENSP00000368109
ZNF675,9606.ENSP00000352836
RIOK1,9606.ENSP00000369162
NOX3,9606.ENSP00000159060
SGPL1,9606.ENSP00000362298
MLLT3,9606.ENSP00000369695
NDNF,9606.ENSP00000369014
TRAF3,9606.ENSP00000376500
SLAIN1,9606.ENSP00000400921
SLC11A2,9606.ENSP00000378364
SLC30A9,9606.ENSP00000264451
ZNF358,9606.ENSP00000472305
ZNF648,9606.ENSP00000344129
KLHL12,9606.ENSP00000356230
SLC13A5,9606.ENSP00000406220
RMP64,9606.ENSP00000320251
PHF1,9606.ENSP00000363640
TAPT1,9606.ENSP00000385347
WEE2,9606.ENSP00000380675
SRPK3,9606.ENSP00000359119
IL4I1,9606.ENSP00000472474
LMF1,9606.ENSP00000262301
PPP1R16B,9606.ENSP00000299824
CES1,9606.ENSP00000353720
TGFBR2,9606.ENSP00000351905
ZNF512,9606.ENSP00000347648
RANBP3,9606.ENSP00000341483
DGKE,9606.ENSP00000284061
LCTL,9606.ENSP00000343490
PGM5,9606.ENSP00000379678
RABGGTA,9606.ENSP00000382341
REPIN1,9606.ENSP00000417291
RNF220,9606.ENSP00000347548
RGS14,9606.ENSP00000386229
CPEB1,9606.ENSP00000477715
TMEM151B,9606.ENSP00000393161
DONSON,9606.ENSP00000307143
OCSTAMP,9606.ENSP00000279028
MCOLN2,9606.ENSP00000359640
INSM2,9606.ENSP00000306523
MUC21,9606.ENSP00000365473
ZNF69,9606.ENSP00000467286
FBXW5,9606.ENSP00000313034
TTC34,9606.ENSP00000490537
CDC45,9606.ENSP00000405726
TYSND1,9606.ENSP00000287078
RINL,9606.ENSP00000467107
B4GALNT2,9606.ENSP00000300404
CSPG5,9606.ENSP00000373244
USP21,9606.ENSP00000356981
FZD2,9606.ENSP00000323901
BIN2,9606.ENSP00000498807
USP39,9606.ENSP00000312981
PTPN5,9606.ENSP00000351342
NPNT,9606.ENSP00000389252
DEAF1,9606.ENSP00000371846
WSCD2,9606.ENSP00000448047
ANAPC7,9606.ENSP00000394394
ANTXR1,9606.ENSP00000301945
KRT6B,9606.ENSP00000252252
KRT6A,9606.ENSP00000369317
DPYSL5,9606.ENSP00000288699
EIF3L,9606.ENSP00000499067
KRT6C,9606.ENSP00000252250
ZNF211,9606.ENSP00000299871
CPNE8,9606.ENSP00000329748
OVCH2,9606.ENSP00000484497
TRIM16,9606.ENSP00000497185
SLC1A6,9606.ENSP00000221742
CARS2,9606.ENSP00000257347
NOX1,9606.ENSP00000362057
COASY,9606.ENSP00000464814
ZNF879,9606.ENSP00000414887
TPP1,9606.ENSP00000299427
GRK1,9606.ENSP00000334876
TSBP1,9606.ENSP00000415517
IQCJ-SCHIP1,9606.ENSP00000420182
ZNF461,9606.ENSP00000467931
RTKN,9606.ENSP00000272430
SLC22A6,9606.ENSP00000367102
ZNF708,9606.ENSP00000349401
ERVMER34-1,9606.ENSP00000460602
ZKSCAN1,9606.ENSP00000323148
FAM114A1,9606.ENSP00000351740
CCDC38,9606.ENSP00000345470
ZNF529,9606.ENSP00000465578
CCDC63,9606.ENSP00000312399
SLC26A10P,9606.ENSP00000320217
CTNNBL1,9606.ENSP00000355050
MCCC2,9606.ENSP00000343657
ZNF257,9606.ENSP00000470209
ALDH4A1,9606.ENSP00000364490
NCLN,9606.ENSP00000246117
MMP25,9606.ENSP00000337816
ARSH,9606.ENSP00000370522
PGM1,9606.ENSP00000360124
AK5,9606.ENSP00000346577
FAM222B,9606.ENSP00000462419
OTOP2,9606.ENSP00000332528
ARX,9606.ENSP00000368332
PIP5K1A,9606.ENSP00000357883
AGFG1,9606.ENSP00000387282
KASH5,9606.ENSP00000404220
METTL16,9606.ENSP00000263092
ZNF460,9606.ENSP00000353491
SYTL1,9606.ENSP00000440704
SPTLC2,9606.ENSP00000216484
ZNF579,9606.ENSP00000320188
PLAT,9606.ENSP00000220809
DMRT2,9606.ENSP00000371686
SH3BP2,9606.ENSP00000424846
EFS,9606.ENSP00000216733
ZNF394,9606.ENSP00000499131
SLC38A9,9606.ENSP00000380074
TMEM209,9606.ENSP00000380747
CENPT,9606.ENSP00000457810
CES4A,9606.ENSP00000444052
ASNS,9606.ENSP00000377845
SGO1,9606.ENSP00000263753
TDRKH,9606.ENSP00000357812
NT5C2,9606.ENSP00000339479
ARID3B,9606.ENSP00000477878
CHST15,9606.ENSP00000333947
ZNF37A,9606.ENSP00000354377
HABP2,9606.ENSP00000277903
ZNF619,9606.ENSP00000411132
LRRIQ4,9606.ENSP00000342188
RSPH3,9606.ENSP00000252655
CBX4,9606.ENSP00000269397
ZNF34,9606.ENSP00000341528
LMOD3,9606.ENSP00000414670
PRIMPOL,9606.ENSP00000420860
SLC17A7,9606.ENSP00000221485
SLC49A3,9606.ENSP00000384616
CDC6,9606.ENSP00000209728
AATF,9606.ENSP00000477848
AMH,9606.ENSP00000221496
ZNF250,9606.ENSP00000292579
SLC1A7,9606.ENSP00000478639
ADGRA1,9606.ENSP00000376384
GP5,9606.ENSP00000383931
IQANK1,9606.ENSP00000489685
GK,9606.ENSP00000401720
PAK3,9606.ENSP00000353864
LRRC71,9606.ENSP00000336661
WASF1,9606.ENSP00000376367
CES2,9606.ENSP00000499140
GALNT1,9606.ENSP00000269195
PHACTR3,9606.ENSP00000360054
MSANTD2,9606.ENSP00000364118
PRKAA1,9606.ENSP00000346148
CHAF1B,9606.ENSP00000315700
SLC43A1,9606.ENSP00000278426
NXPE2,9606.ENSP00000374237
NXPE3,9606.ENSP00000273347
DNAJC11,9606.ENSP00000366800
PUF60,9606.ENSP00000434359
BORA,9606.ENSP00000479266
IFFO1,9606.ENSP00000482285
MLLT1,9606.ENSP00000252674
TBC1D24,9606.ENSP00000494678
MKS1,9606.ENSP00000376827
C9,9606.ENSP00000263408
DCAF10,9606.ENSP00000366953
YTHDF1,9606.ENSP00000359364
FMO4,9606.ENSP00000356723
GPC1,9606.ENSP00000264039
GLUD1,9606.ENSP00000277865
FANCC,9606.ENSP00000289081
ATL1,9606.ENSP00000351155
SPATS2L,9606.ENSP00000482515
ARMCX5,9606.ENSP00000474720
PODXL,9606.ENSP00000367817
DAZ2,9606.ENSP00000371802
GLUD2,9606.ENSP00000327589
GALNT16,9606.ENSP00000336729
KLHL23,9606.ENSP00000376419
CAMK2G,9606.ENSP00000319060
MARVELD2,9606.ENSP00000323264
NSRP1,9606.ENSP00000247026
CERKL,9606.ENSP00000341159
GPI,9606.ENSP00000405573
ISYNA1,9606.ENSP00000337746
ABHD16A,9606.ENSP00000379282
HNF1B,9606.ENSP00000480291
PTBP1,9606.ENSP00000349428
CPNE4,9606.ENSP00000478878
TJAP1,9606.ENSP00000361522
RALGPS1,9606.ENSP00000259351
CCT8L2,9606.ENSP00000353048
TRAF5,9606.ENSP00000261464
IK,9606.ENSP00000396301
CPNE6,9606.ENSP00000440077
CNOT6,9606.ENSP00000481893
ARIH1,9606.ENSP00000369217
IFNAR1,9606.ENSP00000270139
LGI1,9606.ENSP00000360472
TBCCD1,9606.ENSP00000411253
GATB,9606.ENSP00000263985
SLC22A5,9606.ENSP00000402760
IL1RL1,9606.ENSP00000233954
GPC4,9606.ENSP00000359864
TSGA10IP,9606.ENSP00000484252
SLC22A3,9606.ENSP00000275300
HIRIP3,9606.ENSP00000279392
PDPK1,9606.ENSP00000344220
CD19,9606.ENSP00000313419
UTP18,9606.ENSP00000225298
GALNT13,9606.ENSP00000387239
SLC22A31,9606.ENSP00000474621
HEXB,9606.ENSP00000261416
TCP1,9606.ENSP00000317334
JRK,9606.ENSP00000482410
PGS1,9606.ENSP00000262764
RAD21L1,9606.ENSP00000386414
ZNF57,9606.ENSP00000303696
ITPRIPL1,9606.ENSP00000355121
CNOT6L,9606.ENSP00000424896
PRF1,9606.ENSP00000398568
SMOX,9606.ENSP00000478305
SYT14,9606.ENSP00000486230
IRAG2,9606.ENSP00000346442
TMEM87B,9606.ENSP00000283206
EPHX2,9606.ENSP00000430269
FLVCR1,9606.ENSP00000355938
SLC22A2,9606.ENSP00000355920
NEURL1B,9606.ENSP00000358815
GPC6,9606.ENSP00000366246
ACOT12,9606.ENSP00000303246
CNKSR3,9606.ENSP00000475915
TMEM87A,9606.ENSP00000374484
FBXO33,9606.ENSP00000298097
CFAP184,9606.ENSP00000309285
PIGS,9606.ENSP00000309430
ZNF354C,9606.ENSP00000324064
ZNF205,9606.ENSP00000480401
SLC22A1,9606.ENSP00000355930
ZNF714,9606.ENSP00000478345
ZNF426,9606.ENSP00000253115
DNAJC1,9606.ENSP00000366179
CSF1,9606.ENSP00000327513
GABRA4,9606.ENSP00000264318
PIGB,9606.ENSP00000164305
IFT56,9606.ENSP00000419279
STXBP4,9606.ENSP00000365530
PRSS53,9606.ENSP00000280606
ATP5F1A,9606.ENSP00000381736
SLC45A3,9606.ENSP00000356113
GK2,9606.ENSP00000351706
GLP2R,9606.ENSP00000262441
CPNE9,9606.ENSP00000373343
MCOLN3,9606.ENSP00000359621
ZNF324,9606.ENSP00000444812
ZNF564,9606.ENSP00000340004
USP17L15,9606.ENSP00000483519
GK3,9606.ENSP00000489687
HAS3,9606.ENSP00000304440
SLC22A12,9606.ENSP00000366797
IL20RA,9606.ENSP00000314976
FOXC1,9606.ENSP00000493906
PLBD1,9606.ENSP00000240617
EGFL6,9606.ENSP00000369976
SLC22A9,9606.ENSP00000279178
CCDC85A,9606.ENSP00000384040
GRK7,9606.ENSP00000264952
HP1BP3,9606.ENSP00000403039
TXNDC2,9606.ENSP00000304908
ASPSCR1,9606.ENSP00000306625
GLYR1,9606.ENSP00000322716
GALNT14,9606.ENSP00000314500
GNS,9606.ENSP00000258145
PRKAA2,9606.ENSP00000360290
BAIAP2,9606.ENSP00000316338
ZNF404,9606.ENSP00000466051
SCARB1,9606.ENSP00000261693
SPTLC3,9606.ENSP00000381968
RIOK2,9606.ENSP00000283109
LRRC31,9606.ENSP00000325978
FAM234A,9606.ENSP00000382814
SMAD4,9606.ENSP00000341551
SLC22A24,9606.ENSP00000480336
PTBP3,9606.ENSP00000414921
MGRN1,9606.ENSP00000262370
FERRY3,9606.ENSP00000261250
CFAP210,9606.ENSP00000391504
HAS2,9606.ENSP00000306991
FGGY,9606.ENSP00000360262
EIF2AK2,9606.ENSP00000233057
RELA,9606.ENSP00000384273
KRT75,9606.ENSP00000252245
TPTE,9606.ENSP00000484403
CFAP45,9606.ENSP00000357079
IL2RB,9606.ENSP00000216223
CLCC1,9606.ENSP00000349456
GLDN,9606.ENSP00000335196
RCBTB2,9606.ENSP00000389910
SLC22A13,9606.ENSP00000310241
C10orf67,9606.ENSP00000501139
SIGLEC5,9606.ENSP00000470259
SLC22A4,9606.ENSP00000200652
MUS81,9606.ENSP00000307853
CPSF6,9606.ENSP00000266679
TRIM8,9606.ENSP00000496301
PALMD,9606.ENSP00000263174
TRAF3IP3,9606.ENSP00000355991
SLC22A11,9606.ENSP00000301891
IDS,9606.ENSP00000339801
CCDC102A,9606.ENSP00000258214
CCDC60,9606.ENSP00000333374
HOMEZ,9606.ENSP00000350049
DGCR2,9606.ENSP00000263196
DET1,9606.ENSP00000456340
SLC11A1,9606.ENSP00000233202
MIER3,9606.ENSP00000370624
PTH2R,9606.ENSP00000272847
COCH,9606.ENSP00000216361
,9606.ENSP00000470478
CTTN,9606.ENSP00000365745
ZNF382,9606.ENSP00000292928
LRIT2,9606.ENSP00000438264
SOAT1,9606.ENSP00000356591
TBC1D3K,9606.ENSP00000484181
ADGRG3,9606.ENSP00000332900
SPDYE3,9606.ENSP00000329565
TBC1D3B,9606.ENSP00000478473
SLC33A1,9606.ENSP00000496241
NECTIN3,9606.ENSP00000418070
RPS6KL1,9606.ENSP00000450567
SPNS2,9606.ENSP00000333292
GNL3,9606.ENSP00000395772
ZNF18,9606.ENSP00000315664
TBC1D3,9606.ENSP00000478683
FASTK,9606.ENSP00000297532
SOWAHA,9606.ENSP00000367965
TIGD7,9606.ENSP00000380071
TBC1D3G,9606.ENSP00000456861
TBC1D3H,9606.ENSP00000482630
TBC1D3D,9606.ENSP00000478426
FRMD1,9606.ENSP00000283309
MTMR9,9606.ENSP00000221086
ZNF266,9606.ENSP00000498589
SVOP,9606.ENSP00000479104
ERF,9606.ENSP00000222329
MGAT4B,9606.ENSP00000338487
CCT8,9606.ENSP00000286788
CPNE2,9606.ENSP00000290776
LGI3,9606.ENSP00000302297
WFIKKN1,9606.ENSP00000324763
UCKL1,9606.ENSP00000346155
EIF3D,9606.ENSP00000216190
NARS1,9606.ENSP00000256854
SLC22A7,9606.ENSP00000361666
WRAP53,9606.ENSP00000324203
NT5DC3,9606.ENSP00000376615
GTF2H1,9606.ENSP00000265963
TRIM55,9606.ENSP00000323913
BCO1,9606.ENSP00000258168
ARHGAP36,9606.ENSP00000276211
REC8,9606.ENSP00000482546
ICAM3,9606.ENSP00000160262
SCP2,9606.ENSP00000360569
GPRASP3,9606.ENSP00000403226
MON1B,9606.ENSP00000248248
SLC22A15,9606.ENSP00000358515
ACOXL,9606.ENSP00000407761
GLCCI1,9606.ENSP00000223145
NXPE1,9606.ENSP00000251921
LACTB,9606.ENSP00000261893
CLIP3,9606.ENSP00000353732
SLC38A4,9606.ENSP00000266579
SLC22A25,9606.ENSP00000307443
LMOD2,9606.ENSP00000411932
ITPRIP,9606.ENSP00000278071
DDX56,9606.ENSP00000258772
ELP3,9606.ENSP00000256398
ILDR1,9606.ENSP00000345667
AAAS,9606.ENSP00000209873
DCAF11,9606.ENSP00000415556
TXLNA,9606.ENSP00000362711
FAM124A,9606.ENSP00000280057
C1orf87,9606.ENSP00000360244
CDT1,9606.ENSP00000301019
MUTYH,9606.ENSP00000500891
ZNF783,9606.ENSP00000410890
PRPF38B,9606.ENSP00000359042
PPM1G,9606.ENSP00000342778
POTEH,9606.ENSP00000340610
CPN2,9606.ENSP00000319464
ZNF697,9606.ENSP00000396857
LGI2,9606.ENSP00000371548
ZNF77,9606.ENSP00000319053
AIRE,9606.ENSP00000291582
STK39,9606.ENSP00000348278
OIT3,9606.ENSP00000333900
KCNV2,9606.ENSP00000371514
RPUSD2,9606.ENSP00000323288
SPATS2,9606.ENSP00000448228
MIER2,9606.ENSP00000264819
RTN2,9606.ENSP00000245923
TBX4,9606.ENSP00000495986
ZKSCAN4,9606.ENSP00000366509
SUOX,9606.ENSP00000377668
PAK1,9606.ENSP00000278568
CCT3,9606.ENSP00000295688
CCDC82,9606.ENSP00000495063
ANGEL2,9606.ENSP00000355929
DBR1,9606.ENSP00000260803
NXPE4,9606.ENSP00000364627
CYP2U1,9606.ENSP00000333212
ZNF324B,9606.ENSP00000337473
P4HA3,9606.ENSP00000401749
ZNF502,9606.ENSP00000296091
WDR25,9606.ENSP00000334148
N4BP3,9606.ENSP00000274605
ZNF891,9606.ENSP00000437590
POTEB2,9606.ENSP00000456953
ZSCAN25,9606.ENSP00000377708
LPCAT2,9606.ENSP00000262134
MAPK15,9606.ENSP00000337691
COQ8B,9606.ENSP00000315118
CYP1B1,9606.ENSP00000478561
HPSE,9606.ENSP00000384262
YES1,9606.ENSP00000462468
GPR108,9606.ENSP00000264080
GJA10,9606.ENSP00000358358
ZCCHC7,9606.ENSP00000443113
ZNF280B,9606.ENSP00000485750
ZNF852,9606.ENSP00000389841
EGR1,9606.ENSP00000239938
NEFL,9606.ENSP00000482169
CHEK2,9606.ENSP00000372023
HECA,9606.ENSP00000356630
CSRNP2,9606.ENSP00000228515
ACRBP,9606.ENSP00000229243
DALRD3,9606.ENSP00000344989
EHD2,9606.ENSP00000263277
MFSD2A,9606.ENSP00000361895
KCNN1,9606.ENSP00000476519
STIP1,9606.ENSP00000351646
CCT7,9606.ENSP00000258091
PATL2,9606.ENSP00000416673
RETREG2,9606.ENSP00000395249
SLC1A3,9606.ENSP00000265113
CYP27C1,9606.ENSP00000334128
TULP1,9606.ENSP00000229771
CSGALNACT2,9606.ENSP00000363590
OGFOD1,9606.ENSP00000457258
RNF217,9606.ENSP00000428698
SLC22A8,9606.ENSP00000337335
ZNF280A,9606.ENSP00000302855
DMRTA2,9606.ENSP00000383909
PGM3,9606.ENSP00000425809
POTEC,9606.ENSP00000351856
ZNF100,9606.ENSP00000351042
LIN9,9606.ENSP00000329102
FBXW11,9606.ENSP00000265094
LRRC56,9606.ENSP00000270115
TERF2,9606.ENSP00000254942
HNRNPLL,9606.ENSP00000390625
UBOX5,9606.ENSP00000217173
CCT5,9606.ENSP00000280326
UGT8,9606.ENSP00000311648
ZNF513,9606.ENSP00000318373
NPR3,9606.ENSP00000265074
DNAAF3,9606.ENSP00000436975
CDY2A,9606.ENSP00000402280
ZNF329,9606.ENSP00000470323
ANKRD13C,9606.ENSP00000359982
ATL3,9606.ENSP00000381844
PLA2G4C,9606.ENSP00000472546
SNX27,9606.ENSP00000400333
IL18R1,9606.ENSP00000387211
SLC1A5,9606.ENSP00000444408
FTCD,9606.ENSP00000380856
SLC22A10,9606.ENSP00000327569
SLC2A10,9606.ENSP00000352216
NR5A2,9606.ENSP00000356331
TTC8,9606.ENSP00000482306
FAM20A,9606.ENSP00000468308
WLS,9606.ENSP00000346829
EHD4,9606.ENSP00000220325
RFT1,9606.ENSP00000296292
GRB14,9606.ENSP00000263915
VSIG10,9606.ENSP00000352172
ECM1,9606.ENSP00000358045
PALS2,9606.ENSP00000222644
MAVS,9606.ENSP00000401980
ZNF136,9606.ENSP00000344162
STAM,9606.ENSP00000366746
KRT73,9606.ENSP00000307014
RIPK2,9606.ENSP00000220751
ZP4,9606.ENSP00000482304
CDY1,9606.ENSP00000302968
PIP5K1B,9606.ENSP00000265382
ZNF768,9606.ENSP00000369777
UBP1,9606.ENSP00000283629
SLC2A9,9606.ENSP00000264784
COL23A1,9606.ENSP00000375069
SNTB2,9606.ENSP00000338191
CDCP2,9606.ENSP00000489959
ZNF519,9606.ENSP00000464872
GPR75,9606.ENSP00000378195
SLC39A5,9606.ENSP00000266980
CNOT2,9606.ENSP00000229195
LMBRD1,9606.ENSP00000497690
DDX28,9606.ENSP00000332340
FBXL6,9606.ENSP00000330098
GDPD2,9606.ENSP00000414019
ASIC4,9606.ENSP00000350786
KPNA5,9606.ENSP00000357552
NTNG1,9606.ENSP00000359085
SNTG2,9606.ENSP00000311837
ZNF565,9606.ENSP00000376013
ALDH7A1,9606.ENSP00000387123
CCT4,9606.ENSP00000377958
FBXO31,9606.ENSP00000310841
ZBTB7B,9606.ENSP00000406286
ENTREP2,9606.ENSP00000261275
SLC16A2,9606.ENSP00000465734
TRIM26,9606.ENSP00000410446
PCCB,9606.ENSP00000419027
ATOSB,9606.ENSP00000367823
KATNAL2,9606.ENSP00000245121
ZNF554,9606.ENSP00000321132
CLPTM1L,9606.ENSP00000313854
C8orf34,9606.ENSP00000427820
KCNK10,9606.ENSP00000312811
KPNA1,9606.ENSP00000343701
BTBD6,9606.ENSP00000376337
ERVW-1,9606.ENSP00000419945
CAPS2,9606.ENSP00000386959
SHISA7,9606.ENSP00000365503
EYA2,9606.ENSP00000333640
SAMD1,9606.ENSP00000431971
DOLK,9606.ENSP00000361667
CWF19L1,9606.ENSP00000326411
CCDC8,9606.ENSP00000303158
C14orf93,9606.ENSP00000299088
ZKSCAN3,9606.ENSP00000366465
NECTIN2,9606.ENSP00000252483
RO60,9606.ENSP00000356416
RBBP5,9606.ENSP00000264515
IL21R,9606.ENSP00000338010
ERVFRD-1,9606.ENSP00000420174
NAPRT,9606.ENSP00000401508
AJUBA,9606.ENSP00000262713
SNTB1,9606.ENSP00000378965
SPATA18,9606.ENSP00000295213
ZNF559,9606.ENSP00000468153
ZNF155,9606.ENSP00000385163
ZNF835,9606.ENSP00000444747
SLC9B2,9606.ENSP00000378265
FYN,9606.ENSP00000346671
GP2,9606.ENSP00000370767
CERK,9606.ENSP00000216264
CPNE3,9606.ENSP00000477590
PDP1,9606.ENSP00000379503
ZNF775,9606.ENSP00000330838
CARD8,9606.ENSP00000499211
CPNE1,9606.ENSP00000317257
TYRP1,9606.ENSP00000373570
LGI4,9606.ENSP00000312273
FZD4,9606.ENSP00000434034
ZNF623,9606.ENSP00000445979
SRC,9606.ENSP00000362680
KPNA6,9606.ENSP00000362728
TEX55,9606.ENSP00000295622
CARD9,9606.ENSP00000360797
PLD5,9606.ENSP00000440896
XYLB,9606.ENSP00000207870
ZNF570,9606.ENSP00000467218
ARSK,9606.ENSP00000369346
GBA1,9606.ENSP00000314508
SNW1,9606.ENSP00000451129
FANCE,9606.ENSP00000229769
ZNF737,9606.ENSP00000395733
DYNC2I2,9606.ENSP00000361800
SOCS5,9606.ENSP00000305133
PDE1B,9606.ENSP00000243052
HSF2,9606.ENSP00000357440
CCT2,9606.ENSP00000299300
SOCS6,9606.ENSP00000381034
ERVV-2,9606.ENSP00000472919
ALDH5A1,9606.ENSP00000314649
ITPRIPL2,9606.ENSP00000370849
PDE1A,9606.ENSP00000410309
ALDH6A1,9606.ENSP00000450436
EHD3,9606.ENSP00000327116
P4HA2,9606.ENSP00000384999
MGAT4A,9606.ENSP00000264968
ALPP,9606.ENSP00000375881
TBX21,9606.ENSP00000177694
NRBP1,9606.ENSP00000369192
BTNL9,9606.ENSP00000330200
INSYN2B,9606.ENSP00000366582
FMO2,9606.ENSP00000209929
SLC7A8,9606.ENSP00000320378
URI1,9606.ENSP00000376097
ANKRD34C,9606.ENSP00000401089
KRT79,9606.ENSP00000328358
ZNF480,9606.ENSP00000471754
KBTBD4,9606.ENSP00000436713
TTYH2,9606.ENSP00000269346
BEND4,9606.ENSP00000421169
NAE1,9606.ENSP00000351990
EHD1,9606.ENSP00000479153
NAGS,9606.ENSP00000293404
STK35,9606.ENSP00000370891
UGT1A3,9606.ENSP00000418532
PAX1,9606.ENSP00000381499
PSMD3,9606.ENSP00000264639
POLR3C,9606.ENSP00000334564
ZNF397,9606.ENSP00000331577
ZNF671,9606.ENSP00000321848
CCDC9B,9606.ENSP00000453969
CCDC183,9606.ENSP00000338013
ZFP69B,9606.ENSP00000354547
ACBD5,9606.ENSP00000365049
LPCAT1,9606.ENSP00000283415
P4HA1,9606.ENSP00000263556
UGT1A5,9606.ENSP00000362513
CD276,9606.ENSP00000320084
UGT1A4,9606.ENSP00000362508
TBXAS1,9606.ENSP00000389414
SLC37A1,9606.ENSP00000344648
LCP2,9606.ENSP00000046794
B4GALNT1,9606.ENSP00000341562
PHGDH,9606.ENSP00000493382
PARP3,9606.ENSP00000381740
MGAT3,9606.ENSP00000345270
NETO1,9606.ENSP00000313088
ZNF548,9606.ENSP00000337555
UGT1A1,9606.ENSP00000304845
FMO5,9606.ENSP00000254090
RPE65,9606.ENSP00000262340
RXRB,9606.ENSP00000363817
ZNF846,9606.ENSP00000380999
ZFP14,9606.ENSP00000270001
ZNF26,9606.ENSP00000333725
RBM46,9606.ENSP00000281722
KLHL33,9606.ENSP00000341549
ARSB,9606.ENSP00000264914
CHRM5,9606.ENSP00000372750
FMO1,9606.ENSP00000346901
CBX2,9606.ENSP00000308750
SLC1A4,9606.ENSP00000234256
ICAM1,9606.ENSP00000264832
ZFP82,9606.ENSP00000431265
ALPG,9606.ENSP00000295453
FCAMR,9606.ENSP00000316491
PNPLA1,9606.ENSP00000378072
FAAH2,9606.ENSP00000364035
DCLRE1B,9606.ENSP00000498042
SLC18A3,9606.ENSP00000363229
GRB7,9606.ENSP00000403459
CFAP97,9606.ENSP00000409964
ZNF350,9606.ENSP00000243644
ZIC2,9606.ENSP00000365514
CSGALNACT1,9606.ENSP00000411816
FMO3,9606.ENSP00000356729
UGT1A6,9606.ENSP00000303174
BMPR1A,9606.ENSP00000361107
SMARCD2,9606.ENSP00000392617
PHF21B,9606.ENSP00000324403
ZGPAT,9606.ENSP00000332013
RIC8A,9606.ENSP00000325941
CDC73,9606.ENSP00000356405
ASIC3,9606.ENSP00000297512
CYP4F22,9606.ENSP00000269703
CCDC9,9606.ENSP00000221922
HHLA1,9606.ENSP00000500443
PRMT3,9606.ENSP00000331879
PTBP2,9606.ENSP00000359216
ZNF837,9606.ENSP00000405699
PKM,9606.ENSP00000320171
ZNF878,9606.ENSP00000447931
DNAJC21,9606.ENSP00000371451
ZNF492,9606.ENSP00000413660
RCBTB1,9606.ENSP00000367552
ZNF701,9606.ENSP00000444339
UNCX,9606.ENSP00000314480
CCT6A,9606.ENSP00000275603
PAF1,9606.ENSP00000221265
CYP27A1,9606.ENSP00000258415
NXF3,9606.ENSP00000378504
RBM39,9606.ENSP00000253363
USP17L20,9606.ENSP00000427264
USP17L19,9606.ENSP00000425582
FSD1L,9606.ENSP00000417492
USP17L24,9606.ENSP00000422097
UGT2B17,9606.ENSP00000320401
RAI2,9606.ENSP00000444210
USP17L11,9606.ENSP00000400880
UGT1A8,9606.ENSP00000362549
UGT1A10,9606.ENSP00000343838
USP17L12,9606.ENSP00000389443
USP17L21,9606.ENSP00000422216
USP17L22,9606.ENSP00000423115
USP17L10,9606.ENSP00000403760
USP17L13,9606.ENSP00000414392
USP17L5,9606.ENSP00000425955
PSIP1,9606.ENSP00000370114
ESR2,9606.ENSP00000343925
M1AP,9606.ENSP00000290536
GMEB2,9606.ENSP00000266068
USP17L7,9606.ENSP00000485337
UGT2B15,9606.ENSP00000341045
CCT6B,9606.ENSP00000327191
CHST2,9606.ENSP00000307911
USP17L8,9606.ENSP00000485306
USP17L17,9606.ENSP00000422621
GHDC,9606.ENSP00000301671
USP17L4,9606.ENSP00000485243
HYCC2,9606.ENSP00000393667
UGT1A7,9606.ENSP00000362525
ANKRD53,9606.ENSP00000353796
USP17L18,9606.ENSP00000423503
ZNF680,9606.ENSP00000309330
USP17L3,9606.ENSP00000485323
SLC45A2,9606.ENSP00000296589
ADCK1,9606.ENSP00000238561
USP17L2,9606.ENSP00000333329
UGT1A9,9606.ENSP00000346768
NSMF,9606.ENSP00000360530
MICU3,9606.ENSP00000321455
FUT4,9606.ENSP00000351602
USP17L1,9606.ENSP00000485364
SLC29A4,9606.ENSP00000380081
LRRC27,9606.ENSP00000357603
CATSPER2,9606.ENSP00000371180
AHCYL1,9606.ENSP00000358814
NTNG2,9606.ENSP00000376921
ATP5F1B,9606.ENSP00000262030
TYR,9606.ENSP00000263321
CHRNA2,9606.ENSP00000385026
PLXDC2,9606.ENSP00000366460
PUS10,9606.ENSP00000326003
GPR161,9606.ENSP00000441039
NOP58,9606.ENSP00000264279
HSF1,9606.ENSP00000431512
ST6GAL2,9606.ENSP00000386942
KCNA6,9606.ENSP00000280684
PDP2,9606.ENSP00000309548
FGR,9606.ENSP00000363117
UGT2B28,9606.ENSP00000334276
UGT2B11,9606.ENSP00000387683
KRT74,9606.ENSP00000307240
SPINT1,9606.ENSP00000342098
HEXA,9606.ENSP00000455114
BBOF1,9606.ENSP00000377577
DEPDC1B,9606.ENSP00000265036
KPNA2,9606.ENSP00000438483
SLC3A2,9606.ENSP00000367123
UGT2B7,9606.ENSP00000304811
ENTPD3,9606.ENSP00000301825
CDSN,9606.ENSP00000365465
ZNF490,9606.ENSP00000311521
GK5,9606.ENSP00000418001
ZNF572,9606.ENSP00000319305
BAIAP2L2,9606.ENSP00000371085
SPNS1,9606.ENSP00000309945
UGT2B10,9606.ENSP00000265403
PRKCSH,9606.ENSP00000466134
UGT2B4,9606.ENSP00000305221
ASIC1,9606.ENSP00000228468
TXLNG,9606.ENSP00000369465
PPP1R16A,9606.ENSP00000292539
TH,9606.ENSP00000370571
NELFA,9606.ENSP00000445757
GPATCH2,9606.ENSP00000355902
QRSL1,9606.ENSP00000358042
ACBD3,9606.ENSP00000355777
YARS1,9606.ENSP00000362576
ZNF626,9606.ENSP00000469958
ANKDD1B,9606.ENSP00000471417
ADGRG5,9606.ENSP00000342981
ALPI,9606.ENSP00000295463
TXK,9606.ENSP00000264316
BTN2A1,9606.ENSP00000312158
ZIM2,9606.ENSP00000486502
UGT2A3,9606.ENSP00000251566
MAOA,9606.ENSP00000340684
TBCE,9606.ENSP00000495202
ZNF35,9606.ENSP00000379368
NACC1,9606.ENSP00000292431
EOGT,9606.ENSP00000373206
OXSR1,9606.ENSP00000311713
POLE2,9606.ENSP00000216367
RAG2,9606.ENSP00000478672
NLK,9606.ENSP00000384625
ZC3H12D,9606.ENSP00000386616
CAT,9606.ENSP00000241052
TOX,9606.ENSP00000354842
TBC1D19,9606.ENSP00000264866
NCF2,9606.ENSP00000356505
BTN1A1,9606.ENSP00000244513
IKZF2,9606.ENSP00000412869
ARHGEF3,9606.ENSP00000341071
GMCL2,9606.ENSP00000497178
FUS,9606.ENSP00000254108
KCNS1,9606.ENSP00000445595
LMAN1L,9606.ENSP00000310431
ALG8,9606.ENSP00000299626
REELD1,9606.ENSP00000490412
MITF,9606.ENSP00000391803
FLVCR2,9606.ENSP00000238667
CEACAM1,9606.ENSP00000161559
CCNL1,9606.ENSP00000295926
TSEN54,9606.ENSP00000327487
HCK,9606.ENSP00000365012
ZFP69,9606.ENSP00000361791
SLC18A1,9606.ENSP00000387549
BTBD2,9606.ENSP00000255608
SOWAHC,9606.ENSP00000365830
NAB2,9606.ENSP00000300131
GPATCH3,9606.ENSP00000354645
ARSG,9606.ENSP00000407193
NETO2,9606.ENSP00000455169
RPS6KB1,9606.ENSP00000225577
PMPCA,9606.ENSP00000360782
CYP4V2,9606.ENSP00000368079
HRG,9606.ENSP00000232003
PDIA2,9606.ENSP00000219406
TIGD2,9606.ENSP00000486687
SLC32A1,9606.ENSP00000217420
TEPSIN,9606.ENSP00000490393
CORO2A,9606.ENSP00000343746
KRT24,9606.ENSP00000264651
LAG3,9606.ENSP00000203629
ZNF678,9606.ENSP00000344828
USP22,9606.ENSP00000261497
MEPE,9606.ENSP00000378534
STAM2,9606.ENSP00000263904
API5,9606.ENSP00000431391
GLIS2,9606.ENSP00000262366
SLC2A2,9606.ENSP00000323568
OMA1,9606.ENSP00000360270
CDC25A,9606.ENSP00000303706
CYP4F11,9606.ENSP00000384588
LRRC1,9606.ENSP00000359925
JRKL,9606.ENSP00000333350
TXNRD2,9606.ENSP00000383365
PGBD5,9606.ENSP00000375733
CYP4F12,9606.ENSP00000448998
PSAP,9606.ENSP00000378394
LPCAT4,9606.ENSP00000317300
ALPL,9606.ENSP00000363973
ZNF479,9606.ENSP00000333776
PAK2,9606.ENSP00000314067
SLC1A1,9606.ENSP00000262352
PPP2R5C,9606.ENSP00000412324
VANGL1,9606.ENSP00000347672
ZNF683,9606.ENSP00000388792
PPP3CB,9606.ENSP00000378306
DRC3,9606.ENSP00000382140
TMEM266,9606.ENSP00000373594
KDM4D,9606.ENSP00000334181
TTYH3,9606.ENSP00000258796
RORA,9606.ENSP00000261523
EARS2,9606.ENSP00000456218
SYT10,9606.ENSP00000228567
GPT2,9606.ENSP00000345282
BTN2A2,9606.ENSP00000349143
SIAE,9606.ENSP00000263593
SLC16A6,9606.ENSP00000319991
ZNF765,9606.ENSP00000379689
MAGEE2,9606.ENSP00000362457
PSPC1,9606.ENSP00000343966
KRT71,9606.ENSP00000267119
SLC7A10,9606.ENSP00000253188
DYNC1LI1,9606.ENSP00000273130
BTD,9606.ENSP00000500193
SLC35F5,9606.ENSP00000245680
UGT3A2,9606.ENSP00000282507
UGT3A1,9606.ENSP00000274278
GLYCTK,9606.ENSP00000389175
EIF2B4,9606.ENSP00000429323
CDK17,9606.ENSP00000261211
NPEPL1,9606.ENSP00000348395
RCOR2,9606.ENSP00000301459
PRPF4,9606.ENSP00000363313
CYP26C1,9606.ENSP00000498424
ZBTB18,9606.ENSP00000351539
NPFFR2,9606.ENSP00000307822
RCC2,9606.ENSP00000364585
MAPKAP1,9606.ENSP00000265960
ANKDD1A,9606.ENSP00000325895
ZNF454,9606.ENSP00000326249
TBL1Y,9606.ENSP00000372499
SNX1,9606.ENSP00000261889
GALNS,9606.ENSP00000268695
ZNF468,9606.ENSP00000470381
GOLGA6L10,9606.ENSP00000479362
TRAF6,9606.ENSP00000433623
LRRTM1,9606.ENSP00000295057
OCLN,9606.ENSP00000347379
BTBD3,9606.ENSP00000384545
GSR,9606.ENSP00000221130
PLIN1,9606.ENSP00000300055
NUP62,9606.ENSP00000471191
TPTE2,9606.ENSP00000383089
AMIGO2,9606.ENSP00000266581
GIN1,9606.ENSP00000381970
FBXO7,9606.ENSP00000266087
CGAS,9606.ENSP00000359339
UAP1,9606.ENSP00000271469
SOAT2,9606.ENSP00000301466
TESPA1,9606.ENSP00000400892
SLC35F4,9606.ENSP00000452086
ARFGAP2,9606.ENSP00000434442
TIGD6,9606.ENSP00000296736
VANGL2,9606.ENSP00000357040
KPNA3,9606.ENSP00000261667
KPNA4,9606.ENSP00000334373
MEF2D,9606.ENSP00000271555
PNKP,9606.ENSP00000323511
CASP10,9606.ENSP00000286186
HYCC1,9606.ENSP00000403396
MSL3,9606.ENSP00000312244
RUNX2,9606.ENSP00000360493
PSAPL1,9606.ENSP00000317445
CYP11A1,9606.ENSP00000268053
VEZF1,9606.ENSP00000462337
PPP3CA,9606.ENSP00000378323
ZNF286A,9606.ENSP00000464218
D2HGDH,9606.ENSP00000315351
IL9R,9606.ENSP00000244174
CYB5R4,9606.ENSP00000358695
GADL1,9606.ENSP00000282538
SMG9,9606.ENSP00000270066
KLHDC4,9606.ENSP00000270583
MARCO,9606.ENSP00000318916
TBX22,9606.ENSP00000362393
NT5DC2,9606.ENSP00000406933
SPPL2A,9606.ENSP00000261854
DNAAF8,9606.ENSP00000299320
PFKFB3,9606.ENSP00000492001
ADRA1B,9606.ENSP00000306662
CYP4F3,9606.ENSP00000221307
CYP4F8,9606.ENSP00000477567
CREB3L2,9606.ENSP00000329140
SAMD3,9606.ENSP00000402092
SPATA2,9606.ENSP00000416799
CFAP157,9606.ENSP00000362392
HMGCS1,9606.ENSP00000322706
CYP4F2,9606.ENSP00000221700
SLC2A14,9606.ENSP00000445929
MEX3A,9606.ENSP00000432845
CACNB4,9606.ENSP00000438949
UBXN11,9606.ENSP00000363339
PNLDC1,9606.ENSP00000376007
USP3,9606.ENSP00000369681
PPIL2,9606.ENSP00000486725
KRT4,9606.ENSP00000448220
CCNL2,9606.ENSP00000383611
KRT78,9606.ENSP00000306261
VNN2,9606.ENSP00000322276
MMP28,9606.ENSP00000473853
IFNLR1,9606.ENSP00000327824
MATCAP2,9606.ENSP00000297063
OXCT1,9606.ENSP00000196371
DCAF17,9606.ENSP00000364404
DYRK4,9606.ENSP00000441755
RIC8B,9606.ENSP00000376582
MAOB,9606.ENSP00000367309
MBOAT2,9606.ENSP00000302177
TULP2,9606.ENSP00000221399
KCNG4,9606.ENSP00000312129
ZFP30,9606.ENSP00000343581
LAP3,9606.ENSP00000226299
IRX4,9606.ENSP00000482393
IKZF1,9606.ENSP00000331614
CYP4A22,9606.ENSP00000360958
PDIA5,9606.ENSP00000323313
MBTPS2,9606.ENSP00000368798
BBS4,9606.ENSP00000268057
DPYS,9606.ENSP00000276651
BANP,9606.ENSP00000376902
SNX2,9606.ENSP00000368831
CYP4A11,9606.ENSP00000311095
CREB3L1,9606.ENSP00000481956
DCT,9606.ENSP00000392762
GASK1B,9606.ENSP00000377396
TCP11L2,9606.ENSP00000299045
PLEKHA8,9606.ENSP00000397947
TTC31,9606.ENSP00000233623
RIOK3,9606.ENSP00000341874
PDZK1,9606.ENSP00000342143
GTF3C5,9606.ENSP00000361180
ZNF692,9606.ENSP00000391200
CDC20B,9606.ENSP00000370781
TRIM39,9606.ENSP00000365844
ALDH1A2,9606.ENSP00000249750
ASB3,9606.ENSP00000499751
SARS2,9606.ENSP00000472847
UTP15,9606.ENSP00000296792
MDH1B,9606.ENSP00000363533
UNC5CL,9606.ENSP00000244565
RIPK3,9606.ENSP00000216274
ATE1,9606.ENSP00000224652
MOSPD2,9606.ENSP00000369860
APEX2,9606.ENSP00000364126
FAM98A,9606.ENSP00000238823
SERINC4,9606.ENSP00000319796
TBX5,9606.ENSP00000309913
CXorf49C,9606.ENSP00000490941
BACE2,9606.ENSP00000332979
SLC60A2,9606.ENSP00000500934
ZNF449,9606.ENSP00000339585
RORC,9606.ENSP00000327025
INTS14,9606.ENSP00000498715
MFSD8,9606.ENSP00000493218
ZNF776,9606.ENSP00000321812
GFY,9606.ENSP00000459439
USP30,9606.ENSP00000257548
MUCL3,9606.ENSP00000417182
CHRNG,9606.ENSP00000498757
ALDH2,9606.ENSP00000261733
OXCT2,9606.ENSP00000361914
ZNF215,9606.ENSP00000278319
TRABD2B,9606.ENSP00000476820
LAD1,9606.ENSP00000375829
ALDH1B1,9606.ENSP00000366927
ATG13,9606.ENSP00000432412
HINFP,9606.ENSP00000318085
TBC1D22A,9606.ENSP00000336724
IFFO2,9606.ENSP00000387941
PPAT,9606.ENSP00000264220
FOXN4,9606.ENSP00000299162
RBPJL,9606.ENSP00000341243
SNTG1,9606.ENSP00000493900
SLC68A1,9606.ENSP00000238936
AEBP2,9606.ENSP00000381840
KRTAP16-1,9606.ENSP00000375147
ZNF582,9606.ENSP00000301310
RNPC3,9606.ENSP00000432886
TRIM65,9606.ENSP00000269383
GTF2F1,9606.ENSP00000377969
NECTIN1,9606.ENSP00000264025
CHRND,9606.ENSP00000258385
ZNF83,9606.ENSP00000472619
LRRTM2,9606.ENSP00000274711
CYP1A2,9606.ENSP00000342007
NOC4L,9606.ENSP00000328854
ARFGAP3,9606.ENSP00000263245
ARHGEF9,9606.ENSP00000490940
TSTD2,9606.ENSP00000342499
KPNA7,9606.ENSP00000330878
SLC16A12,9606.ENSP00000360855
DHCR24,9606.ENSP00000360316
GTPBP6,9606.ENSP00000316598
GJA9,9606.ENSP00000350415
G6PD,9606.ENSP00000377192
IFNAR2,9606.ENSP00000343957
NAGPA,9606.ENSP00000310998
FAR2,9606.ENSP00000443291
FCRL4,9606.ENSP00000271532
SLC9B1,9606.ENSP00000296422
DELE1,9606.ENSP00000396225
SLC7A6,9606.ENSP00000455064
ZNF695,9606.ENSP00000341236
SLC16A10,9606.ENSP00000357844
CTU2,9606.ENSP00000456908
GMCL1,9606.ENSP00000282570
SMARCD1,9606.ENSP00000378414
FAR1,9606.ENSP00000346874
RNF38,9606.ENSP00000259605
GPR176,9606.ENSP00000453076
STK33,9606.ENSP00000416750
AGXT2,9606.ENSP00000231420
PRSS16,9606.ENSP00000230582
PPM1H,9606.ENSP00000228705
LRRC14B,9606.ENSP00000327675
EXD1,9606.ENSP00000415056
CXorf49;,9606.ENSP00000480355
SLC60A1,9606.ENSP00000356115
ZBTB2,9606.ENSP00000323183
PLRG1,9606.ENSP00000424417
IMPDH1,9606.ENSP00000345096
CDADC1,9606.ENSP00000251108
CYP24A1,9606.ENSP00000216862
TBL1XR1,9606.ENSP00000405574
OASL,9606.ENSP00000257570
APCDD1,9606.ENSP00000347433
ANKRD34B,9606.ENSP00000339802
SLC18A2,9606.ENSP00000496339
TMEM117,9606.ENSP00000266534
SARS1,9606.ENSP00000358939
IMPDH2,9606.ENSP00000321584
CFAP53,9606.ENSP00000381553
HBP1,9606.ENSP00000222574
DKC1,9606.ENSP00000358563
ZNF723,9606.ENSP00000494306
KCNG1,9606.ENSP00000360626
ZCCHC4,9606.ENSP00000303468
ZNF395,9606.ENSP00000340494
KLF4,9606.ENSP00000363804
BTN3A1,9606.ENSP00000289361
KAT5,9606.ENSP00000340330
ACVR2A,9606.ENSP00000241416
SLC41A1,9606.ENSP00000356105
VNN1,9606.ENSP00000356905
MT-CO1,9606.ENSP00000354499
ABI2,9606.ENSP00000295851
LRRC24,9606.ENSP00000434849
SMU1,9606.ENSP00000380336
MMP27,9606.ENSP00000260229
KRT82,9606.ENSP00000257974
DMP1,9606.ENSP00000340935
TSNARE1,9606.ENSP00000303437
BMP6,9606.ENSP00000283147
TRIM27,9606.ENSP00000366404
ATP6V1B1,9606.ENSP00000234396
CCDC102B,9606.ENSP00000353377
PPP3CC,9606.ENSP00000380878
MIER1,9606.ENSP00000383820
ACVR2B,9606.ENSP00000340361
LYN,9606.ENSP00000428924
ETV3,9606.ENSP00000357175
CYP1A1,9606.ENSP00000378488
CCDC61,9606.ENSP00000471454
SLC2A7,9606.ENSP00000383698
TIGD4,9606.ENSP00000355162
RAB11FIP2,9606.ENSP00000358200
ASIC2,9606.ENSP00000225823
CYP26B1,9606.ENSP00000001146
GABRB2,9606.ENSP00000274547
ALDH1A3,9606.ENSP00000332256
DEF8,9606.ENSP00000268676
KLF11,9606.ENSP00000307023
MUC13,9606.ENSP00000485028
SPNS3,9606.ENSP00000347721
KCNA10,9606.ENSP00000358786
AMY2B,9606.ENSP00000354610
TOP6BL,9606.ENSP00000354227
CCDC125,9606.ENSP00000379754
TRIM7,9606.ENSP00000274773
PRDM11,9606.ENSP00000480626
AMY2A,9606.ENSP00000481450
ATP6V1B2,9606.ENSP00000276390
PAOX,9606.ENSP00000278060
APLF,9606.ENSP00000307004
ARCN1,9606.ENSP00000264028
BAIAP2L1,9606.ENSP00000005260
ZBTB45,9606.ENSP00000346603
CYP4B1,9606.ENSP00000360991
KCNC1,9606.ENSP00000265969
SLC7A7,9606.ENSP00000380666
KRT72,9606.ENSP00000293745
ADA2,9606.ENSP00000382731
DEPDC7,9606.ENSP00000241051
ENTPD1,9606.ENSP00000360250
INSM1,9606.ENSP00000312631
ZSCAN18,9606.ENSP00000470123
OLFM4,9606.ENSP00000219022
CNOT11,9606.ENSP00000289382
RBCK1,9606.ENSP00000348632
SYT6,9606.ENSP00000477344
FBXO15,9606.ENSP00000393154
PIAS4,9606.ENSP00000262971
LMAN1,9606.ENSP00000251047
ETV5,9606.ENSP00000306894
TOE1,9606.ENSP00000361162
ZNF75D,9606.ENSP00000359802
ZNF419,9606.ENSP00000388864
FH,9606.ENSP00000355518
NECTIN4,9606.ENSP00000356991
POLR1G,9606.ENSP00000465099
SLC16A14,9606.ENSP00000295190
TRMT5,9606.ENSP00000261249
NFIA,9606.ENSP00000360231
ZNF320,9606.ENSP00000473091
DLD,9606.ENSP00000205402
SLC2A4,9606.ENSP00000320935
CCDC181,9606.ENSP00000356780
TCP11L1,9606.ENSP00000335595
SLC16A9,9606.ENSP00000378757
CYP51A1,9606.ENSP00000003100
CYP4X1,9606.ENSP00000360968
PLA2G3,9606.ENSP00000215885
HARS1,9606.ENSP00000425634
LCK,9606.ENSP00000477713
SPAG6,9606.ENSP00000365811
LGSN,9606.ENSP00000359691
SPAM1,9606.ENSP00000345849
IKZF3,9606.ENSP00000344544
SHB,9606.ENSP00000366936
BEST2,9606.ENSP00000448310
PRIM2,9606.ENSP00000484105
DNTT,9606.ENSP00000360216
SOX9,9606.ENSP00000245479
ACVR1,9606.ENSP00000405004
HSPA14,9606.ENSP00000367623
PRAME,9606.ENSP00000445675
FARSA,9606.ENSP00000320309
FAM227B,9606.ENSP00000299338
POTEM,9606.ENSP00000448062
FAM217A,9606.ENSP00000274673
BICDL2,9606.ENSP00000459043
HMGCS2,9606.ENSP00000358414
UGP2,9606.ENSP00000338703
SRF,9606.ENSP00000265354
SREK1,9606.ENSP00000334538
CYP17A1,9606.ENSP00000358903
FCRL2,9606.ENSP00000355157
POTEG,9606.ENSP00000450853
TESMIN,9606.ENSP00000255087
TBC1D10A,9606.ENSP00000384996
GPR101,9606.ENSP00000498972
MMP19,9606.ENSP00000313437
CYP27B1,9606.ENSP00000228606
CELF2,9606.ENSP00000488422
TMEM102,9606.ENSP00000315387
EDC3,9606.ENSP00000497737
UBXN4,9606.ENSP00000272638
FRS2,9606.ENSP00000447241
ABI1,9606.ENSP00000365312
EPOR,9606.ENSP00000222139
P4HB,9606.ENSP00000327801
VRK2,9606.ENSP00000408002
NFIC,9606.ENSP00000396843
CREB5,9606.ENSP00000350359
GSDMC,9606.ENSP00000276708
TTI2,9606.ENSP00000478396
ALG6,9606.ENSP00000263440
NOVA1,9606.ENSP00000438875
CNDP1,9606.ENSP00000351682
THUMPD3,9606.ENSP00000339532
KRT85,9606.ENSP00000257901
SLC41A3,9606.ENSP00000326070
SLC2A6,9606.ENSP00000360966
RASSF10,9606.ENSP00000485526
TOM1L2,9606.ENSP00000368818
POGLUT3,9606.ENSP00000315386
XPNPEP3,9606.ENSP00000349658
IL17REL,9606.ENSP00000374633
LDHD,9606.ENSP00000300051
UAP1L1,9606.ENSP00000386935
MATK,9606.ENSP00000378485
BPIFC,9606.ENSP00000380594
SLC30A1,9606.ENSP00000355968
NUP54,9606.ENSP00000264883
MEF2A,9606.ENSP00000453095
MKRN3,9606.ENSP00000313881
SLC7A5,9606.ENSP00000261622
ARSA,9606.ENSP00000216124
KDM4E,9606.ENSP00000397239
SLC71A2,9606.ENSP00000364493
HARS2,9606.ENSP00000494965
PLEKHD1,9606.ENSP00000317175
NEK3,9606.ENSP00000484443
CDK5RAP3,9606.ENSP00000438886
BTBD16,9606.ENSP00000260723
SLC38A2,9606.ENSP00000256689
CDYL2,9606.ENSP00000476295
TUB,9606.ENSP00000305426
NOSTRIN,9606.ENSP00000394051
NOS1AP,9606.ENSP00000355133
NAP1L3,9606.ENSP00000362171
ZNF157,9606.ENSP00000366273
GCM2,9606.ENSP00000368805
GABRE,9606.ENSP00000359353
CYP7B1,9606.ENSP00000310721
PLD4,9606.ENSP00000438677
RTCB,9606.ENSP00000216038
CHRNA3,9606.ENSP00000315602
PDIA3,9606.ENSP00000300289
FRK,9606.ENSP00000476145
TBC1D22B,9606.ENSP00000362590
PFKFB2,9606.ENSP00000356047
FOXO4,9606.ENSP00000363377
FTO,9606.ENSP00000418823
PPARG,9606.ENSP00000287820
ATF2,9606.ENSP00000264110
PODNL1,9606.ENSP00000442553
PAX7,9606.ENSP00000364524
PCYOX1,9606.ENSP00000387654
WASL,9606.ENSP00000223023
SLC16A5,9606.ENSP00000390564
CYP4Z1,9606.ENSP00000334246
CAMKK1,9606.ENSP00000371188
SNTA1,9606.ENSP00000217381
SAXO5,9606.ENSP00000355241
KLHL42,9606.ENSP00000370671
ANXA11,9606.ENSP00000398610
PPM1J,9606.ENSP00000308926
ASIC5,9606.ENSP00000442477
FAM114A2,9606.ENSP00000341597
ACVR1B,9606.ENSP00000442656
KRT81,9606.ENSP00000369349
OSGIN2,9606.ENSP00000396445
TRABD2A,9606.ENSP00000387075
BLK,9606.ENSP00000259089
DMRTA1,9606.ENSP00000319651
TAB1,9606.ENSP00000216160
CYP7A1,9606.ENSP00000301645
YAP1,9606.ENSP00000478927
PSMD5,9606.ENSP00000210313
MYOC,9606.ENSP00000037502
DOK7,9606.ENSP00000344432
PRPF19,9606.ENSP00000227524
DNAJC3,9606.ENSP00000473631
TRMT2B,9606.ENSP00000362027
TMEM175,9606.ENSP00000264771
FGFRL1,9606.ENSP00000381498
PNPLA2,9606.ENSP00000337701
PIGW,9606.ENSP00000482202
SIRPA,9606.ENSP00000478763
ONECUT2,9606.ENSP00000419185
SHMT2,9606.ENSP00000333667
AMIGO3,9606.ENSP00000323096
KLC3,9606.ENSP00000375810
SRP54,9606.ENSP00000451818
ZNF596,9606.ENSP00000381613
SLC16A8,9606.ENSP00000321735
CYP2S1,9606.ENSP00000308032
SLC36A4,9606.ENSP00000317382
HHATL,9606.ENSP00000405423
SLC38A3,9606.ENSP00000481301
MFSD2B,9606.ENSP00000342501
ZNF730,9606.ENSP00000472959
NMD3,9606.ENSP00000417559
TGFBR1,9606.ENSP00000447297
ZBTB37,9606.ENSP00000356674
THUMPD2,9606.ENSP00000423933
EZHIP,9606.ENSP00000342680
CYP3A7,9606.ENSP00000337450
IRF7,9606.ENSP00000380697
ANGPT4,9606.ENSP00000371347
CYP3A43,9606.ENSP00000222382
ACVRL1,9606.ENSP00000373574
AGBL4,9606.ENSP00000360905
TCP11,9606.ENSP00000501201
BIVM,9606.ENSP00000257336
LEMD2,9606.ENSP00000293760
CYP19A1,9606.ENSP00000379683
CYP3A4,9606.ENSP00000498939
WIPF1,9606.ENSP00000376330
NRF1,9606.ENSP00000342351
CYP11B1,9606.ENSP00000292427
CYP11B2,9606.ENSP00000325822
CHRNA7,9606.ENSP00000407546
CDK19,9606.ENSP00000357907
IL17RB,9606.ENSP00000288167
CYP2J2,9606.ENSP00000360247
ZC3HC1,9606.ENSP00000351052
WASF3,9606.ENSP00000335055
UBAP1,9606.ENSP00000486574
BMPR1B,9606.ENSP00000401907
P4HTM,9606.ENSP00000341422
CYP3A5,9606.ENSP00000222982
POGLUT2,9606.ENSP00000365172
CHRNB2,9606.ENSP00000357461
ZFP3,9606.ENSP00000320347
TFCP2,9606.ENSP00000257915
WAS,9606.ENSP00000365891
NFIX,9606.ENSP00000380781
TCP11X2,9606.ENSP00000392879
ANKUB1,9606.ENSP00000417635
SGSH,9606.ENSP00000314606
ADAT1,9606.ENSP00000310015
PM20D1,9606.ENSP00000356104
GDF5,9606.ENSP00000363492
CAMKV,9606.ENSP00000419195
LENG9,9606.ENSP00000479355
IRX3,9606.ENSP00000331608
NRBP2,9606.ENSP00000414055
CHRNB1,9606.ENSP00000304290
SF3A3,9606.ENSP00000362110
TRAF2,9606.ENSP00000247668
GYG2,9606.ENSP00000370555
SLC37A2,9606.ENSP00000311833
ALDH1A1,9606.ENSP00000297785
CYP2R1,9606.ENSP00000334592
SLC7A11,9606.ENSP00000280612
RFTN2,9606.ENSP00000295049
SLC2A5,9606.ENSP00000366641
ARMC6,9606.ENSP00000444156
DRC5,9606.ENSP00000360560
SEPSECS,9606.ENSP00000371535
ACCS,9606.ENSP00000263776
CYP8B1,9606.ENSP00000318867
DARS1,9606.ENSP00000264161
PWP1,9606.ENSP00000387365
FOXC2,9606.ENSP00000497759
SPEM2,9606.ENSP00000328061
KCNJ3,9606.ENSP00000295101
BACE1,9606.ENSP00000318585
IQCM,9606.ENSP00000490518
PDHX,9606.ENSP00000227868
B3GALNT2,9606.ENSP00000355559
SHISA6,9606.ENSP00000390084
NFKBIE,9606.ENSP00000275015
CRISPLD1,9606.ENSP00000262207
BTNL8,9606.ENSP00000342197
TRIM4,9606.ENSP00000348216
LRP11,9606.ENSP00000239367
POU3F3,9606.ENSP00000355001
PYROXD1,9606.ENSP00000240651
ZBTB34,9606.ENSP00000362551
TCFL5,9606.ENSP00000334294
PLXDC1,9606.ENSP00000323927
SLC24A5,9606.ENSP00000341550
CYP46A1,9606.ENSP00000261835
LIPG,9606.ENSP00000261292
ENDOD1,9606.ENSP00000278505
SERPING1,9606.ENSP00000278407
SLC16A1,9606.ENSP00000441065
PLAG1,9606.ENSP00000325546
CEP57,9606.ENSP00000317902
KCNV1,9606.ENSP00000435954
FAM83F,9606.ENSP00000330432
ZNF689,9606.ENSP00000287461
ABAT,9606.ENSP00000379845
TRIM69,9606.ENSP00000453177
NPTXR,9606.ENSP00000327545
RBPJ,9606.ENSP00000345206
PTGIS,9606.ENSP00000244043
CLK2,9606.ENSP00000357345
ZNF439,9606.ENSP00000305077
TEKTL1,9606.ENSP00000292574
CDC20,9606.ENSP00000361540
LIPC,9606.ENSP00000299022
PRPF31,9606.ENSP00000324122
PKMYT1,9606.ENSP00000262300
ZNF253,9606.ENSP00000468720
GSPT1,9606.ENSP00000398131
ETNPPL,9606.ENSP00000296486
ZNF727,9606.ENSP00000485448
SIGLEC8,9606.ENSP00000321077
PPP5C,9606.ENSP00000012443
LILRA4,9606.ENSP00000291759
KCNK5,9606.ENSP00000352527
INA,9606.ENSP00000358865
SERPIND1,9606.ENSP00000215727
KCNA2,9606.ENSP00000487785
CAMK2D,9606.ENSP00000425824
CHRNB4,9606.ENSP00000261751
FSCN3,9606.ENSP00000265825
NMT2,9606.ENSP00000367407
AMZ1,9606.ENSP00000308149
PHF10,9606.ENSP00000341805
TRIM22,9606.ENSP00000369299
ZNF682,9606.ENSP00000380351
WASF2,9606.ENSP00000483313
CDC14B,9606.ENSP00000364389
MYOT,9606.ENSP00000239926
ANGPT1,9606.ENSP00000428340
B3GLCT,9606.ENSP00000343002
ZNF497,9606.ENSP00000311183
IRF5,9606.ENSP00000418037
ZNF79,9606.ENSP00000362446
TCHP,9606.ENSP00000324404
CYP26A1,9606.ENSP00000224356
XIAP,9606.ENSP00000360242
SLC19A2,9606.ENSP00000236137
SLC17A4,9606.ENSP00000367137
RETREG1,9606.ENSP00000304642
ADPGK,9606.ENSP00000312250
PPP2R5B,9606.ENSP00000164133
CYP2D6,9606.ENSP00000496150
MORN1,9606.ENSP00000367792
CRISPLD2,9606.ENSP00000262424
TRMT6,9606.ENSP00000203001
GLRB,9606.ENSP00000264428
GDAP2,9606.ENSP00000358451
RBMY1B,9606.ENSP00000372484
PRCP,9606.ENSP00000377055
SGK3,9606.ENSP00000379842
SMAD6,9606.ENSP00000288840
ZSCAN5A,9606.ENSP00000375593
RBMY1D,9606.ENSP00000372127
SLC2A11,9606.ENSP00000483038
TCAIM,9606.ENSP00000341539
RBMY1E,9606.ENSP00000372105
MATN1,9606.ENSP00000362870
CDK16,9606.ENSP00000276052
SLC38A12,9606.ENSP00000334849
FZR1,9606.ENSP00000378529
GSDME,9606.ENSP00000339587
SLC2A3,9606.ENSP00000075120
DOK3,9606.ENSP00000349727
ANKRD34A,9606.ENSP00000475189
GPT,9606.ENSP00000378408
FIZ1,9606.ENSP00000221665
NMT1,9606.ENSP00000468424
RBMY1A1,9606.ENSP00000372154
RBMY1F,9606.ENSP00000250831
FSD1,9606.ENSP00000221856
NOTUM,9606.ENSP00000387310
PLAGL2,9606.ENSP00000246229
ANGPT2,9606.ENSP00000314897
SLC19A3,9606.ENSP00000495385
KCNA1,9606.ENSP00000371985
CD5,9606.ENSP00000342681
FOXD2,9606.ENSP00000335493
CRNN,9606.ENSP00000271835
TEDC1,9606.ENSP00000376307
ZBTB8B,9606.ENSP00000476499
RGS7,9606.ENSP00000355523
FKRP,9606.ENSP00000326570
ZNF716,9606.ENSP00000394248
EFCAB14,9606.ENSP00000361001
RAD18,9606.ENSP00000264926
SCARA5,9606.ENSP00000346990
NUFIP1,9606.ENSP00000368459
SHE,9606.ENSP00000307369
ZSCAN5B,9606.ENSP00000466072
ENTPD8,9606.ENSP00000360561
CYP21A2,9606.ENSP00000496625
RCOR3,9606.ENSP00000413929
ENTPD2,9606.ENSP00000347213
ZNF212,9606.ENSP00000338572
MBOAT1,9606.ENSP00000324944
MNS1,9606.ENSP00000260453
A1BG,9606.ENSP00000263100
SLC17A5,9606.ENSP00000348019
DCAF4,9606.ENSP00000351147
SMTNL1,9606.ENSP00000432651
ALDH9A1,9606.ENSP00000346827
PCYOX1L,9606.ENSP00000274569
CYP2A13,9606.ENSP00000332679
GPR135,9606.ENSP00000378548
CHRNA6,9606.ENSP00000276410
WDR37,9606.ENSP00000263150
POLM,9606.ENSP00000379174
KRT12,9606.ENSP00000251643
CYP2A6,9606.ENSP00000301141
SLC37A3,9606.ENSP00000321498
ANKRD33B,9606.ENSP00000296657
ARHGAP19,9606.ENSP00000351333
SNPH,9606.ENSP00000371291
NAF1,9606.ENSP00000274054
SRSF4,9606.ENSP00000362900
ONECUT3,9606.ENSP00000371786
ZFP36L2,9606.ENSP00000282388
DNAJC7,9606.ENSP00000406463
KCNF1,9606.ENSP00000295082
USP14,9606.ENSP00000261601
UGDH,9606.ENSP00000319501
ITGBL1,9606.ENSP00000365351
CYP2A7,9606.ENSP00000301146
ZSCAN30,9606.ENSP00000392371
EFEMP1,9606.ENSP00000378058
LRRC14,9606.ENSP00000292524
MLYCD,9606.ENSP00000262430
TMCO6,9606.ENSP00000252100
PLTP,9606.ENSP00000417138
HHAT,9606.ENSP00000438468
CETP,9606.ENSP00000200676
TRIM5,9606.ENSP00000369373
PIGV,9606.ENSP00000363260
ACVR1C,9606.ENSP00000243349
GGT6,9606.ENSP00000370962
ANGPTL2,9606.ENSP00000362524
CHRNE,9606.ENSP00000497829
PEPD,9606.ENSP00000244137
VIPAS39,9606.ENSP00000452181
CDKL2,9606.ENSP00000306340
DUS2,9606.ENSP00000455229
KRT83,9606.ENSP00000293670
CSAD,9606.ENSP00000267085
PKDCC,9606.ENSP00000294964
CYP2E1,9606.ENSP00000440689
CABYR,9606.ENSP00000483621
FSCN1,9606.ENSP00000371798
ARIH2,9606.ENSP00000348769
TMEM145,9606.ENSP00000301204
TRIM35,9606.ENSP00000301924
AMIGO1,9606.ENSP00000358880
ATG14,9606.ENSP00000247178
NOVA2,9606.ENSP00000263257
HSF4,9606.ENSP00000430947
TMPRSS2,9606.ENSP00000381588
ZNF517,9606.ENSP00000353058
KRABD2,9606.ENSP00000494883
SLC39A14,9606.ENSP00000370635
SVOPL,9606.ENSP00000405482
PPIL4,9606.ENSP00000253329
FSCN2,9606.ENSP00000334665
SLC2A1,9606.ENSP00000416293
GABRA3,9606.ENSP00000359337
PYHIN1,9606.ENSP00000357122
TOM1,9606.ENSP00000413697
KANSL2,9606.ENSP00000415436
GTPBP3,9606.ENSP00000351644
FRS3,9606.ENSP00000362109
TMEM39B,9606.ENSP00000338165
POFUT4,9606.ENSP00000361932
PRDM7,9606.ENSP00000496449
DPP7,9606.ENSP00000360635
DYNC1LI2,9606.ENSP00000258198
SESN1,9606.ENSP00000393762
SESN3,9606.ENSP00000441927
ANKH,9606.ENSP00000284268
FOXO6,9606.ENSP00000493184
ALG11,9606.ENSP00000430236
RABGEF1,9606.ENSP00000370208
CYP2B6,9606.ENSP00000324648
SLC43A3,9606.ENSP00000434515
FGB,9606.ENSP00000306099
KATNA1,9606.ENSP00000356381
ZSCAN22,9606.ENSP00000332433
MB21D2,9606.ENSP00000376246
MDM2,9606.ENSP00000258149
LARP6,9606.ENSP00000299213
STK3,9606.ENSP00000429744
CYP2F1,9606.ENSP00000333534
FBXL7,9606.ENSP00000423630
GPS1,9606.ENSP00000376167
PRCC,9606.ENSP00000271526
CBLL1,9606.ENSP00000401277
FDXR,9606.ENSP00000416515
LETM2,9606.ENSP00000369291
IPPK,9606.ENSP00000287996
TMEM200A,9606.ENSP00000376224
ZNF655,9606.ENSP00000393876
SYT9,9606.ENSP00000324419
ANGPTL1,9606.ENSP00000234816
NAMPT,9606.ENSP00000222553
SERPINF2,9606.ENSP00000321853
KCNS3,9606.ENSP00000385968
KRT39,9606.ENSP00000347823
MDM4,9606.ENSP00000356150
THRA,9606.ENSP00000264637
STEAP2,9606.ENSP00000378119
CYP2C19,9606.ENSP00000360372
LMBR1,9606.ENSP00000326604
CYP2C18,9606.ENSP00000285979
SP8,9606.ENSP00000408792
AP5M1,9606.ENSP00000261558
SUSD4,9606.ENSP00000344219
CLEC14A,9606.ENSP00000353013
CLK3,9606.ENSP00000378505
SLC71A1,9606.ENSP00000359171
KATNAL1,9606.ENSP00000369989
CYP2C9,9606.ENSP00000260682
TC2N,9606.ENSP00000387882
FOXN3,9606.ENSP00000343288
TEKT3,9606.ENSP00000379263
SMYD1,9606.ENSP00000393453
RSL1D1,9606.ENSP00000460871
TPH2,9606.ENSP00000329093
IFIT3,9606.ENSP00000360876
PLEKHO2,9606.ENSP00000326706
CYP2C8,9606.ENSP00000360317
CYP2W1,9606.ENSP00000310149
PLD3,9606.ENSP00000387050
ZNF772,9606.ENSP00000341165
FOXG1,9606.ENSP00000339004
CORO1B,9606.ENSP00000340211
PMPCB,9606.ENSP00000249269
ZNF71,9606.ENSP00000328245
ANTXR2,9606.ENSP00000306185
SPRTN,9606.ENSP00000295050
LILRA1,9606.ENSP00000251372
NTN5,9606.ENSP00000270235
DPH2,9606.ENSP00000255108
IFNGR1,9606.ENSP00000356713
UBXN7,9606.ENSP00000296328
PRKAG3,9606.ENSP00000397133
LMBR1L,9606.ENSP00000267102
SPATA6,9606.ENSP00000360913
DGAT1,9606.ENSP00000482264
F10,9606.ENSP00000364709
STEAP3,9606.ENSP00000376822
MMP11,9606.ENSP00000215743
ANXA7,9606.ENSP00000362010
SRMS,9606.ENSP00000217188
TRIM6,9606.ENSP00000369440
CCDC77,9606.ENSP00000239830
HSPBAP1,9606.ENSP00000302562
TMEM39A,9606.ENSP00000326063
HDAC2,9606.ENSP00000430432
ALG12,9606.ENSP00000333813
LRRC74A,9606.ENSP00000377369
ZNF345,9606.ENSP00000431202
TRIM34,9606.ENSP00000346916
DPEP3,9606.ENSP00000500237
PTGER4,9606.ENSP00000302846
ZDHHC14,9606.ENSP00000352821
TOX2,9606.ENSP00000344724
HLX,9606.ENSP00000355870
ZBTB32,9606.ENSP00000376035
NAB1,9606.ENSP00000336894
BPI,9606.ENSP00000262865
STK4,9606.ENSP00000361892
HRH1,9606.ENSP00000380247
TRIM50,9606.ENSP00000327994
LPCAT3,9606.ENSP00000261407
SLC7A9,9606.ENSP00000023064
SLC38A1,9606.ENSP00000449756
ALDH8A1,9606.ENSP00000265605
MINPP1,9606.ENSP00000361064
ZIK1,9606.ENSP00000472867
TMEM161B,9606.ENSP00000426354
SLC16A4,9606.ENSP00000358794
PTDSS2,9606.ENSP00000308258
C1RL,9606.ENSP00000266542
APBB3,9606.ENSP00000346378
PACSIN2,9606.ENSP00000263246
NR1H4,9606.ENSP00000447149
GAL3ST4,9606.ENSP00000353142
MATN3,9606.ENSP00000383894
FOXRED1,9606.ENSP00000263578
STK32C,9606.ENSP00000298630
CHST7,9606.ENSP00000276055
KMO,9606.ENSP00000355517
KRT86,9606.ENSP00000444533
HCLS1,9606.ENSP00000320176
HEXD,9606.ENSP00000337854
DPEP2,9606.ENSP00000458977
PPP2R5A,9606.ENSP00000261461
MECP2,9606.ENSP00000395535
ZNF561,9606.ENSP00000303915
TRIM58,9606.ENSP00000355437
CELF4,9606.ENSP00000410584
CELF1,9606.ENSP00000436864
CELF5,9606.ENSP00000292672
BCL2L13,9606.ENSP00000480836
RNF8,9606.ENSP00000362578
PDCD7,9606.ENSP00000204549
WDR13,9606.ENSP00000365919
NLE1,9606.ENSP00000413572
DNPEP,9606.ENSP00000431076
ZNF165,9606.ENSP00000366542
TRIM68,9606.ENSP00000300747
POLG2,9606.ENSP00000442563
SLC30A10,9606.ENSP00000355893
ZNF577,9606.ENSP00000301399
RCOR1,9606.ENSP00000262241
ZDHHC1,9606.ENSP00000340299
ALDH3A2,9606.ENSP00000345774
ZNF639,9606.ENSP00000325634
SPAG8,9606.ENSP00000340982
TEKT5,9606.ENSP00000283025
OLFM1,9606.ENSP00000360858
ZSWIM1,9606.ENSP00000361601
SRSF11,9606.ENSP00000359988
ADSL,9606.ENSP00000485525
THNSL2,9606.ENSP00000327323
CACNB3,9606.ENSP00000301050
GSDMD,9606.ENSP00000433209
DRC2,9606.ENSP00000312706
ENTPD6,9606.ENSP00000365840
SP9,9606.ENSP00000378418
PIGA,9606.ENSP00000369820
HEMGN,9606.ENSP00000259456
CTSF,9606.ENSP00000310832
SUFU,9606.ENSP00000358918
ARHGEF35,9606.ENSP00000367355
CLK1,9606.ENSP00000394734
BPIFB1,9606.ENSP00000253354
TENT2,9606.ENSP00000397563
NEU4,9606.ENSP00000320318
ETV4,9606.ENSP00000321835
ICA1,9606.ENSP00000403982
MROH8,9606.ENSP00000339971
IRX5,9606.ENSP00000378132
ZNF117,9606.ENSP00000282869
CCDC47,9606.ENSP00000225726
SLC36A2,9606.ENSP00000334223
SHMT1,9606.ENSP00000318868
MMP20,9606.ENSP00000260228
ZNF774,9606.ENSP00000346348
PRAMEF12,9606.ENSP00000350358
PGD,9606.ENSP00000270776
LILRA2,9606.ENSP00000375618
WIPF3,9606.ENSP00000242140
GSK3A,9606.ENSP00000222330
DDX49,9606.ENSP00000247003
SMARCD3,9606.ENSP00000262188
UPF3B,9606.ENSP00000276201
DDX6,9606.ENSP00000478754
ACOT2,9606.ENSP00000238651
DDX25,9606.ENSP00000263576
ATP6V1H,9606.ENSP00000352522
SEPTIN8,9606.ENSP00000367991
KRT8,9606.ENSP00000449404
ATF7,9606.ENSP00000399465
ERLEC1,9606.ENSP00000185150
IFIT5,9606.ENSP00000360860
ZNF223,9606.ENSP00000401947
C3AR1,9606.ENSP00000302079
ICA1L,9606.ENSP00000478645
ZRSR2,9606.ENSP00000303015
DUSP10,9606.ENSP00000355866
SYNC,9606.ENSP00000386439
BHLHE41,9606.ENSP00000242728
TYMP,9606.ENSP00000379038
DBT,9606.ENSP00000359151
GPATCH2L,9606.ENSP00000261530
PDE7A,9606.ENSP00000385632
MKRN1,9606.ENSP00000255977
BTNL2,9606.ENSP00000390613
CCZ1B,9606.ENSP00000314544
G3BP2,9606.ENSP00000352738
BTBD1,9606.ENSP00000261721
HDAC1,9606.ENSP00000362649
RPS6KB2,9606.ENSP00000308413
HYAL4,9606.ENSP00000223026
LILRA6,9606.ENSP00000379651
TRIM10,9606.ENSP00000397073
ADAMTSL5,9606.ENSP00000327608
TRMT13,9606.ENSP00000359160
GPR37L1,9606.ENSP00000356251
CLK4,9606.ENSP00000316948
PI4K2B,9606.ENSP00000264864
LBP,9606.ENSP00000217407
DOK1,9606.ENSP00000233668
CELF6,9606.ENSP00000287202
OTUD1,9606.ENSP00000365678
RASGEF1A,9606.ENSP00000363583
AFG1L,9606.ENSP00000357973
C9orf72,9606.ENSP00000482753
ACOD1,9606.ENSP00000366682
HTR2B,9606.ENSP00000258400
PUS3,9606.ENSP00000227474
ZNF177,9606.ENSP00000415070
AKT2,9606.ENSP00000375892
AGFG2,9606.ENSP00000300176
PNPLA3,9606.ENSP00000216180
AKT1,9606.ENSP00000451828
DDC,9606.ENSP00000403644
NR6A1,9606.ENSP00000420267
CTSA,9606.ENSP00000361562
UQCRC1,9606.ENSP00000203407
DNAJA3,9606.ENSP00000262375
PXYLP1,9606.ENSP00000286353
ACSM6,9606.ENSP00000340296
GATA2,9606.ENSP00000345681
IRX1,9606.ENSP00000305244
EDIL3,9606.ENSP00000296591
OSBPL2,9606.ENSP00000316649
SESN2,9606.ENSP00000253063
MFSD12,9606.ENSP00000347583
CFLAR,9606.ENSP00000312455
PROSER3,9606.ENSP00000380116
KLF10,9606.ENSP00000285407
GRSF1,9606.ENSP00000254799
RBM42,9606.ENSP00000262633
CORO2B,9606.ENSP00000261861
HTRA1,9606.ENSP00000357980
UMPS,9606.ENSP00000232607
ZNF500,9606.ENSP00000219478
RHCG,9606.ENSP00000268122
HTR7,9606.ENSP00000337949
CASP8,9606.ENSP00000351273
PRAMEF19,9606.ENSP00000365269
INSYN2A,9606.ENSP00000429763
AK8,9606.ENSP00000298545
ERG,9606.ENSP00000414150
PAIP1,9606.ENSP00000302768
CHST3,9606.ENSP00000362207
GABRR1,9606.ENSP00000412673
POFUT3,9606.ENSP00000332757
POU2F2,9606.ENSP00000431603
PPM1B,9606.ENSP00000282412
DDX19B,9606.ENSP00000399208
CHRNA9,9606.ENSP00000312663
TMEM161A,9606.ENSP00000162044
FBXL16,9606.ENSP00000380746
ZNF525,9606.ENSP00000417696
PAX3,9606.ENSP00000375921
PI4K2A,9606.ENSP00000359665
UTP3,9606.ENSP00000254803
AKT3,9606.ENSP00000500582
BCL6B,9606.ENSP00000293805
TFCP2L1,9606.ENSP00000263707
PRAMEF18,9606.ENSP00000485473
CHRM4,9606.ENSP00000409378
PRAMEF25,9606.ENSP00000481683
NOP53,9606.ENSP00000246802
PRAMEF4,9606.ENSP00000235349
ZNF207,9606.ENSP00000378165
IFIT1,9606.ENSP00000360869
VTN,9606.ENSP00000226218
OLFM3,9606.ENSP00000345192
BTBD17,9606.ENSP00000364515
SLC49A4,9606.ENSP00000261038
SLC16A7,9606.ENSP00000448071
DRC4,9606.ENSP00000268699
FAM83E,9606.ENSP00000263266
ZSCAN26,9606.ENSP00000485228
PRAMEF27,9606.ENSP00000393136
GTF2A1L,9606.ENSP00000384597
ZNF718,9606.ENSP00000480556
HTR3A,9606.ENSP00000347754
PTX4,9606.ENSP00000445277
PRAMEF11,9606.ENSP00000480027
FOXD3,9606.ENSP00000360157
POC1B,9606.ENSP00000323302
CABLES2,9606.ENSP00000279101
ZNF410,9606.ENSP00000407130
MGAT4C,9606.ENSP00000481096
DDX19A,9606.ENSP00000306117
OPN4,9606.ENSP00000361141
SHPK,9606.ENSP00000225519
CAMK2A,9606.ENSP00000500386
SCARB2,9606.ENSP00000264896
GDF10,9606.ENSP00000464145
METAP2,9606.ENSP00000325312
ABTB1,9606.ENSP00000232744
YARS2,9606.ENSP00000320658
OTOL1,9606.ENSP00000330808
OSGIN1,9606.ENSP00000355374
CAP2,9606.ENSP00000229922
ETV1,9606.ENSP00000405327
TRIM72,9606.ENSP00000312675
MEIS2,9606.ENSP00000453793
SLC25A24,9606.ENSP00000457733
ENPP5,9606.ENSP00000360436
DRD5,9606.ENSP00000306129
TRIM17,9606.ENSP00000355658
NARS2,9606.ENSP00000281038
SLC10A3,9606.ENSP00000263512
TMCC3,9606.ENSP00000261226
KCNS2,9606.ENSP00000287042
ADRB1,9606.ENSP00000358301
MMP3,9606.ENSP00000299855
MYBPH,9606.ENSP00000255416
MAZ,9606.ENSP00000219782
OC90,9606.ENSP00000254627
PPOX,9606.ENSP00000356978
GCGR,9606.ENSP00000383558
TRMT61B,9606.ENSP00000302801
ERVV-1,9606.ENSP00000473153
ZNF622,9606.ENSP00000310042
SLC2A8,9606.ENSP00000362469
CPVL,9606.ENSP00000387164
TRIP6,9606.ENSP00000200457
NYX,9606.ENSP00000340328
ZNF563,9606.ENSP00000293725
TOM1L1,9606.ENSP00000460823
SLC36A1,9606.ENSP00000243389
NOXA1,9606.ENSP00000342848
CIAO3,9606.ENSP00000251588
PRAMEF5,9606.ENSP00000480122
RBM45,9606.ENSP00000286070
GAS7,9606.ENSP00000407552
DCDC2,9606.ENSP00000367715
AGT,9606.ENSP00000355627
CPE,9606.ENSP00000386104
WDSUB1,9606.ENSP00000387078
GPKOW,9606.ENSP00000156109
MICU1,9606.ENSP00000493232
HTRA4,9606.ENSP00000305919
TFEB,9606.ENSP00000351742
PRAMEF6,9606.ENSP00000365360
EVX2,9606.ENSP00000312385
CHEK1,9606.ENSP00000391090
UPF3A,9606.ENSP00000364448
MMP10,9606.ENSP00000279441
RAB3IP,9606.ENSP00000447300
DMKN,9606.ENSP00000342012
RNMT,9606.ENSP00000466111
CAMK1G,9606.ENSP00000009105
TINAG,9606.ENSP00000259782
SEC61A1,9606.ENSP00000243253
EGR2,9606.ENSP00000242480
CHIA,9606.ENSP00000358755
SEC61A2,9606.ENSP00000298428
ESS2,9606.ENSP00000252137
TUBE1,9606.ENSP00000357651
LTV1,9606.ENSP00000356548
ASZ1,9606.ENSP00000284629
METTL25B,9606.ENSP00000357199
TMEM181,9606.ENSP00000356057
ARHGAP15,9606.ENSP00000295095
TMEM44,9606.ENSP00000376227
FEZF1,9606.ENSP00000411145
UBQLNL,9606.ENSP00000369531
SLC29A3,9606.ENSP00000362285
ATXN10,9606.ENSP00000252934
RRP9,9606.ENSP00000232888
SLC46A2,9606.ENSP00000363345
ZMPSTE24,9606.ENSP00000361845
BTBD10,9606.ENSP00000431186
PRAMEF20,9606.ENSP00000346275
ERMAP,9606.ENSP00000361595
RTL3,9606.ENSP00000316794
TTC29,9606.ENSP00000423505
ZNF383,9606.ENSP00000340132
CAP1,9606.ENSP00000361883
PARS2,9606.ENSP00000360327
ZNF296,9606.ENSP00000302770
LPL,9606.ENSP00000497642
U2AF2,9606.ENSP00000307863
TRIM62,9606.ENSP00000291416
DHCR7,9606.ENSP00000347717
TRIM21,9606.ENSP00000254436
GABRG2,9606.ENSP00000410732
CNDP2,9606.ENSP00000325548
HNF4A,9606.ENSP00000312987
PRAMEF13,9606.ENSP00000491259
CBLC,9606.ENSP00000494162
GPBP1L1,9606.ENSP00000347224
IFIT1B,9606.ENSP00000360874
PRAMEF7,9606.ENSP00000484237
PRAMEF8,9606.ENSP00000349931
PRAMEF10,9606.ENSP00000235347
CORO1C,9606.ENSP00000394496
CALCR,9606.ENSP00000352561
PRAMEF1,9606.ENSP00000332134
SLC67A2,9606.ENSP00000258436
ZNF230,9606.ENSP00000409318
GC,9606.ENSP00000421725
GSS,9606.ENSP00000495750
VRK3,9606.ENSP00000469880
ATG4D,9606.ENSP00000311318
SAXO1,9606.ENSP00000369907
PRAMEF14,9606.ENSP00000334410
PRAMEF17,9606.ENSP00000365266
CDK18,9606.ENSP00000423665
CCDC6,9606.ENSP00000263102
SOX4,9606.ENSP00000244745
HADHB,9606.ENSP00000325136
SAAL1,9606.ENSP00000432487
CCDC149,9606.ENSP00000488929
GABRB1,9606.ENSP00000295454
PRAMEF2,9606.ENSP00000240189
SYT17,9606.ENSP00000347538
RNF14,9606.ENSP00000324956
ZNF141,9606.ENSP00000240499
DUS1L,9606.ENSP00000303515
SERINC3,9606.ENSP00000340243
KCTD8,9606.ENSP00000353129
ZSCAN21,9606.ENSP00000292450
RUNDC3B,9606.ENSP00000337732
MEF2C,9606.ENSP00000340874
PTDSS1,9606.ENSP00000430548
CAMK4,9606.ENSP00000282356
SRL,9606.ENSP00000382518
GABRB3,9606.ENSP00000308725
KRT16,9606.ENSP00000301653
RASGEF1B,9606.ENSP00000264400
RGL4,9606.ENSP00000290691
GPBP1,9606.ENSP00000401596
PEAK3,9606.ENSP00000345102
KREMEN1,9606.ENSP00000331242
SETD6,9606.ENSP00000219315
BEST4,9606.ENSP00000361281
CDC25C,9606.ENSP00000321656
ALG10,9606.ENSP00000266483
RTN4R,9606.ENSP00000043402
SPTLC1,9606.ENSP00000262554
MAPKAPK5,9606.ENSP00000449381
PPAN,9606.ENSP00000253107
ALG10B,9606.ENSP00000310120
ZBTB9,9606.ENSP00000378503
HYAL2,9606.ENSP00000401853
CD36,9606.ENSP00000415743
TMEM8B,9606.ENSP00000367230
ULK3,9606.ENSP00000400312
CATSPER4,9606.ENSP00000390423
ZIM3,9606.ENSP00000269834
FOXA1,9606.ENSP00000250448
MBOAT7,9606.ENSP00000245615
DMRT3,9606.ENSP00000190165
PKNOX2,9606.ENSP00000298282
BMP3,9606.ENSP00000282701
IFIT2,9606.ENSP00000490935
NALF2,9606.ENSP00000252338
CNR1,9606.ENSP00000358513
CWC27,9606.ENSP00000370460
BPIFB3,9606.ENSP00000364643
SLC38A5,9606.ENSP00000471683
CORO6,9606.ENSP00000344562
WDR88,9606.ENSP00000348129
KRT14,9606.ENSP00000167586
EIF2S3,9606.ENSP00000253039
METTL4,9606.ENSP00000458290
CPQ,9606.ENSP00000220763
SELENBP1,9606.ENSP00000397261
RGS6,9606.ENSP00000451030
HS6ST3,9606.ENSP00000365895
TIGD3,9606.ENSP00000308354
NONO,9606.ENSP00000276079
HSPA13,9606.ENSP00000285667
UEVLD,9606.ENSP00000379500
TRIM60,9606.ENSP00000497401
PFKFB1,9606.ENSP00000364145
HTR2A,9606.ENSP00000437737
MPND,9606.ENSP00000471735
MLKL,9606.ENSP00000308351
MMP13,9606.ENSP00000260302
CPSF7,9606.ENSP00000345412
ZFYVE19,9606.ENSP00000347498
P2RX2,9606.ENSP00000343339
WARS1,9606.ENSP00000347495
FBXO3,9606.ENSP00000265651
IRX2,9606.ENSP00000307006
DENND2D,9606.ENSP00000350266
ZNF385B,9606.ENSP00000386845
MATCAP1,9606.ENSP00000290881
MMP12,9606.ENSP00000458585
TOR1AIP2,9606.ENSP00000356584
RORB,9606.ENSP00000366093
DES,9606.ENSP00000363071
NKD1,9606.ENSP00000268459
PRPH,9606.ENSP00000257860
DCSTAMP,9606.ENSP00000297581
ZNHIT6,9606.ENSP00000359606
ZNF436,9606.ENSP00000313582
RMDN3,9606.ENSP00000260385
ANGPTL6,9606.ENSP00000253109
SLC36A3,9606.ENSP00000366942
NR0B1,9606.ENSP00000368253
ADAMDEC1,9606.ENSP00000256412
TRAF4,9606.ENSP00000262395
SLC7A13,9606.ENSP00000297524
SNX17,9606.ENSP00000233575
GPR152,9606.ENSP00000310255
ATP6AP1,9606.ENSP00000358777
RXFP3,9606.ENSP00000328708
CDK14,9606.ENSP00000369390
NSUN6,9606.ENSP00000366519
C6orf118,9606.ENSP00000230301
SAMM50,9606.ENSP00000345445
SLC25A25,9606.ENSP00000362160
TTC38,9606.ENSP00000370419
SLC52A3,9606.ENSP00000494009
PDCD4,9606.ENSP00000280154
UFSP2,9606.ENSP00000264689
PELI3,9606.ENSP00000322532
MMP1,9606.ENSP00000322788
POLD2,9606.ENSP00000480186
PFKFB4,9606.ENSP00000232375
KRT7,9606.ENSP00000329243
MINDY1,9606.ENSP00000354669
ETS2,9606.ENSP00000353344
CFP,9606.ENSP00000247153
RUFY3,9606.ENSP00000370394
CYP39A1,9606.ENSP00000275016
SLC39A7,9606.ENSP00000363809
SPATA21,9606.ENSP00000335612
TRAIP,9606.ENSP00000328203
ABHD16B,9606.ENSP00000358932
TRIM75,9606.ENSP00000491320
COQ6,9606.ENSP00000333946
NUP50,9606.ENSP00000345895
TAPBPL,9606.ENSP00000266556
MIDN,9606.ENSP00000300952
ADCYAP1R1,9606.ENSP00000483721
TMEM151A,9606.ENSP00000326244
RUSF1,9606.ENSP00000317579
ERO1A,9606.ENSP00000379042
ABHD15,9606.ENSP00000302657
TRIM11,9606.ENSP00000284551
SCG3,9606.ENSP00000220478
ALDH3B1,9606.ENSP00000473990
PPARA,9606.ENSP00000385523
CHN2,9606.ENSP00000222792
TNFRSF10A,9606.ENSP00000221132
KRT26,9606.ENSP00000334798
CHRNA5,9606.ENSP00000299565
SLC25A23,9606.ENSP00000301454
IL6R,9606.ENSP00000357470
TRIML1,9606.ENSP00000327738
ZNF766,9606.ENSP00000409652
SLC17A1,9606.ENSP00000244527
IGSF21,9606.ENSP00000251296
SMAD2,9606.ENSP00000262160
GABRG3,9606.ENSP00000479113
MAP3K8,9606.ENSP00000263056
FUCA2,9606.ENSP00000002165
PSEN1,9606.ENSP00000326366
C11orf16,9606.ENSP00000318999
PNLIPRP3,9606.ENSP00000358232
ASB10,9606.ENSP00000391137
ZBTB43,9606.ENSP00000362563
ERO1B,9606.ENSP00000346635
SIGLEC7,9606.ENSP00000323328
TRIT1,9606.ENSP00000321810
SMAP1,9606.ENSP00000359484
CCDC174,9606.ENSP00000373304
ADHFE1,9606.ENSP00000379865
ZIC3,9606.ENSP00000287538
PPP2R5E,9606.ENSP00000337641
PNLIPRP1,9606.ENSP00000433933
SMAD9,9606.ENSP00000369154
IRF6,9606.ENSP00000355988
DMAP1,9606.ENSP00000361363
MMP8,9606.ENSP00000236826
GABRR3,9606.ENSP00000481321
TINAGL1,9606.ENSP00000271064
RGS11,9606.ENSP00000380876
CCDC71,9606.ENSP00000319006
KRT36,9606.ENSP00000329165
CHIT1,9606.ENSP00000356198
GIPR,9606.ENSP00000467494
MPP1,9606.ENSP00000358547
CHRM2,9606.ENSP00000399745
MTX1,9606.ENSP00000357360
RETREG3,9606.ENSP00000309432
ADRA1A,9606.ENSP00000369960
F7,9606.ENSP00000364731
VIM,9606.ENSP00000446007
CTDSPL2,9606.ENSP00000260327
CS,9606.ENSP00000342056
POLD3,9606.ENSP00000263681
BTNL3,9606.ENSP00000341787
ASB18,9606.ENSP00000386532
KCNG2,9606.ENSP00000315654
CLUL1,9606.ENSP00000441726
DNAAF11,9606.ENSP00000484634
G3BP1,9606.ENSP00000377681
FUCA1,9606.ENSP00000363603
RASGEF1C,9606.ENSP00000377037
SOX10,9606.ENSP00000380093
IQCC,9606.ENSP00000442291
MYZAP,9606.ENSP00000267853
CCNA1,9606.ENSP00000255465
GCK,9606.ENSP00000223366
WASHC1,9606.ENSP00000485627
ONECUT1,9606.ENSP00000302630
PRKN,9606.ENSP00000355865
TSEN2,9606.ENSP00000284995
FOXD1,9606.ENSP00000481581
SLC16A3,9606.ENSP00000463978
TRIM15,9606.ENSP00000365884
CDR2L,9606.ENSP00000336587
STK38,9606.ENSP00000229812
E2F3,9606.ENSP00000262904
TRIM38,9606.ENSP00000349596
SMAD1,9606.ENSP00000305769
SPMAP2L,9606.ENSP00000456850
SRPX2,9606.ENSP00000362095
GABRG1,9606.ENSP00000295452
RANBP3L,9606.ENSP00000421853
CELF3,9606.ENSP00000290583
PLEKHS1,9606.ENSP00000358316
MKNK1,9606.ENSP00000498083
GABRR2,9606.ENSP00000386029
RIOX2,9606.ENSP00000328251
SNX8,9606.ENSP00000222990
PNLIP,9606.ENSP00000358223
KYNU,9606.ENSP00000264170
GFRA1,9606.ENSP00000347591
TACR3,9606.ENSP00000303325
ADRA2A,9606.ENSP00000280155
MFSD1,9606.ENSP00000484175
MKNK2,9606.ENSP00000250896
SMAD5,9606.ENSP00000441954
ALG1,9606.ENSP00000262374
MYCN,9606.ENSP00000281043
ARHGAP8,9606.ENSP00000374424
ZNF669,9606.ENSP00000342818
SRPX,9606.ENSP00000367794
NUF2,9606.ENSP00000271452
GLRA3,9606.ENSP00000274093
ISM1,9606.ENSP00000262487
ASL,9606.ENSP00000307188
KRT28,9606.ENSP00000305263
RCC1L,9606.ENSP00000480364
FAM90A10,9606.ENSP00000497650
LRRC34,9606.ENSP00000414635
SERPINC1,9606.ENSP00000356671
SF3A2,9606.ENSP00000221494
FAM90A7,9606.ENSP00000497076
CEP55,9606.ENSP00000360540
NDUFV1,9606.ENSP00000497587
STK38L,9606.ENSP00000373684
SNAP47,9606.ENSP00000314157
FAM90A1,9606.ENSP00000445418
FRMD8,9606.ENSP00000319726
GFRA2,9606.ENSP00000428518
CDK8,9606.ENSP00000370938
FBXW12,9606.ENSP00000296438
NDUFS2,9606.ENSP00000356972
PLAGL1,9606.ENSP00000353734
IRGC,9606.ENSP00000244314
GLP1R,9606.ENSP00000362353
UBA3,9606.ENSP00000354340
MIEF1,9606.ENSP00000385110
HNRNPK,9606.ENSP00000365458
ZNF486,9606.ENSP00000335042
ZNF331,9606.ENSP00000253144
PI16,9606.ENSP00000497550
RUVBL2,9606.ENSP00000473172
PLIN5,9606.ENSP00000371272
RXRG,9606.ENSP00000352900
LSM14A,9606.ENSP00000446271
EEF1A2,9606.ENSP00000217182
PNMA3,9606.ENSP00000469445
SUCLA2,9606.ENSP00000494360
TRMT11,9606.ENSP00000333934
DCAF12L1,9606.ENSP00000360167
CTSC,9606.ENSP00000227266
L2HGDH,9606.ENSP00000267436
DCAF12L2,9606.ENSP00000353128
SIGLEC9,9606.ENSP00000413861
RARA,9606.ENSP00000254066
GPR142,9606.ENSP00000335158
SEMG1,9606.ENSP00000361867
CYP20A1,9606.ENSP00000348380
ADRA2C,9606.ENSP00000386069
SHH,9606.ENSP00000297261
RXRA,9606.ENSP00000419692
GOPC,9606.ENSP00000357484
HEPACAM2,9606.ENSP00000390204
GTF2H4,9606.ENSP00000259895
TAF7L,9606.ENSP00000361998
ZNF610,9606.ENSP00000383922
HPX,9606.ENSP00000265983
NFIL3,9606.ENSP00000297689
ERRFI1,9606.ENSP00000366702
EEF1A1,9606.ENSP00000339063
MANEA,9606.ENSP00000351669
KREMEN2,9606.ENSP00000304422
GABRA5,9606.ENSP00000382953
MCRS1,9606.ENSP00000349640
NUDT12,9606.ENSP00000230792
SLC38A7,9606.ENSP00000454646
INTS12,9606.ENSP00000415433
KMT5C,9606.ENSP00000255613
RNH1,9606.ENSP00000433999
NUCB1,9606.ENSP00000385923
CORO1A,9606.ENSP00000219150
TNFRSF1B,9606.ENSP00000365435
ZFP2,9606.ENSP00000354453
SIL1,9606.ENSP00000265195
NR5A1,9606.ENSP00000362690
FIBCD1,9606.ENSP00000361413
CREB3L3,9606.ENSP00000078445
PORCN,9606.ENSP00000322304
FKTN,9606.ENSP00000223528
ODC1,9606.ENSP00000234111
ITPKA,9606.ENSP00000260386
ZNF627,9606.ENSP00000354414
CALCRL,9606.ENSP00000376177
PIK3R3,9606.ENSP00000262741
PROC,9606.ENSP00000234071
CDS1,9606.ENSP00000295887
SMTNL2,9606.ENSP00000373964
THRB,9606.ENSP00000379904
F9,9606.ENSP00000218099
SLC30A6,9606.ENSP00000368648
USH1G,9606.ENSP00000480279
RRP1,9606.ENSP00000417464
TGFB1I1,9606.ENSP00000378332
C9orf43,9606.ENSP00000288462
PTPN18,9606.ENSP00000175756
CHRM1,9606.ENSP00000306490
AZIN2,9606.ENSP00000362540
CEP57L1,9606.ENSP00000357966
MINDY4B,9606.ENSP00000491923
MSS51,9606.ENSP00000299432
NR1H2,9606.ENSP00000499121
ANGPTL3,9606.ENSP00000360170
SLC39A8,9606.ENSP00000378310
MOCS3,9606.ENSP00000244051
LIPI,9606.ENSP00000343331
FBRS,9606.ENSP00000348489
PRODH2,9606.ENSP00000301175
IRAK4,9606.ENSP00000479889
TFAP2B,9606.ENSP00000377265
WRAP73,9606.ENSP00000270708
DCTN4,9606.ENSP00000414906
NAP1L2,9606.ENSP00000362616
SPATA1,9606.ENSP00000492019
TMEM143,9606.ENSP00000293261
WDR41,9606.ENSP00000296679
OXSM,9606.ENSP00000280701
FEZF2,9606.ENSP00000283268
KRT27,9606.ENSP00000301656
ZPR1,9606.ENSP00000227322
RNF25,9606.ENSP00000295704
IL7R,9606.ENSP00000306157
STEAP4,9606.ENSP00000369419
STPG2,9606.ENSP00000295268
SLC46A1,9606.ENSP00000480703
SRGAP2C,9606.ENSP00000478290
XKR3,9606.ENSP00000331704
ZNF213,9606.ENSP00000380087
MT-ND4,9606.ENSP00000354961
CA9,9606.ENSP00000367608
FKBP4,9606.ENSP00000001008
PPM1M,9606.ENSP00000387046
ZBTB12,9606.ENSP00000364677
CHN1,9606.ENSP00000386741
HTR2C,9606.ENSP00000276198
CPN1,9606.ENSP00000359446
TMEM135,9606.ENSP00000306344
ACD,9606.ENSP00000483117
FICD,9606.ENSP00000446479
FBXW9,9606.ENSP00000376945
SERGEF,9606.ENSP00000265965
NALF1,9606.ENSP00000365080
RHBG,9606.ENSP00000441197
ZNF19,9606.ENSP00000288177
KAT8,9606.ENSP00000406037
KNOP1,9606.ENSP00000219837
GALK2,9606.ENSP00000453129
KBTBD13,9606.ENSP00000388723
PPHLN1,9606.ENSP00000378935
NFYC,9606.ENSP00000312617
QTMAN,9606.ENSP00000376608
ZNF239,9606.ENSP00000307774
CD4,9606.ENSP00000011653
CHRNB3,9606.ENSP00000289957
GPRIN2,9606.ENSP00000363436
KRT13,9606.ENSP00000246635
BPIFB2,9606.ENSP00000170150
ATG4C,9606.ENSP00000322159
HTRA2,9606.ENSP00000258080
ENPP7,9606.ENSP00000332656
SRGAP2B,9606.ENSP00000493121
ESRRG,9606.ENSP00000355904
ZNF140,9606.ENSP00000347755
TMPRSS5,9606.ENSP00000299882
MANEAL,9606.ENSP00000362136
UNC93A,9606.ENSP00000230256
CHKA,9606.ENSP00000265689
KLF5,9606.ENSP00000366915
BAG4,9606.ENSP00000287322
CHGA,9606.ENSP00000216492
GLRA1,9606.ENSP00000411593
ADSS1,9606.ENSP00000333019
PDLIM7,9606.ENSP00000348099
CHRNA1,9606.ENSP00000261007
FOXA2,9606.ENSP00000400341
NFS1,9606.ENSP00000363205
FKBP5,9606.ENSP00000444810
VIPR1,9606.ENSP00000327246
SLC18B1,9606.ENSP00000275227
HTR3E,9606.ENSP00000406050
ZNF556,9606.ENSP00000302603
PLA1A,9606.ENSP00000273371
DDOST,9606.ENSP00000399457
ZC2HC1C,9606.ENSP00000435550
METTL17,9606.ENSP00000372445
NARF,9606.ENSP00000309899
GABRA1,9606.ENSP00000393097
SLC38A6,9606.ENSP00000346959
SLC29A1,9606.ENSP00000498610
SLC29A2,9606.ENSP00000440329
HS3ST4,9606.ENSP00000330606
RRP8,9606.ENSP00000254605
PSMD12,9606.ENSP00000348442
BLNK,9606.ENSP00000224337
METTL14,9606.ENSP00000373474
GPAT4,9606.ENSP00000380184
ADSS2,9606.ENSP00000355493
RUVBL1,9606.ENSP00000318297
KCNA7,9606.ENSP00000221444
ZNF25,9606.ENSP00000302222
CHRDL1,9606.ENSP00000361112
KRT15,9606.ENSP00000377546
KRT38,9606.ENSP00000246646
MEAK7,9606.ENSP00000343635
RARB,9606.ENSP00000332296
CLEC18B,9606.ENSP00000341051
FAM124B,9606.ENSP00000386895
GPR89A,9606.ENSP00000319673
TNFRSF1A,9606.ENSP00000162749
SH3BP5,9606.ENSP00000373301
DENND11,9606.ENSP00000445768
SLC75A1,9606.ENSP00000332646
SERINC2,9606.ENSP00000362814
TUFM,9606.ENSP00000322439
COLQ,9606.ENSP00000373298
SMPDL3B,9606.ENSP00000363001
BLMH,9606.ENSP00000261714
EPHX1,9606.ENSP00000480004
KIR3DL2,9606.ENSP00000325525
KRT35,9606.ENSP00000377558
NT5DC1,9606.ENSP00000326858
GDF6,9606.ENSP00000287020
DDX47,9606.ENSP00000350698
WIPI2,9606.ENSP00000288828
BMP5,9606.ENSP00000359866
SH2D4A,9606.ENSP00000265807
SEPTIN10,9606.ENSP00000349116
NCR3LG1,9606.ENSP00000341637
MYC,9606.ENSP00000478887
TMPRSS3,9606.ENSP00000411013
OLFM2,9606.ENSP00000264833
PCED1A,9606.ENSP00000353868
RARG,9606.ENSP00000388510
BCL3,9606.ENSP00000164227
GABPA,9606.ENSP00000346886
GDF9,9606.ENSP00000367942
CDCA7L,9606.ENSP00000383986
DAPK3,9606.ENSP00000442973
TMX3,9606.ENSP00000299608
CPOX,9606.ENSP00000497326
TAT,9606.ENSP00000348234
GDA,9606.ENSP00000238018
FBXW2,9606.ENSP00000476369
CDR2,9606.ENSP00000268383
MIEF2,9606.ENSP00000379057
TRMT9B,9606.ENSP00000432695
KYAT3,9606.ENSP00000260508
HTR3D,9606.ENSP00000371929
PPM1F,9606.ENSP00000263212
ODR4,9606.ENSP00000287859
GCNT4,9606.ENSP00000317027
ALDH3A1,9606.ENSP00000411821
DCAF12,9606.ENSP00000355114
ASB16,9606.ENSP00000293414
TMPPE,9606.ENSP00000343398
PPP2R2D,9606.ENSP00000399970
PRUNE1,9606.ENSP00000271620
RUNX1,9606.ENSP00000300305
PPP2R3C,9606.ENSP00000261475
FAM117A,9606.ENSP00000240364
LIAT1,9606.ENSP00000353245
AP4M1,9606.ENSP00000403663
ARMCX1,9606.ENSP00000361917
BPIFB6,9606.ENSP00000344929
SIGLEC6,9606.ENSP00000401502
SMPDL3A,9606.ENSP00000357425
AMN,9606.ENSP00000299155
GPR39,9606.ENSP00000327417
HTRA3,9606.ENSP00000303766
SERINC1,9606.ENSP00000342962
ENPP4,9606.ENSP00000318066
GABRA6,9606.ENSP00000274545
TUBD1,9606.ENSP00000320797
DLST,9606.ENSP00000335304
FGG,9606.ENSP00000336829
CHMP7,9606.ENSP00000380794
UQCRC2,9606.ENSP00000268379
ETV6,9606.ENSP00000379658
GLRA2,9606.ENSP00000218075
TFAP2D,9606.ENSP00000008391
EIF2B3,9606.ENSP00000353575
DPH7,9606.ENSP00000277540
PAH,9606.ENSP00000448059
IDH2,9606.ENSP00000331897
GORASP2,9606.ENSP00000234160
TIMM44,9606.ENSP00000270538
IFI44L,9606.ENSP00000359787
ZNF672,9606.ENSP00000421915
GABRD,9606.ENSP00000367848
FAM81B,9606.ENSP00000283357
TRIM49B,9606.ENSP00000481457
FBXO47,9606.ENSP00000367319
TRIM51G,9606.ENSP00000497716
TRIM51,9606.ENSP00000395086
ILK,9606.ENSP00000379975
ANKRD33,9606.ENSP00000301190
FLI1,9606.ENSP00000433488
ZFP57,9606.ENSP00000418259
FAM222A,9606.ENSP00000443292
ETNK1,9606.ENSP00000500633
TRIM49C,9606.ENSP00000388299
CASP2,9606.ENSP00000312664
SCPEP1,9606.ENSP00000262288
TRIM49,9606.ENSP00000327604
TAMM41,9606.ENSP00000398596
KRT80,9606.ENSP00000378292
NKD2,9606.ENSP00000296849
CRPPA,9606.ENSP00000385478
TUBG2,9606.ENSP00000251412
GABRA2,9606.ENSP00000427603
SDE2,9606.ENSP00000272091
OGFRL1,9606.ENSP00000359464
FARS2,9606.ENSP00000316335
TUBA1A,9606.ENSP00000439020
POU3F1,9606.ENSP00000362103
IFRD1,9606.ENSP00000384477
GPR61,9606.ENSP00000432456
IRF4,9606.ENSP00000370343
TUBA1B,9606.ENSP00000336799
TUBB1,9606.ENSP00000217133
ZNF222,9606.ENSP00000375822
LIPH,9606.ENSP00000296252
PTK6,9606.ENSP00000442460
MSR1,9606.ENSP00000405453
TUBG1,9606.ENSP00000251413
TINF2,9606.ENSP00000267415
SH2D7,9606.ENSP00000327846
TRIM77,9606.ENSP00000474003
PDE7B,9606.ENSP00000310661
TFAP2C,9606.ENSP00000201031
ZNF277,9606.ENSP00000354501
CIRSR,9606.ENSP00000339723
ADRA2B,9606.ENSP00000480573
TAF1A,9606.ENSP00000339976
ENTREP1,9606.ENSP00000304435
TTYH1,9606.ENSP00000365714
KRT25,9606.ENSP00000310573
ZNF446,9606.ENSP00000472802
CSK,9606.ENSP00000220003
TUBA3C,9606.ENSP00000326042
CHRNA10,9606.ENSP00000250699
SLC61A1,9606.ENSP00000442688
SQOR,9606.ENSP00000456019
RGMA,9606.ENSP00000452126
SNX4,9606.ENSP00000251775
GDF7,9606.ENSP00000272224
PAX8,9606.ENSP00000263334
LANCL2,9606.ENSP00000254770
TUBA3E,9606.ENSP00000318197
BFAR,9606.ENSP00000261658
PHYKPL,9606.ENSP00000310978
TUBB3,9606.ENSP00000320295
BECN1,9606.ENSP00000355231
PCOLCE,9606.ENSP00000223061
HNRNPH2,9606.ENSP00000361927
TRIM64B,9606.ENSP00000332969
CMPK2,9606.ENSP00000256722
CLU,9606.ENSP00000315130
RMND1,9606.ENSP00000412708
DRC10,9606.ENSP00000400669
XKRX,9606.ENSP00000362047
HNRNPH1,9606.ENSP00000349168
WT1,9606.ENSP00000368370
TRIM64,9606.ENSP00000483764
C11orf24,9606.ENSP00000307264
MFSD11,9606.ENSP00000464932
KRT37,9606.ENSP00000225550
INTS15,9606.ENSP00000340220
TUBA1C,9606.ENSP00000443475
ZBTB14,9606.ENSP00000349503
TUBA8,9606.ENSP00000333326
PSEN2,9606.ENSP00000355747
EVI2B,9606.ENSP00000333779
NKX1-1,9606.ENSP00000407978
LILRB4,9606.ENSP00000375616
TYW2,9606.ENSP00000329858
FBLN5,9606.ENSP00000345008
TUBA4A,9606.ENSP00000248437
EDAR,9606.ENSP00000258443
SEPHS2,9606.ENSP00000418669
SLC52A1,9606.ENSP00000399979
AZIN1,9606.ENSP00000337180
MAP2K5,9606.ENSP00000178640
TAPBP,9606.ENSP00000404833
KRT32,9606.ENSP00000225899
PNMA5,9606.ENSP00000388850
INPP5K,9606.ENSP00000413937
GABPB2,9606.ENSP00000357914
TBX19,9606.ENSP00000356795
CBY2,9606.ENSP00000309189
BAG5,9606.ENSP00000338814
CSNK1G3,9606.ENSP00000353904
SLC16A11,9606.ENSP00000310490
PPP2R2A,9606.ENSP00000325074
GDI1,9606.ENSP00000394071
TTC23,9606.ENSP00000377690
ZIC1,9606.ENSP00000282928
NR1H3,9606.ENSP00000477707
FBXO9,9606.ENSP00000244426
CDC14C,9606.ENSP00000497679
TBX20,9606.ENSP00000386170
MAB21L4,9606.ENSP00000373586
HTR3C,9606.ENSP00000322617
PPP2R2C,9606.ENSP00000372042
MGAT2,9606.ENSP00000307423
CCKBR,9606.ENSP00000435534
TBL2,9606.ENSP00000307260
ITFG2,9606.ENSP00000228799
AMBN,9606.ENSP00000313809
TEAD2,9606.ENSP00000472109
FBXO5,9606.ENSP00000229758
ZNF70,9606.ENSP00000339314
TRIM43,9606.ENSP00000272395
DRD1,9606.ENSP00000377353
IRX6,9606.ENSP00000290552
ZNF3,9606.ENSP00000306372
RUNDC3A,9606.ENSP00000410862
NADK,9606.ENSP00000367890
SMOC2,9606.ENSP00000346537
CALCOCO2,9606.ENSP00000398523
GPATCH4,9606.ENSP00000396441
SOX3,9606.ENSP00000359567
CLEC18A,9606.ENSP00000484176
SOX8,9606.ENSP00000293894
TUBAL3,9606.ENSP00000369784
CCDC112,9606.ENSP00000368931
WIPI1,9606.ENSP00000262139
GRWD1,9606.ENSP00000253237
TFDP2,9606.ENSP00000420616
SAMD7,9606.ENSP00000391299
TRIM43B,9606.ENSP00000492719
TBC1D10C,9606.ENSP00000443654
TUBB6,9606.ENSP00000318697
CLEC18C,9606.ENSP00000477846
EIF3E,9606.ENSP00000220849
SCLY,9606.ENSP00000499199
PRRC1,9606.ENSP00000421965
CTBP2,9606.ENSP00000311825
MINDY3,9606.ENSP00000277632
FAF2,9606.ENSP00000261942
CDS2,9606.ENSP00000419879
PAAT,9606.ENSP00000419126
HGD,9606.ENSP00000283871
HRH3,9606.ENSP00000342560
NPY5R,9606.ENSP00000423917
TUBB2B,9606.ENSP00000259818
DCAF13,9606.ENSP00000297579
FLACC1,9606.ENSP00000385098
AGMO,9606.ENSP00000341662
MTRF1,9606.ENSP00000368793
TUBB4B,9606.ENSP00000341289
GSDMA,9606.ENSP00000301659
VWA1,9606.ENSP00000417185
NEK2,9606.ENSP00000355966
KCNJ4,9606.ENSP00000306497
KICS2,9606.ENSP00000311486
GDI2,9606.ENSP00000369538
SLC52A2,9606.ENSP00000496184
TUBB2A,9606.ENSP00000369703
STARD3,9606.ENSP00000337446
MYLIP,9606.ENSP00000349298
FADS3,9606.ENSP00000278829
MGAT1,9606.ENSP00000332073
BCKDHA,9606.ENSP00000269980
TUBB4A,9606.ENSP00000264071
CCM2,9606.ENSP00000370503
VPS4B,9606.ENSP00000238497
P2RX5,9606.ENSP00000225328
HCRTR2,9606.ENSP00000477548
TPH1,9606.ENSP00000250018
ZNF232,9606.ENSP00000250076
FOXF2,9606.ENSP00000496415
SERPINA10,9606.ENSP00000261994
SPRED1,9606.ENSP00000299084
ZNF506,9606.ENSP00000393835
FADS1,9606.ENSP00000322229
KIR3DL1,9606.ENSP00000375608
IFI44,9606.ENSP00000359783
RNFT2,9606.ENSP00000257575
NEMP1,9606.ENSP00000300128
TUBB,9606.ENSP00000339001
TUBB8,9606.ENSP00000456206
PACSIN1,9606.ENSP00000484060
XK,9606.ENSP00000367879
TUBB8B,9606.ENSP00000496713
FADS2,9606.ENSP00000278840
COX10,9606.ENSP00000261643
CHST9,9606.ENSP00000480991
ENOSF1,9606.ENSP00000497230
EFEMP2,9606.ENSP00000309953
STK24,9606.ENSP00000365730
POU3F2,9606.ENSP00000329170
COPS2,9606.ENSP00000299259
DRD2,9606.ENSP00000354859
PPP2R2B,9606.ENSP00000377936
RXYLT1,9606.ENSP00000261234
ZNF713,9606.ENSP00000416662
ERICH1,9606.ENSP00000262109
GALNTL5,9606.ENSP00000479207
CPM,9606.ENSP00000339157
NPIPB15,9606.ENSP00000411140
GATA3,9606.ENSP00000368632
DRC9,9606.ENSP00000265239
KHDRBS1,9606.ENSP00000313829
HOXA3,9606.ENSP00000484411
GXYLT2,9606.ENSP00000374268
MRS2,9606.ENSP00000399585
TADA2A,9606.ENSP00000481091
TULP3,9606.ENSP00000380321
PLVAP,9606.ENSP00000252590
CRBN,9606.ENSP00000231948
SDC3,9606.ENSP00000344468
CRLF3,9606.ENSP00000318804
SPRYD3,9606.ENSP00000301463
CADM1,9606.ENSP00000329797
TRIM14,9606.ENSP00000344208
TENT5A,9606.ENSP00000318298
TFAP2E,9606.ENSP00000362332
RSAD1,9606.ENSP00000258955
MXRA8,9606.ENSP00000399229
MIPOL1,9606.ENSP00000333539
NADK2,9606.ENSP00000371362
MEIOB,9606.ENSP00000314484
GATA4,9606.ENSP00000435712
FBXO39,9606.ENSP00000321386
KLHDC10,9606.ENSP00000334140
IFRD2,9606.ENSP00000402849
C5orf22,9606.ENSP00000326879
EDNRB,9606.ENSP00000366416
ZNF773,9606.ENSP00000282292
P2RX6,9606.ENSP00000416193
SOX11,9606.ENSP00000322568
HTR3B,9606.ENSP00000260191
COL26A1,9606.ENSP00000318234
NDUFAF7,9606.ENSP00000002125
EMID1,9606.ENSP00000335481
EVA1C,9606.ENSP00000300255
UBXN6,9606.ENSP00000301281
RTN4RL1,9606.ENSP00000330631
ZBTB26,9606.ENSP00000362760
NUSAP1,9606.ENSP00000499238
PPARD,9606.ENSP00000310928
ZNF485,9606.ENSP00000363558
LRRC17,9606.ENSP00000344242
EED,9606.ENSP00000338186
SGPP1,9606.ENSP00000247225
CCDC91,9606.ENSP00000438040
ANKMY2,9606.ENSP00000303570
ZBTB8A,9606.ENSP00000362609
GPRC5C,9606.ENSP00000499092
DCPH1,9606.ENSP00000356263
PLA2G7,9606.ENSP00000274793
IP6K1,9606.ENSP00000482032
TRMO,9606.ENSP00000364260
ETS1,9606.ENSP00000376436
TLE7,9606.ENSP00000492311
SNX31,9606.ENSP00000312368
GABRP,9606.ENSP00000430100
TNFRSF10B,9606.ENSP00000276431
SETD4,9606.ENSP00000382163
R3HCC1,9606.ENSP00000265806
SCTR,9606.ENSP00000019103
PDIA6,9606.ENSP00000385385
LCAT,9606.ENSP00000264005
GORASP1,9606.ENSP00000313869
HTR6,9606.ENSP00000289753
ZMYND10,9606.ENSP00000231749
GXYLT1,9606.ENSP00000381666
PSMC1,9606.ENSP00000261303
TTC5,9606.ENSP00000258821
ENPP6,9606.ENSP00000296741
ARMH1,9606.ENSP00000420716
SQSTM1,9606.ENSP00000374455
OMG,9606.ENSP00000247271
WIPF2,9606.ENSP00000320924
GPR180,9606.ENSP00000366157
SOCS4,9606.ENSP00000452522
CTBP1,9606.ENSP00000290921
ZNF621,9606.ENSP00000340841
CCDC166,9606.ENSP00000437468
OAT,9606.ENSP00000357838
MFAP1,9606.ENSP00000267812
ARHGAP1,9606.ENSP00000310491
EXOSC9,9606.ENSP00000368984
ACOT9,9606.ENSP00000368605
PNMA8A,9606.ENSP00000318131
RBM23,9606.ENSP00000352956
FOXD4,9606.ENSP00000371940
ABHD8,9606.ENSP00000247706
GJC2,9606.ENSP00000355675
TTLL9,9606.ENSP00000442515
GTF2E1,9606.ENSP00000283875
TERF1,9606.ENSP00000276603
FBLN7,9606.ENSP00000331411
MRPS30,9606.ENSP00000424328
PSMC3,9606.ENSP00000481029
SPOCK1,9606.ENSP00000378401
SLC17A2,9606.ENSP00000367081
FGL2,9606.ENSP00000248598
TMEM184C,9606.ENSP00000296582
USP27X,9606.ENSP00000483631
DPH1,9606.ENSP00000263083
SPMIP7,9606.ENSP00000297001
EFCAB3,9606.ENSP00000403932
VIPR2,9606.ENSP00000262178
CCDC78,9606.ENSP00000293889
RHBDL1,9606.ENSP00000219551
SLC10A5,9606.ENSP00000428612
GCDH,9606.ENSP00000466845
ZNF641,9606.ENSP00000437832
ACP7,9606.ENSP00000327557
ALG3,9606.ENSP00000380793
GCNT3,9606.ENSP00000379377
RNF150,9606.ENSP00000425840
SUGCT,9606.ENSP00000486291
CLN3,9606.ENSP00000454229
PLIN2,9606.ENSP00000276914
SPAG4,9606.ENSP00000363391
RBMS3,9606.ENSP00000373277
TSPYL1,9606.ENSP00000357597
P3H4,9606.ENSP00000347649
E2F1,9606.ENSP00000345571
SNX30,9606.ENSP00000363349
FNTB,9606.ENSP00000246166
TRIML2,9606.ENSP00000422581
ZNF154,9606.ENSP00000421258
VPS4A,9606.ENSP00000254950
CD177,9606.ENSP00000479536
SNRNP70,9606.ENSP00000472998
TFAP2A,9606.ENSP00000501092
BYSL,9606.ENSP00000230340
EEF1G,9606.ENSP00000331901
SLC10A4,9606.ENSP00000273861
FJX1,9606.ENSP00000400223
CPA6,9606.ENSP00000297770
ETF1,9606.ENSP00000353741
IFT52,9606.ENSP00000362121
ZNF491,9606.ENSP00000313443
TMPRSS4,9606.ENSP00000416037
E2F2,9606.ENSP00000355249
ERAL1,9606.ENSP00000254928
RGMB,9606.ENSP00000308219
SEPTIN7,9606.ENSP00000413507
TGOLN2,9606.ENSP00000386443
SGCE,9606.ENSP00000496268
SLC17A9,9606.ENSP00000359376
PM20D2,9606.ENSP00000275072
NOL4L,9606.ENSP00000483523
ZNF101,9606.ENSP00000468049
CPA5,9606.ENSP00000420237
STAMBPL1,9606.ENSP00000360992
GOLM2,9606.ENSP00000299957
SPOCK3,9606.ENSP00000349677
FBXL20,9606.ENSP00000264658
KPTN,9606.ENSP00000337850
GCM1,9606.ENSP00000259803
KCNJ14,9606.ENSP00000375756
PDK1,9606.ENSP00000376352
ORC4,9606.ENSP00000441953
TBX6,9606.ENSP00000378650
NIM1K,9606.ENSP00000420849
PKNOX1,9606.ENSP00000291547
CNBD1,9606.ENSP00000430073
KCNG3,9606.ENSP00000304127
POU2F3,9606.ENSP00000260264
HYAL1,9606.ENSP00000266031
TBXT,9606.ENSP00000296946
MBOAT4,9606.ENSP00000314196
AP2M1,9606.ENSP00000403362
GJA3,9606.ENSP00000241125
OXA1L,9606.ENSP00000285848
STK40,9606.ENSP00000362222
TMEM130,9606.ENSP00000413163
CADM2,9606.ENSP00000384193
PTPN1,9606.ENSP00000360683
TEAD3,9606.ENSP00000345772
CCNJL,9606.ENSP00000377547
PSG6,9606.ENSP00000292125
TEKT4,9606.ENSP00000295201
LTBR,9606.ENSP00000228918
SLC38A8,9606.ENSP00000299709
RASSF9,9606.ENSP00000354884
RNFT1,9606.ENSP00000304670
ENTR1,9606.ENSP00000349929
ZBTB25,9606.ENSP00000476746
ACTL7A,9606.ENSP00000334300
CDK15,9606.ENSP00000406472
PROSER2,9606.ENSP00000277570
ORC5,9606.ENSP00000297431
NXN,9606.ENSP00000337443
PIGU,9606.ENSP00000217446
GPAT3,9606.ENSP00000264409
MICU2,9606.ENSP00000371811
CMAS,9606.ENSP00000229329
NR1I2,9606.ENSP00000336528
MAEL,9606.ENSP00000356846
PBX3,9606.ENSP00000362588
ZC3H10,9606.ENSP00000257940
FCRL6,9606.ENSP00000357086
GPR150,9606.ENSP00000369344
TEAD4,9606.ENSP00000352926
FAM83A,9606.ENSP00000428876
SMOC1,9606.ENSP00000355110
CASP5,9606.ENSP00000376849
TRNT1,9606.ENSP00000251607
ENO2,9606.ENSP00000437402
RSRC2,9606.ENSP00000330188
PLIN3,9606.ENSP00000221957
SEPTIN6,9606.ENSP00000341524
ENO3,9606.ENSP00000324105
AAMP,9606.ENSP00000403343
ENO1,9606.ENSP00000495530
ARRDC1,9606.ENSP00000360475
APOL5,9606.ENSP00000249044
CCNB1,9606.ENSP00000256442
TEDC2,9606.ENSP00000355022
ZSCAN4,9606.ENSP00000321963
KCNJ12,9606.ENSP00000463778
FAM98B,9606.ENSP00000380734
STK11,9606.ENSP00000324856
DIPK2B,9606.ENSP00000381086
PRMT2,9606.ENSP00000380759
KCNJ18,9606.ENSP00000457807
SMYD2,9606.ENSP00000355924
TCN1,9606.ENSP00000257264
PSMC2,9606.ENSP00000391211
RNF26,9606.ENSP00000312439
GJA8,9606.ENSP00000358238
LCOR,9606.ENSP00000490116
LGMN,9606.ENSP00000376911
ESRRB,9606.ENSP00000370270
GPR22,9606.ENSP00000302676
PAG1,9606.ENSP00000220597
CCNA2,9606.ENSP00000481380
WDR18,9606.ENSP00000476117
TRIP13,9606.ENSP00000166345
SEPTIN14,9606.ENSP00000373627
GRAMD2B,9606.ENSP00000426120
NPIPB9,9606.ENSP00000446902
RNF135,9606.ENSP00000328340
LUC7L3,9606.ENSP00000376919
SLC35B2,9606.ENSP00000377401
KRT17,9606.ENSP00000308452
HOXD3,9606.ENSP00000386498
ACADSB,9606.ENSP00000357873
RNF44,9606.ENSP00000274811
TXNDC5,9606.ENSP00000369081
FOXB2,9606.ENSP00000365898
GOLGA6L9,9606.ENSP00000481078
AHCY,9606.ENSP00000217426
NPTX1,9606.ENSP00000307549
SUCLG2,9606.ENSP00000419325
GFAP,9606.ENSP00000253408
TADA3,9606.ENSP00000307684
ZNF829,9606.ENSP00000428679
NPIPB8,9606.ENSP00000434399
EIF5,9606.ENSP00000216554
SH2D4B,9606.ENSP00000345295
PLAU,9606.ENSP00000361850
STRADA,9606.ENSP00000336655
ECSIT,9606.ENSP00000270517
BECN2,9606.ENSP00000488361
SP7,9606.ENSP00000443827
HOXB3,9606.ENSP00000417207
NOCT,9606.ENSP00000280614
QRFPR,9606.ENSP00000377948
KRT40,9606.ENSP00000366984
ASTL,9606.ENSP00000343674
DIPK1B,9606.ENSP00000360757
SYT11,9606.ENSP00000357307
NPTX2,9606.ENSP00000265634
FOXN2,9606.ENSP00000343633
C9orf50,9606.ENSP00000361556
FOXP3,9606.ENSP00000365380
MANSC1,9606.ENSP00000438205
CSTF1,9606.ENSP00000217109
IGSF11,9606.ENSP00000377370
GAL3ST3,9606.ENSP00000308591
ELK4,9606.ENSP00000350681
SGK1,9606.ENSP00000356832
BMP7,9606.ENSP00000379204
BSDC1,9606.ENSP00000344816
KRT18,9606.ENSP00000373489
ACADL,9606.ENSP00000233710
SPZ1,9606.ENSP00000369611
KCNK12,9606.ENSP00000327611
NPFFR1,9606.ENSP00000277942
GOT2,9606.ENSP00000245206
RELT,9606.ENSP00000064780
GCNT7,9606.ENSP00000482600
PBX1,9606.ENSP00000405890
PBX2,9606.ENSP00000364190
MRPS5,9606.ENSP00000272418
WTIP,9606.ENSP00000466953
LACC1,9606.ENSP00000391747
RBM34,9606.ENSP00000386226
PPM1N,9606.ENSP00000397050
IGHD,9606.ENSP00000478893
TEKT2,9606.ENSP00000207457
DBNL,9606.ENSP00000417653
DIPK2A,9606.ENSP00000320081
POFUT2,9606.ENSP00000339613
MAGEA11,9606.ENSP00000347358
SMAP2,9606.ENSP00000361803
ACTL6A,9606.ENSP00000397552
ZNF275,9606.ENSP00000359271
GDF2,9606.ENSP00000463051
TNIP2,9606.ENSP00000321203
GLA,9606.ENSP00000218516
SLC37A4,9606.ENSP00000476176
PNPLA5,9606.ENSP00000216177
SCCPDH,9606.ENSP00000355467
GPR137C,9606.ENSP00000315106
IFT57,9606.ENSP00000264538
ZBP1,9606.ENSP00000360215
SLC30A4,9606.ENSP00000261867
FCRL1,9606.ENSP00000357158
SRFBP1,9606.ENSP00000341324
CHRDL2,9606.ENSP00000263671
SEPTIN11,9606.ENSP00000422896
ZNRF4,9606.ENSP00000222033
NSUN5,9606.ENSP00000309126
DDX39B,9606.ENSP00000416269
KCTD16,9606.ENSP00000426548
POM121L1P,9606.ENSP00000481613
NEU3,9606.ENSP00000294064
FLOT2,9606.ENSP00000378368
ARL13B,9606.ENSP00000377769
DIPK1A,9606.ENSP00000359333
CCKAR,9606.ENSP00000295589
FBXL3,9606.ENSP00000347834
ACP6,9606.ENSP00000463574
LRRC42,9606.ENSP00000360421
LNPK,9606.ENSP00000440905
ISLR,9606.ENSP00000249842
PSG3,9606.ENSP00000332215
ELK1,9606.ENSP00000366182
CLNK,9606.ENSP00000226951
SMYD3,9606.ENSP00000419184
NT5DC4,9606.ENSP00000330247
RNF128,9606.ENSP00000255499
ENTPD5,9606.ENSP00000335246
HDAC3,9606.ENSP00000302967
GCNT1,9606.ENSP00000415454
DDX39A,9606.ENSP00000242776
ZNF736,9606.ENSP00000400852
DDB2,9606.ENSP00000256996
KCNJ2,9606.ENSP00000243457
TCN2,9606.ENSP00000215838
KCNN4,9606.ENSP00000496939
RPL4,9606.ENSP00000311430
ZNF134,9606.ENSP00000379464
SERPINA4,9606.ENSP00000451172
ATP6V1C2,9606.ENSP00000272238
AKAP5,9606.ENSP00000378207
ACAT1,9606.ENSP00000265838
PUS1,9606.ENSP00000365837
FLOT1,9606.ENSP00000365569
MAPK8,9606.ENSP00000378974
IL13RA1,9606.ENSP00000360730
IRF3,9606.ENSP00000471896
RENBP,9606.ENSP00000377303
EDNRA,9606.ENSP00000315011
NGFR,9606.ENSP00000172229
FAM181B,9606.ENSP00000365295
FCRLB,9606.ENSP00000356925
SYT13,9606.ENSP00000020926
INHBA,9606.ENSP00000242208
PANX1,9606.ENSP00000227638
RAD9B,9606.ENSP00000376440
ZNF662,9606.ENSP00000329264
PSG9,9606.ENSP00000270077
SMAD7,9606.ENSP00000262158
KCNK2,9606.ENSP00000394033
KCTD18,9606.ENSP00000352941
ACTL6B,9606.ENSP00000160382
SLC16A13,9606.ENSP00000309751
PSG8,9606.ENSP00000305005
EGLN1,9606.ENSP00000355601
HJV,9606.ENSP00000337014
IP6K2,9606.ENSP00000331103
TEAD1,9606.ENSP00000435233
STK25,9606.ENSP00000325748
IVD,9606.ENSP00000499074
ACP4,9606.ENSP00000270593
NMUR1,9606.ENSP00000305877
ZC3H15,9606.ENSP00000338788
IRF8,9606.ENSP00000268638
ZNF562,9606.ENSP00000410734
AMDHD1,9606.ENSP00000266736
ASB4,9606.ENSP00000321388
CACNG8,9606.ENSP00000270458
AADAT,9606.ENSP00000423190
TRIM31,9606.ENSP00000365924
CWC25,9606.ENSP00000478070
RBBP4,9606.ENSP00000362592
CLP1,9606.ENSP00000434995
MACROD2,9606.ENSP00000217246
HCRTR1,9606.ENSP00000384387
PAICS,9606.ENSP00000382595
CEACAM16,9606.ENSP00000466561
PLEKHA2,9606.ENSP00000482228
ZNF789,9606.ENSP00000331927
NPIPB6,9606.ENSP00000431871
SYT4,9606.ENSP00000255224
SMAD3,9606.ENSP00000332973
F2R,9606.ENSP00000321326
CBLL2,9606.ENSP00000323348
SAXO4,9606.ENSP00000344140
ABHD2,9606.ENSP00000268129
SCRN2,9606.ENSP00000290216
SOHLH2,9606.ENSP00000369210
TANK,9606.ENSP00000259075
UBR7,9606.ENSP00000013070
TENT5B,9606.ENSP00000289166
RBBP7,9606.ENSP00000369424
CAVIN2,9606.ENSP00000305675
ZNF2,9606.ENSP00000482030
SLC67A1,9606.ENSP00000369948
SLC35A5,9606.ENSP00000417654
PSKH1,9606.ENSP00000291041
DUX4L2,9606.ENSP00000458065
SPATA2L,9606.ENSP00000289805
TBCEL,9606.ENSP00000403925
KCNJ8,9606.ENSP00000499300
AVPR1B,9606.ENSP00000356094
STAMBP,9606.ENSP00000377633
SPOCK2,9606.ENSP00000321108
ELP4,9606.ENSP00000379267
ZP3,9606.ENSP00000378326
MAPK9,9606.ENSP00000394560
SKP2,9606.ENSP00000274255
SHISA9,9606.ENSP00000454014
ZNF597,9606.ENSP00000301744
CHST8,9606.ENSP00000262622
KRT20,9606.ENSP00000167588
ZBTB6,9606.ENSP00000362763
BMP10,9606.ENSP00000295379
SCRN3,9606.ENSP00000272732
SF3B4,9606.ENSP00000271628
SBK1,9606.ENSP00000343248
ACAA1,9606.ENSP00000333664
ZAR1,9606.ENSP00000329803
SERPINE3,9606.ENSP00000428316
PACSIN3,9606.ENSP00000440945
TOR4A,9606.ENSP00000350102
CPB2,9606.ENSP00000181383
SH2D5,9606.ENSP00000406026
GPR83,9606.ENSP00000243673
ESRRA,9606.ENSP00000384851
NUP42,9606.ENSP00000258742
TNFRSF19,9606.ENSP00000371693
SERPINA3,9606.ENSP00000450540
TTLL1,9606.ENSP00000266254
SMPD2,9606.ENSP00000258052
KCNJ6,9606.ENSP00000477437
HDHD5,9606.ENSP00000337358
NR2F1,9606.ENSP00000325819
GATM,9606.ENSP00000379895
MRPL37,9606.ENSP00000473980
SHF,9606.ENSP00000290894
PIGM,9606.ENSP00000357069
LIPM,9606.ENSP00000383901
AP1M1,9606.ENSP00000388996
COPS3,9606.ENSP00000268717
GHRHR,9606.ENSP00000320180
HSFX1,9606.ENSP00000359444
MPI,9606.ENSP00000318318
SERINC5,9606.ENSP00000426237
WDR12,9606.ENSP00000261015
GAL3ST1,9606.ENSP00000385207
TMPRSS11E,9606.ENSP00000307519
FBXL2,9606.ENSP00000417601
FAM43A,9606.ENSP00000371397
ZNF557,9606.ENSP00000252840
FECH,9606.ENSP00000498358
AP1M2,9606.ENSP00000465685
ZNF550,9606.ENSP00000446224
ING1,9606.ENSP00000364929
PHAF1,9606.ENSP00000219139
STYK1,9606.ENSP00000075503
SDR42E2,9606.ENSP00000473474
IL11RA,9606.ENSP00000450565
PPP1R36,9606.ENSP00000298705
PAX6,9606.ENSP00000492024
CSNK1G1,9606.ENSP00000475724
CRLF1,9606.ENSP00000376188
REXO4,9606.ENSP00000361010
GFI1,9606.ENSP00000294702
ZNF620,9606.ENSP00000322265
ZNF385C,9606.ENSP00000480744
B3GALT2,9606.ENSP00000356404
ZBTB42,9606.ENSP00000409107
FAM53B,9606.ENSP00000338532
KYAT1,9606.ENSP00000399415
KRT23,9606.ENSP00000209718
GARIN2,9606.ENSP00000483154
PRR22,9606.ENSP00000407653
HTR1A,9606.ENSP00000316244
PSMD11,9606.ENSP00000261712
SYT1,9606.ENSP00000261205
SERPINA11,9606.ENSP00000335024
AGK,9606.ENSP00000497280
C19orf47,9606.ENSP00000463159
UBE2Q1,9606.ENSP00000292211
ACR,9606.ENSP00000216139
WSB1,9606.ENSP00000262394
TES,9606.ENSP00000350937
SLC35F3,9606.ENSP00000355577
SYT12,9606.ENSP00000377520
GOT1L1,9606.ENSP00000303077
CNP,9606.ENSP00000377470
C7orf25,9606.ENSP00000413029
ACADM,9606.ENSP00000359871
ZNF584,9606.ENSP00000306756
BEND5,9606.ENSP00000360899
ACOT4,9606.ENSP00000323071
C2CD4C,9606.ENSP00000328677
PIP4K2C,9606.ENSP00000347032
ACOT1,9606.ENSP00000311224
POLDIP3,9606.ENSP00000397927
ACOT6,9606.ENSP00000370531
SYT15,9606.ENSP00000363441
TMLHE,9606.ENSP00000335261
FOXJ1,9606.ENSP00000323880
ATAT1,9606.ENSP00000327832
ASB6,9606.ENSP00000277458
RCC1,9606.ENSP00000497402
OMD,9606.ENSP00000364700
TRMU,9606.ENSP00000496496
CPA4,9606.ENSP00000222482
NUCB2,9606.ENSP00000436455
IL5RA,9606.ENSP00000412209
MRM3,9606.ENSP00000306080
ZNF362,9606.ENSP00000446335
NAPSA,9606.ENSP00000253719
PRIM1,9606.ENSP00000350491
CRELD1,9606.ENSP00000321856
TPBG,9606.ENSP00000358765
UXS1,9606.ENSP00000283148
ANKRD10,9606.ENSP00000267339
HNRNPDL,9606.ENSP00000483254
PTPN20,9606.ENSP00000363459
DNAAF4,9606.ENSP00000323275
TADA2B,9606.ENSP00000308022
RNF39,9606.ENSP00000244360
LANCL3,9606.ENSP00000367882
FOXI3,9606.ENSP00000478384
GMPPA,9606.ENSP00000350949
GSK3B,9606.ENSP00000324806
HMBOX1,9606.ENSP00000430110
DCP2,9606.ENSP00000373715
SLC17A3,9606.ENSP00000380250
PELI2,9606.ENSP00000267460
NFIB,9606.ENSP00000370340
RBM22,9606.ENSP00000199814
RTN4RL2,9606.ENSP00000335397
TASP1,9606.ENSP00000338624
VAT1L,9606.ENSP00000303129
CKMT2,9606.ENSP00000404203
CCDC85C,9606.ENSP00000369592
IKZF5,9606.ENSP00000357881
GPR151,9606.ENSP00000308733
DIPK1C,9606.ENSP00000344331
HAT1,9606.ENSP00000264108
IKBKG,9606.ENSP00000483825
VEGFC,9606.ENSP00000480043
NFATC2IP,9606.ENSP00000324792
PYGO1,9606.ENSP00000302327
GPR63,9606.ENSP00000229955
GCAT,9606.ENSP00000371110
FAH,9606.ENSP00000385080
BRF2,9606.ENSP00000220659
BZW2,9606.ENSP00000397249
MAP2K7,9606.ENSP00000381070
PSG1,9606.ENSP00000308970
SYT2,9606.ENSP00000356237
DRD4,9606.ENSP00000176183
FDPS,9606.ENSP00000349078
CPA1,9606.ENSP00000011292
BCS1L,9606.ENSP00000413908
KCNAB1,9606.ENSP00000419952
UHMK1,9606.ENSP00000420270
MOK,9606.ENSP00000355304
DUSP7,9606.ENSP00000417183
POU4F1,9606.ENSP00000366413
RASSF8,9606.ENSP00000384491
CPA2,9606.ENSP00000222481
KCTD20,9606.ENSP00000362836
KCNJ5,9606.ENSP00000433295
PSG4,9606.ENSP00000384770
POLR1E,9606.ENSP00000367029
RNF130,9606.ENSP00000430237
BZW1,9606.ENSP00000394316
ARRDC4,9606.ENSP00000268042
TMPRSS11A,9606.ENSP00000334611
SERPINH1,9606.ENSP00000434412
ARRB1,9606.ENSP00000409581
SLC25A46,9606.ENSP00000348211
MMAA,9606.ENSP00000497008
SERPINA1,9606.ENSP00000416066
FUZ,9606.ENSP00000313309
AP3M2,9606.ENSP00000428787
KCNJ16,9606.ENSP00000465295
RAD52,9606.ENSP00000351284
ST3GAL5,9606.ENSP00000491316
CIMAP2,9606.ENSP00000360320
NTSR1,9606.ENSP00000359532
SS18,9606.ENSP00000414516
RASSF5,9606.ENSP00000462099
PELI1,9606.ENSP00000351789
PSMC4,9606.ENSP00000157812
TM7SF2,9606.ENSP00000279263
PRKAR2B,9606.ENSP00000265717
SSTR3,9606.ENSP00000480971
CENPU,9606.ENSP00000281453
ING3,9606.ENSP00000320566
FBXL14,9606.ENSP00000344855
AP3M1,9606.ENSP00000347408
ACTR3B,9606.ENSP00000256001
HSDL2,9606.ENSP00000381785
ZNF566,9606.ENSP00000376010
TEKT1,9606.ENSP00000341346
TMPRSS11D,9606.ENSP00000283916
SPRED2,9606.ENSP00000348753
BAAT,9606.ENSP00000259407
ACTR3,9606.ENSP00000263238
STRADB,9606.ENSP00000194530
ANKRD61,9606.ENSP00000386502
SERPINF1,9606.ENSP00000254722
AVPR1A,9606.ENSP00000299178
SMYD5,9606.ENSP00000374152
CPA3,9606.ENSP00000296046
PPP4R2,9606.ENSP00000349124
LOX,9606.ENSP00000231004
PGK2,9606.ENSP00000305995
CPB1,9606.ENSP00000417222
RHCE,9606.ENSP00000294413
PREB,9606.ENSP00000260643
ACTR10,9606.ENSP00000254286
CKMT1A,9606.ENSP00000300283
SERPINA9,9606.ENSP00000337133
TSPYL5,9606.ENSP00000322802
ZNF114,9606.ENSP00000469998
TRAPPC13,9606.ENSP00000409231
FDFT1,9606.ENSP00000491537
NEMP2,9606.ENSP00000386292
GPR137,9606.ENSP00000411827
TNFRSF25,9606.ENSP00000367013
CBLIF,9606.ENSP00000257248
FOXD4L6,9606.ENSP00000484875
PVR,9606.ENSP00000402060
HYAL3,9606.ENSP00000337425
LAMP1,9606.ENSP00000333298
PGK1,9606.ENSP00000362413
MTERF3,9606.ENSP00000287025
SAMD14,9606.ENSP00000424474
FOXD4L3,9606.ENSP00000341961
HPN,9606.ENSP00000262626
JMJD4,9606.ENSP00000355720
ANKS4B,9606.ENSP00000308772
CALR,9606.ENSP00000320866
PAX2,9606.ENSP00000359319
WNT10A,9606.ENSP00000258411
ALG2,9606.ENSP00000417764
PRB2,9606.ENSP00000374013
KLF15,9606.ENSP00000296233
PSTPIP1,9606.ENSP00000452746
MKRN2,9606.ENSP00000170447
ZFP92,9606.ENSP00000462054
KDM8,9606.ENSP00000398410
KRT31,9606.ENSP00000251645
FOXD4L4,9606.ENSP00000366630
RCSD1,9606.ENSP00000356828
STK26,9606.ENSP00000377867
GSDMB,9606.ENSP00000415049
PIP4K2B,9606.ENSP00000482548
CSNK1E,9606.ENSP00000380044
IPMK,9606.ENSP00000363046
TRAF1,9606.ENSP00000362994
ARB2A,9606.ENSP00000379294
APMAP,9606.ENSP00000217456
LAMP3,9606.ENSP00000265598
TMPRSS11B,9606.ENSP00000330475
CASP9,9606.ENSP00000330237
EVL,9606.ENSP00000376652
ACTL9,9606.ENSP00000316674
CEPT1,9606.ENSP00000441980
HEPACAM,9606.ENSP00000298251
FOXD4L5,9606.ENSP00000366637
PTOV1,9606.ENSP00000375717
SLC35D3,9606.ENSP00000333591
NEU1,9606.ENSP00000364782
DAW1,9606.ENSP00000311899
CSNK1D,9606.ENSP00000381531
SERPINA7,9606.ENSP00000329374
CSNK1G2,9606.ENSP00000255641
RUNX3,9606.ENSP00000382800
ABRAXAS2,9606.ENSP00000298492
BFSP2,9606.ENSP00000304987
ACTL7B,9606.ENSP00000363799
NKAP,9606.ENSP00000360464
GPR19,9606.ENSP00000498976
ACAD8,9606.ENSP00000281182
B4GAT1,9606.ENSP00000309096
PICK1,9606.ENSP00000385205
ZPLD1,9606.ENSP00000307801
QTRT2,9606.ENSP00000420682
PTPN2,9606.ENSP00000311857
MAMSTR,9606.ENSP00000324175
SERPINB2,9606.ENSP00000401645
HNRNPF,9606.ENSP00000400433
CRHR1,9606.ENSP00000381333
NMUR2,9606.ENSP00000255262
SAMD8,9606.ENSP00000500411
PCOLCE2,9606.ENSP00000295992
PDSS1,9606.ENSP00000365388
NR2F2,9606.ENSP00000377721
OSGEPL1,9606.ENSP00000264151
CHST12,9606.ENSP00000481912
VSIG8,9606.ENSP00000357080
YY1,9606.ENSP00000262238
TARDBP,9606.ENSP00000240185
TGFB2,9606.ENSP00000355896
STK32B,9606.ENSP00000282908
LCLAT1,9606.ENSP00000310551
SUPT7L,9606.ENSP00000336750
SCRN1,9606.ENSP00000388942
IDH1,9606.ENSP00000390265
HHLA2,9606.ENSP00000350402
WWOX,9606.ENSP00000457230
TSPYL4,9606.ENSP00000410943
STK17A,9606.ENSP00000319192
C12orf50,9606.ENSP00000298699
ARRDC3,9606.ENSP00000265138
SOX17,9606.ENSP00000297316
SCML4,9606.ENSP00000358016
ABHD18,9606.ENSP00000496010
MRPS27,9606.ENSP00000426941
ITPK1,9606.ENSP00000267615
SERPINA12,9606.ENSP00000342109
LRR1,9606.ENSP00000298288
BEND7,9606.ENSP00000345773
ADRB2,9606.ENSP00000305372
GOT1,9606.ENSP00000359539
GATA1,9606.ENSP00000365858
FAM187A,9606.ENSP00000329499
HABP4,9606.ENSP00000364398
CLUAP1,9606.ENSP00000344392
ZDHHC6,9606.ENSP00000358413
SGMS1,9606.ENSP00000354829
RBM41,9606.ENSP00000361557
TMEM184A,9606.ENSP00000297477
CCDC83,9606.ENSP00000280245
FAM8A1,9606.ENSP00000259963
E2F4,9606.ENSP00000368686
PRSS35,9606.ENSP00000358714
DOC2B,9606.ENSP00000482950
FKBP8,9606.ENSP00000471700
SUV39H1,9606.ENSP00000337976
PRR30,9606.ENSP00000335017
PLA2G15,9606.ENSP00000219345
SLC35G2,9606.ENSP00000400839
ZNF260,9606.ENSP00000429803
WDR4,9606.ENSP00000381266
ADORA2A,9606.ENSP00000480012
BHLHE40,9606.ENSP00000256495
DNAJA2,9606.ENSP00000314030
CTSD,9606.ENSP00000236671
FBXW4,9606.ENSP00000499522
CBX6,9606.ENSP00000384490
ASS1,9606.ENSP00000361471
ARID3C,9606.ENSP00000368189
CHRFAM7A,9606.ENSP00000299847
NOB1,9606.ENSP00000268802
DOK2,9606.ENSP00000276420
BCKDK,9606.ENSP00000378405
ZACN,9606.ENSP00000334854
MLNR,9606.ENSP00000218721
SLC33A2,9606.ENSP00000301327
ACADS,9606.ENSP00000242592
ZNF704,9606.ENSP00000331462
RAPSN,9606.ENSP00000298854
ZDHHC11,9606.ENSP00000283441
TGFB3,9606.ENSP00000238682
AARSD1,9606.ENSP00000400870
SELPLG,9606.ENSP00000228463
ZNF821,9606.ENSP00000398089
SKA3,9606.ENSP00000319417
ZNF735,9606.ENSP00000485547
INPP5A,9606.ENSP00000357583
NAGA,9606.ENSP00000379680
MBD2,9606.ENSP00000256429
SMARCE1,9606.ENSP00000323967
STAC2,9606.ENSP00000327509
DPEP1,9606.ENSP00000376807
TBRG1,9606.ENSP00000409016
EIF4A3,9606.ENSP00000497641
ZNF679,9606.ENSP00000416809
ZFYVE27,9606.ENSP00000409594
CCDC51,9606.ENSP00000379047
BROX,9606.ENSP00000343742
AJAP1,9606.ENSP00000367433
ALX4,9606.ENSP00000498217
TPRX1,9606.ENSP00000323455
CHST5,9606.ENSP00000338783
LDB1,9606.ENSP00000501277
PDK4,9606.ENSP00000005178
CHST1,9606.ENSP00000309270
HS6ST1,9606.ENSP00000259241
KIAA0513,9606.ENSP00000457408
CRHR2,9606.ENSP00000340943
IHH,9606.ENSP00000295731
ATAD3C,9606.ENSP00000368062
SNAPC3,9606.ENSP00000370200
TEX28,9606.ENSP00000478834
CCNE1,9606.ENSP00000262643
KIR3DL3,9606.ENSP00000291860
CLIC5,9606.ENSP00000185206
NTSR2,9606.ENSP00000303686
SPRED3,9606.ENSP00000345405
ENDOU,9606.ENSP00000397679
AUP1,9606.ENSP00000366748
NR2E3,9606.ENSP00000482504
MARCHF4,9606.ENSP00000273067
SUV39H2,9606.ENSP00000346997
LAMP2,9606.ENSP00000408411
RSKR,9606.ENSP00000301037
TSPYL6,9606.ENSP00000417919
PAFAH1B1,9606.ENSP00000380378
HAUS8,9606.ENSP00000253669
RMDN2,9606.ENSP00000234195
HOXA10,9606.ENSP00000283921
TFDP1,9606.ENSP00000364519
SLC35E1,9606.ENSP00000470652
NIPAL1,9606.ENSP00000295461
WDFY1,9606.ENSP00000233055
COX15,9606.ENSP00000016171
TDG,9606.ENSP00000376611
SERPINI1,9606.ENSP00000295777
IP6K3,9606.ENSP00000293756
CNPPD1,9606.ENSP00000386277
SIGIRR,9606.ENSP00000403104
KLRG2,9606.ENSP00000339356
TEX13A,9606.ENSP00000471604
AMDHD2,9606.ENSP00000391596
ZDHHC23,9606.ENSP00000498556
RHAG,9606.ENSP00000360217
POU4F2,9606.ENSP00000281321
MFAP3L,9606.ENSP00000354583
ABHD3,9606.ENSP00000289119
CARNMT1,9606.ENSP00000366030
CFAP92,9606.ENSP00000265068
ABRAXAS1,9606.ENSP00000369857
FAXC,9606.ENSP00000374328
PLEKHO1,9606.ENSP00000358120
RAD23B,9606.ENSP00000350708
ARRB2,9606.ENSP00000403701
FAM20B,9606.ENSP00000263733
PISD,9606.ENSP00000391739
DEPTOR,9606.ENSP00000286234
ZSCAN1,9606.ENSP00000282326
GAPDHS,9606.ENSP00000222286
SLX4IP,9606.ENSP00000335557
ADRB3,9606.ENSP00000343782
FOXD4L1,9606.ENSP00000302756
KCNK13,9606.ENSP00000282146
DPAGT1,9606.ENSP00000386597
S100PBP,9606.ENSP00000362574
ACY1,9606.ENSP00000384296
BMP4,9606.ENSP00000245451
SSB,9606.ENSP00000386636
NCEH1,9606.ENSP00000442464
ZNF764,9606.ENSP00000252797
SERBP1,9606.ENSP00000360034
TMEM237,9606.ENSP00000386264
SLC35F1,9606.ENSP00000353557
HNF4G,9606.ENSP00000501146
MNDA,9606.ENSP00000357123
AADACL3,9606.ENSP00000352268
PDK2,9606.ENSP00000420927
RPL3L,9606.ENSP00000268661
METTL15,9606.ENSP00000384369
ELK3,9606.ENSP00000228741
IDO2,9606.ENSP00000443432
GDF11,9606.ENSP00000257868
AADACL4,9606.ENSP00000365395
EIF4A2,9606.ENSP00000326381
SLFNL1,9606.ENSP00000352299
RBMS2,9606.ENSP00000262031
ARRDC2,9606.ENSP00000222250
IGSF5,9606.ENSP00000369962
MAGEB6B,9606.ENSP00000488257
TRIM13,9606.ENSP00000348299
EVX1,9606.ENSP00000419266
ADRM1,9606.ENSP00000478877
TMEM184B,9606.ENSP00000354441
EGLN2,9606.ENSP00000469686
POC1A,9606.ENSP00000296484
ZNF552,9606.ENSP00000375582
DAZAP1,9606.ENSP00000233078
ZFP1,9606.ENSP00000457044
TACR1,9606.ENSP00000303522
INHBB,9606.ENSP00000295228
ZNF174,9606.ENSP00000268655
MAGEB6,9606.ENSP00000368320
ZNF365,9606.ENSP00000387091
SNX6,9606.ENSP00000498872
OLFML3,9606.ENSP00000322273
REN,9606.ENSP00000272190
RBMS1,9606.ENSP00000294904
CCBE1,9606.ENSP00000497183
SERPINA5,9606.ENSP00000333203
ARFGAP1,9606.ENSP00000314615
EIF4A1,9606.ENSP00000293831
PDK3,9606.ENSP00000498864
SEC14L4,9606.ENSP00000255858
BHMT,9606.ENSP00000274353
ESX1,9606.ENSP00000361669
HP,9606.ENSP00000348170
SLC38A11,9606.ENSP00000386272
VMP1,9606.ENSP00000262291
ZNF793,9606.ENSP00000487183
NIPAL3,9606.ENSP00000363520
HS3ST3A1,9606.ENSP00000284110
COPS4,9606.ENSP00000424655
ST6GAL1,9606.ENSP00000169298
MTG2,9606.ENSP00000359859
ZSCAN31,9606.ENSP00000390076
CCER1,9606.ENSP00000351727
LHX1,9606.ENSP00000477829
HERPUD2,9606.ENSP00000379390
GLMP,9606.ENSP00000354553
ANGPTL4,9606.ENSP00000301455
PSMC5,9606.ENSP00000310572
ERP44,9606.ENSP00000262455
PYGO2,9606.ENSP00000357442
KLHDC1,9606.ENSP00000352282
LHX2,9606.ENSP00000362717
TDO2,9606.ENSP00000444788
RING1,9606.ENSP00000363787
PIP4K2A,9606.ENSP00000365757
PHKG2,9606.ENSP00000455607
UST,9606.ENSP00000356433
CHPT1,9606.ENSP00000229266
KLHDC2,9606.ENSP00000298307
SERPINI2,9606.ENSP00000481699
ABHD1,9606.ENSP00000326491
SAG,9606.ENSP00000386444
ZNF785,9606.ENSP00000378642
DMTN,9606.ENSP00000427866
SERPINB12,9606.ENSP00000372218
SAMTOR,9606.ENSP00000297145
UBAC1,9606.ENSP00000360821
HSD11B2,9606.ENSP00000316786
CTH,9606.ENSP00000359976
CPHXL,9606.ENSP00000491599
SLC35E2B,9606.ENSP00000481694
TFDP3,9606.ENSP00000385461
SERPINA6,9606.ENSP00000342850
ARK2N,9606.ENSP00000481626
NIPAL4,9606.ENSP00000311687
AGER,9606.ENSP00000364210
SAC3D1,9606.ENSP00000436649
CCNE2,9606.ENSP00000429089
METTL22,9606.ENSP00000371345
PLEKHA1,9606.ENSP00000357986
GPR143,9606.ENSP00000417161
IER5L,9606.ENSP00000361569
WSB2,9606.ENSP00000409131
CD209,9606.ENSP00000315477
UBA5,9606.ENSP00000348565
SYNE4,9606.ENSP00000316130
KCNAB3,9606.ENSP00000302719
ACKR5,9606.ENSP00000300098
PRKAR2A,9606.ENSP00000265563
NR2F6,9606.ENSP00000291442
SNX5,9606.ENSP00000366998
CASP1,9606.ENSP00000433138
KIAA0930,9606.ENSP00000251993
KRT33A,9606.ENSP00000007735
KRT33B,9606.ENSP00000251646
RHBDL3,9606.ENSP00000269051
TBC1D20,9606.ENSP00000346139
ZNHIT2,9606.ENSP00000308548
GPRC5B,9606.ENSP00000300571
JMJD6,9606.ENSP00000394085
ZCCHC3,9606.ENSP00000484056
FOXQ1,9606.ENSP00000296839
IDO1,9606.ENSP00000430950
RILPL1,9606.ENSP00000366070
TRMT10C,9606.ENSP00000312356
PTEN,9606.ENSP00000361021
QTRT1,9606.ENSP00000250237
FBXO22,9606.ENSP00000307833
RPL3,9606.ENSP00000346001
SEC14L2,9606.ENSP00000478755
PEX13,9606.ENSP00000295030
PCBP4,9606.ENSP00000417196
SYT7,9606.ENSP00000444201
SNX32,9606.ENSP00000310620
TRIM59,9606.ENSP00000311219
AMT,9606.ENSP00000273588
ZCCHC18,9606.ENSP00000482195
AURKA,9606.ENSP00000216911
STAP2,9606.ENSP00000468927
PGAP4,9606.ENSP00000363984
PHF23,9606.ENSP00000322579
FAM221B,9606.ENSP00000415299
ZNF587B,9606.ENSP00000392410
SHBG,9606.ENSP00000369816
OLFML1,9606.ENSP00000332511
B3GNT9,9606.ENSP00000400157
MARCHF11,9606.ENSP00000333181
APOL3,9606.ENSP00000344577
SPDYE6,9606.ENSP00000485230
HAPLN4,9606.ENSP00000291481
PTGER1,9606.ENSP00000292513
SPDYE5,9606.ENSP00000485398
STAC,9606.ENSP00000273183
SPDYE2B,9606.ENSP00000424058
GCNT2,9606.ENSP00000419411
KLF12,9606.ENSP00000366897
ZNF586,9606.ENSP00000379458
BMP8B,9606.ENSP00000361915
NKAPL,9606.ENSP00000345716
BMP8A,9606.ENSP00000327440
CCDC188,9606.ENSP00000409542
SPDYE2,9606.ENSP00000421686
LHX5,9606.ENSP00000261731
LMX1B,9606.ENSP00000347684
ZCCHC12,9606.ENSP00000308921
PTAR1,9606.ENSP00000344299
OPN3,9606.ENSP00000355512
ZNF322,9606.ENSP00000482607
ZNF558,9606.ENSP00000471277
BSPRY,9606.ENSP00000363298
SERPINE1,9606.ENSP00000223095
C16orf89,9606.ENSP00000324672
KRTAP10-4,9606.ENSP00000383225
B3GNT7,9606.ENSP00000287590
GOLM1,9606.ENSP00000373364
DCTN2,9606.ENSP00000408910
TNFRSF11B,9606.ENSP00000297350
TGIF1,9606.ENSP00000327959
AADACL2,9606.ENSP00000348911
RILP,9606.ENSP00000301336
PHLDA1,9606.ENSP00000266671
RBM17,9606.ENSP00000388638
HSFY1,9606.ENSP00000303599
MNX1,9606.ENSP00000252971
CANT1,9606.ENSP00000307674
CRTAP,9606.ENSP00000323696
SLC35B3,9606.ENSP00000368981
SEC14L3,9606.ENSP00000215812
ASCC1,9606.ENSP00000339404
SIRT7,9606.ENSP00000329466
C1orf141,9606.ENSP00000360046
PROZ,9606.ENSP00000344458
DOC2A,9606.ENSP00000482870
RRAGD,9606.ENSP00000358423
MAPKAPK2,9606.ENSP00000356070
GFRA3,9606.ENSP00000274721
CSF2RA,9606.ENSP00000394227
TFG,9606.ENSP00000240851
ZNF514,9606.ENSP00000295208
RNF149,9606.ENSP00000295317
TMEM43,9606.ENSP00000303992
MAP2K2,9606.ENSP00000262948
DRD3,9606.ENSP00000373169
BLZF1,9606.ENSP00000356782
WWTR1,9606.ENSP00000419465
PHF24,9606.ENSP00000242315
MVD,9606.ENSP00000301012
CYTH2,9606.ENSP00000493357
CYTH3,9606.ENSP00000297044
TBC1D13,9606.ENSP00000361731
CPHXL2,9606.ENSP00000491197
OAS1,9606.ENSP00000388001
SPN,9606.ENSP00000498852
OPRM1,9606.ENSP00000394624
WDFY2,9606.ENSP00000298125
KRT19,9606.ENSP00000355124
CRACR2B,9606.ENSP00000435299
AADAC,9606.ENSP00000232892
BRS3,9606.ENSP00000359682
MYPOP,9606.ENSP00000325402
GPR137B,9606.ENSP00000355551
SIRT3,9606.ENSP00000372191
LIPA,9606.ENSP00000337354
LANCL1,9606.ENSP00000388713
CASQ2,9606.ENSP00000261448
MAP2K4,9606.ENSP00000410402
PNMA6A,9606.ENSP00000391488
SEC62,9606.ENSP00000337688
LEF1,9606.ENSP00000265165
INPP1,9606.ENSP00000376142
LIPK,9606.ENSP00000383900
PCID2,9606.ENSP00000479494
P2RX1,9606.ENSP00000225538
DDI2,9606.ENSP00000417748
VSIG4,9606.ENSP00000363869
CLEC4M,9606.ENSP00000316228
MTERF1,9606.ENSP00000248643
SGPP2,9606.ENSP00000315137
TERF2IP,9606.ENSP00000300086
CIPC,9606.ENSP00000355319
RRAGC,9606.ENSP00000362092
PDSS2,9606.ENSP00000358033
ANKRD65,9606.ENSP00000445688
CEP43,9606.ENSP00000355812
KDF1,9606.ENSP00000319179
ABHD12,9606.ENSP00000365725
FAM53A,9606.ENSP00000310057
CYTH1,9606.ENSP00000389095
LIPN,9606.ENSP00000383923
STOML1,9606.ENSP00000442478
LAX1,9606.ENSP00000406970
TACR2,9606.ENSP00000362403
APOL1,9606.ENSP00000317674
ATG4A,9606.ENSP00000361306
CATSPER3,9606.ENSP00000282611
DAP3,9606.ENSP00000357320
MS4A18,9606.ENSP00000431607
BSCL2,9606.ENSP00000354032
GAL3ST2,9606.ENSP00000192314
CCNB2,9606.ENSP00000288207
SP5,9606.ENSP00000364430
SIRPB1,9606.ENSP00000371018
SAXO2,9606.ENSP00000340445
OTUD3,9606.ENSP00000364261
TBX1,9606.ENSP00000331791
POLR3D,9606.ENSP00000380904
CADM3,9606.ENSP00000357106
IL1R2,9606.ENSP00000330959
NPTN,9606.ENSP00000290401
LIPF,9606.ENSP00000377900
SERPINE2,9606.ENSP00000415786
B4GALT1,9606.ENSP00000369055
TRHR,9606.ENSP00000430711
S1PR5,9606.ENSP00000328472
ST8SIA6,9606.ENSP00000366827
KISS1R,9606.ENSP00000234371
F2RL1,9606.ENSP00000296677
B3GNT8,9606.ENSP00000312700
VPS37A,9606.ENSP00000318629
NXF5,9606.ENSP00000426978
P2RX3,9606.ENSP00000263314
SELENOI,9606.ENSP00000260585
DNAJA1,9606.ENSP00000369127
GATA5,9606.ENSP00000252997
SEC14L6,9606.ENSP00000385695
ACAA2,9606.ENSP00000285093
ACAT2,9606.ENSP00000356015
RBFOX1,9606.ENSP00000391269
SHISA8,9606.ENSP00000481203
LHX3,9606.ENSP00000360811
MESP2,9606.ENSP00000342392
CX3CL1,9606.ENSP00000006053
DNAJA4,9606.ENSP00000378324
ELL3,9606.ENSP00000320346
TOR3A,9606.ENSP00000356599
B3GNT2,9606.ENSP00000305595
LHX9,9606.ENSP00000356357
SERPINB10,9606.ENSP00000238508
ARC,9606.ENSP00000349022
YJU2B,9606.ENSP00000465776
MAEA,9606.ENSP00000302830
SPO11,9606.ENSP00000360310
RTN4IP1,9606.ENSP00000358059
STK32A,9606.ENSP00000381535
DDI1,9606.ENSP00000302805
C17orf75,9606.ENSP00000464275
SLC35A2,9606.ENSP00000416002
GPR84,9606.ENSP00000450310
CASQ1,9606.ENSP00000357057
SNIP1,9606.ENSP00000296215
OLA1,9606.ENSP00000284719
DXO,9606.ENSP00000364498
CTSE,9606.ENSP00000350911
APOA4,9606.ENSP00000350425
BMP2,9606.ENSP00000368104
ACTR6,9606.ENSP00000188312
ERCC8,9606.ENSP00000265038
DHH,9606.ENSP00000497483
TFB2M,9606.ENSP00000355471
GJC1,9606.ENSP00000467201
DCAF4L1,9606.ENSP00000327796
SIGLEC14,9606.ENSP00000354090
VRK1,9606.ENSP00000216639
MRPS9,9606.ENSP00000258455
MVK,9606.ENSP00000228510
WTAP,9606.ENSP00000351141
SS18L1,9606.ENSP00000333012
MPPE1,9606.ENSP00000465894
NECAB3,9606.ENSP00000246190
CREB3L4,9606.ENSP00000271889
SH3GLB2,9606.ENSP00000361634
ZNG1F,9606.ENSP00000366608
GNB5,9606.ENSP00000261837
GABPB1,9606.ENSP00000220429
TEX44,9606.ENSP00000315557
MAT1A,9606.ENSP00000361287
ASAH1,9606.ENSP00000371152
PTGDR2,9606.ENSP00000332812
THAP5,9606.ENSP00000400500
PRSS54,9606.ENSP00000219301
C16orf46,9606.ENSP00000299578
MAT2A,9606.ENSP00000303147
GTF2H2,9606.ENSP00000274400
CABS1,9606.ENSP00000273936
VN1R2,9606.ENSP00000351244
ZNG1C,9606.ENSP00000353295
TSC22D4,9606.ENSP00000300181
ZNF200,9606.ENSP00000395723
CHKB,9606.ENSP00000384400
DCAF4L2,9606.ENSP00000316496
GTF2H2C;,9606.ENSP00000422907
CHST6,9606.ENSP00000328983
ZNG1A,9606.ENSP00000366617
PIGK,9606.ENSP00000359848
ZNG1B,9606.ENSP00000259199
XKR8,9606.ENSP00000362991
DHODH,9606.ENSP00000219240
MRPS31,9606.ENSP00000315397
TAMALIN,9606.ENSP00000293662
ZNG1E,9606.ENSP00000371842
NHLRC1,9606.ENSP00000345464
ZNF385D,9606.ENSP00000281523
TMEM79,9606.ENSP00000295694
CYTH4,9606.ENSP00000248901
DUSP4,9606.ENSP00000240100
ACTR2,9606.ENSP00000367220
SAPCD2,9606.ENSP00000386348
ZSCAN9,9606.ENSP00000404074
KCNK3,9606.ENSP00000306275
HORMAD1,9606.ENSP00000355167
NDRG1,9606.ENSP00000404854
CERS4,9606.ENSP00000251363
ECI2,9606.ENSP00000369461
PRMT8,9606.ENSP00000372067
JAML,9606.ENSP00000348635
UGCG,9606.ENSP00000363397
PA2G4,9606.ENSP00000302886
GFRAL,9606.ENSP00000343636
PIP5KL1,9606.ENSP00000373399
ALKBH5,9606.ENSP00000382091
PHAX,9606.ENSP00000297540
KRT34,9606.ENSP00000377570
SH3BP5L,9606.ENSP00000355428
FAM47E,9606.ENSP00000409423
SDR42E1,9606.ENSP00000332407
VAT1,9606.ENSP00000347872
IDH3G,9606.ENSP00000217901
TP53I13,9606.ENSP00000301057
KMT5A,9606.ENSP00000384629
CHID1,9606.ENSP00000398722
ATG4B,9606.ENSP00000384259
XXYLT1,9606.ENSP00000309640
HPD,9606.ENSP00000289004
MAP2K1,9606.ENSP00000302486
PROKR1,9606.ENSP00000303775
HENMT1,9606.ENSP00000359049
IRF9,9606.ENSP00000380073
CRTAM,9606.ENSP00000227348
RMND5B,9606.ENSP00000420875
KIN,9606.ENSP00000368881
B4GALT3,9606.ENSP00000480428
NAPEPLD,9606.ENSP00000407112
UBTFL1,9606.ENSP00000485108
KCNK4,9606.ENSP00000402797
KCNJ9,9606.ENSP00000357067
TP53,9606.ENSP00000269305
DSCC1,9606.ENSP00000322180
FAM185A,9606.ENSP00000395340
BCKDHB,9606.ENSP00000318351
AGXT,9606.ENSP00000302620
HS1BP3,9606.ENSP00000305193
PAK1IP1,9606.ENSP00000368887
EN1,9606.ENSP00000295206
PAFAH2,9606.ENSP00000363400
CERS5,9606.ENSP00000325485
FAM53C,9606.ENSP00000239906
CD46,9606.ENSP00000313875
ILKAP,9606.ENSP00000254654
SEPHS1,9606.ENSP00000367893
SPOPL,9606.ENSP00000280098
PAAF1,9606.ENSP00000438071
GALK1,9606.ENSP00000225614
LRRC74B,9606.ENSP00000394078
PRB1,9606.ENSP00000420826
BMP15,9606.ENSP00000252677
POGLUT1,9606.ENSP00000295588
LUC7L2,9606.ENSP00000347005
SERPINB11,9606.ENSP00000485532
PANX3,9606.ENSP00000284288
BCAT2,9606.ENSP00000322991
FEZ1,9606.ENSP00000497070
RBMXL2,9606.ENSP00000304139
SPATA6L,9606.ENSP00000417063
AZI2,9606.ENSP00000419371
WNT2B,9606.ENSP00000358698
KCNJ1,9606.ENSP00000376432
RBMX,9606.ENSP00000359645
CSNK2A1,9606.ENSP00000217244
EDA,9606.ENSP00000363680
SERPINB13,9606.ENSP00000269489
TEX9,9606.ENSP00000342169
CSNK2A3,9606.ENSP00000473553
SSTR1,9606.ENSP00000267377
BDKRB2,9606.ENSP00000450482
RGP1,9606.ENSP00000367318
TRDMT1,9606.ENSP00000367030
ALLC,9606.ENSP00000252505
NAP1L1,9606.ENSP00000477538
DPF2,9606.ENSP00000252268
HERPUD1,9606.ENSP00000409555
TENT5C,9606.ENSP00000358458
CDC42EP1,9606.ENSP00000249014
SOX1,9606.ENSP00000330218
RIMKLA,9606.ENSP00000414330
PAX5,9606.ENSP00000350844
RAD9A,9606.ENSP00000311360
TXNIP,9606.ENSP00000462521
RMND5A,9606.ENSP00000283632
ASPHD1,9606.ENSP00000311447
ZNF121,9606.ENSP00000468643
GFOD1,9606.ENSP00000368589
SERPINB4,9606.ENSP00000343445
FCMR,9606.ENSP00000356058
MEIS1,9606.ENSP00000272369
CHI3L2,9606.ENSP00000437082
LHX4,9606.ENSP00000263726
NMBR,9606.ENSP00000258042
HGH1,9606.ENSP00000321320
HTR1B,9606.ENSP00000358963
RBFOX2,9606.ENSP00000413035
ESAM,9606.ENSP00000278927
NEIL1,9606.ENSP00000347170
PIPOX,9606.ENSP00000317721
TSG101,9606.ENSP00000251968
NCF1,9606.ENSP00000289473
PTGER3,9606.ENSP00000349003
HRH4,9606.ENSP00000256906
ILF2,9606.ENSP00000355011
HS3ST3B1,9606.ENSP00000354213
TUFT1,9606.ENSP00000357842
TGFB1,9606.ENSP00000221930
RBMXL1,9606.ENSP00000446099
PDHA1,9606.ENSP00000369134
CEP44,9606.ENSP00000389427
MMP23B,9606.ENSP00000348308
CAVIN1,9606.ENSP00000349541
SERPINB3,9606.ENSP00000283752
KCNJ11,9606.ENSP00000345708
MCAT,9606.ENSP00000290429
UBE3D,9606.ENSP00000358762
ART3,9606.ENSP00000348064
UTS2R,9606.ENSP00000323516
KCTD9,9606.ENSP00000221200
RRM2,9606.ENSP00000353770
OSCP1,9606.ENSP00000349052
ZSCAN23,9606.ENSP00000289788
PCYT2,9606.ENSP00000442050
CBX8,9606.ENSP00000269385
SH2D2A,9606.ENSP00000376123
TENT5D,9606.ENSP00000443410
KLF17,9606.ENSP00000361373
PSMC6,9606.ENSP00000484998
MTCH1,9606.ENSP00000362730
SIRT2,9606.ENSP00000249396
SLC14A1,9606.ENSP00000390637
PSMD6,9606.ENSP00000418695
WNT10B,9606.ENSP00000301061
MTFMT,9606.ENSP00000220058
ZNF670,9606.ENSP00000355459
OXTR,9606.ENSP00000324270
ANKRD42,9606.ENSP00000435790
ALKBH1,9606.ENSP00000216489
DNAJC28,9606.ENSP00000479716
ZDHHC18,9606.ENSP00000363257
SSBP3,9606.ENSP00000360371
PGA4,9606.ENSP00000367391
CADM4,9606.ENSP00000222374
PGA5,9606.ENSP00000309542
PGA3,9606.ENSP00000322192
SLC30A3,9606.ENSP00000233535
PTCD2,9606.ENSP00000370013
PRR5,9606.ENSP00000384848
MBNL1,9606.ENSP00000282486
MIIP,9606.ENSP00000235332
FAM199X,9606.ENSP00000417581
P2RX4,9606.ENSP00000353032
PDHA2,9606.ENSP00000295266
POFUT1,9606.ENSP00000364902
CD1E,9606.ENSP00000357149
PGC,9606.ENSP00000362116
ARR3,9606.ENSP00000311538
B4GALT5,9606.ENSP00000360776
SSTR4,9606.ENSP00000255008
HOXA13,9606.ENSP00000497112
ANGPTL5,9606.ENSP00000335255
RGS20,9606.ENSP00000297313
HTR4,9606.ENSP00000353915
MYLK4,9606.ENSP00000274643
DGAT2,9606.ENSP00000228027
LMNTD1,9606.ENSP00000407353
SOX7,9606.ENSP00000301921
DPF1,9606.ENSP00000347716
HCAR3,9606.ENSP00000436714
CATIP,9606.ENSP00000289388
SYT8,9606.ENSP00000371394
SHARPIN,9606.ENSP00000381698
PHKG1,9606.ENSP00000445440
GALR2,9606.ENSP00000329684
SIRPG,9606.ENSP00000305529
FAM153B,9606.ENSP00000427684
SLC2A4RG,9606.ENSP00000266077
VSIG1,9606.ENSP00000402219
BBOX1,9606.ENSP00000263182
FBXO4,9606.ENSP00000281623
TTC4,9606.ENSP00000360329
SNX7,9606.ENSP00000304429
WDR89,9606.ENSP00000378399
HSD17B2,9606.ENSP00000199936
PALM,9606.ENSP00000341911
MFGE8,9606.ENSP00000268150
SGCA,9606.ENSP00000262018
BARHL2,9606.ENSP00000359474
EIPR1,9606.ENSP00000381652
EGR3,9606.ENSP00000318057
GTPBP10,9606.ENSP00000222511
BCAT1,9606.ENSP00000443459
PTGIR,9606.ENSP00000291294
LPXN,9606.ENSP00000431284
ETNK2,9606.ENSP00000356169
TIA1,9606.ENSP00000401371
STPG3,9606.ENSP00000373583
DNMT3L,9606.ENSP00000270172
ADH7,9606.ENSP00000420269
NECAB2,9606.ENSP00000307449
RIMKLB,9606.ENSP00000350136
RHBDD3,9606.ENSP00000216085
TNFRSF10D,9606.ENSP00000310263
ACP3,9606.ENSP00000323036
ADIPOR2,9606.ENSP00000349616
HIBCH,9606.ENSP00000352706
ZNF385A,9606.ENSP00000338927
VPS36,9606.ENSP00000367299
METAP1,9606.ENSP00000296411
SYT5,9606.ENSP00000346265
CUEDC1,9606.ENSP00000462717
PPME1,9606.ENSP00000381461
CHST4,9606.ENSP00000341206
APOBEC3D,9606.ENSP00000216099
ALDH3B2,9606.ENSP00000501254
CD34,9606.ENSP00000310036
C2orf69,9606.ENSP00000312770
CAMK1D,9606.ENSP00000478874
MEI4,9606.ENSP00000473370
LSM14B,9606.ENSP00000279068
MCIDAS,9606.ENSP00000426359
GFOD2,9606.ENSP00000268797
PRSS50,9606.ENSP00000326598
SSBP4,9606.ENSP00000270061
SMARCB1,9606.ENSP00000340883
NSMCE4A,9606.ENSP00000358019
GDPGP1,9606.ENSP00000452793
PNKD,9606.ENSP00000273077
BSG,9606.ENSP00000333769
MTFR2,9606.ENSP00000395232
TBX10,9606.ENSP00000335191
CTBS,9606.ENSP00000359664
F2RL3,9606.ENSP00000248076
WDR74,9606.ENSP00000432119
IDH3B,9606.ENSP00000482773
NR2E1,9606.ENSP00000357979
CIART,9606.ENSP00000290363
MTERF2,9606.ENSP00000447651
ELAVL4,9606.ENSP00000349594
PSKH2,9606.ENSP00000276616
PELO,9606.ENSP00000274311
NSUN4,9606.ENSP00000419740
APOBEC3G,9606.ENSP00000385057
ACKR2,9606.ENSP00000416996
GRPR,9606.ENSP00000369643
CERS6,9606.ENSP00000376453
RAD51B,9606.ENSP00000419881
PROKR2,9606.ENSP00000217270
DUSP9,9606.ENSP00000345853
EEIG1,9606.ENSP00000362187
KIF25,9606.ENSP00000496229
B3GNT6,9606.ENSP00000484640
CALR3,9606.ENSP00000269881
SPATA32,9606.ENSP00000331532
SOX18,9606.ENSP00000341815
TCF7,9606.ENSP00000340347
DUSP5,9606.ENSP00000358596
S1PR4,9606.ENSP00000246115
SPPL3,9606.ENSP00000288680
KCNK18,9606.ENSP00000334650
UPB1,9606.ENSP00000324343
SPHK1,9606.ENSP00000313681
OXER1,9606.ENSP00000367930
AAR2,9606.ENSP00000363043
GPR88,9606.ENSP00000314223
NPY1R,9606.ENSP00000354652
AIPL1,9606.ENSP00000370521
CEACAM18,9606.ENSP00000379738
ERGIC3,9606.ENSP00000349970
DLK1,9606.ENSP00000340292
MICA,9606.ENSP00000413079
NPHS2,9606.ENSP00000356587
SAV1,9606.ENSP00000324729
CERS3,9606.ENSP00000284382
WDR55,9606.ENSP00000351100
MICB,9606.ENSP00000252229
CHI3L1,9606.ENSP00000255409
MTHFSD,9606.ENSP00000354152
NIPAL2,9606.ENSP00000407087
PRSS23,9606.ENSP00000280258
DLK2,9606.ENSP00000349893
BABAM2,9606.ENSP00000343412
FAM217B,9606.ENSP00000351040
FETUB,9606.ENSP00000265029
RIBC2,9606.ENSP00000483356
KLHDC3,9606.ENSP00000313995
LAYN,9606.ENSP00000364765
MADCAM1,9606.ENSP00000215637
RAB3IL1,9606.ENSP00000378313
GJA1,9606.ENSP00000282561
NEUROD2,9606.ENSP00000306754
ATP6V1C1,9606.ENSP00000430282
LMX1A,9606.ENSP00000340226
PPM1A,9606.ENSP00000327255
MAPKAPK3,9606.ENSP00000396467
PRELP,9606.ENSP00000343924
PABPC5,9606.ENSP00000308012
APOBEC3B,9606.ENSP00000327459
TPBGL,9606.ENSP00000474988
DMBX1,9606.ENSP00000353132
QPCTL,9606.ENSP00000012049
AMACR,9606.ENSP00000371517
B4GALT6,9606.ENSP00000306459
S1PR1,9606.ENSP00000305416
ZNF787,9606.ENSP00000478557
PRKAR1B,9606.ENSP00000385749
MTERF4,9606.ENSP00000480378
CCN1,9606.ENSP00000398736
CD55,9606.ENSP00000356030
RNF13,9606.ENSP00000341361
BHLHE22,9606.ENSP00000318799
ADAP2,9606.ENSP00000464121
ABRA,9606.ENSP00000311436
GNAL,9606.ENSP00000334051
CKM,9606.ENSP00000221476
KRR1,9606.ENSP00000229214
NPY2R,9606.ENSP00000332591
GNA12,9606.ENSP00000275364
NFKBIL1,9606.ENSP00000365318
KCMF1,9606.ENSP00000386738
SPINDOC,9606.ENSP00000294244
LDHAL6B,9606.ENSP00000302393
PHF7,9606.ENSP00000333024
PRKAR1A,9606.ENSP00000376475
ELMOD3,9606.ENSP00000386248
UBAP1L,9606.ENSP00000454012
CKB,9606.ENSP00000299198
DUSP6,9606.ENSP00000279488
SFTPB,9606.ENSP00000499683
GPR34,9606.ENSP00000367384
SELENOP,9606.ENSP00000425915
PTX3,9606.ENSP00000295927
TMEFF1,9606.ENSP00000364013
MTRF1L,9606.ENSP00000356202
CERS2,9606.ENSP00000271688
TTC19,9606.ENSP00000261647
VASP,9606.ENSP00000245932
IL13RA2,9606.ENSP00000361004
ST8SIA3,9606.ENSP00000320431
NUP43,9606.ENSP00000342262
CCDC74B,9606.ENSP00000308873
MT-CYB,9606.ENSP00000354554
C8orf76,9606.ENSP00000276704
TMEM229A,9606.ENSP00000395244
ANKRD63,9606.ENSP00000399547
SERPINB7,9606.ENSP00000381101
GPR132,9606.ENSP00000328818
NPRL2,9606.ENSP00000232501
NCK2,9606.ENSP00000233154
NEU2,9606.ENSP00000233840
NELFE,9606.ENSP00000364578
ADH4,9606.ENSP00000424630
FEN1,9606.ENSP00000305480
APLNR,9606.ENSP00000475344
WNT5A,9606.ENSP00000264634
TMEM64,9606.ENSP00000414786
MRPL38,9606.ENSP00000308275
UBL7,9606.ENSP00000457703
SASH3,9606.ENSP00000349359
ASPN,9606.ENSP00000364694
C1orf159,9606.ENSP00000368644
ACOT7,9606.ENSP00000367086
FOS,9606.ENSP00000306245
SUN5,9606.ENSP00000348496
MAPK3,9606.ENSP00000263025
FOXF1,9606.ENSP00000262426
RIBC1,9606.ENSP00000364476
FNTA,9606.ENSP00000303423
SPMAP2,9606.ENSP00000340088
SERPINB1,9606.ENSP00000370115
EME2,9606.ENSP00000457353
ANHX,9606.ENSP00000409950
STING1,9606.ENSP00000498596
LFNG,9606.ENSP00000222725
DNAJB14,9606.ENSP00000404381
WIF1,9606.ENSP00000286574
PARL,9606.ENSP00000325421
EPOP,9606.ENSP00000484710
ARMCX3,9606.ENSP00000340672
GALT,9606.ENSP00000368119
CDKL4,9606.ENSP00000378476
ZNF883,9606.ENSP00000490059
KCNJ10,9606.ENSP00000495557
LYAR,9606.ENSP00000345917
MAS1L,9606.ENSP00000366331
B3GNT5,9606.ENSP00000316173
B3GALT4,9606.ENSP00000390784
B3GNT4,9606.ENSP00000319636
CLEC17A,9606.ENSP00000393719
IL3RA,9606.ENSP00000327890
ZNF684,9606.ENSP00000497154
METTL2B,9606.ENSP00000262432
CCR7,9606.ENSP00000246657
RFPL2,9606.ENSP00000383096
WDR73,9606.ENSP00000387982
CDC37,9606.ENSP00000222005
TIMD4,9606.ENSP00000274532
DPF3,9606.ENSP00000479526
S1PR3,9606.ENSP00000365006
CCDC74A,9606.ENSP00000295171
FOXI1,9606.ENSP00000304286
METTL2A,9606.ENSP00000309610
HNRNPA3,9606.ENSP00000376309
AGPAT4,9606.ENSP00000314036
ACTC1,9606.ENSP00000290378
NIF3L1,9606.ENSP00000498853
ACTA1,9606.ENSP00000355645
PEX14,9606.ENSP00000349016
ACTA2,9606.ENSP00000224784
ACTRT2,9606.ENSP00000367658
PSMD4,9606.ENSP00000357876
RPUSD4,9606.ENSP00000298317
PTGR3,9606.ENSP00000323678
HM13,9606.ENSP00000381237
PTGES2,9606.ENSP00000345341
MLC1,9606.ENSP00000310375
TTL,9606.ENSP00000233336
SLC10A6,9606.ENSP00000273905
CASP4,9606.ENSP00000388566
HTR1D,9606.ENSP00000363748
CFAP263,9606.ENSP00000219299
NCK1,9606.ENSP00000417273
TM6SF2,9606.ENSP00000374014
P2RY2,9606.ENSP00000310305
PGGT1B,9606.ENSP00000404676
RNF215,9606.ENSP00000371800
KIR2DL4,9606.ENSP00000339634
ERGIC2,9606.ENSP00000353270
MUC7,9606.ENSP00000407422
NDUFA9,9606.ENSP00000266544
PAQR9,9606.ENSP00000341564
CCNI,9606.ENSP00000237654
DHRS13,9606.ENSP00000368173
TPST2,9606.ENSP00000339813
HDAC8,9606.ENSP00000362674
GNA13,9606.ENSP00000400717
ZDHHC16,9606.ENSP00000377357
WDR86,9606.ENSP00000419162
RCCD1,9606.ENSP00000377801
FOXL2,9606.ENSP00000497217
PSMD13,9606.ENSP00000396937
GLI4,9606.ENSP00000345024
NOXO1,9606.ENSP00000380450
SP6,9606.ENSP00000438209
SLC30A7,9606.ENSP00000350278
ACTBL2,9606.ENSP00000416706
CHST14,9606.ENSP00000307297
NME7,9606.ENSP00000356785
ACTRT1,9606.ENSP00000360165
FMOD,9606.ENSP00000347041
HOXA2,9606.ENSP00000222718
TRABD,9606.ENSP00000379173
SPOUT1,9606.ENSP00000354812
SERPINB6,9606.ENSP00000484343
PHYHIPL,9606.ENSP00000362987
RNF133,9606.ENSP00000344489
ACTR1A,9606.ENSP00000358921
WBP4,9606.ENSP00000368801
SERPINB9,9606.ENSP00000370074
RAD51C,9606.ENSP00000336701
ACTR1B,9606.ENSP00000289228
TMEM183A,9606.ENSP00000356211
PARD6G,9606.ENSP00000343144
MYG1,9606.ENSP00000267103
GTF2A1,9606.ENSP00000452454
ST8SIA5,9606.ENSP00000445492
ACTG2,9606.ENSP00000386857
AGPAT3,9606.ENSP00000291572
CTSW,9606.ENSP00000311300
NUDT19,9606.ENSP00000380251
ADH1C,9606.ENSP00000426083
ADH1B,9606.ENSP00000306606
KCNJ15,9606.ENSP00000381911
MEIS3,9606.ENSP00000453307
ACTG1,9606.ENSP00000458162
ADH1A,9606.ENSP00000209668
NDRG3,9606.ENSP00000345292
ACTB,9606.ENSP00000494750
SFTPD,9606.ENSP00000361366
GPR27,9606.ENSP00000303149
DEK,9606.ENSP00000498653
DNAJB12,9606.ENSP00000345575
ST3GAL3,9606.ENSP00000493823
PDGFRL,9606.ENSP00000444211
NAP1L4,9606.ENSP00000369915
ST8SIA2,9606.ENSP00000268164
MSTN,9606.ENSP00000260950
UBE2Q2,9606.ENSP00000267938
SSUH2,9606.ENSP00000439378
SERPINB5,9606.ENSP00000372221
PRMT6,9606.ENSP00000359095
TIAL1,9606.ENSP00000358089
CD14,9606.ENSP00000385519
GPER1,9606.ENSP00000380281
AS3MT,9606.ENSP00000358896
FANCL,9606.ENSP00000385021
ZNF738,9606.ENSP00000311957
ADIPOR1,9606.ENSP00000341785
NPY4R2,9606.ENSP00000490174
EIF3M,9606.ENSP00000436049
ADH5,9606.ENSP00000296412
FBXL8,9606.ENSP00000258200
KCNK9,9606.ENSP00000498198
FUT5,9606.ENSP00000466880
SERPINB8,9606.ENSP00000331368
CCR6,9606.ENSP00000343952
P2RY11,9606.ENSP00000323872
ERICH5,9606.ENSP00000315614
RXFP4,9606.ENSP00000357301
SLC35F2,9606.ENSP00000436785
PBX4,9606.ENSP00000251203
ZNF696,9606.ENSP00000328515
CCDC89,9606.ENSP00000320649
ADAP1,9606.ENSP00000442682
ST6GALNAC2,9606.ENSP00000225276
SPOP,9606.ENSP00000377001
CPO,9606.ENSP00000272852
RRAGB,9606.ENSP00000262850
MGAT4D,9606.ENSP00000421185
CCR2,9606.ENSP00000292301
TRAM1,9606.ENSP00000262213
SUMF1,9606.ENSP00000272902
TMEFF2,9606.ENSP00000272771
F2RL2,9606.ENSP00000296641
FCGR1A,9606.ENSP00000358165
GNA15,9606.ENSP00000262958
GPN1,9606.ENSP00000264718
FANCF,9606.ENSP00000330875
MAF,9606.ENSP00000327048
HYKK,9606.ENSP00000373640
MEIKIN,9606.ENSP00000488568
XKR9,9606.ENSP00000386141
FOXE1,9606.ENSP00000364265
GPR173,9606.ENSP00000331600
RCL1,9606.ENSP00000371169
ARFIP1,9606.ENSP00000296557
P2RY1,9606.ENSP00000304767
HSD3B1,9606.ENSP00000358421
TPRA1,9606.ENSP00000498161
NFE2,9606.ENSP00000439120
LDB2,9606.ENSP00000306772
NSDHL,9606.ENSP00000359297
RASSF7,9606.ENSP00000380713
PEX3,9606.ENSP00000356563
CEP41,9606.ENSP00000223208
GLUL,9606.ENSP00000307900
FBLIM1,9606.ENSP00000416387
CCDC34,9606.ENSP00000330240
APOBEC3F,9606.ENSP00000309749
PGLYRP4,9606.ENSP00000352672
MAGEC2,9606.ENSP00000354660
MBNL2,9606.ENSP00000365861
LIPT1,9606.ENSP00000377115
DMRT1,9606.ENSP00000371711
CLMP,9606.ENSP00000405577
SNX21,9606.ENSP00000418593
EXO5,9606.ENSP00000361788
AIFM2,9606.ENSP00000478931
MECR,9606.ENSP00000263702
SAMSN1,9606.ENSP00000285670
CMKLR1,9606.ENSP00000449716
PARVA,9606.ENSP00000334008
CCNJ,9606.ENSP00000435373
STK17B,9606.ENSP00000263955
CXCR5,9606.ENSP00000292174
B4GALT2,9606.ENSP00000310696
RNF34,9606.ENSP00000376258
USP18,9606.ENSP00000215794
FA2H,9606.ENSP00000219368
RABEPK,9606.ENSP00000362639
GPR45,9606.ENSP00000258456
OPRD1,9606.ENSP00000234961
ZNF830,9606.ENSP00000354518
YY2,9606.ENSP00000389381
MACROH2A2,9606.ENSP00000362352
GDF1,9606.ENSP00000247005
LPAR5,9606.ENSP00000393098
YBX3,9606.ENSP00000228251
ARPC1B,9606.ENSP00000389631
CDK9,9606.ENSP00000362361
LIAS,9606.ENSP00000492260
SEPTIN1,9606.ENSP00000324511
HSD3B2,9606.ENSP00000445122
SELL,9606.ENSP00000498227
PARD6B,9606.ENSP00000360672
HNRNPA1,9606.ENSP00000341826
PPM1K,9606.ENSP00000477341
CNTFR,9606.ENSP00000368265
GMDS,9606.ENSP00000370194
ACTRT3,9606.ENSP00000333037
METTL18,9606.ENSP00000307975
TRIB1,9606.ENSP00000312150
B3GNT3,9606.ENSP00000321874
SLC30A2,9606.ENSP00000363394
GRINA,9606.ENSP00000314380
NDRG2,9606.ENSP00000451712
ZDHHC11B,9606.ENSP00000442373
AVPR2,9606.ENSP00000496396
PRMT1,9606.ENSP00000406162
CDCA7,9606.ENSP00000306968
PCBP3,9606.ENSP00000383168
NKX2-1,9606.ENSP00000346879
COQ2,9606.ENSP00000310873
ZNF707,9606.ENSP00000436212
CRLF2,9606.ENSP00000370978
CREB3,9606.ENSP00000342136
SLC39A13,9606.ENSP00000354689
LRRC2,9606.ENSP00000379241
NPSR1,9606.ENSP00000370950
LUC7L,9606.ENSP00000293872
ELF3,9606.ENSP00000352673
SLC35F6,9606.ENSP00000345528
HPDL,9606.ENSP00000335060
ATCAY,9606.ENSP00000390941
LRRC58,9606.ENSP00000295628
GLT8D1,9606.ENSP00000266014
F8A1;,9606.ENSP00000358518
PABPC4L,9606.ENSP00000463233
HAO1,9606.ENSP00000368066
ARPC1A,9606.ENSP00000262942
NSFL1C,9606.ENSP00000418529
STARD7,9606.ENSP00000338030
HMGCLL1,9606.ENSP00000381654
GPR85,9606.ENSP00000297146
LRRC19,9606.ENSP00000369395
PANK3,9606.ENSP00000239231
PSAT1,9606.ENSP00000365773
SLC25A41,9606.ENSP00000322649
CABP1,9606.ENSP00000317310
PRLHR,9606.ENSP00000239032
TM6SF1,9606.ENSP00000317000
PDGFD,9606.ENSP00000376865
LPAR4,9606.ENSP00000408205
PPID,9606.ENSP00000303754
WNT1,9606.ENSP00000293549
TPST1,9606.ENSP00000302413
USP12,9606.ENSP00000282344
CD244,9606.ENSP00000357012
LPGAT1,9606.ENSP00000355964
FAM110B,9606.ENSP00000355204
TRAM2,9606.ENSP00000182527
LRTM2,9606.ENSP00000446278
GJD4,9606.ENSP00000315070
CAMK1,9606.ENSP00000256460
DAPK2,9606.ENSP00000484390
KRTAP10-7,9606.ENSP00000476821
FAM187B,9606.ENSP00000323355
ASPHD2,9606.ENSP00000215906
SSTR2,9606.ENSP00000350198
RASSF6,9606.ENSP00000340578
PRPSAP2,9606.ENSP00000268835
OR2T1,9606.ENSP00000355430
MRI1,9606.ENSP00000040663
DHPS,9606.ENSP00000210060
CCNI2,9606.ENSP00000478257
NAT16,9606.ENSP00000300303
ST13,9606.ENSP00000216218
B3GALT9,9606.ENSP00000491256
TRAM1L1,9606.ENSP00000309402
MACROH2A1,9606.ENSP00000423563
SLC30A8,9606.ENSP00000415011
C2CD4A,9606.ENSP00000347712
NPIPA7,9606.ENSP00000431814
HSD3B7,9606.ENSP00000297679
GORAB,9606.ENSP00000356737
CACUL1,9606.ENSP00000358147
PCYT1B,9606.ENSP00000368439
CCR9,9606.ENSP00000350256
RIC3,9606.ENSP00000308820
MAGEA10,9606.ENSP00000244096
IL2RG,9606.ENSP00000363318
SEPTIN5,9606.ENSP00000391311
COQ3,9606.ENSP00000254759
POLDIP2,9606.ENSP00000475924
EXOG,9606.ENSP00000287675
GPR62,9606.ENSP00000319250
ANKRD40,9606.ENSP00000285243
PRR5L,9606.ENSP00000368144
ZNF24,9606.ENSP00000382015
SNAPC1,9606.ENSP00000216294
BGN,9606.ENSP00000327336
FADS6,9606.ENSP00000481684
POLR2M,9606.ENSP00000299638
RAE1,9606.ENSP00000379181
TMEM26,9606.ENSP00000382237
ADH6,9606.ENSP00000378359
FBXO28,9606.ENSP00000355827
FAM81A,9606.ENSP00000288228
STN1,9606.ENSP00000224950
GALR3,9606.ENSP00000249041
SH3GL1,9606.ENSP00000269886
NT5C1A,9606.ENSP00000235628
CXCR3,9606.ENSP00000362795
ZDHHC2,9606.ENSP00000262096
LRRC28,9606.ENSP00000304923
ELAVL3,9606.ENSP00000352162
CCN4,9606.ENSP00000250160
RBM48,9606.ENSP00000265732
PRDM12,9606.ENSP00000253008
WDR31,9606.ENSP00000363308
PCYT1A,9606.ENSP00000292823
CTNS,9606.ENSP00000371294
DUSP1,9606.ENSP00000239223
NKX6-1,9606.ENSP00000295886
GPR17,9606.ENSP00000442982
MAPK12,9606.ENSP00000215659
TSSK1B,9606.ENSP00000375081
SGK2,9606.ENSP00000340608
DRG1,9606.ENSP00000329715
UROD,9606.ENSP00000246337
FBXO25,9606.ENSP00000372274
GDAP1L1,9606.ENSP00000440498
CDK5R2,9606.ENSP00000304250
AHSG,9606.ENSP00000273784
KCNAB2,9606.ENSP00000367323
APOBEC4,9606.ENSP00000310622
HS3ST2,9606.ENSP00000261374
DMRTC2,9606.ENSP00000269945
ADAT3,9606.ENSP00000332448
SETD7,9606.ENSP00000274031
ABI3,9606.ENSP00000225941
LEFTY1,9606.ENSP00000272134
TDRD10,9606.ENSP00000357465
EBLN1,9606.ENSP00000473842
APOA5,9606.ENSP00000445002
TARBP2,9606.ENSP00000266987
GKAP1,9606.ENSP00000365550
FAM131A,9606.ENSP00000373360
HLA-C,9606.ENSP00000365402
METTL24,9606.ENSP00000344071
LEFTY2,9606.ENSP00000355785
RTCA,9606.ENSP00000260563
GHSR,9606.ENSP00000241256
ACTL8,9606.ENSP00000364555
USP46,9606.ENSP00000407818
HTR1F,9606.ENSP00000322924
IDH3A,9606.ENSP00000299518
LIPJ,9606.ENSP00000361007
SMS,9606.ENSP00000385746
TMEM25,9606.ENSP00000431548
INHA,9606.ENSP00000243786
C8orf58,9606.ENSP00000289989
FOXH1,9606.ENSP00000366534
HLA-A,9606.ENSP00000379873
KRTAP10-6,9606.ENSP00000383219
MEF2B,9606.ENSP00000402154
GPR68,9606.ENSP00000498702
PHF6,9606.ENSP00000329097
SUGT1,9606.ENSP00000367208
ZDHHC20,9606.ENSP00000383433
SLC35G1,9606.ENSP00000400932
FCGRT,9606.ENSP00000410798
VASH1,9606.ENSP00000167106
SLC35H1,9606.ENSP00000318960
SH3GLB1,9606.ENSP00000479919
RRS1,9606.ENSP00000322396
FUT1,9606.ENSP00000312021
CXADR,9606.ENSP00000284878
PCBP2,9606.ENSP00000352438
HTR1E,9606.ENSP00000307766
MAPK13,9606.ENSP00000211287
WNT9A,9606.ENSP00000272164
GTF3A,9606.ENSP00000370532
SGMS2,9606.ENSP00000378176
VSX1,9606.ENSP00000365899
LMCD1,9606.ENSP00000157600
P2RY4,9606.ENSP00000363643
SULT2B1,9606.ENSP00000201586
WNT16,9606.ENSP00000222462
DCX,9606.ENSP00000490614
ZMYND12,9606.ENSP00000361646
WNT6,9606.ENSP00000233948
RBM4,9606.ENSP00000386894
IST1,9606.ENSP00000438399
ZDHHC9,9606.ENSP00000349689
SLC35C1,9606.ENSP00000313318
ZNF474,9606.ENSP00000296600
PNMA2,9606.ENSP00000429344
C2CD4B,9606.ENSP00000369755
OPN1LW,9606.ENSP00000358967
DRG2,9606.ENSP00000225729
AGPAT5,9606.ENSP00000285518
ALDOA,9606.ENSP00000496166
ZNF589,9606.ENSP00000346729
ALDOB,9606.ENSP00000497767
YBX2,9606.ENSP00000007699
MYCL,9606.ENSP00000380494
CAVIN4,9606.ENSP00000418668
RHBDD2,9606.ENSP00000006777
PROCA1,9606.ENSP00000301039
ALDOC,9606.ENSP00000378731
NKX2-3,9606.ENSP00000342828
DCDC2C,9606.ENSP00000382097
GDF3,9606.ENSP00000331745
SSTR5,9606.ENSP00000293897
FIBP,9606.ENSP00000344572
LPAR1,9606.ENSP00000363553
PDLIM3,9606.ENSP00000284767
SLC25A28,9606.ENSP00000359526
OPN1MW2,9606.ENSP00000358945
RTL10,9606.ENSP00000384924
HAVCR1,9606.ENSP00000487363
VPS72,9606.ENSP00000346464
POPDC2,9606.ENSP00000264231
STAC3,9606.ENSP00000329200
MAPK11,9606.ENSP00000333685
PARVB,9606.ENSP00000384515
CD33,9606.ENSP00000262262
C1GALT1,9606.ENSP00000389176
AGTR2,9606.ENSP00000360973
GBX1,9606.ENSP00000297537
ADA,9606.ENSP00000361965
BHMT2,9606.ENSP00000255192
GPR78,9606.ENSP00000371927
LHX6,9606.ENSP00000377854
RFFL,9606.ENSP00000326170
ELAC1,9606.ENSP00000269466
TECRL,9606.ENSP00000370607
HAUS4,9606.ENSP00000206474
HCAR2,9606.ENSP00000375066
SPATA22,9606.ENSP00000459580
RPP40,9606.ENSP00000369391
RAD23A,9606.ENSP00000467024
PSRC1,9606.ENSP00000358925
ADPRS,9606.ENSP00000362273
RFC4,9606.ENSP00000376272
C20orf96,9606.ENSP00000353470
OR5AU1,9606.ENSP00000493431
AVEN,9606.ENSP00000306822
MTNR1B,9606.ENSP00000257068
NAA30,9606.ENSP00000452521
TMEM129,9606.ENSP00000372394
ADK,9606.ENSP00000443965
KLF1,9606.ENSP00000264834
SDF4,9606.ENSP00000499387
ACKR3,9606.ENSP00000272928
MORF4L1,9606.ENSP00000331310
GPR4,9606.ENSP00000319744
GPR6,9606.ENSP00000406986
HACD3,9606.ENSP00000261875
CCR10,9606.ENSP00000332504
RNF32,9606.ENSP00000385285
TLNRD1,9606.ENSP00000267984
EPHX4,9606.ENSP00000359410
MAB21L3,9606.ENSP00000358512
ABHD12B,9606.ENSP00000336693
TDP2,9606.ENSP00000367440
MSI1,9606.ENSP00000257552
MFAP3,9606.ENSP00000322956
HLA-B,9606.ENSP00000399168
SLC25A3,9606.ENSP00000228318
NUDCD3,9606.ENSP00000347626
ATAD1,9606.ENSP00000339017
SEPTIN2,9606.ENSP00000479861
HOMER3,9606.ENSP00000439937
ANKRD16,9606.ENSP00000369436
TOMM40,9606.ENSP00000410339
TTC23L,9606.ENSP00000422188
GPR52,9606.ENSP00000356658
CAAP1,9606.ENSP00000369431
SPATA17,9606.ENSP00000355900
VSX2,9606.ENSP00000261980
ATXN3,9606.ENSP00000496695
FUT3,9606.ENSP00000305603
QPCT,9606.ENSP00000344829
PCMTD2,9606.ENSP00000307854
TMEM30A,9606.ENSP00000230461
GPR183,9606.ENSP00000365596
FFAR4,9606.ENSP00000360538
RSAD2,9606.ENSP00000371471
GPR25,9606.ENSP00000301917
POU3F4,9606.ENSP00000495996
ETV3L,9606.ENSP00000430271
SSBP2,9606.ENSP00000483921
SURF6,9606.ENSP00000361092
HMBS,9606.ENSP00000498786
CXorf66,9606.ENSP00000359571
DNASE2B,9606.ENSP00000359699
CCR4,9606.ENSP00000332659
WNT2,9606.ENSP00000265441
MRPS22,9606.ENSP00000418008
SNUPN,9606.ENSP00000454852
LSM11,9606.ENSP00000286307
TXNDC15,9606.ENSP00000351157
PPP1R7,9606.ENSP00000234038
C12orf42,9606.ENSP00000367353
DNASE2,9606.ENSP00000222219
AMZ2,9606.ENSP00000464635
ANKRD2,9606.ENSP00000306163
TEFM,9606.ENSP00000462963
CXCR2,9606.ENSP00000319635
PTPN7,9606.ENSP00000309116
POPDC1,9606.ENSP00000313172
MAPK1,9606.ENSP00000215832
WARS2,9606.ENSP00000235521
POU5F1,9606.ENSP00000259915
CCNDBP1,9606.ENSP00000300213
PRR11,9606.ENSP00000262293
HAPLN3,9606.ENSP00000457180
DNAJC25,9606.ENSP00000320650
NIPA2,9606.ENSP00000337618
EPHX3,9606.ENSP00000221730
CCDC86,9606.ENSP00000227520
LETMD1,9606.ENSP00000389903
CDK10,9606.ENSP00000338673
OR1L1,9606.ENSP00000310773
GPR15,9606.ENSP00000284311
WDR45,9606.ENSP00000348848
CNR2,9606.ENSP00000363596
KCNJ13,9606.ENSP00000233826
EEIG2,9606.ENSP00000359052
TMEM198,9606.ENSP00000343507
SEH1L,9606.ENSP00000382779
GMPPB,9606.ENSP00000309092
MAPK14,9606.ENSP00000229795
PPM1L,9606.ENSP00000417659
NAAA,9606.ENSP00000286733
PDHB,9606.ENSP00000307241
C4orf17,9606.ENSP00000322582
SKAP1,9606.ENSP00000338171
FCRLA,9606.ENSP00000356936
RNF146,9606.ENSP00000357297
PTGDR,9606.ENSP00000303424
KLF8,9606.ENSP00000417303
MCUR1,9606.ENSP00000368468
AGTR1,9606.ENSP00000398832
MAB21L1,9606.ENSP00000369251
GNA11,9606.ENSP00000078429
CCNYL1,9606.ENSP00000295414
HEXIM1,9606.ENSP00000328773
BPNT2,9606.ENSP00000262644
HRH2,9606.ENSP00000366506
OR8S1,9606.ENSP00000310632
SCD,9606.ENSP00000359380
PEX12,9606.ENSP00000482609
NOXRED1,9606.ENSP00000370215
CD72,9606.ENSP00000259633
DCN,9606.ENSP00000052754
MAB21L2,9606.ENSP00000324701
FUT6,9606.ENSP00000286955
P2RY8,9606.ENSP00000370697
TMOD1,9606.ENSP00000259365
CHAD,9606.ENSP00000258969
NANS,9606.ENSP00000210444
HSPBP1,9606.ENSP00000255631
FUT9,9606.ENSP00000302599
SBK3,9606.ENSP00000483467
RBM4B,9606.ENSP00000433071
ST8SIA4,9606.ENSP00000231461
OR5T2,9606.ENSP00000323688
POU5F1B,9606.ENSP00000419298
CYTIP,9606.ENSP00000264192
GNAQ,9606.ENSP00000286548
SKAP2,9606.ENSP00000005587
WNT5B,9606.ENSP00000380379
ISL2,9606.ENSP00000290759
AKR7A2,9606.ENSP00000235835
PTGFR,9606.ENSP00000359793
ELAVL2,9606.ENSP00000369453
SLC25A39,9606.ENSP00000366299
NHERF1,9606.ENSP00000262613
CEBPA,9606.ENSP00000427514
HAUS7,9606.ENSP00000359230
GPR87,9606.ENSP00000260843
GPR20,9606.ENSP00000366970
PDCD2L,9606.ENSP00000246535
PRKX,9606.ENSP00000262848
TRIM54,9606.ENSP00000296098
STBD1,9606.ENSP00000237642
GJA5,9606.ENSP00000484552
GDAP1,9606.ENSP00000220822
WDR53,9606.ENSP00000328079
PTGER2,9606.ENSP00000245457
DNAJC18,9606.ENSP00000302843
TSSK2,9606.ENSP00000382544
PTPA,9606.ENSP00000377036
ZNF391,9606.ENSP00000244576
LTB4R2,9606.ENSP00000445772
C19orf67,9606.ENSP00000449137
SEPTIN3,9606.ENSP00000494051
DNAJB11,9606.ENSP00000414398
CLN5,9606.ENSP00000498772
PPP1R3G,9606.ENSP00000393832
TRIB3,9606.ENSP00000415416
SEPTIN12,9606.ENSP00000268231
HLA-E,9606.ENSP00000365817
AUNIP,9606.ENSP00000443647
SORD,9606.ENSP00000267814
CDKL1,9606.ENSP00000379176
WNT9B,9606.ENSP00000290015
DENND10,9606.ENSP00000354688
G6PC1,9606.ENSP00000253801
HMX3,9606.ENSP00000350549
OR2B2,9606.ENSP00000304419
FAM118A,9606.ENSP00000216214
BNIPL,9606.ENSP00000357927
DNAAF10,9606.ENSP00000295121
ATP1B4,9606.ENSP00000218008
EIF3F,9606.ENSP00000431800
RBM43,9606.ENSP00000331211
ADPRH,9606.ENSP00000420200
LRPAP1,9606.ENSP00000497444
SUN3,9606.ENSP00000297325
HTR5A,9606.ENSP00000287907
CCN3,9606.ENSP00000259526
SNRNP40,9606.ENSP00000263694
GPRC5A,9606.ENSP00000014914
PCMTD1,9606.ENSP00000353739
BORCS6,9606.ENSP00000373669
GPR32,9606.ENSP00000270590
NFKBIB,9606.ENSP00000312988
LGALS9B,9606.ENSP00000315564
ZCWPW2,9606.ENSP00000373278
NEUROD1,9606.ENSP00000295108
HOXB2,9606.ENSP00000331741
PRPSAP1,9606.ENSP00000414624
SERTAD4,9606.ENSP00000355979
DSN1,9606.ENSP00000389810
STOML2,9606.ENSP00000348886
ST8SIA1,9606.ENSP00000379353
CDC42EP4,9606.ENSP00000338258
IBA57,9606.ENSP00000355672
HS2ST1,9606.ENSP00000359581
APTX,9606.ENSP00000369145
LGALS9C,9606.ENSP00000329932
PRR19,9606.ENSP00000445247
LHX8,9606.ENSP00000294638
OTULINL,9606.ENSP00000274217
INO80B,9606.ENSP00000233331
GPANK1,9606.ENSP00000365071
RFC3,9606.ENSP00000369411
CHST10,9606.ENSP00000264249
LMAN2,9606.ENSP00000303366
PCBP1,9606.ENSP00000305556
LGALS9,9606.ENSP00000378856
CCR8,9606.ENSP00000326432
ZNF781,9606.ENSP00000351391
NDUFA10,9606.ENSP00000252711
PON1,9606.ENSP00000222381
SLC35D1,9606.ENSP00000235345
STX5,9606.ENSP00000294179
G6PC2,9606.ENSP00000364512
TSPAN10,9606.ENSP00000480492
ATXN3L,9606.ENSP00000369996
WNT3,9606.ENSP00000225512
CCR3,9606.ENSP00000441600
VPS37C,9606.ENSP00000301765
FBXO32,9606.ENSP00000428205
IGFLR1,9606.ENSP00000246532
HNRNPD,9606.ENSP00000313199
CCR1,9606.ENSP00000296140
MAPDA,9606.ENSP00000456242
VASH2,9606.ENSP00000428324
GNAI2,9606.ENSP00000312999
OR1I1,9606.ENSP00000493393
SPSB3,9606.ENSP00000457206
CX3CR1,9606.ENSP00000351059
GNA14,9606.ENSP00000365807
CMKLR2,9606.ENSP00000480405
KLF2,9606.ENSP00000248071
GNAZ,9606.ENSP00000478892
SIRT6,9606.ENSP00000337332
ARG2,9606.ENSP00000261783
NEGR1,9606.ENSP00000350364
OTC,9606.ENSP00000039007
ADPRHL1,9606.ENSP00000364567
FAM181A,9606.ENSP00000267594
GRAMD2A,9606.ENSP00000311657
KLHDC8B,9606.ENSP00000327468
L3HYPDH,9606.ENSP00000247194
GNAT3,9606.ENSP00000381339
MYBPHL,9606.ENSP00000349678
HMCES,9606.ENSP00000372955
KTI12,9606.ENSP00000360676
CD68,9606.ENSP00000250092
MBNL3,9606.ENSP00000359890
HAPLN1,9606.ENSP00000274341
GNAI3,9606.ENSP00000358867
HOMER2,9606.ENSP00000305632
ERFE,9606.ENSP00000442304
HOMER1,9606.ENSP00000334382
GNAT2,9606.ENSP00000251337
OPN5,9606.ENSP00000360255
UBE2Z,9606.ENSP00000354201
ABO,9606.ENSP00000483018
ERFL,9606.ENSP00000491574
PAQR8,9606.ENSP00000406197
PON3,9606.ENSP00000265627
PON2,9606.ENSP00000488838
VEGFD,9606.ENSP00000297904
CCN6,9606.ENSP00000357655
OTX1,9606.ENSP00000355631
CREBZF,9606.ENSP00000433459
CA12,9606.ENSP00000178638
GNAI1,9606.ENSP00000497260
WNT11,9606.ENSP00000325526
ATOH1,9606.ENSP00000302216
NKX2-4,9606.ENSP00000345147
RFC2,9606.ENSP00000055077
GNAO1,9606.ENSP00000262494
P2RY13,9606.ENSP00000320376
CLVS1,9606.ENSP00000428402
C2CD4D,9606.ENSP00000389554
VN1R1,9606.ENSP00000322339
MRM1,9606.ENSP00000481559
FEZ2,9606.ENSP00000368547
TRIM63,9606.ENSP00000363390
HNRNPA2B1,9606.ENSP00000346694
MCHR1,9606.ENSP00000249016
DND1,9606.ENSP00000445366
PLEK2,9606.ENSP00000216446
THUMPD1,9606.ENSP00000379392
THPO,9606.ENSP00000494504
TSKU,9606.ENSP00000434847
A4GALT,9606.ENSP00000384794
PNMA1,9606.ENSP00000318914
FPR3,9606.ENSP00000341821
GPR139,9606.ENSP00000458791
BDKRB1,9606.ENSP00000216629
TIMM50,9606.ENSP00000445806
BRIX1,9606.ENSP00000338862
MAFA,9606.ENSP00000328364
S1PR2,9606.ENSP00000496438
CRELD2,9606.ENSP00000383938
ISG20L2,9606.ENSP00000323424
LPAR3,9606.ENSP00000359643
RAD51AP1,9606.ENSP00000228843
CCR5,9606.ENSP00000292303
AGMAT,9606.ENSP00000364986
MUL1,9606.ENSP00000264198
AMBP,9606.ENSP00000265132
TMOD3,9606.ENSP00000308753
CXCR4,9606.ENSP00000386884
PDLIM2,9606.ENSP00000312634
HSH2D,9606.ENSP00000482604
LTB4R,9606.ENSP00000380008
CHST11,9606.ENSP00000305725
INHBC,9606.ENSP00000308716
PRSS55,9606.ENSP00000333003
NUDT13,9606.ENSP00000349874
NR1I3,9606.ENSP00000356959
KERA,9606.ENSP00000266719
HOXD9,9606.ENSP00000249499
PJVK,9606.ENSP00000495855
NDRG4,9606.ENSP00000377823
OTULIN,9606.ENSP00000284274
SH3GL2,9606.ENSP00000369981
EIF3H,9606.ENSP00000429931
MKX,9606.ENSP00000364946
SPDYE16,9606.ENSP00000487772
WNT3A,9606.ENSP00000284523
SYAP1,9606.ENSP00000369500
APOL4,9606.ENSP00000338260
THOC3,9606.ENSP00000265097
TMEM115,9606.ENSP00000266025
DYNC2LI1,9606.ENSP00000474032
TBATA,9606.ENSP00000400224
HAO2,9606.ENSP00000354314
TAAR2,9606.ENSP00000356908
MCU,9606.ENSP00000362144
NECAB1,9606.ENSP00000387380
RPUSD3,9606.ENSP00000373331
WNT4,9606.ENSP00000290167
EIF2B2,9606.ENSP00000266126
PRKACG,9606.ENSP00000366488
TMEM30B,9606.ENSP00000450842
PRKACA,9606.ENSP00000309591
CD2,9606.ENSP00000358490
ZNF124,9606.ENSP00000440365
PRKACB,9606.ENSP00000359719
GPD1L,9606.ENSP00000282541
PRB3,9606.ENSP00000442626
ZPBP,9606.ENSP00000046087
FPR2,9606.ENSP00000468897
PTGR2,9606.ENSP00000452280
TCEANC,9606.ENSP00000440038
WNT8A,9606.ENSP00000426653
RRM2B,9606.ENSP00000251810
MOAP1,9606.ENSP00000451594
PPP1R8,9606.ENSP00000311677
WNT8B,9606.ENSP00000340677
FAM118B,9606.ENSP00000433343
ATP6V0D1,9606.ENSP00000290949
ATF4,9606.ENSP00000336790
SYCE1,9606.ENSP00000303978
TMOD2,9606.ENSP00000249700
ROM1,9606.ENSP00000278833
TMEM236,9606.ENSP00000366715
DTNBP1,9606.ENSP00000341680
ACTMAP,9606.ENSP00000367564
MTNR1A,9606.ENSP00000302811
ZNF367,9606.ENSP00000364405
CSNK2A2,9606.ENSP00000262506
C5AR1,9606.ENSP00000347197
SPESP1,9606.ENSP00000312284
CCNO,9606.ENSP00000282572
NPIPA3,9606.ENSP00000446882
TMEM185B,9606.ENSP00000453399
FOXA3,9606.ENSP00000304004
SLC35E4,9606.ENSP00000339626
GNAT1,9606.ENSP00000232461
NUDT9,9606.ENSP00000303575
KLHDC8A,9606.ENSP00000356124
RNF167,9606.ENSP00000262482
DKK3,9606.ENSP00000433112
NPIPA5,9606.ENSP00000433597
IZUMO1,9606.ENSP00000327786
PACC1,9606.ENSP00000438863
POMK,9606.ENSP00000331258
FPR1,9606.ENSP00000471493
STRAP,9606.ENSP00000392270
MTHFD2,9606.ENSP00000377617
TMEM185A,9606.ENSP00000471932
NPIPA1,9606.ENSP00000331843
PAX4,9606.ENSP00000368014
MCL1,9606.ENSP00000358022
TWF1,9606.ENSP00000449428
INHBE,9606.ENSP00000266646
OR52I2,9606.ENSP00000308764
ATP6AP2,9606.ENSP00000490083
TGDS,9606.ENSP00000261296
PCGF6,9606.ENSP00000358862
GYG1,9606.ENSP00000340736
PSMD8,9606.ENSP00000215071
ST3GAL2,9606.ENSP00000377257
YIPF3,9606.ENSP00000361499
CXCR1,9606.ENSP00000295683
ACKR4,9606.ENSP00000249887
ATP6V0D2,9606.ENSP00000285393
RP2,9606.ENSP00000218340
PLEK,9606.ENSP00000234313
OGFOD2,9606.ENSP00000228922
DRAXIN,9606.ENSP00000294485
ABHD5,9606.ENSP00000495778
GPR21,9606.ENSP00000362746
FAM98C,9606.ENSP00000252530
SLC10A1,9606.ENSP00000216540
TAF7,9606.ENSP00000312709
CCN2,9606.ENSP00000356954
FKBPL,9606.ENSP00000364298
TMEM255A,9606.ENSP00000310110
KLHDC9,9606.ENSP00000356990
GLT8D2,9606.ENSP00000354053
PTER,9606.ENSP00000367239
ERI1,9606.ENSP00000250263
TMX4,9606.ENSP00000246024
KHDRBS2,9606.ENSP00000281156
WNT7B,9606.ENSP00000341032
ISL1,9606.ENSP00000230658
TWF2,9606.ENSP00000303908
CEACAM8,9606.ENSP00000244336
HARBI1,9606.ENSP00000317743
HIF1AN,9606.ENSP00000299163
CRYZL1,9606.ENSP00000370966
IRF2,9606.ENSP00000377218
WNT7A,9606.ENSP00000285018
GPD1,9606.ENSP00000301149
GSG1,9606.ENSP00000405032
GALR1,9606.ENSP00000299727
TRUB1,9606.ENSP00000298746
RPF1,9606.ENSP00000359688
DCDC2B,9606.ENSP00000386870
HFE,9606.ENSP00000417404
AKAP7,9606.ENSP00000405252
CTU1,9606.ENSP00000390011
TAAR9,9606.ENSP00000424607
YOD1,9606.ENSP00000326813
LMAN2L,9606.ENSP00000366280
RSPH14,9606.ENSP00000216036
ZSCAN16,9606.ENSP00000366527
GMPR2,9606.ENSP00000454038
PSTK,9606.ENSP00000384653
HPR,9606.ENSP00000441828
RHO,9606.ENSP00000296271
SBK2,9606.ENSP00000389015
KIR2DL1,9606.ENSP00000336769
CYLC2,9606.ENSP00000420256
CD200R1,9606.ENSP00000311035
CAPG,9606.ENSP00000263867
OR2T4,9606.ENSP00000355431
MRPL3,9606.ENSP00000264995
GET3,9606.ENSP00000466379
SLC10A2,9606.ENSP00000245312
GALE,9606.ENSP00000483375
GBX2,9606.ENSP00000302251
SCRT1,9606.ENSP00000455711
TUSC3,9606.ENSP00000424544
DNAJB5,9606.ENSP00000404079
TRIM16L,9606.ENSP00000379030
ZNF843,9606.ENSP00000322899
TCEA3,9606.ENSP00000406293
ERLIN1,9606.ENSP00000410964
TMPRSS12,9606.ENSP00000381476
HMX1,9606.ENSP00000383516
LPAR2,9606.ENSP00000443256
HDAC11,9606.ENSP00000295757
CD5L,9606.ENSP00000357156
NHLRC3,9606.ENSP00000368920
NODAL,9606.ENSP00000287139
GBGT1,9606.ENSP00000361110
MT-ND2,9606.ENSP00000355046
OR2M2,9606.ENSP00000492974
C6orf89,9606.ENSP00000347322
LRG1,9606.ENSP00000302621
ATXN7L3,9606.ENSP00000397259
DTX3,9606.ENSP00000448696
HMG20A,9606.ENSP00000371133
NFYA,9606.ENSP00000345702
SCAMP3,9606.ENSP00000307275
OR6J1,9606.ENSP00000437629
NAXD,9606.ENSP00000311984
SH3GL3,9606.ENSP00000320092
MAGEB10,9606.ENSP00000368304
PURG,9606.ENSP00000418721
ITGB1BP2,9606.ENSP00000362935
TFEC,9606.ENSP00000265440
LRP2BP,9606.ENSP00000332681
JUNB,9606.ENSP00000303315
DAO,9606.ENSP00000228476
MAGEB1,9606.ENSP00000368264
MAP2K3,9606.ENSP00000345083
JUND,9606.ENSP00000252818
OR1L6,9606.ENSP00000304235
GPR148,9606.ENSP00000308908
OR13C3,9606.ENSP00000363913
MTHFD2L,9606.ENSP00000379108
HCAR1,9606.ENSP00000389255
SUCLG1,9606.ENSP00000377446
OR8G5,9606.ENSP00000477014
MARCHF9,9606.ENSP00000266643
QTGAL,9606.ENSP00000319979
KHDRBS3,9606.ENSP00000348108
ANGPTL7,9606.ENSP00000366015
ENKD1,9606.ENSP00000243878
SFRP4,9606.ENSP00000410715
HPF1,9606.ENSP00000406598
G6PC3,9606.ENSP00000269097
ARK2C,9606.ENSP00000269439
LYPD3,9606.ENSP00000244333
ANXA1,9606.ENSP00000366109
TBCC,9606.ENSP00000361967
PARD6A,9606.ENSP00000219255
HLA-F,9606.ENSP00000259951
E2F5,9606.ENSP00000398124
SELENOV,9606.ENSP00000333956
GLT1D1,9606.ENSP00000281703
MAGEB3,9606.ENSP00000355198
CYSLTR2,9606.ENSP00000282018
XRCC3,9606.ENSP00000451974
HNRNPH3,9606.ENSP00000265866
PRPH2,9606.ENSP00000230381
OR13D1,9606.ENSP00000317357
AGA,9606.ENSP00000264595
LUZP2,9606.ENSP00000336817
USF2,9606.ENSP00000222305
AQP7B,9606.ENSP00000456868
H1-8,9606.ENSP00000319799
HS3ST5,9606.ENSP00000427888
CDK20,9606.ENSP00000322343
MAGEB4,9606.ENSP00000368266
TFB1M,9606.ENSP00000356134
GPR42,9606.ENSP00000473212
PAQR7,9606.ENSP00000363414
FFAR3,9606.ENSP00000328230
POLR1C,9606.ENSP00000496044
EFNB1,9606.ENSP00000204961
TMEM191B,9606.ENSP00000481358
RAX,9606.ENSP00000334813
SAE1,9606.ENSP00000270225
MOS,9606.ENSP00000310722
CDK7,9606.ENSP00000256443
CALHM1,9606.ENSP00000329926
FANK1,9606.ENSP00000357682
ASMT,9606.ENSP00000370639
DUXB,9606.ENSP00000491301
LDLRAD3,9606.ENSP00000318607
CREM,9606.ENSP00000265372
GPRC5D,9606.ENSP00000228887
TCF19,9606.ENSP00000365433
FOXL1,9606.ENSP00000326272
MSANTD4,9606.ENSP00000304713
OGG1,9606.ENSP00000306561
KLF3,9606.ENSP00000261438
BAG1,9606.ENSP00000489189
PDGFC,9606.ENSP00000422464
CD84,9606.ENSP00000312367
GAS1,9606.ENSP00000298743
NDEL1,9606.ENSP00000333982
ANKRD60,9606.ENSP00000396747
GHITM,9606.ENSP00000361207
NDUFAF5,9606.ENSP00000367346
TAAR6,9606.ENSP00000275198
TOB1,9606.ENSP00000427695
ANXA9,9606.ENSP00000357943
LRTM1,9606.ENSP00000273286
OPN1SW,9606.ENSP00000249389
TMEM144,9606.ENSP00000296529
OR11G2,9606.ENSP00000349930
APOH,9606.ENSP00000205948
GMPR,9606.ENSP00000259727
TMOD4,9606.ENSP00000295314
OPCML,9606.ENSP00000330862
CEBPB,9606.ENSP00000305422
TOB2,9606.ENSP00000331305
CALHM3,9606.ENSP00000358798
B4GALT4,9606.ENSP00000420161
AURKB,9606.ENSP00000313950
CENPL,9606.ENSP00000348527
MGME1,9606.ENSP00000366939
PCGF2,9606.ENSP00000482063
FST,9606.ENSP00000256759
PDCD2,9606.ENSP00000439467
GLIPR1L2,9606.ENSP00000448248
GARIN1B,9606.ENSP00000326652
CCRL2,9606.ENSP00000349967
PRICKLE4,9606.ENSP00000404911
SRSF6,9606.ENSP00000244020
NTM,9606.ENSP00000396722
LPAR6,9606.ENSP00000367691
WDR45B,9606.ENSP00000376139
CEACAM6,9606.ENSP00000199764
OR4A15,9606.ENSP00000325065
ZDHHC4,9606.ENSP00000379934
RASSF1,9606.ENSP00000349547
MBIP,9606.ENSP00000399718
PAQR6,9606.ENSP00000338330
TRIM44,9606.ENSP00000299413
SNX16,9606.ENSP00000379621
UBAC2,9606.ENSP00000383911
CCNG2,9606.ENSP00000315743
NAGK,9606.ENSP00000477639
TMEM120A,9606.ENSP00000484736
OR6K6,9606.ENSP00000357126
APOL6,9606.ENSP00000386280
TRIB2,9606.ENSP00000155926
CCDC97,9606.ENSP00000269967
FUT2,9606.ENSP00000387498
ASPRV1,9606.ENSP00000315383
LRRC23,9606.ENSP00000390932
MRNIP,9606.ENSP00000292586
DBX1,9606.ENSP00000436881
ALX3,9606.ENSP00000497310
RBFA,9606.ENSP00000305696
PNCK,9606.ENSP00000405950
BDH1,9606.ENSP00000376184
PRSS8,9606.ENSP00000319730
TMEM82,9606.ENSP00000364938
MILR1,9606.ENSP00000482801
SMCO2,9606.ENSP00000387617
DUOXA1,9606.ENSP00000267803
PLPPR2,9606.ENSP00000466898
HOXD13,9606.ENSP00000376322
MRGPRF,9606.ENSP00000403660
TBPL2,9606.ENSP00000247219
MAGEB18,9606.ENSP00000314543
RNF113A,9606.ENSP00000360497
TBXA2R,9606.ENSP00000393333
ARMC10,9606.ENSP00000319412
AIM2,9606.ENSP00000357112
AQP7,9606.ENSP00000297988
RNLS,9606.ENSP00000332530
ETV2,9606.ENSP00000384524
SIRPB2,9606.ENSP00000352849
P2RY12,9606.ENSP00000307259
ADPRM,9606.ENSP00000369099
HS3ST6,9606.ENSP00000416741
OR51F2,9606.ENSP00000493050
GALM,9606.ENSP00000272252
SNX15,9606.ENSP00000366452
CXCR6,9606.ENSP00000395704
SLC39A11,9606.ENSP00000445829
TTPAL,9606.ENSP00000361995
DMRTB1,9606.ENSP00000360500
WBP1L,9606.ENSP00000414721
PTAFR,9606.ENSP00000442658
SH3YL1,9606.ENSP00000348471
HOXC10,9606.ENSP00000307321
TMEM59L,9606.ENSP00000470879
TMEM268,9606.ENSP00000363161
PRPF18,9606.ENSP00000367835
MFF,9606.ENSP00000302037
FUT7,9606.ENSP00000318142
WDR77,9606.ENSP00000235090
CFAP36,9606.ENSP00000342699
DCAF7,9606.ENSP00000483236
TAAR8,9606.ENSP00000275200
ABHD4,9606.ENSP00000414558
HSD17B7,9606.ENSP00000254521
MENT,9606.ENSP00000357922
RDH10,9606.ENSP00000240285
PDIK1L,9606.ENSP00000363389
DDO,9606.ENSP00000357920
PAX9,9606.ENSP00000355245
UTF1,9606.ENSP00000305906
QNG1,9606.ENSP00000365522
THOC6,9606.ENSP00000326531
QKI,9606.ENSP00000355094
CCNY,9606.ENSP00000363836
CHST13,9606.ENSP00000317404
CAB39,9606.ENSP00000258418
KRTAP29-1,9606.ENSP00000375148
LIMS2,9606.ENSP00000326888
ARFIP2,9606.ENSP00000484121
MR1,9606.ENSP00000477563
DNAJC22,9606.ENSP00000446830
CD2BP2,9606.ENSP00000304903
BBS5,9606.ENSP00000295240
PGLYRP3,9606.ENSP00000290722
KIR2DL3,9606.ENSP00000342215
SLC25A43,9606.ENSP00000217909
ETV7,9606.ENSP00000341843
MOGAT3,9606.ENSP00000223114
GNB3,9606.ENSP00000229264
PRRT2,9606.ENSP00000456226
SHD,9606.ENSP00000446058
RFC5,9606.ENSP00000408295
GNB2,9606.ENSP00000305260
GNB4,9606.ENSP00000232564
HAPLN2,9606.ENSP00000255039
DMC1,9606.ENSP00000216024
MANSC4,9606.ENSP00000370673
ST3GAL1,9606.ENSP00000428540
GPALPP1,9606.ENSP00000368447
DNAJB1,9606.ENSP00000254322
SFXN5,9606.ENSP00000272433
NSUN3,9606.ENSP00000318986
OR5T3,9606.ENSP00000305403
A3GALT2,9606.ENSP00000475261
ARMC12,9606.ENSP00000288065
A4GNT,9606.ENSP00000236709
GNB1,9606.ENSP00000367872
SLC51A,9606.ENSP00000296327
CLYBL,9606.ENSP00000365533
EI24,9606.ENSP00000278903
PAWR,9606.ENSP00000328088
DUSP12,9606.ENSP00000356920
HOXD10,9606.ENSP00000249501
SLC10A7,9606.ENSP00000421275
IGBP1C,9606.ENSP00000492384
ZNF488,9606.ENSP00000462269
EFNB3,9606.ENSP00000226091
REM2,9606.ENSP00000267396
SPATC1L,9606.ENSP00000291672
MCHR2,9606.ENSP00000281806
SRR,9606.ENSP00000339435
DBX2,9606.ENSP00000331470
P2RY10,9606.ENSP00000171757
SRRD,9606.ENSP00000215917
AUH,9606.ENSP00000364883
DHRS7,9606.ENSP00000216500
CIAO1,9606.ENSP00000418287
LSP1,9606.ENSP00000371194
TBP,9606.ENSP00000230354
GP6,9606.ENSP00000308782
ANXA2,9606.ENSP00000346032
FAM50A,9606.ENSP00000377225
TAAR1,9606.ENSP00000275216
TMEM120B,9606.ENSP00000404991
FBP2,9606.ENSP00000364486
STEAP1,9606.ENSP00000297205
CTSB,9606.ENSP00000345672
ERLIN2,9606.ENSP00000428112
IGBP1,9606.ENSP00000363661
C17orf58,9606.ENSP00000402020
SARAF,9606.ENSP00000256255
SNRNP48,9606.ENSP00000339834
NCF4,9606.ENSP00000380334
FAM76B,9606.ENSP00000351631
USP50,9606.ENSP00000434676
CENPN,9606.ENSP00000377007
TRMT10A,9606.ENSP00000273962
OR7E24,9606.ENSP00000387523
RAD51,9606.ENSP00000493712
SLC35G4,9606.ENSP00000490812
SCAMP1,9606.ENSP00000481022
GPR160,9606.ENSP00000348161
LUM,9606.ENSP00000266718
POLR1F,9606.ENSP00000222567
SLC25A40,9606.ENSP00000344831
HOXD11,9606.ENSP00000249504
SLC35G3,9606.ENSP00000297307
POU4F3,9606.ENSP00000495718
FBP1,9606.ENSP00000408025
TAS2R39,9606.ENSP00000405095
HLA-G,9606.ENSP00000366024
PARP11,9606.ENSP00000228820
P2RY14,9606.ENSP00000308361
LSAMP,9606.ENSP00000419000
SLC35G5,9606.ENSP00000371872
SLC35G6,9606.ENSP00000396523
FOSB,9606.ENSP00000245919
ZFP36L1,9606.ENSP00000337386
PHYH,9606.ENSP00000263038
DFFB,9606.ENSP00000339524
MDH2,9606.ENSP00000327070
MRPL39,9606.ENSP00000305682
ZPBP2,9606.ENSP00000335384
UBIAD1,9606.ENSP00000366006
SLC25A37,9606.ENSP00000429200
HEMK1,9606.ENSP00000404843
TFAP4,9606.ENSP00000204517
AHSA1,9606.ENSP00000216479
ZDHHC15,9606.ENSP00000362465
HEY2,9606.ENSP00000357348
ABHD13,9606.ENSP00000365063
DNAJB4,9606.ENSP00000359799
MTARC1,9606.ENSP00000355877
CYSLTR1,9606.ENSP00000362401
OXGR1,9606.ENSP00000298440
LIX1L,9606.ENSP00000474487
CA14,9606.ENSP00000358107
GIMAP2,9606.ENSP00000223293
TALDO1,9606.ENSP00000321259
C5AR2,9606.ENSP00000472620
SFXN4,9606.ENSP00000347924
IFNGR2,9606.ENSP00000371425
CSNK1A1L,9606.ENSP00000369126
CSNK1A1,9606.ENSP00000261798
ABHD6,9606.ENSP00000295962
CDC37L1,9606.ENSP00000371278
GPR65,9606.ENSP00000267549
TAAR5,9606.ENSP00000258034
NEUROD6,9606.ENSP00000297142
NHERF2,9606.ENSP00000408005
CAB39L,9606.ENSP00000479669
DGAT2L6,9606.ENSP00000328036
APOL2,9606.ENSP00000249066
GPR26,9606.ENSP00000284674
SLC35A1,9606.ENSP00000358565
SLC35D2,9606.ENSP00000253270
DCPS,9606.ENSP00000263579
RRH,9606.ENSP00000314992
ERI3,9606.ENSP00000361331
IGLON5,9606.ENSP00000270642
KCNK1,9606.ENSP00000355580
VPS26B,9606.ENSP00000281187
GRTP1,9606.ENSP00000364579
ACMSD,9606.ENSP00000348459
SPDYE1,9606.ENSP00000258704
PEX16,9606.ENSP00000241041
TMEM19,9606.ENSP00000266673
ST6GALNAC5,9606.ENSP00000417583
LGALS12,9606.ENSP00000339374
PLK5,9606.ENSP00000468376
GPR82,9606.ENSP00000303549
NDFIP2,9606.ENSP00000480798
MAGEB17,9606.ENSP00000382884
ACKR1,9606.ENSP00000357103
TBC1D21,9606.ENSP00000300504
CDC123,9606.ENSP00000281141
HIBADH,9606.ENSP00000265395
XRCC4,9606.ENSP00000421491
RDH14,9606.ENSP00000370648
MCUB,9606.ENSP00000378145
NT5C3A,9606.ENSP00000476480
TOR1B,9606.ENSP00000259339
RNF2,9606.ENSP00000356480
CD226,9606.ENSP00000461947
C10orf120,9606.ENSP00000331012
NDE1,9606.ENSP00000379643
OSGEP,9606.ENSP00000206542
GLRX3,9606.ENSP00000357633
CTSH,9606.ENSP00000220166
GPR119,9606.ENSP00000276218
OR2AK2,9606.ENSP00000493202
GAPDH,9606.ENSP00000380070
ZNF396,9606.ENSP00000466500
FAS,9606.ENSP00000498466
SLAMF7,9606.ENSP00000357022
MOGAT1,9606.ENSP00000406674
TADA1,9606.ENSP00000356848
PSG5,9606.ENSP00000382334
CCDC68,9606.ENSP00000466690
SH2D6,9606.ENSP00000498488
LRRC39,9606.ENSP00000480740
OR10R2,9606.ENSP00000357134
GPR157,9606.ENSP00000366628
B3GAT3,9606.ENSP00000265471
CD1D,9606.ENSP00000501245
OR52B6,9606.ENSP00000341581
SPDEF,9606.ENSP00000363149
POLB,9606.ENSP00000265421
SLAMF1,9606.ENSP00000438406
OR9K2,9606.ENSP00000307598
MEST,9606.ENSP00000223215
MAGT1,9606.ENSP00000354649
DECR1,9606.ENSP00000220764
PLAUR,9606.ENSP00000339328
PSG11,9606.ENSP00000319140
ASB1,9606.ENSP00000264607
PSG2,9606.ENSP00000385706
STX18,9606.ENSP00000305810
HOXA1,9606.ENSP00000494260
METAP1D,9606.ENSP00000315152
ARHGEF39,9606.ENSP00000367638
MTARC2,9606.ENSP00000355880
MAP2K6,9606.ENSP00000468348
BTN3A2,9606.ENSP00000366937
OSTM1,9606.ENSP00000193322
RSRC1,9606.ENSP00000481697
LCMT1,9606.ENSP00000382021
COPS5,9606.ENSP00000350512
HSF2BP,9606.ENSP00000291560
RAET1G,9606.ENSP00000356329
WDR5,9606.ENSP00000351446
ELMOD1,9606.ENSP00000265840
FBLL1,9606.ENSP00000473383
MOGAT2,9606.ENSP00000198801
LRRC26,9606.ENSP00000360597
CTSV,9606.ENSP00000259470
MTG1,9606.ENSP00000323047
WDR54,9606.ENSP00000006526
DHDH,9606.ENSP00000221403
GPR12,9606.ENSP00000384932
B3GAT1,9606.ENSP00000433847
VAX1,9606.ENSP00000358207
CNMD,9606.ENSP00000367198
SNAPC2,9606.ENSP00000221573
GMNC,9606.ENSP00000406164
MAT2B,9606.ENSP00000325425
ZIC4,9606.ENSP00000435509
SUCNR1,9606.ENSP00000355156
STPG1,9606.ENSP00000363530
PSTPIP2,9606.ENSP00000387261
PPA2,9606.ENSP00000343885
MAGIX,9606.ENSP00000471299
MUC15,9606.ENSP00000431983
NKX3-2,9606.ENSP00000371875
GPR33,9606.ENSP00000421557
C11orf42,9606.ENSP00000321021
EFNB2,9606.ENSP00000493716
COX18,9606.ENSP00000425261
FAXDC2,9606.ENSP00000320604
CD1C,9606.ENSP00000357152
CD1B,9606.ENSP00000357150
GPR174,9606.ENSP00000494310
NDUFAF6,9606.ENSP00000379430
HSFX4,9606.ENSP00000489814
NPBWR2,9606.ENSP00000358783
EIF2S2,9606.ENSP00000364119
XCR1,9606.ENSP00000310405
EN2,9606.ENSP00000297375
C1QTNF9B,9606.ENSP00000371572
CTSL,9606.ENSP00000345344
AMMECR1,9606.ENSP00000262844
ETFA,9606.ENSP00000452762
C1QTNF9,9606.ENSP00000371503
GPR146,9606.ENSP00000380283
DHDDS,9606.ENSP00000353104
GIPC1,9606.ENSP00000376753
GJA4,9606.ENSP00000343676
ST6GALNAC6,9606.ENSP00000362235
ST3GAL4,9606.ENSP00000436047
TAS2R38,9606.ENSP00000448219
EID3,9606.ENSP00000435619
MTFR1,9606.ENSP00000262146
AWAT2,9606.ENSP00000421172
OR10G6,9606.ENSP00000477445
CENATAC,9606.ENSP00000334767
CHORDC1,9606.ENSP00000319255
CXorf58,9606.ENSP00000368511
CGRRF1,9606.ENSP00000216420
KDSR,9606.ENSP00000494352
FAM131B,9606.ENSP00000410603
LDHC,9606.ENSP00000437783
LDHAL6A,9606.ENSP00000280706
MC4R,9606.ENSP00000299766
SLC25A16,9606.ENSP00000476815
SIX3,9606.ENSP00000260653
CD300LG,9606.ENSP00000321005
OPTC,9606.ENSP00000356191
KCNK17,9606.ENSP00000362328
MRPL44,9606.ENSP00000258383
TOR1A,9606.ENSP00000345719
HNRNPAB,9606.ENSP00000425031
SLAMF6,9606.ENSP00000357036
FAM9A,9606.ENSP00000440163
MARCKS,9606.ENSP00000478061
TP53I3,9606.ENSP00000238721
ADORA2B,9606.ENSP00000304501
LDHA,9606.ENSP00000445175
PITPNC1,9606.ENSP00000464006
NEIL2,9606.ENSP00000284503
PRR33,9606.ENSP00000491327
DFFA,9606.ENSP00000366237
PRKAG1,9606.ENSP00000323867
GDE1,9606.ENSP00000261386
OR10S1,9606.ENSP00000431914
SHOX2,9606.ENSP00000374240
OR6B3,9606.ENSP00000493035
OR6S1,9606.ENSP00000313110
RCN1,9606.ENSP00000054950
RDH13,9606.ENSP00000391121
SLC35B4,9606.ENSP00000367770
CTSS,9606.ENSP00000357981
RABGGTB,9606.ENSP00000317473
JSRP1,9606.ENSP00000300961
SPON2,9606.ENSP00000483599
EPM2A,9606.ENSP00000356489
CSTPP1,9606.ENSP00000367878
NEUROD4,9606.ENSP00000242994
DOK6,9606.ENSP00000372160
JUN,9606.ENSP00000360266
TRUB2,9606.ENSP00000361982
CFAP119,9606.ENSP00000437532
AKR7A3,9606.ENSP00000355377
TAL1,9606.ENSP00000294339
OR6K3,9606.ENSP00000357127
GSG1L,9606.ENSP00000394954
B3GALNT1,9606.ENSP00000498660
PHF11,9606.ENSP00000367570
UBXN2B,9606.ENSP00000382507
ZNF660,9606.ENSP00000324605
CCDC92,9606.ENSP00000238156
RFNG,9606.ENSP00000307971
GPR18,9606.ENSP00000343428
ST3GAL6,9606.ENSP00000480884
NUDC,9606.ENSP00000319664
PARVG,9606.ENSP00000391583
CNTD1,9606.ENSP00000465204
GINM1,9606.ENSP00000356389
PPP1CA,9606.ENSP00000326031
FAM86B1,9606.ENSP00000407067
FAM86B2,9606.ENSP00000262365
EXTL2,9606.ENSP00000359131
PAQR5,9606.ENSP00000378803
FAM170A,9606.ENSP00000482552
STRA8,9606.ENSP00000275764
WDR5B,9606.ENSP00000330381
OR11H6,9606.ENSP00000319071
PDLIM4,9606.ENSP00000253754
TLX1,9606.ENSP00000359215
ZRANB2,9606.ENSP00000359958
CFHR3,9606.ENSP00000356395
FOXS1,9606.ENSP00000365145
MRGPRX2,9606.ENSP00000333800
AIP,9606.ENSP00000279146
DUSP11,9606.ENSP00000272444
HSDL1,9606.ENSP00000219439
GPBAR1,9606.ENSP00000430886
LEG1,9606.ENSP00000328069
HOXC13,9606.ENSP00000243056
DHRSX,9606.ENSP00000334113
CFHR1,9606.ENSP00000314299
ALAD,9606.ENSP00000386284
ZNF747,9606.ENSP00000457274
FFAR2,9606.ENSP00000473159
EEF2KMT,9606.ENSP00000398502
NME9,9606.ENSP00000335444
SCD5,9606.ENSP00000316329
GRAP2,9606.ENSP00000339186
OR2D3,9606.ENSP00000320560
GFI1B,9606.ENSP00000344782
KCNK15,9606.ENSP00000361952
GPR3,9606.ENSP00000363136
PHYHIP,9606.ENSP00000320017
C1QTNF4,9606.ENSP00000302274
SCML1,9606.ENSP00000369380
CD86,9606.ENSP00000332049
CRYZ,9606.ENSP00000399805
OR52L1,9606.ENSP00000330338
C6orf163,9606.ENSP00000373575
FAM43B,9606.ENSP00000331397
FTSJ1,9606.ENSP00000326948
PLSCR4,9606.ENSP00000347038
GIMAP4,9606.ENSP00000419545
PTGR1,9606.ENSP00000385763
DNTTIP1,9606.ENSP00000361705
SCAMP2,9606.ENSP00000268099
SDSL,9606.ENSP00000341117
TSSC4,9606.ENSP00000331087
ABHD17C,9606.ENSP00000258884
RNF225,9606.ENSP00000470441
KCTD13,9606.ENSP00000455785
CNN3,9606.ENSP00000359225
ASB5,9606.ENSP00000296525
B3GALT6,9606.ENSP00000368496
CTSK,9606.ENSP00000271651
RCE1,9606.ENSP00000309163
PDLIM1,9606.ENSP00000360305
CASTOR2,9606.ENSP00000484732
TECTB,9606.ENSP00000494896
UCHL5,9606.ENSP00000356421
BABAM1,9606.ENSP00000352408
C3orf38,9606.ENSP00000322469
CASTOR1,9606.ENSP00000384183
NIPA1,9606.ENSP00000337452
CD207,9606.ENSP00000386378
DLX2,9606.ENSP00000234198
POU5F2,9606.ENSP00000489796
ECH1,9606.ENSP00000221418
BUB3,9606.ENSP00000357858
CA10,9606.ENSP00000405388
PINX1,9606.ENSP00000318966
CCDC54,9606.ENSP00000261058
OR5D16,9606.ENSP00000367649
PRSS48,9606.ENSP00000401328
OR4A16,9606.ENSP00000325128
RAD51D,9606.ENSP00000466399
RNF175,9606.ENSP00000340979
SOHLH1,9606.ENSP00000404438
IL12B,9606.ENSP00000231228
HOXD1,9606.ENSP00000328598
P2RY6,9606.ENSP00000480966
GRHPR,9606.ENSP00000313432
SIGLEC15,9606.ENSP00000374125
NPBWR1,9606.ENSP00000330284
ARRDC5,9606.ENSP00000371200
NUDT17,9606.ENSP00000334437
SUDS3,9606.ENSP00000443988
SDS,9606.ENSP00000257549
ATPAF1,9606.ENSP00000460964
OR2AJ1,9606.ENSP00000325078
PTF1A,9606.ENSP00000365687
HEYL,9606.ENSP00000361943
MSI2,9606.ENSP00000284073
HSD17B1,9606.ENSP00000225929
OR13A1,9606.ENSP00000363522
CA11,9606.ENSP00000084798
GNRHR,9606.ENSP00000226413
TSSK4,9606.ENSP00000339179
AWAT1,9606.ENSP00000363645
RCN3,9606.ENSP00000270645
ANXA8L1,9606.ENSP00000480221
OR51T1,9606.ENSP00000369738
C1orf198,9606.ENSP00000355623
ZNF444,9606.ENSP00000338860
B4GALT7,9606.ENSP00000029410
PNRC1,9606.ENSP00000336931
PPP1CB,9606.ENSP00000378769
FKBP6,9606.ENSP00000252037
VPS26A,9606.ENSP00000263559
EMB,9606.ENSP00000302289
ART1,9606.ENSP00000250693
IER5,9606.ENSP00000356549
GET4,9606.ENSP00000265857
CD1A,9606.ENSP00000289429
COPS6,9606.ENSP00000304102
GPS2,9606.ENSP00000379841
MAPRE2,9606.ENSP00000300249
BCL2L14,9606.ENSP00000309132
BARHL1,9606.ENSP00000263610
COQ5,9606.ENSP00000288532
CACNG4,9606.ENSP00000262138
VSIG2,9606.ENSP00000318684
HOGA1,9606.ENSP00000359680
NIT1,9606.ENSP00000356988
NDUFAF1,9606.ENSP00000260361
OR6A2,9606.ENSP00000492990
GNB1L,9606.ENSP00000331313
OR52E5,9606.ENSP00000480583
CLVS2,9606.ENSP00000275162
NAIF1,9606.ENSP00000362170
RNF121,9606.ENSP00000354571
OR9G4,9606.ENSP00000307515
CREB1,9606.ENSP00000387699
OR10X1,9606.ENSP00000485609
PIM3,9606.ENSP00000353824
OR5T1,9606.ENSP00000493364
PRSS38,9606.ENSP00000355719
OR51M1,9606.ENSP00000493005
NUP35,9606.ENSP00000295119
DEDD2,9606.ENSP00000471512
PEX10,9606.ENSP00000288774
NUP37,9606.ENSP00000448054
PVRIG,9606.ENSP00000316675
DNAJB6,9606.ENSP00000262177
BMI1,9606.ENSP00000365851
OR8A1,9606.ENSP00000492999
APOF,9606.ENSP00000381250
CDK6,9606.ENSP00000265734
OR11H1,9606.ENSP00000252835
OR4C5,9606.ENSP00000321338
ALX1,9606.ENSP00000315417
AKR1C8,9606.ENSP00000496804
ADORA1,9606.ENSP00000356205
ELAVL1,9606.ENSP00000385269
FBXL12,9606.ENSP00000247977
DOK4,9606.ENSP00000455566
MPPED1,9606.ENSP00000388137
VGLL3,9606.ENSP00000381436
ZFP36,9606.ENSP00000471239
RPRD1B,9606.ENSP00000362532
TMEM255B,9606.ENSP00000364502
AKR1D1,9606.ENSP00000242375
FCN1,9606.ENSP00000360871
FOSL2,9606.ENSP00000264716
OR11H12,9606.ENSP00000449002
OR11H2,9606.ENSP00000492923
MLST8,9606.ENSP00000457870
RASSF2,9606.ENSP00000368710
B3GALT1,9606.ENSP00000376456
EIF3I,9606.ENSP00000362688
MAS1,9606.ENSP00000501180
MC5R,9606.ENSP00000468086
C6orf15,9606.ENSP00000259870
LIMS1,9606.ENSP00000337598
TNIP3,9606.ENSP00000426613
OR1S2,9606.ENSP00000305469
MACROD1,9606.ENSP00000255681
FAM50B,9606.ENSP00000369627
HMGCL,9606.ENSP00000363614
DHRS7B,9606.ENSP00000378887
AKR1A1,9606.ENSP00000361140
PLPPR1,9606.ENSP00000364008
TMED8,9606.ENSP00000216468
STX16,9606.ENSP00000360183
ACP5,9606.ENSP00000218758
LDAH,9606.ENSP00000237822
FOXB1,9606.ENSP00000379369
SLC25A14,9606.ENSP00000477981
SLC35A3,9606.ENSP00000359172
DBP,9606.ENSP00000222122
KCTD12,9606.ENSP00000366694
NPDC1,9606.ENSP00000360660
ZC2HC1A,9606.ENSP00000263849
CCDC160,9606.ENSP00000427951
OTP,9606.ENSP00000302814
OR52E2,9606.ENSP00000322088
OR6Y1,9606.ENSP00000492894
CYC1,9606.ENSP00000317159
MRPL1,9606.ENSP00000315017
AEN,9606.ENSP00000331944
CLBA1,9606.ENSP00000450114
IL10RB,9606.ENSP00000290200
FRZB,9606.ENSP00000295113
RLIG1,9606.ENSP00000349358
OR5H6,9606.ENSP00000493340
ITLN2,9606.ENSP00000357008
IRF1,9606.ENSP00000245414
TSFM,9606.ENSP00000313877
IGFBP2,9606.ENSP00000233809
OR1S1,9606.ENSP00000485156
VWC2,9606.ENSP00000341819
OR7G2,9606.ENSP00000303822
FAM228B,9606.ENSP00000482482
YBX1,9606.ENSP00000361626
OR4K15,9606.ENSP00000304077
ALG5,9606.ENSP00000239891
TMEM171,9606.ENSP00000415030
FNDC8,9606.ENSP00000158009
SIAH2,9606.ENSP00000322457
SPACA6,9606.ENSP00000490829
OR1L3,9606.ENSP00000302863
OR52N5,9606.ENSP00000493190
NKX2-5,9606.ENSP00000327758
OR52I1,9606.ENSP00000436453
OR11H4,9606.ENSP00000318997
CYRIB,9606.ENSP00000429150
MAGEB16,9606.ENSP00000382871
ANXA10,9606.ENSP00000352248
OR6K2,9606.ENSP00000352626
SLC39A1,9606.ENSP00000357612
DNAJB2,9606.ENSP00000338019
OR56B1,9606.ENSP00000322939
OR5AS1,9606.ENSP00000493325
OR8U3,9606.ENSP00000485324
OR5A2,9606.ENSP00000492975
TMEM165,9606.ENSP00000370736
TMEM68,9606.ENSP00000395204
SLC35A4,9606.ENSP00000424566
OR2T2,9606.ENSP00000492947
OR51D1,9606.ENSP00000492986
PSMD7,9606.ENSP00000219313
CCNH,9606.ENSP00000498750
YJU2,9606.ENSP00000262962
CD47,9606.ENSP00000355361
PPP1CC,9606.ENSP00000341779
AKR1C4,9606.ENSP00000369814
CYRIA,9606.ENSP00000370724
PLCXD1,9606.ENSP00000371073
SLC25A22,9606.ENSP00000322020
OR51S1,9606.ENSP00000322754
DEGS1,9606.ENSP00000316476
TACSTD2,9606.ENSP00000360269
TAS2R40,9606.ENSP00000386210
MC3R,9606.ENSP00000243911
PEX7,9606.ENSP00000315680
OR1E2,9606.ENSP00000248384
OR6T1,9606.ENSP00000325203
CACNG2,9606.ENSP00000300105
AKR1C3,9606.ENSP00000369927
B3GAT2,9606.ENSP00000230053
CAMKMT,9606.ENSP00000367755
YDJC,9606.ENSP00000292778
OR2T35,9606.ENSP00000492995
OLIG2,9606.ENSP00000331040
ZNF784,9606.ENSP00000320096
LGALS4,9606.ENSP00000302100
CALHM2,9606.ENSP00000260743
AKR1C2,9606.ENSP00000370129
OR52B2,9606.ENSP00000432011
ANXA3,9606.ENSP00000264908
AKR1C1,9606.ENSP00000370254
ASB11,9606.ENSP00000417914
SLC25A27,9606.ENSP00000360398
OR4K5,9606.ENSP00000319511
BRMS1L,9606.ENSP00000216807
OR2AE1,9606.ENSP00000313936
KLF14,9606.ENSP00000463287
MAFB,9606.ENSP00000362410
TMEM59,9606.ENSP00000234831
MRPS35,9606.ENSP00000081029
NUDT18,9606.ENSP00000480722
CLEC11A,9606.ENSP00000250340
DEGS2,9606.ENSP00000307126
FHL1,9606.ENSP00000498684
SFXN2,9606.ENSP00000358909
RNF113B,9606.ENSP00000267291
OR11L1,9606.ENSP00000348033
RBKS,9606.ENSP00000306817
OR1J1,9606.ENSP00000259357
MRGPRX3,9606.ENSP00000379571
MRGPRX4,9606.ENSP00000314042
RBMX2,9606.ENSP00000339090
SEC13,9606.ENSP00000373312
MRGPRX1,9606.ENSP00000305766
SLC35B1,9606.ENSP00000497423
OR5P2,9606.ENSP00000331823
CRHBP,9606.ENSP00000274368
CXXC5,9606.ENSP00000302543
LYVE1,9606.ENSP00000256178
ARG1,9606.ENSP00000349446
PARP16,9606.ENSP00000261888
SFXN1,9606.ENSP00000316905
EPYC,9606.ENSP00000261172
PBK,9606.ENSP00000428489
PURA,9606.ENSP00000332706
C21orf58,9606.ENSP00000291691
MYADM,9606.ENSP00000375649
MRGPRD,9606.ENSP00000310631
PLCXD3,9606.ENSP00000367032
FBL,9606.ENSP00000221801
GFUS,9606.ENSP00000398803
OR51V1,9606.ENSP00000321729
TMUB2,9606.ENSP00000444565
OR5K3,9606.ENSP00000373194
ATOH8,9606.ENSP00000304676
FAM110C,9606.ENSP00000328347
OR5K4,9606.ENSP00000347003
SLC25A33,9606.ENSP00000306328
TREML2,9606.ENSP00000418767
UBE2U,9606.ENSP00000360116
LRRC46,9606.ENSP00000269025
ZAR1L,9606.ENSP00000437289
OR3A2,9606.ENSP00000386180
OR52N4,9606.ENSP00000493338
OR14J1,9606.ENSP00000492893
CTSO,9606.ENSP00000414904
OR5V1,9606.ENSP00000493269
FCER2,9606.ENSP00000264072
OR3A3,9606.ENSP00000291231
RASSF4,9606.ENSP00000339692
OR51G1,9606.ENSP00000485612
TPSG1,9606.ENSP00000234798
OR52N2,9606.ENSP00000322801
NDN,9606.ENSP00000497916
TOR2A,9606.ENSP00000362381
MFNG,9606.ENSP00000349490
PLPPR5,9606.ENSP00000263177
PGP,9606.ENSP00000330918
GJD2,9606.ENSP00000290374
SFXN3,9606.ENSP00000224807
NPL,9606.ENSP00000258317
VSTM4,9606.ENSP00000331062
NUBP1,9606.ENSP00000283027
OR13C8,9606.ENSP00000334068
AKR1E2,9606.ENSP00000298375
OR2AT4,9606.ENSP00000493299
OR51E2,9606.ENSP00000380153
OR2C3,9606.ENSP00000479757
OR5C1,9606.ENSP00000362784
OR10J1,9606.ENSP00000492902
AIMP2,9606.ENSP00000223029
HOXA4,9606.ENSP00000479166
IMPACT,9606.ENSP00000284202
PGAP3,9606.ENSP00000300658
TSPAN32,9606.ENSP00000182290
BSND,9606.ENSP00000498282
ANXA5,9606.ENSP00000296511
HNRNPA1L3,9606.ENSP00000493805
MYOD1,9606.ENSP00000250003
OR2W1,9606.ENSP00000366380
ZNF330,9606.ENSP00000262990
OR7C1,9606.ENSP00000493026
CFAP77,9606.ENSP00000343290
OR52W1,9606.ENSP00000309673
SLC25A19,9606.ENSP00000385312
DUOXA2,9606.ENSP00000319705
EIF3G,9606.ENSP00000253108
PYCR2,9606.ENSP00000342502
OR2T12,9606.ENSP00000493000
HNRNPA1L2,9606.ENSP00000350090
OR2T33,9606.ENSP00000493437
OR52N1,9606.ENSP00000493272
OR10Q1,9606.ENSP00000314324
ANXA4,9606.ENSP00000377833
TMEM121,9606.ENSP00000376304
OR8K1,9606.ENSP00000279783
ACY3,9606.ENSP00000255082
CXorf38,9606.ENSP00000330488
OR13F1,9606.ENSP00000334452
RWDD2B,9606.ENSP00000418693
GPR55,9606.ENSP00000498258
TAS2R30,9606.ENSP00000444736
GPR171,9606.ENSP00000308479
OR7C2,9606.ENSP00000248072
PYCR1,9606.ENSP00000384949
FOXE3,9606.ENSP00000334472
C8orf48,9606.ENSP00000297324
OR7A5,9606.ENSP00000316955
GPA33,9606.ENSP00000356842
CRYL1,9606.ENSP00000298248
ACOT8,9606.ENSP00000217455
DHRS9,9606.ENSP00000389241
SPRY1,9606.ENSP00000481675
OR51F1,9606.ENSP00000369744
FBXO8,9606.ENSP00000377280
NUBPL,9606.ENSP00000281081
MAGEB2,9606.ENSP00000368273
MVB12B,9606.ENSP00000354772
OR56B4,9606.ENSP00000321196
GPR31,9606.ENSP00000355799
OGFOD3,9606.ENSP00000330075
OR2S2,9606.ENSP00000344040
ANKRD1,9606.ENSP00000360762
OR56A1,9606.ENSP00000321246
UBLCP1,9606.ENSP00000296786
PLSCR1,9606.ENSP00000345494
CGREF1,9606.ENSP00000385452
ASB7,9606.ENSP00000328327
OR13C5,9606.ENSP00000363911
MAGEA8,9606.ENSP00000438293
SRD5A3,9606.ENSP00000264228
PRPS1L1,9606.ENSP00000424595
METTL9,9606.ENSP00000350874
DEDD,9606.ENSP00000356984
SLC25A42,9606.ENSP00000326693
COQ9,9606.ENSP00000262507
GGH,9606.ENSP00000260118
TAS2R7,9606.ENSP00000240687
OR2A2,9606.ENSP00000386209
MT-ND1,9606.ENSP00000354687
RDH5,9606.ENSP00000257895
OR13C2,9606.ENSP00000438815
GDPD3,9606.ENSP00000384363
FOXI2,9606.ENSP00000373572
OR2T34,9606.ENSP00000330904
OR51E1,9606.ENSP00000380155
OR10H1,9606.ENSP00000493436
PRSS41,9606.ENSP00000492058
OR13C4,9606.ENSP00000277216
OR13C9,9606.ENSP00000259362
PRPS2,9606.ENSP00000381504
UBE2J1,9606.ENSP00000451261
DERA,9606.ENSP00000416583
APEX1,9606.ENSP00000216714
FYTTD1,9606.ENSP00000241502
ADORA3,9606.ENSP00000241356
RDH11,9606.ENSP00000370750
OR52D1,9606.ENSP00000326232
SGCB,9606.ENSP00000370839
TAS2R60,9606.ENSP00000327724
OR2T3,9606.ENSP00000352604
C1GALT1C1,9606.ENSP00000304364
EPSTI1,9606.ENSP00000318982
BST1,9606.ENSP00000265016
PRPS1,9606.ENSP00000361512
FNDC11,9606.ENSP00000480914
OR4D5,9606.ENSP00000305970
RCN2,9606.ENSP00000319739
OR6P1,9606.ENSP00000492936
OR6N2,9606.ENSP00000493148
C16orf86,9606.ENSP00000384117
OR10A5,9606.ENSP00000299454
LGALS8,9606.ENSP00000435460
CA5B,9606.ENSP00000314099
OR2G2,9606.ENSP00000326349
VGLL2,9606.ENSP00000320957
OR6Q1,9606.ENSP00000307734
TAS2R14,9606.ENSP00000441949
ANKRD9,9606.ENSP00000286918
PPP1R3C,9606.ENSP00000238994
UPP2,9606.ENSP00000474090
LAPTM4B,9606.ENSP00000402301
RFPL1,9606.ENSP00000346342
RFPL3,9606.ENSP00000249007
SUPT3H,9606.ENSP00000360515
DHRS12,9606.ENSP00000411565
OR2F1,9606.ENSP00000485483
RDH16,9606.ENSP00000381206
OR51Q1,9606.ENSP00000300778
DUS4L,9606.ENSP00000265720
OR1B1,9606.ENSP00000485577
SOX2,9606.ENSP00000323588
MAGEA4,9606.ENSP00000353379
OR2F2,9606.ENSP00000386222
RACK1,9606.ENSP00000426909
IBSP,9606.ENSP00000226284
APOE,9606.ENSP00000252486
ZNF771,9606.ENSP00000323945
OR52M1,9606.ENSP00000353343
PITX2,9606.ENSP00000495061
OR2T27,9606.ENSP00000493434
HSD17B6,9606.ENSP00000451406
MC1R,9606.ENSP00000451605
TNFSF11,9606.ENSP00000381775
OR10AD1,9606.ENSP00000308689
HMG20B,9606.ENSP00000328269
RNF41,9606.ENSP00000342755
PRSS22,9606.ENSP00000161006
RPLP0,9606.ENSP00000449328
SFRP5,9606.ENSP00000266066
CIMIP2A,9606.ENSP00000344729
TNMD,9606.ENSP00000362122
TMDD1,9606.ENSP00000493167
FCGR2A,9606.ENSP00000271450
OR2B11,9606.ENSP00000492892
NFKBIA,9606.ENSP00000216797
RLBP1,9606.ENSP00000268125
OR10A7,9606.ENSP00000326718
YIPF2,9606.ENSP00000253031
CDKN1C,9606.ENSP00000413720
LRRC73,9606.ENSP00000361518
DNAJB13,9606.ENSP00000344431
NUDT6,9606.ENSP00000306070
OR2G6,9606.ENSP00000493355
JMJD7,9606.ENSP00000380467
FAIM2,9606.ENSP00000321951
TRMT10B,9606.ENSP00000297994
OR1K1,9606.ENSP00000277309
OR52A5,9606.ENSP00000493298
CLEC10A,9606.ENSP00000254868
OR4C15,9606.ENSP00000324958
OR2AG1,9606.ENSP00000493074
TNFAIP1,9606.ENSP00000226225
AKR1B10,9606.ENSP00000352584
OR8J1,9606.ENSP00000477259
TMEM231,9606.ENSP00000258173
GTF2B,9606.ENSP00000359531
OR10H4,9606.ENSP00000318834
OR2AG2,9606.ENSP00000493362
OR2H1,9606.ENSP00000366340
SNX20,9606.ENSP00000332062
CCDC42,9606.ENSP00000293845
OR2T11,9606.ENSP00000492951
HMOX2,9606.ENSP00000477572
OR5K2,9606.ENSP00000393889
ANXA13,9606.ENSP00000262219
TAS2R3,9606.ENSP00000247879
AKR1B15,9606.ENSP00000389289
OR10H3,9606.ENSP00000493287
RDH12,9606.ENSP00000449079
OR4N4,9606.ENSP00000332500
POLR3F,9606.ENSP00000366828
OR2K2,9606.ENSP00000305055
OR1N2,9606.ENSP00000483293
KNSTRN,9606.ENSP00000249776
OR12D3,9606.ENSP00000380023
BRCC3,9606.ENSP00000358474
OR5AP2,9606.ENSP00000442701
AKR1B1,9606.ENSP00000285930
OR4N4C,9606.ENSP00000485668
OR10A4,9606.ENSP00000369157
CALU,9606.ENSP00000438248
OR11A1,9606.ENSP00000366354
OR5M1,9606.ENSP00000493124
SPRY2,9606.ENSP00000366306
TYW5,9606.ENSP00000346627
RPH3AL,9606.ENSP00000328977
GIPC2,9606.ENSP00000359795
ARGFX,9606.ENSP00000335578
C6orf136,9606.ENSP00000293604
ZNF691,9606.ENSP00000361580
MAGEA9,9606.ENSP00000243314
OR5M10,9606.ENSP00000436004
OR3A1,9606.ENSP00000313803
RHBDD1,9606.ENSP00000375914
CYB5RL,9606.ENSP00000434343
OR2T29,9606.ENSP00000492895
CALHM6,9606.ENSP00000357594
OR4E1,9606.ENSP00000493111
OR8J3,9606.ENSP00000493166
EIF2S1,9606.ENSP00000256383
C1GALT1C1L,9606.ENSP00000489061
SLC25A32,9606.ENSP00000297578
HSD11B1L,9606.ENSP00000480443
OR10H5,9606.ENSP00000493242
OR51L1,9606.ENSP00000493015
SOWAHD,9606.ENSP00000340975
SOX12,9606.ENSP00000347646
PIH1D2,9606.ENSP00000280350
OR5A1,9606.ENSP00000493195
OR2V2,9606.ENSP00000493207
CACNG3,9606.ENSP00000005284
OR52R1,9606.ENSP00000485292
AAGAB,9606.ENSP00000261880
FRA10AC1,9606.ENSP00000360488
OR2I1,9606.ENSP00000493715
OR2T5,9606.ENSP00000493066
OR4A5,9606.ENSP00000367664
WDR83,9606.ENSP00000402653
OR10H2,9606.ENSP00000306095
SLC25A18,9606.ENSP00000329033
SLC25A31,9606.ENSP00000281154
LRRC75B,9606.ENSP00000320520
BKGD,9606.ENSP00000331209
OR2V1,9606.ENSP00000492958
OR56A3,9606.ENSP00000493319
NGDN,9606.ENSP00000386134
OR10A6,9606.ENSP00000492919
TAS2R42,9606.ENSP00000334050
OR5F1,9606.ENSP00000278409
OR52K2,9606.ENSP00000318956
HADH,9606.ENSP00000474560
CRYM,9606.ENSP00000219599
KCTD17,9606.ENSP00000385096
TSPY4,9606.ENSP00000499192
OR8D4,9606.ENSP00000493391
DDRGK1,9606.ENSP00000346483
OR9A4,9606.ENSP00000493151
CPPED1,9606.ENSP00000371193
DUSP2,9606.ENSP00000288943
YIF1B,9606.ENSP00000343435
PHOX2B,9606.ENSP00000226382
MAGEA2,9606.ENSP00000333487
MAGEA3,9606.ENSP00000473093
CALHM4,9606.ENSP00000385836
MAGEA6,9606.ENSP00000480637
MAGEA12,9606.ENSP00000377447
OR14A2,9606.ENSP00000355441
SFRP1,9606.ENSP00000220772
OR5B12,9606.ENSP00000493263
OR5B3,9606.ENSP00000493217
OR52B4,9606.ENSP00000485530
OR10T2,9606.ENSP00000334115
OR52K1,9606.ENSP00000493011
OR4D6,9606.ENSP00000300127
OR52H1,9606.ENSP00000493308
SIRT4,9606.ENSP00000202967
TMEM248,9606.ENSP00000340668
PGCKA1,9606.ENSP00000371408
OR2W3,9606.ENSP00000353516
OR9I1,9606.ENSP00000493370
OR1C1,9606.ENSP00000493457
OR4D9,9606.ENSP00000493010
OR9Q2,9606.ENSP00000492924
OR5B17,9606.ENSP00000349945
FAHD2A,9606.ENSP00000233379
SLC25A44,9606.ENSP00000407560
ATG3,9606.ENSP00000283290
TREX1,9606.ENSP00000486676
ELOVL4,9606.ENSP00000358831
FAHD2B,9606.ENSP00000410470
OR4K2,9606.ENSP00000493007
BCCIP,9606.ENSP00000357748
SLC25A11,9606.ENSP00000225665
OR10A3,9606.ENSP00000493303
OR5I1,9606.ENSP00000301532
GDPD1,9606.ENSP00000284116
OR2Z1,9606.ENSP00000493322
SPP1,9606.ENSP00000378517
THAP11,9606.ENSP00000304689
SLC39A3,9606.ENSP00000269740
RMDN1,9606.ENSP00000385927
WDR38,9606.ENSP00000483312
OR1E1,9606.ENSP00000313384
SERTAD2,9606.ENSP00000326933
OR14K1,9606.ENSP00000283225
PRSS21,9606.ENSP00000005995
EPCAM,9606.ENSP00000263735
OR51I1,9606.ENSP00000369559
BNIP2,9606.ENSP00000267859
OR5D14,9606.ENSP00000334456
OR5D13,9606.ENSP00000485428
OR51G2,9606.ENSP00000493323
PITX1,9606.ENSP00000265340
OR6C6,9606.ENSP00000351211
OR1Q1,9606.ENSP00000297913
SERHL2,9606.ENSP00000331376
ART4,9606.ENSP00000228936
SYP,9606.ENSP00000263233
OR2B3,9606.ENSP00000366378
NEK6,9606.ENSP00000362702
SDR9C7,9606.ENSP00000293502
OR4M2,9606.ENSP00000483239
OR6V1,9606.ENSP00000396085
KCTD10,9606.ENSP00000228495
KCNK6,9606.ENSP00000263372
OR6M1,9606.ENSP00000311038
OR10Z1,9606.ENSP00000493003
PIM1,9606.ENSP00000362608
FCN2,9606.ENSP00000291744
OR1G1,9606.ENSP00000331545
OR2B6,9606.ENSP00000244623
STYXL1,9606.ENSP00000248600
SGTA,9606.ENSP00000221566
TEX264,9606.ENSP00000396628
OR5D18,9606.ENSP00000335025
OR1M1,9606.ENSP00000493107
UNG,9606.ENSP00000242576
NFKBID,9606.ENSP00000380109
MYEOV,9606.ENSP00000412482
TYMS,9606.ENSP00000315644
OR8B3,9606.ENSP00000493120
OR56A4,9606.ENSP00000328215
OR5H1,9606.ENSP00000492953
OR4Q3,9606.ENSP00000330049
LRRC52,9606.ENSP00000294818
WDR82,9606.ENSP00000296490
GAS2,9606.ENSP00000401145
DHRS1,9606.ENSP00000380027
SLC35E3,9606.ENSP00000381089
MFI,9606.ENSP00000483537
ANKRA2,9606.ENSP00000296785
OR4M1,9606.ENSP00000492985
OR10P1,9606.ENSP00000308082
OR51A4,9606.ENSP00000492963
OR51A2,9606.ENSP00000369729
OR1J2,9606.ENSP00000335575
OR10G3,9606.ENSP00000492973
OR4E2,9606.ENSP00000493386
OR52E8,9606.ENSP00000444054
OR56A5,9606.ENSP00000481594
RRAGA,9606.ENSP00000369899
SPDYA,9606.ENSP00000335628
CDX2,9606.ENSP00000370408
ASPA,9606.ENSP00000263080
ITLN1,9606.ENSP00000323587
LUZP4,9606.ENSP00000360988
GLOD4,9606.ENSP00000301329
OR5H15,9606.ENSP00000493082
OR1J4,9606.ENSP00000343521
HOXA11,9606.ENSP00000006015
OR52E6,9606.ENSP00000328878
OR10K1,9606.ENSP00000493023
OR8B2,9606.ENSP00000493235
PRKRA,9606.ENSP00000318176
DIMT1,9606.ENSP00000199320
OR1D2,9606.ENSP00000493103
OR7D2,9606.ENSP00000493200
ZNF414,9606.ENSP00000377504
DHRS7C,9606.ENSP00000327975
AIMP1,9606.ENSP00000378191
OR2J1,9606.ENSP00000493312
OR8K3,9606.ENSP00000493271
OR6C76,9606.ENSP00000328402
OR52E4,9606.ENSP00000493085
OR6B2,9606.ENSP00000384563
RNASEH2B,9606.ENSP00000337623
OR8H3,9606.ENSP00000323928
OR51A7,9606.ENSP00000493162
OR5J2,9606.ENSP00000310788
OR4P4,9606.ENSP00000493384
OR2L8,9606.ENSP00000485287
OR6N1,9606.ENSP00000493254
OR2T10,9606.ENSP00000493236
OR1F1,9606.ENSP00000305424
OR51I2,9606.ENSP00000493016
OR2L3,9606.ENSP00000493020
PDXK,9606.ENSP00000291565
OR7G3,9606.ENSP00000302867
OR2T8,9606.ENSP00000493286
RBFOX3,9606.ENSP00000463653
NAPG,9606.ENSP00000324628
OR13J1,9606.ENSP00000367219
OR2M3,9606.ENSP00000492981
OR4F21,9606.ENSP00000318878
OR2L5,9606.ENSP00000347428
TSR3,9606.ENSP00000007390
OR2L2,9606.ENSP00000493410
OR2M7,9606.ENSP00000324557
CIAPIN1,9606.ENSP00000377914
OR51B2,9606.ENSP00000485407
OR8H2,9606.ENSP00000493031
TRADD,9606.ENSP00000341268
MTX3,9606.ENSP00000424798
OR52A1,9606.ENSP00000369725
PRPF38A,9606.ENSP00000257181
OR6C70,9606.ENSP00000329153
PURB,9606.ENSP00000379051
RPRD1A,9606.ENSP00000381984
MRGPRE,9606.ENSP00000374482
OR2L13,9606.ENSP00000493075
OR51B5,9606.ENSP00000300773
OR51B6,9606.ENSP00000369568
OR6C74,9606.ENSP00000342836
TEX13B,9606.ENSP00000303777
OR6C1,9606.ENSP00000492978
CA4,9606.ENSP00000300900
OR10K2,9606.ENSP00000493297
LORICRIN,9606.ENSP00000357731
OR7D4,9606.ENSP00000493404
UCP3,9606.ENSP00000323740
OSR2,9606.ENSP00000414657
OR6C2,9606.ENSP00000493222
TAS2R9,9606.ENSP00000240691
OR6C68,9606.ENSP00000448811
OR6X1,9606.ENSP00000333724
OR14C36,9606.ENSP00000324534
OR10D3,9606.ENSP00000493231
OR2H2,9606.ENSP00000492959
FGL1,9606.ENSP00000381133
OR2C1,9606.ENSP00000307726
GIPC3,9606.ENSP00000493901
OXNAD1,9606.ENSP00000487136
RPUSD1,9606.ENSP00000455026
OR6C65,9606.ENSP00000368986
OR4L1,9606.ENSP00000319217
OR10C1,9606.ENSP00000419119
OR6C75,9606.ENSP00000493430
OR1D5,9606.ENSP00000459028
OR4F3;,9606.ENSP00000329982
OR4K17,9606.ENSP00000319197
HSD17B12,9606.ENSP00000278353
OR2J2,9606.ENSP00000493401
OR4F6,9606.ENSP00000327525
OR4F15,9606.ENSP00000333184
OR2M5,9606.ENSP00000355432
TMEM177,9606.ENSP00000402661
ASGR2,9606.ENSP00000347140
OR1L4,9606.ENSP00000259466
MRPL4,9606.ENSP00000306902
RNF126,9606.ENSP00000292363
OR5BS1,9606.ENSP00000494254
TMBIM1,9606.ENSP00000409738
PPCS,9606.ENSP00000361642
MED27,9606.ENSP00000292035
JKAMP,9606.ENSP00000450749
OR4S2,9606.ENSP00000493389
OR2Y1,9606.ENSP00000312403
OR6B1,9606.ENSP00000492907
OR52J3,9606.ENSP00000369728
SLC25A1,9606.ENSP00000215882
OR7G1,9606.ENSP00000444134
PPIL6,9606.ENSP00000392257
CLN6,9606.ENSP00000249806
OR5L2,9606.ENSP00000367650
PLPP3,9606.ENSP00000360296
SLC25A36,9606.ENSP00000320688
OR5L1,9606.ENSP00000485319
OR10G8,9606.ENSP00000389072
OR14I1,9606.ENSP00000339726
OR2A5,9606.ENSP00000493295
OR5M8,9606.ENSP00000323354
OR10G7,9606.ENSP00000492905
OR10G9,9606.ENSP00000364164
OR8D2,9606.ENSP00000485661
RDH8,9606.ENSP00000498711
OR4K1,9606.ENSP00000493205
OR8G1,9606.ENSP00000493289
OR8B8,9606.ENSP00000493014
OR5AN1,9606.ENSP00000492957
FOXR2,9606.ENSP00000427329
OR6C3,9606.ENSP00000493034
VSIR,9606.ENSP00000378409
OR5P3,9606.ENSP00000492944
TREML1,9606.ENSP00000402855
PIM2,9606.ENSP00000365692
PAQR3,9606.ENSP00000421981
IL20RB,9606.ENSP00000328133
OR4D11,9606.ENSP00000320077
OR1N1,9606.ENSP00000306974
RPIA,9606.ENSP00000283646
OR10G4,9606.ENSP00000493354
METRNL,9606.ENSP00000315731
OR8H1,9606.ENSP00000493316
SLC25A48,9606.ENSP00000493514
OR2M4,9606.ENSP00000492992
OR4D10,9606.ENSP00000436424
OR2J3,9606.ENSP00000493439
NTAN1,9606.ENSP00000287706
JAM3,9606.ENSP00000299106
TAF8,9606.ENSP00000362068
UPP1,9606.ENSP00000330032
OR4C16,9606.ENSP00000485295
PRB4,9606.ENSP00000279575
OR5AR1,9606.ENSP00000485240
OR9A2,9606.ENSP00000316518
SIRT5,9606.ENSP00000476228
OR4D1,9606.ENSP00000493234
OR2A25,9606.ENSP00000493343
LRATD2,9606.ENSP00000302578
B3GALT5,9606.ENSP00000381699
HSD17B3,9606.ENSP00000364412
SDC1,9606.ENSP00000370542
DORIP1,9606.ENSP00000326846
OR5M9,9606.ENSP00000279791
OR9Q1,9606.ENSP00000334934
OR2A12,9606.ENSP00000493157
OR2A7,9606.ENSP00000493320
OR2A14,9606.ENSP00000493353
FCGR2B,9606.ENSP00000351497
OR8B12,9606.ENSP00000307159
PARM1,9606.ENSP00000370224
OR4K14,9606.ENSP00000493106
OR10G2,9606.ENSP00000445383
OR4C11,9606.ENSP00000492971
OR2A1;,9606.ENSP00000493333
RTL4,9606.ENSP00000340590
ABHD17A,9606.ENSP00000250974
OR5H14,9606.ENSP00000493226
TSEN34,9606.ENSP00000397402
ZFP42,9606.ENSP00000317686
USF1,9606.ENSP00000357000
OR5W2,9606.ENSP00000342448
OR8I2,9606.ENSP00000303864
OR51B4,9606.ENSP00000369573
PSMD14,9606.ENSP00000386541
GPN2,9606.ENSP00000363250
AMMECR1L,9606.ENSP00000272647
OR2A4,9606.ENSP00000319546
ZFPL1,9606.ENSP00000294258
FAM153A,9606.ENSP00000411506
WBP2NL,9606.ENSP00000332983
PPP2CB,9606.ENSP00000221138
UCP2,9606.ENSP00000499695
OR4C12,9606.ENSP00000334418
CALHM5,9606.ENSP00000357588
OR4S1,9606.ENSP00000321447
SPEM1,9606.ENSP00000315554
GPR35,9606.ENSP00000411788
OR7A10,9606.ENSP00000493055
OR1A2,9606.ENSP00000371377
OR2G3,9606.ENSP00000326301
CNN2,9606.ENSP00000456436
RSPH1,9606.ENSP00000291536
OR5B2,9606.ENSP00000493419
FN3K,9606.ENSP00000300784
TAS2R43,9606.ENSP00000431719
UBFD1,9606.ENSP00000379217
OR2AP1,9606.ENSP00000493043
OR6C4,9606.ENSP00000493181
TAS2R31,9606.ENSP00000375093
SLC7A6OS,9606.ENSP00000263997
OR4B1,9606.ENSP00000311605
OR4C13,9606.ENSP00000452277
OR10V1,9606.ENSP00000302199
ZDHHC19,9606.ENSP00000296326
TAS2R46,9606.ENSP00000436450
TAS2R20,9606.ENSP00000441624
OR1L8,9606.ENSP00000493411
OR10J5,9606.ENSP00000334441
OR7A17,9606.ENSP00000493283
SLC39A2,9606.ENSP00000298681
DNAJB7,9606.ENSP00000307197
KCNK16,9606.ENSP00000391498
OR4C46,9606.ENSP00000329056
OR4A47,9606.ENSP00000412752
OR1A1,9606.ENSP00000493179
OR5AC2,9606.ENSP00000351466
GARIN1A,9606.ENSP00000493102
TOMM34,9606.ENSP00000361900
MAGEA1,9606.ENSP00000349085
OR8B4,9606.ENSP00000348449
SDR16C5,9606.ENSP00000431010
OR5H2,9606.ENSP00000347418
FN3KRP,9606.ENSP00000269373
OR14A16,9606.ENSP00000493024
THAP7,9606.ENSP00000215742
PPP1R42,9606.ENSP00000315035
CFAP96,9606.ENSP00000368127
OR5B21,9606.ENSP00000353537
TAS2R8,9606.ENSP00000240615
MNAT1,9606.ENSP00000261245
OR5AK2,9606.ENSP00000322784
OR4C6,9606.ENSP00000493334
UPRT,9606.ENSP00000362481
AURKC,9606.ENSP00000302898
AASDHPPT,9606.ENSP00000278618
PPP2CA,9606.ENSP00000418447
ASB12,9606.ENSP00000355195
OR8U1,9606.ENSP00000304188
TECR,9606.ENSP00000215567
LDLRAP1,9606.ENSP00000363458
BPNT1,9606.ENSP00000446828
OR2T6,9606.ENSP00000493366
TOMM40L,9606.ENSP00000356967
FSTL1,9606.ENSP00000295633
HAGH,9606.ENSP00000380514
OR8D1,9606.ENSP00000493365
SAP30BP,9606.ENSP00000462116
RIMS3,9606.ENSP00000361769
OR4N5,9606.ENSP00000493307
CFAP73,9606.ENSP00000333915
OR13H1,9606.ENSP00000340748
NXPH4,9606.ENSP00000333593
RRAD,9606.ENSP00000388744
OR6F1,9606.ENSP00000493342
GDF15,9606.ENSP00000252809
OR5K1,9606.ENSP00000493267
ASRGL1,9606.ENSP00000400057
SPG21,9606.ENSP00000204566
GTF2H3,9606.ENSP00000445162
OR2D2,9606.ENSP00000299459
TSPY1,9606.ENSP00000403304
SLC25A47,9606.ENSP00000354886
COPE,9606.ENSP00000469035
ZDHHC7,9606.ENSP00000456782
CA6,9606.ENSP00000366654
CDK5R1,9606.ENSP00000318486
ECHDC1,9606.ENSP00000436585
CCNP,9606.ENSP00000396755
TAS2R41,9606.ENSP00000386201
SLC39A9,9606.ENSP00000336887
SLC25A53,9606.ENSP00000468980
SLC25A17,9606.ENSP00000390722
KCNK7,9606.ENSP00000344820
FAM76A,9606.ENSP00000010299
LRRC59,9606.ENSP00000225972
OR8K5,9606.ENSP00000323853
UFD1,9606.ENSP00000263202
GIMAP5,9606.ENSP00000351473
UCP1,9606.ENSP00000262999
OR13G1,9606.ENSP00000493110
OR4N2,9606.ENSP00000493327
CCDC24,9606.ENSP00000361392
TMEM200B,9606.ENSP00000428544
MAGEF1,9606.ENSP00000315064
NMNAT2,9606.ENSP00000287713
SEC22A,9606.ENSP00000310521
HORMAD2,9606.ENSP00000385055
OR12D2,9606.ENSP00000485112
VTA1,9606.ENSP00000356602
NMI,9606.ENSP00000243346
MYADML2,9606.ENSP00000386702
TAS2R10,9606.ENSP00000240619
OR5M3,9606.ENSP00000493070
HS3ST1,9606.ENSP00000002596
OR4D2,9606.ENSP00000493137
PPP4C,9606.ENSP00000279387
DOK5,9606.ENSP00000262593
AIDA,9606.ENSP00000339161
ZNF625,9606.ENSP00000394380
GIMAP1,9606.ENSP00000302833
RALY,9606.ENSP00000246194
LYSMD3,9606.ENSP00000314518
HNRNPC,9606.ENSP00000451291
EBNA1BP2,9606.ENSP00000407323
ABHD10,9606.ENSP00000273359
PABPN1,9606.ENSP00000216727
ABHD11,9606.ENSP00000222800
RTF2,9606.ENSP00000023939
PPT1,9606.ENSP00000493153
LDLRAD4,9606.ENSP00000352420
MRPL45,9606.ENSP00000484903
YIPF1,9606.ENSP00000072644
RPF2,9606.ENSP00000402338
PRRT1,9606.ENSP00000211413
CYB5R1,9606.ENSP00000356218
PEX26,9606.ENSP00000331106
OR5M11,9606.ENSP00000432417
OR4F4,9606.ENSP00000317482
LRRC25,9606.ENSP00000340983
STK16,9606.ENSP00000379964
ANKRD23,9606.ENSP00000321679
GNPTG,9606.ENSP00000204679
OR4F17,9606.ENSP00000467301
GPR141,9606.ENSP00000390410
HNRNPA0,9606.ENSP00000316042
TEX52,9606.ENSP00000489863
SKIC8,9606.ENSP00000453801
OR10W1,9606.ENSP00000378516
EIF2B1,9606.ENSP00000416250
ST6GALNAC3,9606.ENSP00000329214
PPP6C,9606.ENSP00000392147
TMEM74,9606.ENSP00000297459
MRPL2,9606.ENSP00000373404
PLCXD2,9606.ENSP00000420686
KIAA1191,9606.ENSP00000298569
TSPAN12,9606.ENSP00000222747
SPATA4,9606.ENSP00000280191
OR9G1,9606.ENSP00000493255
DNASE1L3,9606.ENSP00000378053
CA5A,9606.ENSP00000498065
CDK3,9606.ENSP00000410561
NANOG,9606.ENSP00000229307
OR4X1,9606.ENSP00000321506
PEX2,9606.ENSP00000349543
RNPS1,9606.ENSP00000457723
OR4F5,9606.ENSP00000334393
NANOGP8,9606.ENSP00000487073
RNF148,9606.ENSP00000388207
DIO3,9606.ENSP00000427336
DNAJC17,9606.ENSP00000220496
GSX2,9606.ENSP00000319118
TFPI,9606.ENSP00000233156
PRR16,9606.ENSP00000385118
SGTB,9606.ENSP00000370395
KATNBL1,9606.ENSP00000256544
SULT1C3,9606.ENSP00000333310
NTHL1,9606.ENSP00000219066
IFT46,9606.ENSP00000264020
OR4K13,9606.ENSP00000493405
PPTC7,9606.ENSP00000346255
NSMCE3,9606.ENSP00000330694
HEY1,9606.ENSP00000338272
CRK,9606.ENSP00000300574
SLC25A34,9606.ENSP00000294454
SLC25A38,9606.ENSP00000497532
DCUN1D3,9606.ENSP00000319482
MBP,9606.ENSP00000380958
RNF115,9606.ENSP00000463650
NCR1,9606.ENSP00000291890
PRSS3,9606.ENSP00000354280
CIBAR2,9606.ENSP00000443411
DTWD1,9606.ENSP00000251250
GULP1,9606.ENSP00000386289
MEOX2,9606.ENSP00000262041
KAZALD1,9606.ENSP00000359219
DPPA4,9606.ENSP00000335306
HOXC11,9606.ENSP00000446680
SUSD6,9606.ENSP00000344424
MGLL,9606.ENSP00000265052
CRKL,9606.ENSP00000346300
ECHDC3,9606.ENSP00000368517
OR4X2,9606.ENSP00000485431
RELL2,9606.ENSP00000297164
SPARC,9606.ENSP00000231061
TAS2R13,9606.ENSP00000375095
RHBDL2,9606.ENSP00000289248
PECR,9606.ENSP00000265322
MTCH2,9606.ENSP00000303222
CDK4,9606.ENSP00000257904
TEF,9606.ENSP00000266304
SULT6B1,9606.ENSP00000384950
OR10A2,9606.ENSP00000493131
ATP1B1,9606.ENSP00000356790
CTSZ,9606.ENSP00000217131
AFMID,9606.ENSP00000328938
MEDAG,9606.ENSP00000369849
SLC25A29,9606.ENSP00000352167
PUSL1,9606.ENSP00000368318
SEC22C,9606.ENSP00000264454
PILRA,9606.ENSP00000198536
MSX1,9606.ENSP00000372170
STUB1,9606.ENSP00000219548
CASP7,9606.ENSP00000358327
NUDT22,9606.ENSP00000279206
RNF144B,9606.ENSP00000259939
ICOSLG,9606.ENSP00000485129
SRM,9606.ENSP00000366156
ALKBH4,9606.ENSP00000292566
CCDC190,9606.ENSP00000356886
DHRS3,9606.ENSP00000480439
OR4C3,9606.ENSP00000493096
KLF7,9606.ENSP00000309570
TMEM191C,9606.ENSP00000489706
GLYATL1,9606.ENSP00000300079
SULT1C4,9606.ENSP00000272452
C1QTNF12,9606.ENSP00000329137
NEK7,9606.ENSP00000356355
ECI1,9606.ENSP00000301729
DNASE1L1,9606.ENSP00000358824
PPT2,9606.ENSP00000354608
PITX3,9606.ENSP00000359019
STX17,9606.ENSP00000259400
NAT8L,9606.ENSP00000413064
AP1AR,9606.ENSP00000274000
GLYATL1B,9606.ENSP00000488958
DOHH,9606.ENSP00000398882
STC2,9606.ENSP00000265087
ST6GALNAC4,9606.ENSP00000336733
ORAI1,9606.ENSP00000482568
AQP10,9606.ENSP00000318355
VN1R4,9606.ENSP00000310856
CRLS1,9606.ENSP00000368140
TASL,9606.ENSP00000368245
XAF1,9606.ENSP00000354822
TCEA1,9606.ENSP00000428426
CFAP161,9606.ENSP00000286732
SCO1,9606.ENSP00000255390
SLC25A2,9606.ENSP00000239451
CPXCR1,9606.ENSP00000276127
TIPIN,9606.ENSP00000261881
ANKRD29,9606.ENSP00000468354
EVPLL,9606.ENSP00000382086
PDCL,9606.ENSP00000259467
OR10AG1,9606.ENSP00000311477
NOSIP,9606.ENSP00000343497
CYB5R3,9606.ENSP00000354468
PPIE,9606.ENSP00000361918
SLC25A15,9606.ENSP00000342267
LRRC30,9606.ENSP00000372959
SLC25A20,9606.ENSP00000326305
HAVCR2,9606.ENSP00000312002
NKX2-6,9606.ENSP00000320089
HOXB1,9606.ENSP00000355140
SUMF2,9606.ENSP00000498402
CD38,9606.ENSP00000226279
CENPO,9606.ENSP00000370214
EHF,9606.ENSP00000435835
TPGS2,9606.ENSP00000464780
ZNF705A,9606.ENSP00000352233
ZC3HAV1L,9606.ENSP00000275766
FFAR1,9606.ENSP00000246553
PLEKHA3,9606.ENSP00000234453
ELP5,9606.ENSP00000379869
ARMCX6,9606.ENSP00000444537
PHF13,9606.ENSP00000366876
GGPS1,9606.ENSP00000282841
ZNF705EP,9606.ENSP00000492790
MAK16,9606.ENSP00000353246
ZNF705G,9606.ENSP00000383020
SPATS1,9606.ENSP00000501191
FBXL15,9606.ENSP00000224862
TMEM158,9606.ENSP00000422431
SURF1,9606.ENSP00000361042
GIMAP7,9606.ENSP00000315474
TNFRSF6B,9606.ENSP00000359013
CEACAM19,9606.ENSP00000384887
RNF212B,9606.ENSP00000382794
ZNF705B,9606.ENSP00000382987
ZNF705D,9606.ENSP00000382957
ANKRD54,9606.ENSP00000215941
HSD17B11,9606.ENSP00000351035
HSD17B13,9606.ENSP00000333300
ARPC2,9606.ENSP00000295685
GID4,9606.ENSP00000268719
SLC25A35,9606.ENSP00000464231
NT5C3B,9606.ENSP00000389948
PSMB11,9606.ENSP00000386212
TAS2R1,9606.ENSP00000371932
TCEA2,9606.ENSP00000343515
RGN,9606.ENSP00000380365
LZTFL1,9606.ENSP00000296135
SLC25A21,9606.ENSP00000329452
SETD9,9606.ENSP00000285947
MYOZ1,9606.ENSP00000352272
PHB2,9606.ENSP00000441875
ELOVL5,9606.ENSP00000359956
HYLS1,9606.ENSP00000414884
TAS2R4,9606.ENSP00000247881
TAS2R5,9606.ENSP00000247883
PEX19,9606.ENSP00000357051
GFRA4,9606.ENSP00000313423
ZDHHC3,9606.ENSP00000345268
TAS2R19,9606.ENSP00000375091
DNASE1L2,9606.ENSP00000454562
YJEFN3,9606.ENSP00000426964
CD300A,9606.ENSP00000353259
CT47B1,9606.ENSP00000360360
CFDP1,9606.ENSP00000283882
CAPZA3,9606.ENSP00000326238
SGCZ,9606.ENSP00000371512
LILRA5,9606.ENSP00000404236
FCN3,9606.ENSP00000270879
SPRY4,9606.ENSP00000344967
RNASEH2A,9606.ENSP00000221486
SC5D,9606.ENSP00000264027
F11R,9606.ENSP00000357005
NMRAL1,9606.ENSP00000458762
TMEM38A,9606.ENSP00000187762
UQCC1,9606.ENSP00000363506
CNOT9,9606.ENSP00000486540
PPP1R3D,9606.ENSP00000360035
NHEJ1,9606.ENSP00000349313
CRX,9606.ENSP00000221996
TAS2R50,9606.ENSP00000424040
NAPB,9606.ENSP00000482826
LRRC55,9606.ENSP00000498533
ILRUN,9606.ENSP00000363135
THG1L,9606.ENSP00000231198
DPPA2,9606.ENSP00000417710
JAM2,9606.ENSP00000383376
SDCBP,9606.ENSP00000428184
KRTAP10-11,9606.ENSP00000334197
ATP5F1C,9606.ENSP00000349142
ISOC1,9606.ENSP00000173527
OGN,9606.ENSP00000364711
MPG,9606.ENSP00000219431
FAM221A,9606.ENSP00000342576
GOLPH3,9606.ENSP00000265070
REM1,9606.ENSP00000201979
SLC25A4,9606.ENSP00000281456
DTWD2,9606.ENSP00000425048
CDK2,9606.ENSP00000266970
AZGP1,9606.ENSP00000292401
BIRC7,9606.ENSP00000217169
TNNT2,9606.ENSP00000499593
MLX,9606.ENSP00000246912
SLC25A6,9606.ENSP00000370808
PRR32,9606.ENSP00000360166
SLC25A5,9606.ENSP00000360671
KHK,9606.ENSP00000260599
LY6G6F,9606.ENSP00000364992
SLC25A52,9606.ENSP00000500333
TRIM52,9606.ENSP00000483005
INKA2,9606.ENSP00000349805
CCDC159,9606.ENSP00000468232
VPS26C,9606.ENSP00000311399
TACO1,9606.ENSP00000258975
CCDC196,9606.ENSP00000489898
PIGC,9606.ENSP00000356702
QPRT,9606.ENSP00000378782
EMC2,9606.ENSP00000220853
EURL,9606.ENSP00000284881
CNN1,9606.ENSP00000252456
TST,9606.ENSP00000385828
TMEM169,9606.ENSP00000412524
EDA2R,9606.ENSP00000379365
UBXN1,9606.ENSP00000294119
STX4,9606.ENSP00000317714
SLC25A51,9606.ENSP00000366945
MC2R,9606.ENSP00000333821
MEMO1,9606.ENSP00000295065
ERCC1,9606.ENSP00000013807
MPST,9606.ENSP00000411719
CDK1,9606.ENSP00000378699
RPL5,9606.ENSP00000359345
MS4A1,9606.ENSP00000433277
ENDOG,9606.ENSP00000361725
TMEM164,9606.ENSP00000361138
TATDN1,9606.ENSP00000276692
TMEM178A,9606.ENSP00000281961
RNF212,9606.ENSP00000389709
TMEM156,9606.ENSP00000371364
POM121L12,9606.ENSP00000386133
CCDC69,9606.ENSP00000347586
PACRG,9606.ENSP00000337946
ZNF75A,9606.ENSP00000459566
LYSMD4,9606.ENSP00000342840
CD74,9606.ENSP00000009530
GLYAT,9606.ENSP00000340200
PDXP,9606.ENSP00000215904
MRPL15,9606.ENSP00000260102
SLC35D4,9606.ENSP00000372720
BLVRA,9606.ENSP00000385757
FBXO2,9606.ENSP00000346240
TMX2,9606.ENSP00000278422
GEM,9606.ENSP00000297596
SULT1B1,9606.ENSP00000308770
CCDC198,9606.ENSP00000392368
MYD88,9606.ENSP00000498321
CAMLG,9606.ENSP00000297156
MRPS2,9606.ENSP00000360850
MMADHC,9606.ENSP00000389060
SULT1C2,9606.ENSP00000319622
ELOVL2,9606.ENSP00000346693
DAZL,9606.ENSP00000250863
C2orf72,9606.ENSP00000362743
F3,9606.ENSP00000334145
AQP9,9606.ENSP00000219919
RPSA,9606.ENSP00000389351
SULT1A3,9606.ENSP00000353600
ORAI3,9606.ENSP00000322249
TMEM71,9606.ENSP00000349296
AQP12B,9606.ENSP00000384894
SULT1A1,9606.ENSP00000378972
SULT1A2,9606.ENSP00000378992
GNMT,9606.ENSP00000361894
FAM110A,9606.ENSP00000354163
PLSCR3,9606.ENSP00000459019
CCND1,9606.ENSP00000227507
DUSP15,9606.ENSP00000278979
PLPP6,9606.ENSP00000371307
KRT222,9606.ENSP00000377616
NAPA,9606.ENSP00000263354
C7orf57,9606.ENSP00000335500
AQP12A,9606.ENSP00000405899
PRR18,9606.ENSP00000319590
HLF,9606.ENSP00000226067
LIME1,9606.ENSP00000309521
SFRP2,9606.ENSP00000274063
CCNG1,9606.ENSP00000344635
ASB17,9606.ENSP00000284142
SHISA2,9606.ENSP00000313079
STAP1,9606.ENSP00000265404
RARRES1,9606.ENSP00000237696
NPM1,9606.ENSP00000296930
MPPED2,9606.ENSP00000350833
EQTN,9606.ENSP00000369371
DEPDC4,9606.ENSP00000396234
SULT1E1,9606.ENSP00000226444
SPACA1,9606.ENSP00000237201
VDAC2,9606.ENSP00000361635
GLYATL2,9606.ENSP00000287275
STIMATE,9606.ENSP00000347195
C8orf74,9606.ENSP00000307129
STX19,9606.ENSP00000320679
ZNF346,9606.ENSP00000424495
GJD3,9606.ENSP00000463752
ASB9,9606.ENSP00000369855
LRRC38,9606.ENSP00000365253
C3orf33,9606.ENSP00000342512
SMN1,9606.ENSP00000370083
RIMOC1,9606.ENSP00000371061
TSPAN15,9606.ENSP00000362387
C6orf47,9606.ENSP00000365076
TMEM178B,9606.ENSP00000456594
ELMOD2,9606.ENSP00000326342
SGF29,9606.ENSP00000316114
HNRNPCL2,9606.ENSP00000479203
TBC1D7,9606.ENSP00000475727
RPS2,9606.ENSP00000341885
HNRNPCL1,9606.ENSP00000365370
TNFRSF13B,9606.ENSP00000261652
FSAF1,9606.ENSP00000355609
YIF1A,9606.ENSP00000366098
FRRS1L,9606.ENSP00000477141
FBXO6,9606.ENSP00000365944
NIFK,9606.ENSP00000285814
HNRNPCL3,9606.ENSP00000478017
INSYN1,9606.ENSP00000457205
CEACAM21,9606.ENSP00000385739
SDR39U1,9606.ENSP00000382327
CLEC4G,9606.ENSP00000327599
EXOSC2,9606.ENSP00000361433
KLK5,9606.ENSP00000337733
EGFL8,9606.ENSP00000378888
CASP6,9606.ENSP00000265164
MSMO1,9606.ENSP00000261507
OTUD6B,9606.ENSP00000285420
METRN,9606.ENSP00000455068
GSG1L2,9606.ENSP00000465978
NUS1,9606.ENSP00000357480
FBXO16,9606.ENSP00000369604
DCUN1D4,9606.ENSP00000389900
LRATD1,9606.ENSP00000295092
MTFR1L,9606.ENSP00000363419
BCDIN3D,9606.ENSP00000335201
C11orf68,9606.ENSP00000398350
HSD11B1,9606.ENSP00000355995
NANOS1,9606.ENSP00000393275
FITM1,9606.ENSP00000267426
KRTAP10-9,9606.ENSP00000381009
NKAPD1,9606.ENSP00000376767
AKTIP,9606.ENSP00000300245
CCDC192,9606.ENSP00000490579
LRRC10B,9606.ENSP00000367315
ECHDC2,9606.ENSP00000360577
TNFAIP8L3,9606.ENSP00000328016
GIMAP6,9606.ENSP00000479580
OSER1,9606.ENSP00000255174
CDK5,9606.ENSP00000419782
SNAI3,9606.ENSP00000327968
DECR2,9606.ENSP00000219481
TTC1,9606.ENSP00000231238
CLDN23,9606.ENSP00000428780
MRPL19,9606.ENSP00000377486
MLEC,9606.ENSP00000228506
HNMT,9606.ENSP00000280097
AQP3,9606.ENSP00000297991
RNF144A,9606.ENSP00000321330
FOXR1,9606.ENSP00000314806
CNOT8,9606.ENSP00000430493
RWDD2A,9606.ENSP00000358739
SETSIP,9606.ENSP00000480946
SHOX,9606.ENSP00000370990
CCND3,9606.ENSP00000362082
ZNF146,9606.ENSP00000400391
ZHX1-C8orf76,9606.ENSP00000349593
C3orf49,9606.ENSP00000295896
SDCBP2,9606.ENSP00000371233
PHYHD1,9606.ENSP00000309515
RALYL,9606.ENSP00000430128
ART5,9606.ENSP00000352992
GTF2E2,9606.ENSP00000348168
SLC25A30,9606.ENSP00000429168
MBD3,9606.ENSP00000412302
ASGR1,9606.ENSP00000269299
POPDC3,9606.ENSP00000254765
POU1F1,9606.ENSP00000342931
EXOSC7,9606.ENSP00000265564
GLTPD2,9606.ENSP00000328070
METTL8,9606.ENSP00000480056
BPHL,9606.ENSP00000369739
TMEM38B,9606.ENSP00000363824
SHFL,9606.ENSP00000253110
NGRN,9606.ENSP00000368389
STOML3,9606.ENSP00000368952
STARD10,9606.ENSP00000335247
TAS2R16,9606.ENSP00000249284
IGFBP3,9606.ENSP00000370473
TLX3,9606.ENSP00000296921
TOMT,9606.ENSP00000305742
SIX2,9606.ENSP00000304502
MAIP1,9606.ENSP00000295079
IMP4,9606.ENSP00000259239
TMEM41B,9606.ENSP00000433126
RGR,9606.ENSP00000352427
ZC3H8,9606.ENSP00000386488
SGCG,9606.ENSP00000218867
SLC66A1,9606.ENSP00000364295
ATP4B,9606.ENSP00000334216
BTBD19,9606.ENSP00000395461
TMEM221,9606.ENSP00000342162
ECHS1,9606.ENSP00000357535
NAT2,9606.ENSP00000286479
CD300LF,9606.ENSP00000462309
RSRP1,9606.ENSP00000243189
PIH1D1,9606.ENSP00000262265
TP53TG5,9606.ENSP00000361811
TPGS1,9606.ENSP00000352265
ERGIC1,9606.ENSP00000377374
NAT1,9606.ENSP00000443194
HOXD8,9606.ENSP00000315949
C22orf31,9606.ENSP00000216071
CA8,9606.ENSP00000314407
VAX2,9606.ENSP00000234392
GRXCR1,9606.ENSP00000382670
EMX1,9606.ENSP00000258106
CD274,9606.ENSP00000370989
ARL13A,9606.ENSP00000398637
CREG2,9606.ENSP00000315203
ATP1B2,9606.ENSP00000250111
FOXO3B,9606.ENSP00000499455
PIR,9606.ENSP00000369786
VGLL4,9606.ENSP00000404251
TSNAX,9606.ENSP00000355599
SET,9606.ENSP00000361777
HAGHL,9606.ENSP00000374353
PRSS27,9606.ENSP00000306390
CFAP298,9606.ENSP00000290155
C9orf78,9606.ENSP00000361524
KCTD7,9606.ENSP00000492240
CIBAR1,9606.ENSP00000429367
BTLA,9606.ENSP00000333919
SGCD,9606.ENSP00000338343
CIMAP1D,9606.ENSP00000318029
C1QTNF7,9606.ENSP00000295297
LBHD1,9606.ENSP00000436848
MARCHF1,9606.ENSP00000427223
GNPDA1,9606.ENSP00000423674
TEX26,9606.ENSP00000369840
PPA1,9606.ENSP00000362329
STX3,9606.ENSP00000338562
TMEM163,9606.ENSP00000281924
IYD,9606.ENSP00000229447
NFILZ,9606.ENSP00000499970
PGAM5,9606.ENSP00000438465
CCDC137,9606.ENSP00000329360
ATPAF2,9606.ENSP00000417190
DLX5,9606.ENSP00000498116
ZMAT3,9606.ENSP00000311221
OTX2,9606.ENSP00000500595
CCND2,9606.ENSP00000261254
SLAMF9,9606.ENSP00000357072
TXNL1,9606.ENSP00000217515
MRGPRG,9606.ENSP00000330612
PNP,9606.ENSP00000354532
TRMT61A,9606.ENSP00000374399
PDCD1,9606.ENSP00000335062
GLYATL3,9606.ENSP00000360240
PBLD,9606.ENSP00000351619
HACD1,9606.ENSP00000355308
TMCO5A,9606.ENSP00000327234
CT47A1,9606.ENSP00000389513
POU2AF2,9606.ENSP00000489630
RHOXF2B,9606.ENSP00000360455
TRA2B,9606.ENSP00000416959
ABHD17B,9606.ENSP00000366240
NAXE,9606.ENSP00000357218
STX1A,9606.ENSP00000222812
STX1B,9606.ENSP00000215095
SLC25A45,9606.ENSP00000381782
SPRY3,9606.ENSP00000302978
PLPP2,9606.ENSP00000329697
LACTB2,9606.ENSP00000276590
IMPA2,9606.ENSP00000269159
RHOXF2,9606.ENSP00000360441
HMOX1,9606.ENSP00000216117
MORF4L2,9606.ENSP00000394417
STOM,9606.ENSP00000286713
STX2,9606.ENSP00000376178
CD80,9606.ENSP00000264246
ASB8,9606.ENSP00000445622
KLF13,9606.ENSP00000302456
RPL6,9606.ENSP00000403172
FGF2,9606.ENSP00000264498
OTUD6A,9606.ENSP00000339389
PSMG1,9606.ENSP00000329915
CENPP,9606.ENSP00000364737
CUEDC2,9606.ENSP00000358953
UPK3A,9606.ENSP00000216211
LAIR1,9606.ENSP00000375622
DLX3,9606.ENSP00000389870
SLC25A10,9606.ENSP00000461324
RFPL4A,9606.ENSP00000392936
CIMIP6,9606.ENSP00000381631
INKA1,9606.ENSP00000498241
FCAR,9606.ENSP00000347714
C1QL2,9606.ENSP00000272520
TRNAU1AP,9606.ENSP00000362936
STX11,9606.ENSP00000356540
IQCK,9606.ENSP00000324901
ROGDI,9606.ENSP00000322832
PABIR1,9606.ENSP00000377807
RFPL4AL1,9606.ENSP00000345151
NRBF2,9606.ENSP00000277746
LRRC72,9606.ENSP00000384971
PMEPA1,9606.ENSP00000345826
CAPZA1,9606.ENSP00000263168
HAAO,9606.ENSP00000294973
IFI35,9606.ENSP00000395590
SSR1,9606.ENSP00000244763
FBXO45,9606.ENSP00000310332
RNASEH1,9606.ENSP00000313350
CAPZA2,9606.ENSP00000354947
HEXIM2,9606.ENSP00000302276
CYBRD1,9606.ENSP00000319141
NAA80,9606.ENSP00000346927
CLN8,9606.ENSP00000328182
NIPSNAP2,9606.ENSP00000313050
ALKBH3,9606.ENSP00000302232
GPATCH11,9606.ENSP00000386772
SULT2A1,9606.ENSP00000222002
DDAH2,9606.ENSP00000364949
VPS37B,9606.ENSP00000267202
CNOT7,9606.ENSP00000355279
PPP1R3B,9606.ENSP00000308318
VSTM2B,9606.ENSP00000335038
TNFSF13B,9606.ENSP00000365048
SLAMF8,9606.ENSP00000289707
DPH5,9606.ENSP00000359127
ISY1,9606.ENSP00000411822
MIOX,9606.ENSP00000216075
EAPP,9606.ENSP00000250454
TIMMDC1,9606.ENSP00000418803
C1QTNF2,9606.ENSP00000377545
GOLPH3L,9606.ENSP00000271732
NEURL2,9606.ENSP00000361596
TPM3,9606.ENSP00000498577
DDAH1,9606.ENSP00000284031
STAR,9606.ENSP00000276449
TLX2,9606.ENSP00000233638
METTL6,9606.ENSP00000407613
GTPBP8,9606.ENSP00000373176
NIPSNAP1,9606.ENSP00000216121
PEF1,9606.ENSP00000362807
SULT4A1,9606.ENSP00000332565
CDX4,9606.ENSP00000362613
ERMN,9606.ENSP00000380453
FHL5,9606.ENSP00000326022
PHOX2A,9606.ENSP00000298231
ICMT,9606.ENSP00000343552
SIX1,9606.ENSP00000494686
TPM2,9606.ENSP00000496494
RDM1,9606.ENSP00000483549
GPN3,9606.ENSP00000442770
TPM1,9606.ENSP00000351022
HOXB13,9606.ENSP00000290295
PLPP1,9606.ENSP00000264775
ZDHHC24,9606.ENSP00000309429
KCTD15,9606.ENSP00000394390
CCDC107,9606.ENSP00000414964
FAM78A,9606.ENSP00000361345
VDAC1,9606.ENSP00000378487
FAM170B,9606.ENSP00000308292
AGPAT1,9606.ENSP00000378877
PDX1,9606.ENSP00000370421
ASPDH,9606.ENSP00000373860
GJB1,9606.ENSP00000354900
NTMT2,9606.ENSP00000408058
RPP38,9606.ENSP00000478982
PRSS57,9606.ENSP00000482358
CCNC,9606.ENSP00000428982
TNFRSF14,9606.ENSP00000347948
FBXO27,9606.ENSP00000292853
MTAP,9606.ENSP00000494373
TMEM119,9606.ENSP00000376553
BOLL,9606.ENSP00000314792
TSPAN33,9606.ENSP00000483872
VDAC3,9606.ENSP00000428845
KLF6,9606.ENSP00000419923
KRTAP10-1,9606.ENSP00000383226
SNRPA,9606.ENSP00000243563
ESD,9606.ENSP00000367992
CD320,9606.ENSP00000301458
LIX1,9606.ENSP00000274382
ACBD6,9606.ENSP00000495710
SIAH1,9606.ENSP00000349156
OSCAR,9606.ENSP00000479089
PIANP,9606.ENSP00000442157
IGFBP7,9606.ENSP00000295666
HMGN5,9606.ENSP00000350848
ATF5,9606.ENSP00000396954
RRP15,9606.ENSP00000355899
MMACHC,9606.ENSP00000383840
SRSF8,9606.ENSP00000480140
ARMC1,9606.ENSP00000276569
AQP6,9606.ENSP00000320247
TRA2A,9606.ENSP00000297071
DNASE1,9606.ENSP00000385905
HOXC12,9606.ENSP00000243103
VTCN1,9606.ENSP00000358470
TMIGD2,9606.ENSP00000301272
C1QBP,9606.ENSP00000225698
KLK11,9606.ENSP00000473047
PNMT,9606.ENSP00000269582
RAD1,9606.ENSP00000371469
FRG2C,9606.ENSP00000312299
ENDOV,9606.ENSP00000429190
CDRT15L2,9606.ENSP00000382000
RBM11,9606.ENSP00000383421
CDIN1,9606.ENSP00000456477
NRIP2,9606.ENSP00000337501
CD37,9606.ENSP00000325708
TNFSF10,9606.ENSP00000241261
C1QTNF1,9606.ENSP00000340864
EEF1D,9606.ENSP00000410059
NSL1,9606.ENSP00000355944
BUD23,9606.ENSP00000401191
LBX1,9606.ENSP00000359212
MAPRE3,9606.ENSP00000233121
FASLG,9606.ENSP00000356694
ELOVL7,9606.ENSP00000424123
PTCRA,9606.ENSP00000477815
RAB40C,9606.ENSP00000248139
E2F6,9606.ENSP00000370936
RASD1,9606.ENSP00000225688
CEBPE,9606.ENSP00000206513
CLEC1A,9606.ENSP00000326407
LYL1,9606.ENSP00000264824
FHL3,9606.ENSP00000362107
LAMP5,9606.ENSP00000246070
TMX1,9606.ENSP00000393316
ING2,9606.ENSP00000307183
DHRS2,9606.ENSP00000344674
CDCA8,9606.ENSP00000362146
FCGR1BP,9606.ENSP00000358391
GEMIN2,9606.ENSP00000308533
FAM131C,9606.ENSP00000364814
CIMIP4,9606.ENSP00000386118
PRSS33,9606.ENSP00000293851
SDHB,9606.ENSP00000364649
DAPP1,9606.ENSP00000423602
XRCC2,9606.ENSP00000352271
RRP7A,9606.ENSP00000321449
CCDC106,9606.ENSP00000465757
HUS1,9606.ENSP00000258774
UBXN10,9606.ENSP00000364240
HES1,9606.ENSP00000232424
ODAM,9606.ENSP00000379401
PLAAT5,9606.ENSP00000301790
GJC3,9606.ENSP00000325775
NMNAT1,9606.ENSP00000366410
MRPL46,9606.ENSP00000312311
PPP1R3E,9606.ENSP00000408288
CCDC117,9606.ENSP00000249064
ELOVL1,9606.ENSP00000477602
KCNMB3,9606.ENSP00000319370
PRR23D1,9606.ENSP00000436580
BARX2,9606.ENSP00000281437
YRDC,9606.ENSP00000362135
APOLD1,9606.ENSP00000324277
BEND6,9606.ENSP00000359782
PLEKHF1,9606.ENSP00000389787
CMSS1,9606.ENSP00000410396
HAX1,9606.ENSP00000329002
FHL2,9606.ENSP00000386892
MBLAC2,9606.ENSP00000314776
ATP1B3,9606.ENSP00000286371
FRAT1,9606.ENSP00000360060
HUS1B,9606.ENSP00000370293
ASB13,9606.ENSP00000350331
GPM6A,9606.ENSP00000280187
RAB40AL,9606.ENSP00000218249
TAF1D,9606.ENSP00000410409
FBXO17,9606.ENSP00000292852
HAUS1,9606.ENSP00000282058
CD200,9606.ENSP00000420298
TTPA,9606.ENSP00000260116
FRG2B,9606.ENSP00000401310
MTIF3,9606.ENSP00000370508
IGFBPL1,9606.ENSP00000366923
KRTAP5-1,9606.ENSP00000371606
RAB40B,9606.ENSP00000461785
FRG2,9606.ENSP00000424015
DHRS4,9606.ENSP00000326219
AGPAT2,9606.ENSP00000360761
PABPN1L,9606.ENSP00000408598
CCDC121,9606.ENSP00000412150
MARCHF5,9606.ENSP00000351813
MSANTD1,9606.ENSP00000411584
C1QTNF6,9606.ENSP00000338812
TNNT1,9606.ENSP00000467176
CNPY3,9606.ENSP00000361926
UCK1,9606.ENSP00000361285
CLPP,9606.ENSP00000245816
KLK13,9606.ENSP00000470555
PRKY,9606.ENSP00000498737
PIP4P1,9606.ENSP00000381102
ZWINT,9606.ENSP00000363055
LRRC10,9606.ENSP00000355166
IMPA1,9606.ENSP00000408526
CCNB1IP1,9606.ENSP00000409896
CD40,9606.ENSP00000361359
PSMB7,9606.ENSP00000259457
CBR3,9606.ENSP00000290354
RAB40A,9606.ENSP00000361716
TNFRSF4,9606.ENSP00000368538
M6PR,9606.ENSP00000000412
CBR1,9606.ENSP00000290349
DGUOK,9606.ENSP00000264093
CASP3,9606.ENSP00000311032
NKX6-2,9606.ENSP00000357581
HYI,9606.ENSP00000361511
RSU1,9606.ENSP00000367154
TNFAIP6,9606.ENSP00000243347
COLEC10,9606.ENSP00000332723
TMEM53,9606.ENSP00000361311
INSIG1,9606.ENSP00000344741
PLP1,9606.ENSP00000481006
SCGN,9606.ENSP00000367197
ZNF688,9606.ENSP00000223459
TVP23C,9606.ENSP00000225576
STMND1,9606.ENSP00000455698
METTL1,9606.ENSP00000314441
GLT6D1,9606.ENSP00000360829
STX12,9606.ENSP00000363054
PSMB8,9606.ENSP00000364016
NCR2,9606.ENSP00000362181
COX11,9606.ENSP00000299335
EXOSC8,9606.ENSP00000374354
NIT2,9606.ENSP00000377696
KLK10,9606.ENSP00000311746
TANGO2,9606.ENSP00000403645
GNPDA2,9606.ENSP00000295448
FAM151B,9606.ENSP00000282226
RSPH9,9606.ENSP00000361238
SLA,9606.ENSP00000394049
CYB5R2,9606.ENSP00000437041
CLEC12B,9606.ENSP00000344563
SOX21,9606.ENSP00000366144
CTDSPL,9606.ENSP00000273179
SLX1A,9606.ENSP00000251303
POLR2C,9606.ENSP00000219252
CIMIP2B,9606.ENSP00000382646
CACNG7,9606.ENSP00000375647
TSGA13,9606.ENSP00000406047
TPRG1,9606.ENSP00000341031
NCCRP1,9606.ENSP00000342137
C17orf78,9606.ENSP00000478886
ACER2,9606.ENSP00000342609
NOTCH2NLB,9606.ENSP00000472124
TMEM45A,9606.ENSP00000385089
TMEM45B,9606.ENSP00000281441
COPS7A,9606.ENSP00000446039
ICAM2,9606.ENSP00000415283
EXOSC3,9606.ENSP00000323046
TMEM72,9606.ENSP00000374234
HAPSTR1,9606.ENSP00000331720
CABP4,9606.ENSP00000324960
CAPS,9606.ENSP00000498855
MAGEB5,9606.ENSP00000473493
OVOL2,9606.ENSP00000278780
CENPV,9606.ENSP00000299736
MSANTD3,9606.ENSP00000480445
PLPBP,9606.ENSP00000333551
TPSAB1,9606.ENSP00000343577
LRRC3C,9606.ENSP00000367157
CACNG5,9606.ENSP00000436836
ATG5,9606.ENSP00000358072
NECAP1,9606.ENSP00000491067
TMEM106B,9606.ENSP00000379901
CCS,9606.ENSP00000436318
TOLLIP,9606.ENSP00000314733
TATDN3,9606.ENSP00000431376
SLC25A26,9606.ENSP00000346955
GCLM,9606.ENSP00000359258
CCDC28A,9606.ENSP00000479060
NQO1,9606.ENSP00000319788
THAP8,9606.ENSP00000292894
CIMAP1C,9606.ENSP00000329584
TLCD3B,9606.ENSP00000369863
PRR7,9606.ENSP00000327168
SPDYC,9606.ENSP00000366390
UQCRFS1,9606.ENSP00000306397
BATF2,9606.ENSP00000301887
NOTCH2NLR,9606.ENSP00000485259
PYCR3,9606.ENSP00000220966
MAD2L1BP,9606.ENSP00000410818
PDCD1LG2,9606.ENSP00000380855
DNAJC27,9606.ENSP00000264711
HVCN1,9606.ENSP00000349181
TEDDM1,9606.ENSP00000356536
FAM216A,9606.ENSP00000366901
ZNF32,9606.ENSP00000379143
HLA-DOB,9606.ENSP00000496848
CUTC,9606.ENSP00000359507
ZGLP1,9606.ENSP00000384434
OAF,9606.ENSP00000332613
CCDC122,9606.ENSP00000407763
SPSB1,9606.ENSP00000330221
PAQR4,9606.ENSP00000321804
PSMB10,9606.ENSP00000351314
XPA,9606.ENSP00000364270
GJB5,9606.ENSP00000340811
SPSB4,9606.ENSP00000311609
ARGLU1,9606.ENSP00000383059
KITLG,9606.ENSP00000495951
CHODL,9606.ENSP00000299295
ERP27,9606.ENSP00000266397
TSSK6,9606.ENSP00000466477
ZNF80,9606.ENSP00000417192
EGFL7,9606.ENSP00000360764
OLR1,9606.ENSP00000309124
MVB12A,9606.ENSP00000324810
TMEM202,9606.ENSP00000340212
NKX2-2,9606.ENSP00000366347
HMX2,9606.ENSP00000341108
DIO2,9606.ENSP00000451419
IL2RA,9606.ENSP00000369293
KCNRG,9606.ENSP00000324191
SRSF5,9606.ENSP00000452123
PRKAB2,9606.ENSP00000254101
ABT1,9606.ENSP00000274849
CENPVL1,9606.ENSP00000489273
C1orf226,9606.ENSP00000413150
TIPRL,9606.ENSP00000356807
FAM210A,9606.ENSP00000323635
HOXA9,9606.ENSP00000343619
SYPL2,9606.ENSP00000358888
TPRG1L,9606.ENSP00000367595
RSPO3,9606.ENSP00000349131
IGFBP5,9606.ENSP00000233813
PHB1,9606.ENSP00000479488
EXOSC6,9606.ENSP00000398597
EBLN2,9606.ENSP00000432104
CAPZB,9606.ENSP00000401010
RFXAP,9606.ENSP00000255476
LDLRAD2,9606.ENSP00000340988
OLIG3,9606.ENSP00000356708
CH25H,9606.ENSP00000360918
NEUROG2,9606.ENSP00000317333
FAM110D,9606.ENSP00000363386
FOSL1,9606.ENSP00000310170
AQP2,9606.ENSP00000199280
OLIG1,9606.ENSP00000371785
SLC66A2,9606.ENSP00000380880
CD200R1L,9606.ENSP00000381272
ICAM4,9606.ENSP00000342114
PSMF1,9606.ENSP00000338039
ZCCHC9,9606.ENSP00000254037
CALB2,9606.ENSP00000307508
TARM1,9606.ENSP00000484383
ZNF501,9606.ENSP00000482632
OTUB1,9606.ENSP00000444357
PLSCR5,9606.ENSP00000390111
ARV1,9606.ENSP00000312458
NXPH1,9606.ENSP00000384551
ATF1,9606.ENSP00000262053
AQP11,9606.ENSP00000318770
TMEM150A,9606.ENSP00000387292
COMT,9606.ENSP00000354511
PITPNB,9606.ENSP00000487693
PLPP4,9606.ENSP00000381302
COLEC11,9606.ENSP00000411770
CTDSP2,9606.ENSP00000381148
RELL1,9606.ENSP00000398778
SRPRB,9606.ENSP00000418401
ABHD14A,9606.ENSP00000273596
PRDX4,9606.ENSP00000368646
NUBP2,9606.ENSP00000262302
PLPP7,9606.ENSP00000361338
KRTAP10-5,9606.ENSP00000383223
TMEM192,9606.ENSP00000305069
IL1A,9606.ENSP00000263339
PEDS1,9606.ENSP00000360715
UBXN8,9606.ENSP00000479216
RPA2,9606.ENSP00000363017
HOXD12,9606.ENSP00000385586
GJB3,9606.ENSP00000362464
MMD2,9606.ENSP00000384690
SPI1,9606.ENSP00000227163
CCSAP,9606.ENSP00000284617
CELA3B,9606.ENSP00000338369
LHPP,9606.ENSP00000357835
SNX11,9606.ENSP00000377059
ELOVL3,9606.ENSP00000359022
TMEM176B,9606.ENSP00000410269
IL33,9606.ENSP00000370842
NFAM1,9606.ENSP00000333680
CELA3A,9606.ENSP00000290122
ADO,9606.ENSP00000362888
PITPNA,9606.ENSP00000316809
HOXA5,9606.ENSP00000222726
PMS2P11,9606.ENSP00000334938
CCDC3,9606.ENSP00000368102
HSD17B14,9606.ENSP00000263278
TSPAN14,9606.ENSP00000361231
SLBP,9606.ENSP00000417686
SMUG1,9606.ENSP00000424191
TSPAN17,9606.ENSP00000309036
CITED2,9606.ENSP00000444198
MED4,9606.ENSP00000258648
TIGAR,9606.ENSP00000179259
CFHR2,9606.ENSP00000356385
KCNIP2,9606.ENSP00000420040
HHEX,9606.ENSP00000282728
PRKAB1,9606.ENSP00000441369
WBP1,9606.ENSP00000233615
HOXB5,9606.ENSP00000239151
GATAD1,9606.ENSP00000287957
RITA1,9606.ENSP00000448680
RIMS4,9606.ENSP00000439287
C1orf74,9606.ENSP00000294811
SURF4,9606.ENSP00000361057
CENPK,9606.ENSP00000379911
CELA2A,9606.ENSP00000352639
C12orf71,9606.ENSP00000413728
CELA2B,9606.ENSP00000365075
IL1B,9606.ENSP00000263341
CPSF4,9606.ENSP00000292476
AQP1,9606.ENSP00000311165
MPZL1,9606.ENSP00000352513
SIAH3,9606.ENSP00000383256
CEBPD,9606.ENSP00000386165
DRC8,9606.ENSP00000355480
TNNT3,9606.ENSP00000370975
APOOL,9606.ENSP00000362268
HLA-DQB2,9606.ENSP00000396330
MED8,9606.ENSP00000290663
TSSK3,9606.ENSP00000362634
CAPNS1,9606.ENSP00000464849
CENPQ,9606.ENSP00000337289
FGF5,9606.ENSP00000311697
MAPRE1,9606.ENSP00000364721
GATD3,9606.ENSP00000291577
ACBD4,9606.ENSP00000405969
RPP30,9606.ENSP00000389182
EAF1,9606.ENSP00000380054
SNAI2,9606.ENSP00000020945
CTRC,9606.ENSP00000365116
ZFAND1,9606.ENSP00000220669
MLF1,9606.ENSP00000376568
TSPAN5,9606.ENSP00000307701
ANP32E,9606.ENSP00000463154
R3HDM4,9606.ENSP00000355385
MESP1,9606.ENSP00000300057
CDCA3,9606.ENSP00000442068
HCCS,9606.ENSP00000370139
MMP7,9606.ENSP00000260227
POMC,9606.ENSP00000384092
ACER3,9606.ENSP00000434480
PENK,9606.ENSP00000400894
APOA1,9606.ENSP00000236850
DPH6,9606.ENSP00000256538
OVOL1,9606.ENSP00000337862
MRPL9,9606.ENSP00000357823
ZDHHC12,9606.ENSP00000361748
C3orf62,9606.ENSP00000341139
CD82,9606.ENSP00000227155
MS4A10,9606.ENSP00000311862
RWDD3,9606.ENSP00000359221
CER1,9606.ENSP00000370297
RAB36,9606.ENSP00000263116
ARHGAP11B,9606.ENSP00000392760
MS4A12,9606.ENSP00000016913
CFAP300,9606.ENSP00000414390
PHOSPHO1,9606.ENSP00000406909
IL15RA,9606.ENSP00000380421
MSX2,9606.ENSP00000239243
ELANE,9606.ENSP00000466090
ITM2C,9606.ENSP00000322730
RPL7A,9606.ENSP00000361076
RASL12,9606.ENSP00000220062
MBLAC1,9606.ENSP00000381150
DKK1,9606.ENSP00000363081
ANKRD45,9606.ENSP00000331268
ELP6,9606.ENSP00000296149
PRR23A,9606.ENSP00000372649
CCER2,9606.ENSP00000460665
RBM7,9606.ENSP00000364639
HLA-DRB5,9606.ENSP00000364114
DRAM2,9606.ENSP00000286692
RASD2,9606.ENSP00000216127
NSMCE1,9606.ENSP00000355077
TMIGD3,9606.ENSP00000358730
GLIPR1,9606.ENSP00000266659
GJB4,9606.ENSP00000345868
SCO2,9606.ENSP00000444433
HLA-DRB1,9606.ENSP00000353099
HPGD,9606.ENSP00000296522
SLC35E2A,9606.ENSP00000495949
REC114,9606.ENSP00000328423
OSR1,9606.ENSP00000272223
ITM2B,9606.ENSP00000497221
CEACAM7,9606.ENSP00000006724
C16orf78,9606.ENSP00000299191
PRR23B,9606.ENSP00000328768
CDX1,9606.ENSP00000231656
PQBP1,9606.ENSP00000498362
NKX6-3,9606.ENSP00000429553
KCT2,9606.ENSP00000231512
TK2,9606.ENSP00000299697
ZDHHC21,9606.ENSP00000370303
ACRV1,9606.ENSP00000432816
UROS,9606.ENSP00000357787
APH1A,9606.ENSP00000358105
ELF5,9606.ENSP00000311010
USB1,9606.ENSP00000219281
TMEM270,9606.ENSP00000316775
SPDYE11,9606.ENSP00000498510
OLAH,9606.ENSP00000367462
SPDYE13,9606.ENSP00000498497
AQP5,9606.ENSP00000293599
SYNPR,9606.ENSP00000418994
COQ4,9606.ENSP00000300452
GPM6B,9606.ENSP00000316861
C2orf92,9606.ENSP00000490587
ELOVL6,9606.ENSP00000378105
CLEC12A,9606.ENSP00000347916
OCEL1,9606.ENSP00000215061
LENG1,9606.ENSP00000222224
TAF9,9606.ENSP00000370193
TLCD2,9606.ENSP00000331965
ZNF524,9606.ENSP00000466907
RPS3A,9606.ENSP00000346050
CTRL,9606.ENSP00000458537
ACER1,9606.ENSP00000301452
HOXC4,9606.ENSP00000399808
SBSPON,9606.ENSP00000297354
PDZD9,9606.ENSP00000441685
COPS7B,9606.ENSP00000386880
GZMK,9606.ENSP00000231009
NXPH2,9606.ENSP00000272641
SNAI1,9606.ENSP00000244050
CT55,9606.ENSP00000276241
PLPP5,9606.ENSP00000392553
TMEM41A,9606.ENSP00000406885
METTL21C,9606.ENSP00000267273
CA7,9606.ENSP00000345659
JMJD8,9606.ENSP00000399475
NNMT,9606.ENSP00000441434
CYB5D2,9606.ENSP00000301391
NDUFS3,9606.ENSP00000263774
MYOZ2,9606.ENSP00000306997
GSX1,9606.ENSP00000304331
PSMG2,9606.ENSP00000325919
PSMB4,9606.ENSP00000290541
HLA-DMB,9606.ENSP00000398890
PSMB5,9606.ENSP00000355325
RPS4Y1,9606.ENSP00000250784
CTRB1,9606.ENSP00000354294
INMT,9606.ENSP00000013222
UPK3BL1,9606.ENSP00000342938
RTP1,9606.ENSP00000311712
MIP,9606.ENSP00000498622
PIK3IP1,9606.ENSP00000215912
PRRT1B,9606.ENSP00000490857
TLCD4,9606.ENSP00000359222
RPS4X,9606.ENSP00000362744
ZDHHC22,9606.ENSP00000318222
CTRB2,9606.ENSP00000303963
RFPL4B,9606.ENSP00000423391
PSMA1,9606.ENSP00000414359
MTX2,9606.ENSP00000249442
ITM2A,9606.ENSP00000362395
SPSB2,9606.ENSP00000428338
MMTAG2,9606.ENSP00000272139
RSPO1,9606.ENSP00000348944
RAET1E,9606.ENSP00000349709
RPS4Y2,9606.ENSP00000486252
DRGX,9606.ENSP00000363254
FSTL3,9606.ENSP00000166139
KCTD2,9606.ENSP00000312814
NECAP2,9606.ENSP00000391942
IL22RA2,9606.ENSP00000296980
TTC33,9606.ENSP00000338533
NRM,9606.ENSP00000259953
CA13,9606.ENSP00000318912
LAT,9606.ENSP00000378845
CD99L2,9606.ENSP00000480322
SRSF10,9606.ENSP00000420195
CUSTOS,9606.ENSP00000442224
SPIN1,9606.ENSP00000365019
NEURL3,9606.ENSP00000478591
COMTD1,9606.ENSP00000361616
FITM2,9606.ENSP00000380037
SPIB,9606.ENSP00000471921
KLK1,9606.ENSP00000301420
LAPTM5,9606.ENSP00000294507
GZMA,9606.ENSP00000274306
MRRF,9606.ENSP00000343867
TMIGD1,9606.ENSP00000332404
TMEM106A,9606.ENSP00000483246
PMM1,9606.ENSP00000216259
SPMIP6,9606.ENSP00000297623
EMC10,9606.ENSP00000334037
ETFBKMT,9606.ENSP00000350353
PRR23C,9606.ENSP00000396648
TAFAZZIN,9606.ENSP00000469981
CD40LG,9606.ENSP00000359663
GJB6,9606.ENSP00000494468
ZNF664,9606.ENSP00000441405
EMC3,9606.ENSP00000245046
AQP8,9606.ENSP00000219660
SPR,9606.ENSP00000234454
CTDSP1,9606.ENSP00000273062
LASP1,9606.ENSP00000325240
MMP26,9606.ENSP00000369753
KLK3,9606.ENSP00000314151
MT-CO3,9606.ENSP00000354982
SPATA46,9606.ENSP00000356912
RNF208,9606.ENSP00000376572
ENOPH1,9606.ENSP00000273920
TMEM187,9606.ENSP00000358999
CALB1,9606.ENSP00000265431
PSMA4,9606.ENSP00000044462
KLK2,9606.ENSP00000313581
MRPL10,9606.ENSP00000290208
BBC3,9606.ENSP00000404503
CAVIN3,9606.ENSP00000307292
XBP1,9606.ENSP00000216037
UCK2,9606.ENSP00000356853
CA1,9606.ENSP00000430656
CALN1,9606.ENSP00000378690
WBP2,9606.ENSP00000467579
HSD17B10,9606.ENSP00000168216
RCHY1,9606.ENSP00000321239
PNPO,9606.ENSP00000493302
SLA2,9606.ENSP00000262866
STX7,9606.ENSP00000356918
ERP29,9606.ENSP00000261735
EMCN,9606.ENSP00000296420
SRSF12,9606.ENSP00000414302
HLA-DMA,9606.ENSP00000363976
CLDN18,9606.ENSP00000340939
RPA4,9606.ENSP00000362131
HSD17B8,9606.ENSP00000363794
HLA-DQB1,9606.ENSP00000364080
PCNA,9606.ENSP00000368458
ALKBH2,9606.ENSP00000398181
LRRC18,9606.ENSP00000363275
HLA-DPA1,9606.ENSP00000393566
KLK8,9606.ENSP00000375682
CA3,9606.ENSP00000285381
FNDC5,9606.ENSP00000362570
PRSS45P,9606.ENSP00000401932
CA2,9606.ENSP00000285379
DCK,9606.ENSP00000286648
DNAJC9,9606.ENSP00000362041
CCDC127,9606.ENSP00000296824
NSA2,9606.ENSP00000483484
EAF2,9606.ENSP00000273668
UPK1B,9606.ENSP00000264234
HOXC9,9606.ENSP00000423861
CACNG6,9606.ENSP00000252729
PCSK1N,9606.ENSP00000218230
TMEM70,9606.ENSP00000312599
BRICD5,9606.ENSP00000332389
DHRS11,9606.ENSP00000482704
IRAK1BP1,9606.ENSP00000358956
TIMM29,9606.ENSP00000270502
DPM1,9606.ENSP00000360638
RFXANK,9606.ENSP00000305071
KCTD21,9606.ENSP00000339340
ARL14EP,9606.ENSP00000282032
CD27,9606.ENSP00000266557
BAMBI,9606.ENSP00000364683
USE1,9606.ENSP00000263897
DKK2,9606.ENSP00000285311
TNFRSF10C,9606.ENSP00000349324
RAB34,9606.ENSP00000413156
UBXN2A,9606.ENSP00000312107
PHETA2,9606.ENSP00000312753
RRP36,9606.ENSP00000244496
HDHD2,9606.ENSP00000300605
DBNDD2,9606.ENSP00000361795
SYPL1,9606.ENSP00000011473
KRCC1,9606.ENSP00000340083
FAM220A,9606.ENSP00000317289
KRTAP10-8,9606.ENSP00000335565
LRRC61,9606.ENSP00000352642
LRRC3B,9606.ENSP00000379880
DCUN1D1,9606.ENSP00000292782
DCUN1D2,9606.ENSP00000417706
SRD5A1,9606.ENSP00000274192
BPGM,9606.ENSP00000376840
TYW3,9606.ENSP00000359904
UBE2J2,9606.ENSP00000383719
UNC50,9606.ENSP00000387146
BEAN1,9606.ENSP00000442793
IGFBP1,9606.ENSP00000275525
PCGF1,9606.ENSP00000233630
KCTD4,9606.ENSP00000368402
PEX11B,9606.ENSP00000358312
PIGX,9606.ENSP00000296333
ANKRD30BL,9606.ENSP00000386398
HLA-DPB1,9606.ENSP00000408146
VGLL1,9606.ENSP00000359668
SPIN2B,9606.ENSP00000335008
CISH,9606.ENSP00000409346
RHOU,9606.ENSP00000355652
FRG1,9606.ENSP00000226798
C1QL1,9606.ENSP00000253407
MRPS18B,9606.ENSP00000259873
FGFBP3,9606.ENSP00000339067
DNALI1,9606.ENSP00000296218
SPIN3,9606.ENSP00000492795
SPIN2A,9606.ENSP00000364043
PI15,9606.ENSP00000260113
SNAP29,9606.ENSP00000215730
VENTX,9606.ENSP00000357556
RNF170,9606.ENSP00000445725
PGLS,9606.ENSP00000252603
CPLANE2,9606.ENSP00000364749
SNF8,9606.ENSP00000421380
CELA1,9606.ENSP00000293636
CDV3,9606.ENSP00000264993
IGFBP4,9606.ENSP00000269593
AMN1,9606.ENSP00000281471
CCDC172,9606.ENSP00000329860
TRIM40,9606.ENSP00000379826
SYNDIG1,9606.ENSP00000366058
UPK1A,9606.ENSP00000478942
EIF3J,9606.ENSP00000261868
YIPF5,9606.ENSP00000274496
MRPS15,9606.ENSP00000362208
GZMM,9606.ENSP00000264553
NTF3,9606.ENSP00000397297
NR0B2,9606.ENSP00000254227
PIP4P2,9606.ENSP00000285419
REEP4,9606.ENSP00000303482
GSC,9606.ENSP00000238558
DMAC2,9606.ENSP00000403910
KCTD1,9606.ENSP00000384367
APH1B,9606.ENSP00000261879
THAP10,9606.ENSP00000249861
ODF4,9606.ENSP00000331086
RPL8,9606.ENSP00000262584
TLCD3A,9606.ENSP00000312017
FCER1A,9606.ENSP00000357097
TMEM101,9606.ENSP00000468025
FOLR1,9606.ENSP00000377284
ZFAND2B,9606.ENSP00000289528
RGS7BP,9606.ENSP00000334851
ALYREF,9606.ENSP00000421592
LRRC3,9606.ENSP00000291592
NOL7,9606.ENSP00000405674
KLK15,9606.ENSP00000469315
MRPL28,9606.ENSP00000497004
ATP5PB,9606.ENSP00000358737
ENKUR,9606.ENSP00000331044
YIPF7,9606.ENSP00000332772
KCNIP3,9606.ENSP00000295225
PCGF5,9606.ENSP00000337500
RAB26,9606.ENSP00000210187
TMEM74B,9606.ENSP00000371318
PRTN3,9606.ENSP00000234347
MAF1,9606.ENSP00000318604
FAM120AOS,9606.ENSP00000364561
POU2AF1,9606.ENSP00000376786
RNASET2,9606.ENSP00000426455
PRDX3,9606.ENSP00000298510
AKT1S1,9606.ENSP00000375711
SURF2,9606.ENSP00000361032
PSMA8,9606.ENSP00000311121
BPIFA1,9606.ENSP00000346251
TNFRSF9,9606.ENSP00000478699
REEP3,9606.ENSP00000362863
STX6,9606.ENSP00000258301
MFAP4,9606.ENSP00000378957
SUSD3,9606.ENSP00000364621
PSMA3,9606.ENSP00000216455
KRTAP10-2,9606.ENSP00000375479
FOLR2,9606.ENSP00000298223
ETFB,9606.ENSP00000346173
RPL7L1,9606.ENSP00000418221
SNRPA1,9606.ENSP00000254193
FMR1NB,9606.ENSP00000359498
HOXD4,9606.ENSP00000302548
TMEM81,9606.ENSP00000356135
KCTD14,9606.ENSP00000316482
H1-7,9606.ENSP00000334805
MYF5,9606.ENSP00000228644
HLA-DQA2,9606.ENSP00000364076
SKA1,9606.ENSP00000285116
C1QL3,9606.ENSP00000298943
CTSG,9606.ENSP00000216336
EEF1AKMT4,9606.ENSP00000314295
YWHAE,9606.ENSP00000264335
DLX1,9606.ENSP00000354478
HACD2,9606.ENSP00000373153
PGAM1,9606.ENSP00000359991
WHR1,9606.ENSP00000364482
TNFSF9,9606.ENSP00000245817
MEOX1,9606.ENSP00000321684
EMD,9606.ENSP00000358857
BARX1,9606.ENSP00000253968
PDYN,9606.ENSP00000440185
HLA-DRA,9606.ENSP00000378786
CCDC152,9606.ENSP00000354888
RAB6D,9606.ENSP00000490038
FCGR3A,9606.ENSP00000356946
ANKRD7,9606.ENSP00000265224
PAGR1,9606.ENSP00000326519
ETHE1,9606.ENSP00000292147
PSME3,9606.ENSP00000293362
PSME3IP1,9606.ENSP00000335808
CDC42EP3,9606.ENSP00000480549
NFU1,9606.ENSP00000387219
CIMAP1A,9606.ENSP00000325868
SRD5A2,9606.ENSP00000477587
KRTAP24-1,9606.ENSP00000339238
KLK4,9606.ENSP00000326159
ORAI2,9606.ENSP00000348752
SPATA9,9606.ENSP00000274432
RAB6C,9606.ENSP00000387307
BPIFA3,9606.ENSP00000364603
CXCL16,9606.ENSP00000293778
CCDC90B,9606.ENSP00000434724
PGAP2,9606.ENSP00000278243
PGAM4,9606.ENSP00000412189
CD151,9606.ENSP00000324101
R3HDML,9606.ENSP00000217043
TSPAN11,9606.ENSP00000261177
PRNP,9606.ENSP00000399376
DNAJC8,9606.ENSP00000263697
UTP11,9606.ENSP00000362105
CIMAP1B,9606.ENSP00000382804
TFPT,9606.ENSP00000375639
PPP1R35,9606.ENSP00000292330
CLDND1,9606.ENSP00000377735
TP53RK,9606.ENSP00000361186
PRRX2,9606.ENSP00000361547
MARCHF3,9606.ENSP00000309141
FGFR1OP2,9606.ENSP00000229395
KLK7,9606.ENSP00000470538
C1QB,9606.ENSP00000313967
SLC67A1-AS,9606.ENSP00000488024
LTAP1,9606.ENSP00000357507
CLIC4,9606.ENSP00000363500
TRPT1,9606.ENSP00000378050
TSPAN3,9606.ENSP00000267970
PNPLA4,9606.ENSP00000370430
TEX47,9606.ENSP00000297203
BIN3,9606.ENSP00000276416
PGAM2,9606.ENSP00000297283
TMEM51,9606.ENSP00000365176
CFD,9606.ENSP00000468253
REEP2,9606.ENSP00000367590
SPINT2,9606.ENSP00000301244
KLF16,9606.ENSP00000250916
PNO1,9606.ENSP00000263657
EMX2,9606.ENSP00000450962
RCAN1,9606.ENSP00000370527
PLD6,9606.ENSP00000317177
CRYBB1,9606.ENSP00000497249
LRP5L,9606.ENSP00000482378
NXPH3,9606.ENSP00000329295
AREG,9606.ENSP00000379097
ZNF511,9606.ENSP00000355251
ORC6,9606.ENSP00000219097
C1QTNF8,9606.ENSP00000330426
PIGL,9606.ENSP00000225609
OSM,9606.ENSP00000215781
C4BPB,9606.ENSP00000243611
CEACAM3,9606.ENSP00000349971
DUT,9606.ENSP00000370376
CDCA5,9606.ENSP00000275517
BTG3,9606.ENSP00000344609
TNFSF15,9606.ENSP00000363157
CYB561,9606.ENSP00000464215
HDHD3,9606.ENSP00000238379
C22orf42,9606.ENSP00000371529
KLK14,9606.ENSP00000375678
HDGFL1,9606.ENSP00000442129
DERL1,9606.ENSP00000259512
VPS37D,9606.ENSP00000320416
MYOZ3,9606.ENSP00000297130
HOXB4,9606.ENSP00000328928
C21orf140,9606.ENSP00000386791
ANP32B,9606.ENSP00000345848
CBX7,9606.ENSP00000216133
KRTAP10-10,9606.ENSP00000369438
TAF9B,9606.ENSP00000339917
MRPL16,9606.ENSP00000300151
AZU1,9606.ENSP00000233997
POU2AF3,9606.ENSP00000484135
NOTO,9606.ENSP00000381486
LYPD5,9606.ENSP00000367185
FGF23,9606.ENSP00000237837
UNC119B,9606.ENSP00000344942
TBC1D26,9606.ENSP00000410111
SHLD3,9606.ENSP00000424007
LIN28B,9606.ENSP00000344401
TMEM106C,9606.ENSP00000400471
KCNIP4,9606.ENSP00000371587
GCH1,9606.ENSP00000477796
LGALS3,9606.ENSP00000254301
TRIM73,9606.ENSP00000318615
TRIM74,9606.ENSP00000285805
MS4A8,9606.ENSP00000300226
SBDS,9606.ENSP00000246868
KLK9,9606.ENSP00000469417
ODF1,9606.ENSP00000285402
HOXB9,9606.ENSP00000309439
C3orf70,9606.ENSP00000334974
GOSR1,9606.ENSP00000225724
CD58,9606.ENSP00000358501
KPLCE,9606.ENSP00000357764
KRTAP9-1,9606.ENSP00000381488
MMAB,9606.ENSP00000445920
IFI30,9606.ENSP00000384886
MRPL47,9606.ENSP00000417602
PID1,9606.ENSP00000283937
IZUMO1R,9606.ENSP00000332963
CCN5,9606.ENSP00000361959
HLA-DOA,9606.ENSP00000229829
TNFSF13,9606.ENSP00000343505
BCL2L12,9606.ENSP00000482218
TSPAN7,9606.ENSP00000367743
TEX101,9606.ENSP00000472308
VAPA,9606.ENSP00000345656
UTP23,9606.ENSP00000308332
ING4,9606.ENSP00000380024
TMEM150C,9606.ENSP00000420919
RPS6,9606.ENSP00000369757
GTF2F2,9606.ENSP00000340823
PHETA1,9606.ENSP00000354461
CRISP1,9606.ENSP00000338276
PLEKHF2,9606.ENSP00000322373
DIO1,9606.ENSP00000354643
ANP32A,9606.ENSP00000417864
RNF223,9606.ENSP00000410533
NDUFV2,9606.ENSP00000327268
TPI1,9606.ENSP00000229270
PSME1,9606.ENSP00000372155
SPIN4,9606.ENSP00000364018
MITD1,9606.ENSP00000289359
BPIFA2,9606.ENSP00000253362
TNFSF12,9606.ENSP00000293825
STX10,9606.ENSP00000466298
SRSF1,9606.ENSP00000258962
NANP,9606.ENSP00000302441
CMTM2,9606.ENSP00000268595
RPL7,9606.ENSP00000339795
SPIC,9606.ENSP00000448580
SFN,9606.ENSP00000340989
PIMREG,9606.ENSP00000250056
TIMM21,9606.ENSP00000169551
TSPAN19,9606.ENSP00000433816
CLTA,9606.ENSP00000242285
FAM133A,9606.ENSP00000318974
PACRGL,9606.ENSP00000423881
GRXCR2,9606.ENSP00000367214
MS4A6A,9606.ENSP00000435844
TSPAN18,9606.ENSP00000429993
CCNQ,9606.ENSP00000402949
IAH1,9606.ENSP00000417580
SECTM1,9606.ENSP00000269389
SFTPA1,9606.ENSP00000397082
CAPNS2,9606.ENSP00000400882
RASL11B,9606.ENSP00000248706
MRO,9606.ENSP00000397900
MBL2,9606.ENSP00000363079
STPG4,9606.ENSP00000408527
CHTOP,9606.ENSP00000357679
OPRPN,9606.ENSP00000382485
TPM4,9606.ENSP00000494125
EIF4H,9606.ENSP00000265753
MLF2,9606.ENSP00000203630
PSMA7,9606.ENSP00000359910
KLK12,9606.ENSP00000250351
CNPY4,9606.ENSP00000262932
PEX11A,9606.ENSP00000300056
YWHAG,9606.ENSP00000306330
PABIR2,9606.ENSP00000487221
FAM133B,9606.ENSP00000398401
GZMB,9606.ENSP00000216341
CMA1,9606.ENSP00000250378
NIPSNAP3B,9606.ENSP00000363894
RNF182,9606.ENSP00000420465
COQ10A,9606.ENSP00000312587
THEM5,9606.ENSP00000357807
NSMCE2,9606.ENSP00000287437
TMEM69,9606.ENSP00000361095
ATP6V1D,9606.ENSP00000216442
BDNF,9606.ENSP00000414303
CLEC7A,9606.ENSP00000302569
NIPSNAP3A,9606.ENSP00000363899
CENPH,9606.ENSP00000283006
TM2D3,9606.ENSP00000330433
PRSS1,9606.ENSP00000308720
PRSS2,9606.ENSP00000488437
TLCD1,9606.ENSP00000292090
TMEM33,9606.ENSP00000422473
MOG,9606.ENSP00000366091
LHFPL4,9606.ENSP00000287585
MPDU1,9606.ENSP00000250124
GARIN5A,9606.ENSP00000472421
FGF14,9606.ENSP00000365301
C3orf80,9606.ENSP00000313324
STC1,9606.ENSP00000290271
CEMP1,9606.ENSP00000457380
CLIC2,9606.ENSP00000358460
RAET1L,9606.ENSP00000356310
SNRNP35,9606.ENSP00000403310
TMUB1,9606.ENSP00000376565
YWHAH,9606.ENSP00000248975
MARCHF2,9606.ENSP00000471536
VCX3B,9606.ENSP00000370420
MED6,9606.ENSP00000481920
YWHAB,9606.ENSP00000361930
ULBP2,9606.ENSP00000356320
MRM2,9606.ENSP00000242257
GZMH,9606.ENSP00000216338
RTP4,9606.ENSP00000259030
MDFIC,9606.ENSP00000257724
TFAM,9606.ENSP00000420588
SIX6,9606.ENSP00000328596
MDFI,9606.ENSP00000230321
C1QTNF3,9606.ENSP00000371497
PSMA6,9606.ENSP00000261479
LIN37,9606.ENSP00000301159
BRMS1,9606.ENSP00000396052
ATP23,9606.ENSP00000300145
PDC,9606.ENSP00000375855
LYPD4,9606.ENSP00000476510
PMM2,9606.ENSP00000268261
BCAP31,9606.ENSP00000392330
FOLR3,9606.ENSP00000481114
RNF151,9606.ENSP00000456566
METTL27,9606.ENSP00000297873
ZNF575,9606.ENSP00000315870
KRTAP10-12,9606.ENSP00000383216
EIF4E2,9606.ENSP00000258416
C1QA,9606.ENSP00000363773
PRRX1,9606.ENSP00000239461
OCIAD1,9606.ENSP00000370882
EIF6,9606.ENSP00000363559
CRISP3,9606.ENSP00000389026
ISX,9606.ENSP00000311492
ACTL10,9606.ENSP00000329647
YWHAZ,9606.ENSP00000379287
C12orf60,9606.ENSP00000331691
MAPK1IP1L,9606.ENSP00000378851
SFR1,9606.ENSP00000358742
TSPAN6,9606.ENSP00000362111
TPMT,9606.ENSP00000312304
CMBL,9606.ENSP00000296658
TMEM116,9606.ENSP00000447731
TSPAN16,9606.ENSP00000319486
EXOSC4,9606.ENSP00000315476
RNF138,9606.ENSP00000261593
C1QC,9606.ENSP00000363770
TLCD5,9606.ENSP00000312672
YWHAQ,9606.ENSP00000371267
BDH2,9606.ENSP00000296424
FGF13,9606.ENSP00000396198
DCANP1,9606.ENSP00000421871
TMT1B,9606.ENSP00000377796
QDPR,9606.ENSP00000281243
RAB12,9606.ENSP00000331748
RND3,9606.ENSP00000364886
TIGIT,9606.ENSP00000419085
MED19,9606.ENSP00000498791
EMG1,9606.ENSP00000470560
CEACAM4,9606.ENSP00000221954
INO80E,9606.ENSP00000457016
CTDNEP1,9606.ENSP00000460683
KLK6,9606.ENSP00000366047
ULBP1,9606.ENSP00000229708
ARL10,9606.ENSP00000308496
DCXR,9606.ENSP00000303356
MS4A2,9606.ENSP00000278888
CLDN12,9606.ENSP00000287916
TBCB,9606.ENSP00000221855
LTB,9606.ENSP00000410481
C6orf141,9606.ENSP00000434602
YIPF4,9606.ENSP00000238831
FAM168A,9606.ENSP00000064778
KLF9,9606.ENSP00000366330
ADIPOQ,9606.ENSP00000389814
SSMEM1,9606.ENSP00000297819
TMT1A,9606.ENSP00000448785
GSTT2B,9606.ENSP00000290765
RTRAF,9606.ENSP00000261700
ULBP3,9606.ENSP00000356308
C1orf174,9606.ENSP00000355306
PLEKHB1,9606.ENSP00000346127
RSPO2,9606.ENSP00000276659
GSTO2,9606.ENSP00000345023
SSPN,9606.ENSP00000242729
TPK1,9606.ENSP00000353165
TMEM174,9606.ENSP00000296776
FGF12,9606.ENSP00000413496
JAZF1,9606.ENSP00000283928
CRISP2,9606.ENSP00000484609
LAT2,9606.ENSP00000381492
RWDD1,9606.ENSP00000420357
IL27,9606.ENSP00000349365
CTHRC1,9606.ENSP00000330523
PDF,9606.ENSP00000288022
SYF2,9606.ENSP00000236273
C1QTNF5,9606.ENSP00000431140
HOXB8,9606.ENSP00000239144
CD48,9606.ENSP00000484431
RPS3,9606.ENSP00000278572
TMEM109,9606.ENSP00000227525
VAPB,9606.ENSP00000417175
NUCKS1,9606.ENSP00000356110
N4BP2L1,9606.ENSP00000369473
DNAAF19,9606.ENSP00000391692
HOXC8,9606.ENSP00000040584
FTMT,9606.ENSP00000313691
GLIPR1L1,9606.ENSP00000367967
PRR23E,9606.ENSP00000493276
LINC03040,9606.ENSP00000426159
CASP14,9606.ENSP00000393417
GEMIN8,9606.ENSP00000369895
HELT,9606.ENSP00000426033
MYF6,9606.ENSP00000228641
MRPS7,9606.ENSP00000245539
RASL11A,9606.ENSP00000241463
PCGF3,9606.ENSP00000354724
EMC7,9606.ENSP00000256545
TRH,9606.ENSP00000303452
HTATIP2,9606.ENSP00000392985
CYB561A3,9606.ENSP00000389745
ZNRF2,9606.ENSP00000323879
APIP,9606.ENSP00000379133
DKKL1,9606.ENSP00000221498
EIF4E1B,9606.ENSP00000497422
TPSD1,9606.ENSP00000211076
SYCE1L,9606.ENSP00000367911
IL34,9606.ENSP00000397863
NAA60,9606.ENSP00000401237
CBY3,9606.ENSP00000366173
IGSF6,9606.ENSP00000268389
TGIF2LX,9606.ENSP00000453704
PDGFB,9606.ENSP00000330382
CDCA4,9606.ENSP00000337226
DNAJC4,9606.ENSP00000320548
PEX11G,9606.ENSP00000221480
NRIP3,9606.ENSP00000310205
TUBA4B,9606.ENSP00000487719
CLEC9A,9606.ENSP00000348074
WFDC8,9606.ENSP00000361735
GSTO1,9606.ENSP00000358727
PSMA5,9606.ENSP00000271308
PRSS58,9606.ENSP00000446916
CCDC59,9606.ENSP00000256151
TNFRSF18,9606.ENSP00000328207
GSTT4,9606.ENSP00000492273
PHOSPHO2,9606.ENSP00000481046
MPIG6B,9606.ENSP00000497720
NGF,9606.ENSP00000358525
BCAP29,9606.ENSP00000368414
TSPAN1,9606.ENSP00000361072
PDCL2,9606.ENSP00000295645
GARIN6,9606.ENSP00000315247
RCAN3,9606.ENSP00000363516
ZCCHC24,9606.ENSP00000361411
CLIC1,9606.ENSP00000364935
PSMB1,9606.ENSP00000262193
ZCCHC17,9606.ENSP00000480986
CD7,9606.ENSP00000312027
DLX4,9606.ENSP00000240306
CSKMT,9606.ENSP00000431287
UNC119,9606.ENSP00000337040
TMED6,9606.ENSP00000288025
SNRPB,9606.ENSP00000412566
TP53INP1,9606.ENSP00000344215
MS4A15,9606.ENSP00000386022
EFHD2,9606.ENSP00000365147
MTRES1,9606.ENSP00000485698
HDGF,9606.ENSP00000357189
KLRC3,9606.ENSP00000437563
MS4A7,9606.ENSP00000300184
SOX14,9606.ENSP00000305343
GUCD1,9606.ENSP00000479370
KRTCAP3,9606.ENSP00000442400
TMEM86A,9606.ENSP00000280734
SHISA5,9606.ENSP00000296444
IGFBP6,9606.ENSP00000301464
TMEM219,9606.ENSP00000457492
THEM4,9606.ENSP00000357804
MGARP,9606.ENSP00000381928
TMEM65,9606.ENSP00000297632
SNRPN,9606.ENSP00000494831
TNFSF14,9606.ENSP00000469049
MORN3,9606.ENSP00000347486
SOD3,9606.ENSP00000371554
U2AF1,9606.ENSP00000291552
ING5,9606.ENSP00000490767
FGF3,9606.ENSP00000334122
PSMB6,9606.ENSP00000270586
C9orf152,9606.ENSP00000383456
THAP3,9606.ENSP00000054650
ANKRD49,9606.ENSP00000440396
AK2,9606.ENSP00000499935
DERL2,9606.ENSP00000158771
TTC9B,9606.ENSP00000311760
TSPAN9,9606.ENSP00000011898
PSME2,9606.ENSP00000216802
RBM38,9606.ENSP00000348538
EFHD1,9606.ENSP00000264059
CLDN14,9606.ENSP00000382090
LRRC57,9606.ENSP00000326817
DIABLO,9606.ENSP00000398495
EGLN3,9606.ENSP00000250457
IZUMO3,9606.ENSP00000474246
BCL2,9606.ENSP00000381185
RTL6,9606.ENSP00000340434
LURAP1,9606.ENSP00000361048
PDCL3,9606.ENSP00000264254
MS4A4A,9606.ENSP00000338648
TMCO1,9606.ENSP00000480514
SH3BGR,9606.ENSP00000332513
NKX2-8,9606.ENSP00000258829
MRTO4,9606.ENSP00000364320
GAP43,9606.ENSP00000377372
FEV,9606.ENSP00000295727
TMBIM4,9606.ENSP00000286424
RHNO1,9606.ENSP00000479598
LRRN4CL,9606.ENSP00000325808
DRAM1,9606.ENSP00000258534
TMEM127,9606.ENSP00000258439
SHISA3,9606.ENSP00000326445
CIDEC,9606.ENSP00000373328
SPEGNB,9606.ENSP00000390353
AIG1,9606.ENSP00000350509
SRSF7,9606.ENSP00000325905
NUDT7,9606.ENSP00000268533
ALKBH6,9606.ENSP00000368152
PROCR,9606.ENSP00000216968
COQ10B,9606.ENSP00000263960
DOLPP1,9606.ENSP00000361625
EFNA3,9606.ENSP00000357393
SYNDIG1L,9606.ENSP00000331474
UBE2R2,9606.ENSP00000263228
C1QL4,9606.ENSP00000335285
MMD,9606.ENSP00000262065
RASSF3,9606.ENSP00000443021
CD63,9606.ENSP00000447730
SMNDC1,9606.ENSP00000358616
TSPAN4,9606.ENSP00000380553
EDN3,9606.ENSP00000337128
REXO2,9606.ENSP00000480535
MOB2,9606.ENSP00000328694
NRL,9606.ENSP00000454062
CLNS1A,9606.ENSP00000433919
RNF166,9606.ENSP00000326095
CBR4,9606.ENSP00000303525
TSPAN8,9606.ENSP00000377003
DCUN1D5,9606.ENSP00000260247
LYPD8,9606.ENSP00000466070
LYPLAL1,9606.ENSP00000355895
RAB23,9606.ENSP00000417610
CLEC4A,9606.ENSP00000229332
NAA40,9606.ENSP00000367024
TGIF2,9606.ENSP00000362981
TMBIM6,9606.ENSP00000389277
KHDC1,9606.ENSP00000359411
RAB33A,9606.ENSP00000257017
NEUROG1,9606.ENSP00000317580
KCTD6,9606.ENSP00000347188
SPDYE4,9606.ENSP00000329522
ARL6IP4,9606.ENSP00000313422
KRTAP5-5,9606.ENSP00000382584
LHFPL3,9606.ENSP00000393128
ZBED10P,9606.ENSP00000343242
EVI2A,9606.ENSP00000247270
RBM24,9606.ENSP00000368341
SYCP3,9606.ENSP00000376658
CD81,9606.ENSP00000263645
VSTM2A,9606.ENSP00000303108
REP15,9606.ENSP00000310335
EID2,9606.ENSP00000375073
SERTAD1,9606.ENSP00000350633
APOBEC1,9606.ENSP00000229304
GAMT,9606.ENSP00000403536
CHCT1,9606.ENSP00000269127
ASCL1,9606.ENSP00000266744
RABL3,9606.ENSP00000273375
STX8,9606.ENSP00000305255
CDC34,9606.ENSP00000215574
YIPF6,9606.ENSP00000417573
VSTM1,9606.ENSP00000343366
EEF1AKMT2,9606.ENSP00000357829
SPEF1,9606.ENSP00000369080
TREX2,9606.ENSP00000333441
RHOV,9606.ENSP00000220507
INCA1,9606.ENSP00000458316
CLIC3,9606.ENSP00000419378
NOTCH2NLA,9606.ENSP00000354929
NUDT8,9606.ENSP00000365883
CHCHD6,9606.ENSP00000290913
TMEM215,9606.ENSP00000345468
RNF187,9606.ENSP00000306396
MYCT1,9606.ENSP00000356214
CD8A,9606.ENSP00000386559
CATSPERQ,9606.ENSP00000454468
TFPI2,9606.ENSP00000222543
HSCB,9606.ENSP00000216027
ANTKMT,9606.ENSP00000454380
TMEM176A,9606.ENSP00000417626
KRTAP4-16,9606.ENSP00000411198
FLT3LG,9606.ENSP00000469613
MOSPD3,9606.ENSP00000377522
TICAM2,9606.ENSP00000415139
HOXC6,9606.ENSP00000243108
KCNMB2,9606.ENSP00000407592
OAZ3,9606.ENSP00000383784
SCAMP5,9606.ENSP00000355387
DERL3,9606.ENSP00000384744
CLDN16,9606.ENSP00000264734
NAA10,9606.ENSP00000417763
BHLHA9,9606.ENSP00000375248
FAM3B,9606.ENSP00000350673
TMED9,9606.ENSP00000330945
RGS9BP,9606.ENSP00000334134
MPZL3,9606.ENSP00000278949
EXOSC5,9606.ENSP00000221233
PRSS37,9606.ENSP00000297767
HAUS2,9606.ENSP00000260372
RGS18,9606.ENSP00000356430
MSRA,9606.ENSP00000313921
SWI5,9606.ENSP00000316609
CCDC71L,9606.ENSP00000430897
MESD,9606.ENSP00000261758
ZFYVE21,9606.ENSP00000216602
IL32,9606.ENSP00000431775
OTUB2,9606.ENSP00000203664
TNFSF8,9606.ENSP00000223795
FNDC4,9606.ENSP00000264703
KCTD5,9606.ENSP00000301738
RAB20,9606.ENSP00000267328
ZBED3,9606.ENSP00000255198
RSPO4,9606.ENSP00000217260
TK1,9606.ENSP00000468425
SYNGR4,9606.ENSP00000344041
PSMA2,9606.ENSP00000223321
UBTD2,9606.ENSP00000377381
FGFBP1,9606.ENSP00000371770
TREM1,9606.ENSP00000244709
CMTM4,9606.ENSP00000333833
STARD3NL,9606.ENSP00000009041
NKX3-1,9606.ENSP00000370253
MALSU1,9606.ENSP00000419370
MED7,9606.ENSP00000286317
SOX15,9606.ENSP00000355354
TMEM179,9606.ENSP00000450958
ATPSCKMT,9606.ENSP00000422338
CFAP299,9606.ENSP00000425786
KLRC1,9606.ENSP00000438038
BCL2L1,9606.ENSP00000365230
BCL10,9606.ENSP00000498104
TEX35,9606.ENSP00000323795
PBDC1,9606.ENSP00000362456
BSX,9606.ENSP00000344285
FCGR3B,9606.ENSP00000433642
MIS18A,9606.ENSP00000290130
FOXL3,9606.ENSP00000492766
FRAT2,9606.ENSP00000360058
TNF,9606.ENSP00000398698
CHMP4C,9606.ENSP00000297265
LIN7A,9606.ENSP00000447488
LAPTM4A,9606.ENSP00000175091
SYNGR1,9606.ENSP00000332287
FGF8,9606.ENSP00000321797
FAM204A,9606.ENSP00000358183
ERAS,9606.ENSP00000339136
TMEM150B,9606.ENSP00000320757
HOXA6,9606.ENSP00000222728
TMEM40,9606.ENSP00000322837
CD302,9606.ENSP00000259053
RTP3,9606.ENSP00000296142
RND1,9606.ENSP00000308461
DHRS4L2,9606.ENSP00000334801
MIXL1,9606.ENSP00000442439
C2orf49,9606.ENSP00000258457
DDIT4,9606.ENSP00000307305
KCTD11,9606.ENSP00000495203
RNF125,9606.ENSP00000217740
DNAJB8,9606.ENSP00000417418
CLRN1,9606.ENSP00000329158
IZUMO4,9606.ENSP00000378712
NOG,9606.ENSP00000328181
CLRN2,9606.ENSP00000424711
VTI1B,9606.ENSP00000450731
HACD4,9606.ENSP00000419503
COA7,9606.ENSP00000360593
KLRC2,9606.ENSP00000371327
PAFAH1B3,9606.ENSP00000444935
LIPT2,9606.ENSP00000309463
KLRF1,9606.ENSP00000483713
DCAKD,9606.ENSP00000498268
WFDC3,9606.ENSP00000243938
PRRG3,9606.ENSP00000359378
FBXL22,9606.ENSP00000353794
LYPLA2,9606.ENSP00000363638
NQO2,9606.ENSP00000369822
PXDC1,9606.ENSP00000369636
TREM2,9606.ENSP00000362205
LYPLA1,9606.ENSP00000320043
NMRK2,9606.ENSP00000480091
ROPN1L,9606.ENSP00000421405
TMEM126B,9606.ENSP00000351737
SLX9,9606.ENSP00000291634
SCNM1,9606.ENSP00000357901
RNF141,9606.ENSP00000265981
EBP,9606.ENSP00000417052
ARMH2,9606.ENSP00000454913
HOXA7,9606.ENSP00000242159
FAM3A,9606.ENSP00000320521
ADTRP,9606.ENSP00000229583
UCHL3,9606.ENSP00000366819
THTPA,9606.ENSP00000288014
CLDN2,9606.ENSP00000336571
LRAT,9606.ENSP00000337224
ATRAID,9606.ENSP00000484228
TMEM217,9606.ENSP00000338164
SWSAP1,9606.ENSP00000310008
CWC15,9606.ENSP00000475615
CLTB,9606.ENSP00000309415
PAFAH1B2,9606.ENSP00000435289
UBB,9606.ENSP00000478771
PRXL2A,9606.ENSP00000482445
CD79B,9606.ENSP00000376544
NAA11,9606.ENSP00000286794
VCPKMT,9606.ENSP00000379201
DRICH1,9606.ENSP00000316137
TMEM182,9606.ENSP00000394178
C8orf33,9606.ENSP00000330361
SYNGR3,9606.ENSP00000248121
C6orf62,9606.ENSP00000367359
CYB561D1,9606.ENSP00000358884
SCAMP4,9606.ENSP00000316007
TMED5,9606.ENSP00000359305
TM4SF20,9606.ENSP00000303028
OIP5,9606.ENSP00000220514
CFAP95,9606.ENSP00000366402
DIRAS3,9606.ENSP00000360020
C1orf216,9606.ENSP00000425166
CLDN25,9606.ENSP00000396304
EBI3,9606.ENSP00000221847
CLEC1B,9606.ENSP00000298527
RTBDN,9606.ENSP00000326253
ZMAT4,9606.ENSP00000297737
CCDC134,9606.ENSP00000255784
RAB33B,9606.ENSP00000306496
LURAP1L,9606.ENSP00000321026
EFNA5,9606.ENSP00000328777
RESP18,9606.ENSP00000330269
SCN4B,9606.ENSP00000322460
RPEL1,9606.ENSP00000476672
CLDN10,9606.ENSP00000299339
CD9,9606.ENSP00000371958
OAZ1,9606.ENSP00000473381
RNF114,9606.ENSP00000244061
CYB5D1,9606.ENSP00000331479
CACYBP,9606.ENSP00000356652
RPE,9606.ENSP00000352401
GID8,9606.ENSP00000266069
THAP2,9606.ENSP00000310796
RABL2A,9606.ENSP00000387229
CARD19,9606.ENSP00000364613
LHFPL2,9606.ENSP00000369702
TSN,9606.ENSP00000374332
BNIP1,9606.ENSP00000231668
RABL2B,9606.ENSP00000378958
ANKRD46,9606.ENSP00000429015
PUDP,9606.ENSP00000396452
MXI1,9606.ENSP00000331152
RYBP,9606.ENSP00000419494
NT5M,9606.ENSP00000373674
IFITM10,9606.ENSP00000344430
CLDN15,9606.ENSP00000385300
CHCHD3,9606.ENSP00000389297
TRNP1,9606.ENSP00000429216
PCMT1,9606.ENSP00000497225
YEATS4,9606.ENSP00000247843
IDI2,9606.ENSP00000277517
TMED4,9606.ENSP00000404042
UBTD1,9606.ENSP00000359698
AK3,9606.ENSP00000371230
TEX30,9606.ENSP00000365200
TCEAL2,9606.ENSP00000361866
RNF186,9606.ENSP00000364263
ZMYND19,9606.ENSP00000298585
ZFAND3,9606.ENSP00000287218
NUDT21,9606.ENSP00000300291
PILRB,9606.ENSP00000391748
NAT8,9606.ENSP00000272425
IDI1,9606.ENSP00000370748
PRL,9606.ENSP00000302150
OVCA2,9606.ENSP00000461388
BASP1,9606.ENSP00000319281
FAM3C,9606.ENSP00000353025
LYSMD1,9606.ENSP00000357904
PEBP4,9606.ENSP00000256404
TMED1,9606.ENSP00000214869
RAB3C,9606.ENSP00000282878
SPATA25,9606.ENSP00000361597
MT-CO2,9606.ENSP00000354876
KCNIP1,9606.ENSP00000414886
SPAG7,9606.ENSP00000206020
ZNRF1,9606.ENSP00000335091
RND2,9606.ENSP00000466680
FNDC10,9606.ENSP00000389111
PSMD10,9606.ENSP00000217958
GJB2,9606.ENSP00000372295
ARPIN,9606.ENSP00000350075
DNAJC30,9606.ENSP00000378605
MYL10,9606.ENSP00000223167
CD79A,9606.ENSP00000221972
EEF1AKMT3,9606.ENSP00000300209
ARL6IP6,9606.ENSP00000315357
H1-5,9606.ENSP00000330074
TMEM204,9606.ENSP00000454945
ATP6V1E2,9606.ENSP00000304891
PRRG4,9606.ENSP00000257836
MT-ATP6,9606.ENSP00000354632
TMEM98,9606.ENSP00000463245
SPCS2,9606.ENSP00000263672
PROP1,9606.ENSP00000311290
CLRN3,9606.ENSP00000357660
CSN2,9606.ENSP00000341030
ATP6V1E1,9606.ENSP00000253413
GPX3,9606.ENSP00000373477
GSTK1,9606.ENSP00000431049
TMEM86B,9606.ENSP00000321038
PRXL2C,9606.ENSP00000364382
TXNDC9,9606.ENSP00000264255
YAE1,9606.ENSP00000223273
RAB21,9606.ENSP00000261263
TMEM225,9606.ENSP00000364166
SOCS3,9606.ENSP00000330341
CLCF1,9606.ENSP00000309338
SMCO3,9606.ENSP00000381895
GSTM3,9606.ENSP00000354357
FGF11,9606.ENSP00000293829
RTP2,9606.ENSP00000350976
GRPEL2,9606.ENSP00000329558
ARHGDIG,9606.ENSP00000219409
MOB4,9606.ENSP00000315702
PRG3,9606.ENSP00000287143
INSIG2,9606.ENSP00000245787
RAB32,9606.ENSP00000356465
KLRB1,9606.ENSP00000229402
PSPH,9606.ENSP00000378854
THYN1,9606.ENSP00000341657
PRTFDC1,9606.ENSP00000318602
BCAS2,9606.ENSP00000358554
GGTLC3,9606.ENSP00000477856
EEF1B2,9606.ENSP00000376055
SNRPB2,9606.ENSP00000246071
CLDN8,9606.ENSP00000382783
GGTLC1,9606.ENSP00000337587
BHLHE23,9606.ENSP00000480998
HES7,9606.ENSP00000446205
TPD52,9606.ENSP00000429309
CLDN17,9606.ENSP00000286808
CLDN19,9606.ENSP00000296387
SYNGR2,9606.ENSP00000467600
COMMD5,9606.ENSP00000394331
ATP6AP1L,9606.ENSP00000391381
MYOG,9606.ENSP00000241651
CBLN2,9606.ENSP00000269503
EIF4E3,9606.ENSP00000393324
PRDX6,9606.ENSP00000342026
RS1,9606.ENSP00000369320
CCDC43,9606.ENSP00000323782
TMEM147,9606.ENSP00000222284
HOXB6,9606.ENSP00000420009
ZC4H2,9606.ENSP00000363972
APOBEC2,9606.ENSP00000244669
C16orf54,9606.ENSP00000327506
TMED7,9606.ENSP00000405926
DKK4,9606.ENSP00000220812
FAM3D,9606.ENSP00000351632
SPC25,9606.ENSP00000282074
CD300C,9606.ENSP00000329507
HES6,9606.ENSP00000272937
FKBP3,9606.ENSP00000216330
CHIC1,9606.ENSP00000362601
FNDC9,9606.ENSP00000310594
TIMP4,9606.ENSP00000287814
WFDC5,9606.ENSP00000361875
ZNF22,9606.ENSP00000298299
CRP,9606.ENSP00000255030
TRIM48,9606.ENSP00000402414
CHMP4B,9606.ENSP00000217402
SRA1,9606.ENSP00000337513
EPDR1,9606.ENSP00000199448
CFC1B,9606.ENSP00000281882
MKRN2OS,9606.ENSP00000455385
UCHL1,9606.ENSP00000284440
TMEM235,9606.ENSP00000402790
ELSPBP1,9606.ENSP00000340660
PGRMC2,9606.ENSP00000481886
GINS4,9606.ENSP00000276533
CFC1,9606.ENSP00000259216
TMEM114,9606.ENSP00000484263
AK4,9606.ENSP00000378743
DNAJB9,9606.ENSP00000249356
RAB37,9606.ENSP00000376390
IER2,9606.ENSP00000465617
C10orf62,9606.ENSP00000359674
CCDC124,9606.ENSP00000471455
LINC03042,9606.ENSP00000350856
STYX,9606.ENSP00000346599
POLR3G,9606.ENSP00000498469
APCS,9606.ENSP00000255040
PSMD9,9606.ENSP00000440485
FGFBP2,9606.ENSP00000259989
TWSG1,9606.ENSP00000262120
BTG4,9606.ENSP00000348300
GJB7,9606.ENSP00000435355
CMTM5,9606.ENSP00000344819
NTMT1,9606.ENSP00000483489
CTLA4,9606.ENSP00000497102
SIGMAR1,9606.ENSP00000277010
C19orf85,9606.ENSP00000490220
TMEM54,9606.ENSP00000362562
MIF4GD,9606.ENSP00000463334
VWC2L,9606.ENSP00000308976
GSTA1,9606.ENSP00000335620
CYB561D2,9606.ENSP00000391209
CHMP3,9606.ENSP00000263856
TTC9,9606.ENSP00000256367
PRG2,9606.ENSP00000312134
PLEKHB2,9606.ENSP00000385892
CHAC1,9606.ENSP00000484644
GSTA4,9606.ENSP00000360002
CSHL1,9606.ENSP00000309524
CCDC70,9606.ENSP00000242819
NUDT14,9606.ENSP00000376349
GADD45GIP1,9606.ENSP00000323065
CHMP2A,9606.ENSP00000469240
SOD2,9606.ENSP00000446252
LXN,9606.ENSP00000264265
RAB41,9606.ENSP00000363597
CHMP4A,9606.ENSP00000476412
FKBP7,9606.ENSP00000413152
STEEP1,9606.ENSP00000441786
GSTA2,9606.ENSP00000420168
GSTA5,9606.ENSP00000360028
GSTA3,9606.ENSP00000211122
HOXC5,9606.ENSP00000309336
SPACA9,9606.ENSP00000361209
THAP6,9606.ENSP00000309007
UBE2S,9606.ENSP00000264552
ZC2HC1B,9606.ENSP00000237275
CACNG1,9606.ENSP00000226021
CLTRN,9606.ENSP00000369699
TIRAP,9606.ENSP00000376445
DYNLT4,9606.ENSP00000341803
SDF2L1,9606.ENSP00000248958
TSPAN2,9606.ENSP00000358529
MXD1,9606.ENSP00000264444
TMEM225B,9606.ENSP00000492416
PRR20A,9606.ENSP00000367163
NDFIP1,9606.ENSP00000253814
RAB27A,9606.ENSP00000379601
RP9,9606.ENSP00000297157
SRSF2,9606.ENSP00000376276
RAB28,9606.ENSP00000328551
IZUMO2,9606.ENSP00000293405
KRTAP10-3,9606.ENSP00000375478
KCNE4,9606.ENSP00000281830
SINHCAF,9606.ENSP00000337477
SRSF9,9606.ENSP00000229390
CCDC144NL,9606.ENSP00000497867
MYMK,9606.ENSP00000419712
DIP2C-AS1,9606.ENSP00000498998
VPS28,9606.ENSP00000366565
GPX5,9606.ENSP00000392398
DLEU7,9606.ENSP00000427177
GPX6,9606.ENSP00000354581
HES4,9606.ENSP00000393198
FAHD1,9606.ENSP00000372112
PGF,9606.ENSP00000451040
SLC50A1,9606.ENSP00000357389
H1-3,9606.ENSP00000244534
ALKBH7,9606.ENSP00000245812
IFTAP,9606.ENSP00000403937
CLDN6,9606.ENSP00000380131
TP53INP2,9606.ENSP00000363943
DGCR6,9606.ENSP00000331681
TIMP2,9606.ENSP00000262768
DGCR6L,9606.ENSP00000248879
CLDN3,9606.ENSP00000378577
CABP2,9606.ENSP00000294288
SAP30,9606.ENSP00000296504
CD28,9606.ENSP00000324890
ATG10,9606.ENSP00000282185
DUSP29,9606.ENSP00000340609
RNF222,9606.ENSP00000382330
STARD6,9606.ENSP00000462349
GATD1,9606.ENSP00000321691
CLDN22,9606.ENSP00000318113
RMP24,9606.ENSP00000465517
CREG1,9606.ENSP00000359540
ARTN,9606.ENSP00000387435
VAMP7,9606.ENSP00000262640
CLDN24,9606.ENSP00000438400
WFDC1,9606.ENSP00000456920
RAB3A,9606.ENSP00000222256
TERB2,9606.ENSP00000340644
POP4,9606.ENSP00000465213
LHFPL1,9606.ENSP00000361036
TMED10,9606.ENSP00000303145
MISP3,9606.ENSP00000465157
TMEM247,9606.ENSP00000388684
LHFPL5,9606.ENSP00000498322
PRELID1,9606.ENSP00000302114
IL12A,9606.ENSP00000303231
TPPP,9606.ENSP00000353785
CLEC4E,9606.ENSP00000299663
RIT1,9606.ENSP00000357305
CLDN20,9606.ENSP00000356133
CHMP5,9606.ENSP00000223500
CD53,9606.ENSP00000497382
RPAIN,9606.ENSP00000385814
TMEM125,9606.ENSP00000429275
NUDT5,9606.ENSP00000419628
BNIP3L,9606.ENSP00000370003
MAGEH1,9606.ENSP00000343706
TMEM179B,9606.ENSP00000333697
TRAPPC4,9606.ENSP00000436005
PSMB9,9606.ENSP00000363993
EPCIP,9606.ENSP00000418653
RAB3D,9606.ENSP00000222120
FIGLA,9606.ENSP00000333097
RAB3B,9606.ENSP00000360718
PRR27,9606.ENSP00000343172
CIDEB,9606.ENSP00000337731
H1-4,9606.ENSP00000307705
CIDEA,9606.ENSP00000320209
PIGF,9606.ENSP00000281382
GSTM1,9606.ENSP00000311469
UFSP1,9606.ENSP00000373413
IL37,9606.ENSP00000263326
ZBED2,9606.ENSP00000321370
RRAS,9606.ENSP00000246792
SCN1B,9606.ENSP00000396915
POLR3GL,9606.ENSP00000358320
GSTM4,9606.ENSP00000358851
RAB42,9606.ENSP00000491546
METTL21A,9606.ENSP00000272839
PRRG1,9606.ENSP00000444278
HPRT1,9606.ENSP00000298556
RAB27B,9606.ENSP00000262094
CLDN5,9606.ENSP00000385477
ATG101,9606.ENSP00000338990
TAF10,9606.ENSP00000299424
EIF3K,9606.ENSP00000248342
GSTM5,9606.ENSP00000256593
SYCE2,9606.ENSP00000293695
RAB4A,9606.ENSP00000355651
GGTLC2,9606.ENSP00000415676
RAB11B,9606.ENSP00000333547
MRPS34,9606.ENSP00000177742
GSTM2,9606.ENSP00000241337
DUSP19,9606.ENSP00000346160
BCL7C,9606.ENSP00000369674
TTMP,9606.ENSP00000399392
GRPEL1,9606.ENSP00000264954
EIF4E,9606.ENSP00000425561
GCA,9606.ENSP00000394842
CRIP3,9606.ENSP00000361650
RPL10A,9606.ENSP00000363018
VTI1A,9606.ENSP00000376792
HAND2,9606.ENSP00000352565
GH1,9606.ENSP00000312673
RAB19,9606.ENSP00000440167
GRAP,9606.ENSP00000284154
HOXB7,9606.ENSP00000239165
BLOC1S4,9606.ENSP00000318128
RIT2,9606.ENSP00000321805
MOB3A,9606.ENSP00000349575
GAR1,9606.ENSP00000226796
TMED3,9606.ENSP00000299705
COQ7,9606.ENSP00000322316
CSH1,9606.ENSP00000316416
CSH2,9606.ENSP00000376623
CLDN9,9606.ENSP00000398017
ZCRB1,9606.ENSP00000266529
RAB39A,9606.ENSP00000322594
C22orf23,9606.ENSP00000384667
PSMC3IP,9606.ENSP00000377384
KHDC3L,9606.ENSP00000359392
RGS19,9606.ENSP00000378483
TMEM253,9606.ENSP00000453962
CALY,9606.ENSP00000252939
GRB2,9606.ENSP00000376345
PPIB,9606.ENSP00000300026
RAB11A,9606.ENSP00000261890
ALG14,9606.ENSP00000359224
DCAF16,9606.ENSP00000371682
C8orf82,9606.ENSP00000436621
RAN,9606.ENSP00000446215
GSTZ1,9606.ENSP00000451976
TMEM139,9606.ENSP00000352284
MRPL24,9606.ENSP00000354525
RAB5C,9606.ENSP00000447053
FGF19,9606.ENSP00000294312
MOB3B,9606.ENSP00000262244
FGF17,9606.ENSP00000352414
MOB3C,9606.ENSP00000271139
SPMIP8,9606.ENSP00000290871
KLRK1,9606.ENSP00000240618
MOB1A,9606.ENSP00000379364
GINS3,9606.ENSP00000401018
MOB1B,9606.ENSP00000379366
RFLNA,9606.ENSP00000374377
RNASE10,9606.ENSP00000333358
RAB2B,9606.ENSP00000380869
CSNK2B,9606.ENSP00000365042
SCN2B,9606.ENSP00000278947
TLDC2,9606.ENSP00000217320
C19orf18,9606.ENSP00000321519
HMGB1,9606.ENSP00000345347
TCP10L,9606.ENSP00000300258
EDARADD,9606.ENSP00000335076
FAAP24,9606.ENSP00000466121
CRYBA1,9606.ENSP00000225387
SCN3B,9606.ENSP00000376523
RAB5A,9606.ENSP00000273047
TCEAL4,9606.ENSP00000361712
MRPL43,9606.ENSP00000339844
SEC22B,9606.ENSP00000463393
CABP7,9606.ENSP00000216144
LYSMD2,9606.ENSP00000267838
ALG1L2,9606.ENSP00000479850
SFT2D3,9606.ENSP00000310803
RAB5B,9606.ENSP00000353444
RAB14,9606.ENSP00000362946
SPACA3,9606.ENSP00000269053
NACA2,9606.ENSP00000427802
RPL14,9606.ENSP00000379506
H1-1,9606.ENSP00000244573
MPZL2,9606.ENSP00000278937
TMEM267,9606.ENSP00000426067
HAND1,9606.ENSP00000231121
CLEC4D,9606.ENSP00000299665
DNAAF6,9606.ENSP00000441930
RHOJ,9606.ENSP00000316729
IGLL5,9606.ENSP00000431254
CCDC169,9606.ENSP00000426174
CPTP,9606.ENSP00000343890
MREG,9606.ENSP00000263268
PCTP,9606.ENSP00000460437
NPM2,9606.ENSP00000381032
OSTF1,9606.ENSP00000340836
NEUROG3,9606.ENSP00000242462
KDELR3,9606.ENSP00000386918
CLDN34,9606.ENSP00000403980
SMCO1,9606.ENSP00000380671
PTRH1,9606.ENSP00000418661
FAM167A,9606.ENSP00000284486
MS4A3,9606.ENSP00000278865
CLEC2L,9606.ENSP00000390661
EEF1AKMT1,9606.ENSP00000372206
RFLNB,9606.ENSP00000331915
PRDX5,9606.ENSP00000265462
RPL10,9606.ENSP00000413436
RPL10L,9606.ENSP00000298283
HEMK2,9606.ENSP00000303584
TM2D2,9606.ENSP00000416050
TCF23,9606.ENSP00000296096
TESC,9606.ENSP00000334785
CHMP2B,9606.ENSP00000263780
H1-2,9606.ENSP00000339566
STARD5,9606.ENSP00000304032
TMEM186,9606.ENSP00000331640
GTF3C6,9606.ENSP00000357863
THAP1,9606.ENSP00000254250
NICN1,9606.ENSP00000273598
RAB39B,9606.ENSP00000358466
FAM156A,9606.ENSP00000469248
ZFAND5,9606.ENSP00000366161
RAB25,9606.ENSP00000354376
FAM177A1,9606.ENSP00000280987
INSL6,9606.ENSP00000371054
IGLL1,9606.ENSP00000329312
TVP23A,9606.ENSP00000299866
CLEC4C,9606.ENSP00000440428
VHL,9606.ENSP00000256474
H1-10,9606.ENSP00000329662
EFNA2,9606.ENSP00000215368
SOST,9606.ENSP00000301691
CDIPT,9606.ENSP00000219789
NOL12,9606.ENSP00000352021
RAB4B,9606.ENSP00000470246
MOSPD1,9606.ENSP00000359819
ATP5PO,9606.ENSP00000290299
EBAG9,9606.ENSP00000337675
NDUFS7,9606.ENSP00000233627
RAB17,9606.ENSP00000264601
KDELR1,9606.ENSP00000329471
RAB2A,9606.ENSP00000262646
DEPP1,9606.ENSP00000298295
MED20,9606.ENSP00000265350
DTYMK,9606.ENSP00000304802
PDCD10,9606.ENSP00000376506
PPIC,9606.ENSP00000303057
BOK,9606.ENSP00000314132
PXMP4,9606.ENSP00000386385
ROPN1,9606.ENSP00000184183
GOSR2,9606.ENSP00000461784
SCG5,9606.ENSP00000300175
IL6,9606.ENSP00000385675
MRPL48,9606.ENSP00000308717
NXNL1,9606.ENSP00000305631
CINP,9606.ENSP00000216756
LYG2,9606.ENSP00000327533
CDKN3,9606.ENSP00000335357
SENP8,9606.ENSP00000340505
PLAC1,9606.ENSP00000352173
RAB15,9606.ENSP00000434103
NME5,9606.ENSP00000265191
ROPN1B,9606.ENSP00000426271
KDELR2,9606.ENSP00000258739
EDN1,9606.ENSP00000368683
RAB43,9606.ENSP00000319781
RAB38,9606.ENSP00000243662
RHOF,9606.ENSP00000267205
CLXN,9606.ENSP00000262103
FGF20,9606.ENSP00000180166
REEP6,9606.ENSP00000233596
SOCS1,9606.ENSP00000496577
FIBIN,9606.ENSP00000321962
BCAS4,9606.ENSP00000351642
RILPL2,9606.ENSP00000280571
SNAP23,9606.ENSP00000249647
GDNF,9606.ENSP00000409007
FKBP14,9606.ENSP00000222803
TIMP3,9606.ENSP00000266085
RGS2,9606.ENSP00000235382
BAG2,9606.ENSP00000359727
MAD2L2,9606.ENSP00000235310
CLDN1,9606.ENSP00000295522
SDF2,9606.ENSP00000247020
PITHD1,9606.ENSP00000246151
DUSP26,9606.ENSP00000256261
RPL13,9606.ENSP00000307889
TAF11,9606.ENSP00000354633
NUDT16L1,9606.ENSP00000306670
CRYBB3,9606.ENSP00000215855
SPP2,9606.ENSP00000168148
CLDN7,9606.ENSP00000353475
NABP2,9606.ENSP00000369545
PDGFA,9606.ENSP00000346508
BAK1,9606.ENSP00000363591
TSPAN31,9606.ENSP00000257910
SARNP,9606.ENSP00000337632
RGS17,9606.ENSP00000206262
KCNMB4,9606.ENSP00000258111
CTAG2,9606.ENSP00000247306
CD8B2,9606.ENSP00000496416
FXN,9606.ENSP00000419243
NTF4,9606.ENSP00000469455
TMEM61,9606.ENSP00000360315
CDC42EP2,9606.ENSP00000279249
STXBP6,9606.ENSP00000324302
ACTR3C,9606.ENSP00000252071
AKIP1,9606.ENSP00000310459
TNNI3,9606.ENSP00000341838
POLR2E,9606.ENSP00000478303
ABHD14B,9606.ENSP00000420065
GSTP1,9606.ENSP00000381607
RHOD,9606.ENSP00000308576
NDUFS8,9606.ENSP00000315774
DRC12,9606.ENSP00000423567
BCL7A,9606.ENSP00000445868
EMC8,9606.ENSP00000253457
TBC1D28,9606.ENSP00000339973
COPZ2,9606.ENSP00000480707
KRTAP26-1,9606.ENSP00000353742
AMTN,9606.ENSP00000341013
RBPMS2,9606.ENSP00000300069
PGPEP1,9606.ENSP00000269919
MXD4,9606.ENSP00000337889
FGF21,9606.ENSP00000471477
HMGB2,9606.ENSP00000296503
TUSC1,9606.ENSP00000350716
TEKTIP1,9606.ENSP00000327950
DTD1,9606.ENSP00000482916
TM4SF19,9606.ENSP00000273695
CLDN4,9606.ENSP00000409544
GUCA1C,9606.ENSP00000261047
TIMM23,9606.ENSP00000464522
GLTP,9606.ENSP00000315263
GMNN,9606.ENSP00000230056
TRIM61,9606.ENSP00000332288
LIN28A,9606.ENSP00000363314
GPX8,9606.ENSP00000423822
METTL5,9606.ENSP00000260953
COPS8,9606.ENSP00000346340
TMEM52,9606.ENSP00000311122
CLEC6A,9606.ENSP00000371505
RGS1,9606.ENSP00000356429
MBD3L2,9606.ENSP00000370800
MBD3L5,9606.ENSP00000331435
MBD3L4,9606.ENSP00000370801
NKAIN2,9606.ENSP00000357402
IFT43,9606.ENSP00000238628
CCDC25,9606.ENSP00000348933
NKAIN4,9606.ENSP00000359340
RAB6A,9606.ENSP00000311449
EMC9,9606.ENSP00000403210
IFNE,9606.ENSP00000418018
TCEANC2,9606.ENSP00000234827
FADD,9606.ENSP00000301838
CABCOCO1,9606.ENSP00000328698
MRAS,9606.ENSP00000289104
THEM6,9606.ENSP00000338607
HBEGF,9606.ENSP00000230990
VMA12,9606.ENSP00000292114
TMEM123,9606.ENSP00000381204
CRIP2,9606.ENSP00000426119
MED18,9606.ENSP00000362948
MBD3L3,9606.ENSP00000333183
RAB6B,9606.ENSP00000285208
FGF6,9606.ENSP00000228837
TMEM222,9606.ENSP00000483276
RPS8,9606.ENSP00000379888
ZFAND6,9606.ENSP00000479071
FGF9,9606.ENSP00000371790
CAPSL,9606.ENSP00000380524
MYL6B,9606.ENSP00000450385
NOL3,9606.ENSP00000457243
CDIP1,9606.ENSP00000382508
FGF10,9606.ENSP00000264664
RAB8A,9606.ENSP00000300935
MGMT,9606.ENSP00000302111
CLDN11,9606.ENSP00000064724
NFYB,9606.ENSP00000240055
KLRF2,9606.ENSP00000438244
UBE2E3,9606.ENSP00000473623
SPRYD4,9606.ENSP00000338034
TIMP1,9606.ENSP00000218388
LIN7B,9606.ENSP00000221459
NKAIN1,9606.ENSP00000362841
FGF16,9606.ENSP00000399324
PPIF,9606.ENSP00000225174
RAB8B,9606.ENSP00000312734
SIKE1,9606.ENSP00000358541
CFAP418,9606.ENSP00000286688
PLET1,9606.ENSP00000341412
CD3E,9606.ENSP00000354566
H1-6,9606.ENSP00000341214
AANAT,9606.ENSP00000250615
CSF3,9606.ENSP00000225474
RAB7A,9606.ENSP00000265062
NAT9,9606.ENSP00000462835
TM2D1,9606.ENSP00000475700
ZNF487,9606.ENSP00000498490
FGF18,9606.ENSP00000274625
VEGFB,9606.ENSP00000311127
VXN,9606.ENSP00000302260
KRTAP27-1,9606.ENSP00000372286
IFNK,9606.ENSP00000276943
FGF4,9606.ENSP00000168712
SNAP25,9606.ENSP00000254976
GP1BB,9606.ENSP00000383382
SOSTDC1,9606.ENSP00000304930
BLVRB,9606.ENSP00000263368
MPV17L2,9606.ENSP00000469836
TEX38,9606.ENSP00000455854
MRPL40,9606.ENSP00000333401
SPACDR,9606.ENSP00000327732
FAM228A,9606.ENSP00000295150
MRPL58,9606.ENSP00000301585
ASCL5,9606.ENSP00000472681
IL24,9606.ENSP00000375795
MXD3,9606.ENSP00000401867
MSC,9606.ENSP00000321445
EBPL,9606.ENSP00000242827
COA8,9606.ENSP00000386485
RALB,9606.ENSP00000272519
NAT14,9606.ENSP00000205194
TCEAL5,9606.ENSP00000361765
MACIR,9606.ENSP00000326110
AMELY,9606.ENSP00000372505
RAB18,9606.ENSP00000478479
PTPRCAP,9606.ENSP00000325589
TPD52L2,9606.ENSP00000217121
RALA,9606.ENSP00000005257
MRPL22,9606.ENSP00000431040
BTF3,9606.ENSP00000369965
VCX,9606.ENSP00000370447
CD83,9606.ENSP00000368450
ATP6V0B,9606.ENSP00000434729
NTAQ1,9606.ENSP00000287387
PSMB3,9606.ENSP00000483688
SHLD1,9606.ENSP00000305875
STARD4,9606.ENSP00000296632
CD300E,9606.ENSP00000376395
LTA,9606.ENSP00000403495
RERGL,9606.ENSP00000229002
MRAP2,9606.ENSP00000257776
RGS4,9606.ENSP00000397181
GSC2,9606.ENSP00000086933
SPRING1,9606.ENSP00000261318
PPP1R2,9606.ENSP00000484580
TVP23B,9606.ENSP00000305654
MND1,9606.ENSP00000240488
GFER,9606.ENSP00000248114
ECSCR,9606.ENSP00000479243
RHOQ,9606.ENSP00000238738
MRPS26,9606.ENSP00000369682
CRYBB2,9606.ENSP00000498905
ISOC2,9606.ENSP00000085068
MIS12,9606.ENSP00000370557
RAB1A,9606.ENSP00000387286
PPP1R2B,9606.ENSP00000490297
CBLN3,9606.ENSP00000267406
HEBP2,9606.ENSP00000475750
PMF1,9606.ENSP00000357256
EFNA1,9606.ENSP00000357392
IQCF1,9606.ENSP00000307958
MRPL21,9606.ENSP00000354580
MAD2L1,9606.ENSP00000296509
DRAP1,9606.ENSP00000307850
SPATA24,9606.ENSP00000414920
HSPB1,9606.ENSP00000248553
GJE1,9606.ENSP00000455469
LDLRAD1,9606.ENSP00000360411
CIMIP7,9606.ENSP00000454903
PPP1R1B,9606.ENSP00000254079
ARHGDIA,9606.ENSP00000463939
ASF1A,9606.ENSP00000229595
VSTM2L,9606.ENSP00000362560
PYM1,9606.ENSP00000386156
PINLYP,9606.ENSP00000479240
B9D1,9606.ENSP00000261499
DUXA,9606.ENSP00000452398
PPCDC,9606.ENSP00000343190
TPD52L1,9606.ENSP00000306285
BMERB1,9606.ENSP00000300006
HDDC2,9606.ENSP00000381220
NABP1,9606.ENSP00000403683
MRGBP,9606.ENSP00000359518
RPL15,9606.ENSP00000309334
THOC7,9606.ENSP00000295899
RRAS2,9606.ENSP00000256196
NRSN2,9606.ENSP00000371728
BCL2L10,9606.ENSP00000453562
METTL26,9606.ENSP00000440765
PAXX,9606.ENSP00000360682
SRY,9606.ENSP00000372547
MXRA7,9606.ENSP00000465103
PNMA8C,9606.ENSP00000490139
TSPAN13,9606.ENSP00000262067
POLR3H,9606.ENSP00000347345
ARL15,9606.ENSP00000433427
RPS5,9606.ENSP00000472985
RAB30,9606.ENSP00000435189
RAB29,9606.ENSP00000356107
RAB13,9606.ENSP00000357564
MTHFS,9606.ENSP00000258874
TMA16,9606.ENSP00000351380
RNF152,9606.ENSP00000316628
RASL10A,9606.ENSP00000216101
RPL13A,9606.ENSP00000375730
AKIRIN2,9606.ENSP00000257787
DPCD,9606.ENSP00000359170
HDGFL3,9606.ENSP00000299633
ARL6IP1,9606.ENSP00000306788
AIRIM,9606.ENSP00000350704
RASL10B,9606.ENSP00000474230
RAB24,9606.ENSP00000304376
TMEM269,9606.ENSP00000490716
ASF1B,9606.ENSP00000263382
TWIST1,9606.ENSP00000242261
PPP1R2C,9606.ENSP00000490336
TM4SF1,9606.ENSP00000304277
SLC66A3,9606.ENSP00000295083
PTTG1,9606.ENSP00000377536
VMO1,9606.ENSP00000328397
BCL7B,9606.ENSP00000411073
RGS16,9606.ENSP00000356529
COMMD10,9606.ENSP00000274458
C8G,9606.ENSP00000360697
TM4SF4,9606.ENSP00000305852
IL17D,9606.ENSP00000302924
CLEC3B,9606.ENSP00000296130
KRTAP5-10,9606.ENSP00000381542
SAMD10,9606.ENSP00000358902
CCDC85B,9606.ENSP00000311695
TMEM223,9606.ENSP00000303987
JOSD1,9606.ENSP00000216039
LIF,9606.ENSP00000249075
C4orf51,9606.ENSP00000391404
PTTG2,9606.ENSP00000424261
BLOC1S3,9606.ENSP00000393840
PRRG2,9606.ENSP00000246794
ORM1,9606.ENSP00000259396
ORM2,9606.ENSP00000394936
CTF1,9606.ENSP00000279804
SNX10,9606.ENSP00000395474
SAMD12,9606.ENSP00000314173
RBP4,9606.ENSP00000360522
RAB9A,9606.ENSP00000420127
DPT,9606.ENSP00000356791
PTPMT1,9606.ENSP00000325958
LY6G5B,9606.ENSP00000365024
REEP1,9606.ENSP00000392197
ARFRP1,9606.ENSP00000483486
ARHGDIB,9606.ENSP00000228945
NCR3,9606.ENSP00000342156
FKBP11,9606.ENSP00000449751
RAB1B,9606.ENSP00000310226
UBE2E2,9606.ENSP00000379931
CBLN4,9606.ENSP00000064571
NT5C,9606.ENSP00000245552
GUCA1A,9606.ENSP00000053469
SDC2,9606.ENSP00000307046
SCX,9606.ENSP00000476384
RAB9B,9606.ENSP00000243298
RANBP1,9606.ENSP00000401564
TAGLN,9606.ENSP00000376678
REX1BD,9606.ENSP00000351422
MRPS10,9606.ENSP00000053468
TM4SF18,9606.ENSP00000296059
EFNA4,9606.ENSP00000414378
CD300LB,9606.ENSP00000376397
ARL4D,9606.ENSP00000322628
CIMIP2C,9606.ENSP00000332875
RAB35,9606.ENSP00000229340
PSMB2,9606.ENSP00000362334
TMED2,9606.ENSP00000262225
CHMP6,9606.ENSP00000317468
CNTF,9606.ENSP00000355370
INS-IGF2,9606.ENSP00000380440
MED22,9606.ENSP00000482438
APOBEC3H,9606.ENSP00000385741
MED29,9606.ENSP00000481733
LHFPL7,9606.ENSP00000385494
CDO1,9606.ENSP00000250535
TREML4,9606.ENSP00000342570
VSTM5,9606.ENSP00000386607
COMMD7,9606.ENSP00000278980
GUCA1B,9606.ENSP00000230361
MS4A5,9606.ENSP00000300190
UBE2K,9606.ENSP00000261427
HMGB3,9606.ENSP00000359393
ITGB1BP1,9606.ENSP00000353850
TCEAL3,9606.ENSP00000361711
AP5S1,9606.ENSP00000481750
IFNL1,9606.ENSP00000329991
LHFPL6,9606.ENSP00000368908
ARL4A,9606.ENSP00000379898
RAB10,9606.ENSP00000264710
CCDC28B,9606.ENSP00000413017
RCVRN,9606.ENSP00000226193
CATSPERZ,9606.ENSP00000491717
DMAC2L,9606.ENSP00000451583
IFNL2,9606.ENSP00000333639
PABPC1L2A,9606.ENSP00000362618
C1orf50,9606.ENSP00000361603
RNASE11,9606.ENSP00000451318
CRADD,9606.ENSP00000439068
AURKAIP1,9606.ENSP00000342676
PRDX1,9606.ENSP00000262746
RERG,9606.ENSP00000256953
NMRK1,9606.ENSP00000366007
PEMT,9606.ENSP00000255389
RAB7B,9606.ENSP00000479762
CD69,9606.ENSP00000228434
ZMAT2,9606.ENSP00000274712
RPP25,9606.ENSP00000317691
COMMD4,9606.ENSP00000267935
SAP25,9606.ENSP00000481773
C1orf185,9606.ENSP00000360824
TAGLN3,9606.ENSP00000377494
ZNRD2,9606.ENSP00000312318
APOBEC3A,9606.ENSP00000384359
CHMP1B,9606.ENSP00000432279
HPGDS,9606.ENSP00000295256
TCF15,9606.ENSP00000246080
SHISAL1,9606.ENSP00000370568
IL11,9606.ENSP00000264563
DIRAS2,9606.ENSP00000364919
TAGLN2,9606.ENSP00000357076
DNAJC5B,9606.ENSP00000276570
ICOS,9606.ENSP00000319476
C4orf33,9606.ENSP00000281146
MAP6D1,9606.ENSP00000314560
COMMD2,9606.ENSP00000419475
TMEM9B,9606.ENSP00000433361
SRI,9606.ENSP00000265729
ARMC7,9606.ENSP00000245543
DYNLT2,9606.ENSP00000355736
COMMD9,9606.ENSP00000263401
TMEM17,9606.ENSP00000335094
LRMDA,9606.ENSP00000480240
PRDX2,9606.ENSP00000301522
FCF1,9606.ENSP00000344393
DIRAS1,9606.ENSP00000325836
DUSP14,9606.ENSP00000477653
SOCS2,9606.ENSP00000481249
APOO,9606.ENSP00000368528
AICDA,9606.ENSP00000229335
DENR,9606.ENSP00000280557
CDKN1B,9606.ENSP00000228872
TAF11L9,9606.ENSP00000492463
YKT6,9606.ENSP00000223369
TAF11L11,9606.ENSP00000491846
TAF11L5,9606.ENSP00000491174
TAF11L4,9606.ENSP00000491494
TAF11L2,9606.ENSP00000492047
TAF11L3,9606.ENSP00000492787
TAF11L13,9606.ENSP00000491332
CXXC4,9606.ENSP00000378248
DNAJC5,9606.ENSP00000354111
SAR1A,9606.ENSP00000362339
LEUTX,9606.ENSP00000380053
ZFP41,9606.ENSP00000428966
SDC4,9606.ENSP00000361818
BCL2L11,9606.ENSP00000376943
TNFAIP8,9606.ENSP00000427424
LBX2,9606.ENSP00000366789
RD3L,9606.ENSP00000455434
LCN2,9606.ENSP00000362108
ANGPTL8,9606.ENSP00000479969
DNAJC12,9606.ENSP00000225171
MRPL12,9606.ENSP00000333837
C19orf81,9606.ENSP00000417035
FAM219B,9606.ENSP00000350260
PRXL2B,9606.ENSP00000413218
SAR1B,9606.ENSP00000385432
DUSP13B,9606.ENSP00000475626
SIRPD,9606.ENSP00000371036
CLEC3A,9606.ENSP00000499168
SPC24,9606.ENSP00000465075
TM4SF5,9606.ENSP00000270560
VBP1,9606.ENSP00000286428
TLE5,9606.ENSP00000221561
GPX4,9606.ENSP00000346103
AKAP14,9606.ENSP00000360485
LIN7C,9606.ENSP00000278193
CD164,9606.ENSP00000309376
NRTN,9606.ENSP00000302648
IL17C,9606.ENSP00000244241
UBE2T,9606.ENSP00000494957
NKAIN3,9606.ENSP00000429073
EFCAB9,9606.ENSP00000381247
CRYBA2,9606.ENSP00000295728
TAF11L12,9606.ENSP00000491758
CARD16,9606.ENSP00000364858
TAF11L14,9606.ENSP00000491472
ZNF581,9606.ENSP00000466047
HIKESHI,9606.ENSP00000278483
SHISA4,9606.ENSP00000355064
MYL4,9606.ENSP00000347055
GUK1,9606.ENSP00000355689
RCAN2,9606.ENSP00000360425
C11orf87,9606.ENSP00000331581
SFTPC,9606.ENSP00000316152
GINS1,9606.ENSP00000262460
CHMP1A,9606.ENSP00000380998
SERTAD3,9606.ENSP00000375882
CMPK1,9606.ENSP00000360939
CHP2,9606.ENSP00000300113
RHOB,9606.ENSP00000272233
HSPB8,9606.ENSP00000281938
SPRYD7,9606.ENSP00000354774
RER1,9606.ENSP00000475168
RBPMS,9606.ENSP00000340176
MPV17L,9606.ENSP00000379669
ARL11,9606.ENSP00000282026
PGLYRP1,9606.ENSP00000008938
BORCS5,9606.ENSP00000321546
CRYBA4,9606.ENSP00000346805
ANKRD66,9606.ENSP00000454770
NPVF,9606.ENSP00000222674
PGPEP1L,9606.ENSP00000368199
CALML4,9606.ENSP00000419081
RPL19,9606.ENSP00000225430
SIT1,9606.ENSP00000259608
TEX261,9606.ENSP00000272438
CRH,9606.ENSP00000276571
IFNL3,9606.ENSP00000481633
FAM120A2P,9606.ENSP00000364568
MRPS18A,9606.ENSP00000361206
TMEM134,9606.ENSP00000312615
COMMD3,9606.ENSP00000366032
CYBA,9606.ENSP00000261623
IGF1,9606.ENSP00000376637
FAM168B,9606.ENSP00000374565
PXMP2,9606.ENSP00000321271
PLA2G12B,9606.ENSP00000362123
IFNW1,9606.ENSP00000369578
CHP1,9606.ENSP00000335632
SELENOT,9606.ENSP00000418910
KLRG1,9606.ENSP00000266551
TMEM239,9606.ENSP00000354312
MYL3,9606.ENSP00000499406
RD3,9606.ENSP00000355969
NRSN1,9606.ENSP00000367739
NUDT16,9606.ENSP00000422375
PABIR3,9606.ENSP00000359820
LSM12,9606.ENSP00000466718
TMEM126A,9606.ENSP00000306887
SPACA7,9606.ENSP00000283550
MARCKSL1,9606.ENSP00000362638
PGRMC1,9606.ENSP00000217971
KRTAP4-3,9606.ENSP00000375151
BID,9606.ENSP00000318822
EXOSC1,9606.ENSP00000359939
RAB31,9606.ENSP00000461945
PYCARD,9606.ENSP00000247470
SSU72L2,9606.ENSP00000491669
WASHC3,9606.ENSP00000240079
LKAAEAR1,9606.ENSP00000310801
MRPS11,9606.ENSP00000317376
BNIP3,9606.ENSP00000357625
C9orf40,9606.ENSP00000366050
TMEM212,9606.ENSP00000334072
MYL1,9606.ENSP00000307280
CSRP3,9606.ENSP00000431813
CD300LD,9606.ENSP00000364501
C20orf203,9606.ENSP00000495424
MBD3L1,9606.ENSP00000471575
IL18BP,9606.ENSP00000434717
CFAP107,9606.ENSP00000477802
RAB22A,9606.ENSP00000244040
AK1,9606.ENSP00000223836
RPS7,9606.ENSP00000495273
FGF7,9606.ENSP00000267843
DESI2,9606.ENSP00000306528
CHLSN,9606.ENSP00000380286
PRELID3B,9606.ENSP00000348206
TIMM22,9606.ENSP00000320236
SSU72L5,9606.ENSP00000491949
SSU72L4,9606.ENSP00000491663
RPS9,9606.ENSP00000375632
ITPA,9606.ENSP00000369456
SSU72L3,9606.ENSP00000491768
SSU72,9606.ENSP00000291386
H1-0,9606.ENSP00000344504
SSU72L6,9606.ENSP00000492512
LYG1,9606.ENSP00000386923
SSU72L1,9606.ENSP00000491894
CCDC184,9606.ENSP00000320849
ZNF740,9606.ENSP00000409463
C2orf80,9606.ENSP00000343171
CFAP20,9606.ENSP00000262498
UBE2E1,9606.ENSP00000303709
ANXA2R,9606.ENSP00000315915
CD70,9606.ENSP00000395294
HPCA,9606.ENSP00000362566
IL18,9606.ENSP00000280357
PERP,9606.ENSP00000397157
ASCL2,9606.ENSP00000332293
CSRP2,9606.ENSP00000310901
CITED1,9606.ENSP00000401764
HPCAL1,9606.ENSP00000483786
EPO,9606.ENSP00000252723
DDIT4L,9606.ENSP00000354830
OOSP3,9606.ENSP00000495263
CSRP1,9606.ENSP00000356275
CBLN1,9606.ENSP00000219197
NCALD,9606.ENSP00000379256
GM2A,9606.ENSP00000349687
BCL2L2,9606.ENSP00000250405
AP3S1,9606.ENSP00000325369
C11orf91,9606.ENSP00000368296
AP3S2,9606.ENSP00000338777
MSGN1,9606.ENSP00000281047
RHOA,9606.ENSP00000400175
SNX22,9606.ENSP00000323435
RHOC,9606.ENSP00000285735
FAM210B,9606.ENSP00000360437
SPATA3,9606.ENSP00000388895
ZCCHC10,9606.ENSP00000423276
BAX,9606.ENSP00000293288
INO80C,9606.ENSP00000391457
NKIRAS1,9606.ENSP00000393785
LRRC51,9606.ENSP00000496019
RNF185,9606.ENSP00000320508
RNF183,9606.ENSP00000419454
IGSF23,9606.ENSP00000385592
SEC11C,9606.ENSP00000468633
RAC2,9606.ENSP00000249071
TMEM11,9606.ENSP00000319992
LCN12,9606.ENSP00000360696
ARL4C,9606.ENSP00000339754
DMRTC1;,9606.ENSP00000334501
AKIRIN1,9606.ENSP00000392678
MSRB3,9606.ENSP00000347324
MRPL11,9606.ENSP00000308897
ARL14,9606.ENSP00000323847
RAC1,9606.ENSP00000348461
RAC3,9606.ENSP00000304283
PMVK,9606.ENSP00000357452
FAM169BP,9606.ENSP00000332615
RPL9,9606.ENSP00000494697
PDCD6,9606.ENSP00000264933
C6orf120,9606.ENSP00000346931
CBX5,9606.ENSP00000209875
RHOH,9606.ENSP00000371219
NKIRAS2,9606.ENSP00000303580
DPRX,9606.ENSP00000365838
CIMAP3,9606.ENSP00000358753
CIB1,9606.ENSP00000479860
AMELX,9606.ENSP00000370088
HPCAL4,9606.ENSP00000481834
VSNL1,9606.ENSP00000384719
CDC42,9606.ENSP00000497733
RHOG,9606.ENSP00000339467
CLEC2D,9606.ENSP00000261340
ANKRD22,9606.ENSP00000360998
MEAF6,9606.ENSP00000362166
TSR2,9606.ENSP00000364293
KCNMB1,9606.ENSP00000274629
ADAT2,9606.ENSP00000237283
RNF4,9606.ENSP00000426503
MRPS23,9606.ENSP00000320184
GPX2,9606.ENSP00000374265
PTGDS,9606.ENSP00000360687
NTPCR,9606.ENSP00000355587
FAM174A,9606.ENSP00000307954
MINAR2,9606.ENSP00000454268
COMMD1,9606.ENSP00000308236
DUSP21,9606.ENSP00000343244
SHISAL2A,9606.ENSP00000429726
JPT2,9606.ENSP00000248098
CYGB,9606.ENSP00000293230
RIPPLY3,9606.ENSP00000331734
DCTN6,9606.ENSP00000221114
LZIC,9606.ENSP00000366430
SLC31A1,9606.ENSP00000363329
SEBOX,9606.ENSP00000444503
OVOL3,9606.ENSP00000487603
NCS1,9606.ENSP00000361475
C17orf107,9606.ENSP00000370770
SPATA12,9606.ENSP00000335392
DNAL1,9606.ENSP00000452037
METTL23,9606.ENSP00000482599
IFNA13,9606.ENSP00000480467
APOBEC3C,9606.ENSP00000355340
TMEM37,9606.ENSP00000303148
RBM18,9606.ENSP00000409315
IL23A,9606.ENSP00000228534
TTC36,9606.ENSP00000307640
CT45A1,9606.ENSP00000470185
CT45A5,9606.ENSP00000427342
PRR29,9606.ENSP00000396936
PLA2G12A,9606.ENSP00000243501
STMN4,9606.ENSP00000342538
TMEM205,9606.ENSP00000346954
CT45A2,9606.ENSP00000481184
DAND5,9606.ENSP00000323155
IFNA8,9606.ENSP00000369553
TP53I11,9606.ENSP00000436152
CT45A3,9606.ENSP00000471418
IFNA4,9606.ENSP00000412897
HRAS,9606.ENSP00000407586
KRAS,9606.ENSP00000256078
FAM89B,9606.ENSP00000431459
MZB1,9606.ENSP00000303920
IFNA16,9606.ENSP00000369564
OAZ2,9606.ENSP00000463013
BHLHA15,9606.ENSP00000476312
IFNA6,9606.ENSP00000369558
NRAS,9606.ENSP00000358548
DNAJC5G,9606.ENSP00000296097
PRELID2,9606.ENSP00000335675
NDUFB5,9606.ENSP00000259037
CT45A10,9606.ENSP00000484601
APOD,9606.ENSP00000345179
IFNA5,9606.ENSP00000484479
IFNA7,9606.ENSP00000239347
SELENOS,9606.ENSP00000381282
MDFIC2,9606.ENSP00000490638
C20orf204,9606.ENSP00000489747
PARK7,9606.ENSP00000340278
IFNA17,9606.ENSP00000411940
IFNA1,9606.ENSP00000276927
FUNDC2,9606.ENSP00000358510
HEBP1,9606.ENSP00000014930
IFNA14,9606.ENSP00000369571
REEP5,9606.ENSP00000368959
IFNA21,9606.ENSP00000369574
IFNA10,9606.ENSP00000369566
PIGH,9606.ENSP00000216452
SSX3,9606.ENSP00000298396
DUSP18,9606.ENSP00000333917
SSX1,9606.ENSP00000366118
PRR3,9606.ENSP00000365744
ZNF428,9606.ENSP00000300811
SSX4,9606.ENSP00000469011
CLEC5A,9606.ENSP00000449999
SSX7,9606.ENSP00000298181
RWDD4,9606.ENSP00000388920
ARL6IP5,9606.ENSP00000273258
NANOGNB,9606.ENSP00000371553
PRADC1,9606.ENSP00000258083
MRPL32,9606.ENSP00000223324
JOSD2,9606.ENSP00000468956
IFNA2,9606.ENSP00000369554
CRIPTO,9606.ENSP00000296145
MOCS2,9606.ENSP00000380157
TMEM160,9606.ENSP00000253047
TRAPPC5,9606.ENSP00000470262
C5orf24,9606.ENSP00000378427
APOM,9606.ENSP00000365081
MRPL35,9606.ENSP00000338389
SSX5,9606.ENSP00000312415
GGCT,9606.ENSP00000275428
FBXO36,9606.ENSP00000283946
RPL18,9606.ENSP00000447001
CDRT15,9606.ENSP00000402355
C2orf74,9606.ENSP00000398725
BLOC1S5,9606.ENSP00000380598
MCEMP1,9606.ENSP00000329920
CCDC201,9606.ENSP00000489712
IDNK,9606.ENSP00000365601
CENPBD1P,9606.ENSP00000393854
PEBP1,9606.ENSP00000261313
CIB3,9606.ENSP00000269878
CYBC1,9606.ENSP00000388909
LCN10,9606.ENSP00000418491
EID1,9606.ENSP00000431162
TMEM272,9606.ENSP00000490718
IFNB1,9606.ENSP00000369581
CDNF,9606.ENSP00000419395
DHFR2,9606.ENSP00000319170
CIB2,9606.ENSP00000258930
GPX7,9606.ENSP00000354677
POMZP3,9606.ENSP00000309233
DHFR,9606.ENSP00000396308
KRTAP5-8,9606.ENSP00000420723
TNNI1,9606.ENSP00000354488
NME4,9606.ENSP00000219479
MRPS28,9606.ENSP00000276585
ARL9,9606.ENSP00000492671
HMGB4,9606.ENSP00000430919
DCTN3,9606.ENSP00000259632
FAM9B,9606.ENSP00000318716
TNFAIP8L1,9606.ENSP00000444215
TRAT1,9606.ENSP00000295756
NME6,9606.ENSP00000416658
VCX3A,9606.ENSP00000370479
VCF1,9606.ENSP00000384832
C1orf232,9606.ENSP00000489320
RBBP9,9606.ENSP00000336866
SPMIP2,9606.ENSP00000412215
TBPL1,9606.ENSP00000237264
IFT27,9606.ENSP00000393541
TEX36,9606.ENSP00000357811
CLEC19A,9606.ENSP00000490375
RANGRF,9606.ENSP00000226105
NDUFB8,9606.ENSP00000299166
ARL8A,9606.ENSP00000272217
HES3,9606.ENSP00000367130
ARL6,9606.ENSP00000419619
ARL8B,9606.ENSP00000479202
TGIF2LY,9606.ENSP00000453750
TDRP,9606.ENSP00000430325
RABAC1,9606.ENSP00000222008
CBX1,9606.ENSP00000377060
BOD1,9606.ENSP00000309644
CCDC32,9606.ENSP00000452773
CD99,9606.ENSP00000370588
GINS2,9606.ENSP00000253462
ADM,9606.ENSP00000436607
NSG1,9606.ENSP00000388823
UBE2F,9606.ENSP00000478474
DUSP3,9606.ENSP00000226004
SSR3,9606.ENSP00000420641
RLN2,9606.ENSP00000371040
HESX1,9606.ENSP00000498190
CSN1S1,9606.ENSP00000246891
KRTAP4-8,9606.ENSP00000328444
NOPCHAP1,9606.ENSP00000447057
TMEM140,9606.ENSP00000275767
ANAPC10,9606.ENSP00000478501
FAM219A,9606.ENSP00000499069
RLN1,9606.ENSP00000223862
IFT22,9606.ENSP00000320359
CIB4,9606.ENSP00000288861
MEA1,9606.ENSP00000495612
GKN1,9606.ENSP00000501093
NDUFAF3,9606.ENSP00000323076
LRRC20,9606.ENSP00000348043
DUSP22,9606.ENSP00000397459
BMF,9606.ENSP00000346697
FDX1,9606.ENSP00000260270
GPIHBP1,9606.ENSP00000480053
CITED4,9606.ENSP00000361721
TIFA,9606.ENSP00000354911
ARL2,9606.ENSP00000246747
PRKRIP1,9606.ENSP00000419270
RHOXF1,9606.ENSP00000217999
TNFRSF17,9606.ENSP00000053243
LCN15,9606.ENSP00000313833
IMP3,9606.ENSP00000326981
RAP1A,9606.ENSP00000358723
RHEB,9606.ENSP00000262187
CHAC2,9606.ENSP00000295304
UPK2,9606.ENSP00000264031
DYNAP,9606.ENSP00000315265
NUP62CL,9606.ENSP00000361544
TNFRSF13C,9606.ENSP00000291232
GKN2,9606.ENSP00000329292
FAM89A,9606.ENSP00000355614
GNPNAT1,9606.ENSP00000216410
ESM1,9606.ENSP00000370812
COPRS,9606.ENSP00000304327
RAP1B,9606.ENSP00000250559
GREM1,9606.ENSP00000498748
RAX2,9606.ENSP00000450456
GLO1,9606.ENSP00000362463
RPL17,9606.ENSP00000463842
TNFAIP8L2,9606.ENSP00000357906
UBE2H,9606.ENSP00000347836
JAGN1,9606.ENSP00000496942
ANKRD39,9606.ENSP00000377170
CXorf65,9606.ENSP00000363369
TNFSF4,9606.ENSP00000281834
RHEBL1,9606.ENSP00000301068
TMEM9,9606.ENSP00000356301
EMC4,9606.ENSP00000267750
USP17L23,9606.ENSP00000424077
DEFB129,9606.ENSP00000246105
MFAP2,9606.ENSP00000364685
COMMD8,9606.ENSP00000370984
UBE2M,9606.ENSP00000253023
SMAP,9606.ENSP00000228136
C1orf105,9606.ENSP00000356700
FTH1,9606.ENSP00000273550
SAYSD1,9606.ENSP00000229903
SSR2,9606.ENSP00000295702
RAP2B,9606.ENSP00000319096
MOBP,9606.ENSP00000312293
FAM180B,9606.ENSP00000443133
CMTM6,9606.ENSP00000205636
FDX2,9606.ENSP00000377311
RAP2C,9606.ENSP00000359911
SAP30L,9606.ENSP00000297109
TMEM154,9606.ENSP00000302144
CBX3,9606.ENSP00000336687
LYPD6B,9606.ENSP00000387077
MID1IP1,9606.ENSP00000483547
TMEM52B,9606.ENSP00000371348
FTHL17,9606.ENSP00000368207
RAP2A,9606.ENSP00000245304
FATE1,9606.ENSP00000359375
PLLP,9606.ENSP00000219207
CMTM3,9606.ENSP00000400482
MSRB2,9606.ENSP00000365693
ARL3,9606.ENSP00000260746
MANF,9606.ENSP00000499582
NAP1L5,9606.ENSP00000320488
CBFB,9606.ENSP00000415151
HSPB2,9606.ENSP00000302476
VPS29,9606.ENSP00000480853
CD3G,9606.ENSP00000431445
C16orf90,9606.ENSP00000401335
HINT3,9606.ENSP00000229633
TMCO2,9606.ENSP00000361852
C1orf52,9606.ENSP00000419417
CNPY2,9606.ENSP00000273308
CSN3,9606.ENSP00000304822
TNNI2,9606.ENSP00000371336
CRYGN,9606.ENSP00000338613
DCTN5,9606.ENSP00000300087
FAM237A,9606.ENSP00000490802
ARF3,9606.ENSP00000256682
KRTAP4-5,9606.ENSP00000340546
RGS10,9606.ENSP00000358099
RGS5,9606.ENSP00000433001
CALML6,9606.ENSP00000304643
NBL1,9606.ENSP00000289749
LEMD1,9606.ENSP00000356121
ARF1,9606.ENSP00000440005
ATF3,9606.ENSP00000344352
ISG20,9606.ENSP00000306565
TRAPPC3L,9606.ENSP00000357591
PDAP1,9606.ENSP00000222968
CD160,9606.ENSP00000358294
ABITRAM,9606.ENSP00000363753
ARL1,9606.ENSP00000261636
ARL17B,9606.ENSP00000460539
ASCL3,9606.ENSP00000435770
MCTS1,9606.ENSP00000360365
MCTS2,9606.ENSP00000496921
IRGM,9606.ENSP00000428220
TMEM47,9606.ENSP00000275954
NUDT4B,9606.ENSP00000338352
ARF5,9606.ENSP00000000233
GCG,9606.ENSP00000387662
VMA22,9606.ENSP00000259229
PAEP,9606.ENSP00000417898
YAF2,9606.ENSP00000328004
SPO16,9606.ENSP00000359401
RGS8,9606.ENSP00000258302
MRPL18,9606.ENSP00000356001
IL17B,9606.ENSP00000261796
STMN3,9606.ENSP00000359070
SPMIP9,9606.ENSP00000307142
APRT,9606.ENSP00000367615
BST2,9606.ENSP00000252593
ARF4,9606.ENSP00000306010
SPCS3,9606.ENSP00000427463
SPANXN2,9606.ENSP00000470584
TRAPPC3,9606.ENSP00000480332
CTAG1A,9606.ENSP00000332602
IGF2,9606.ENSP00000391826
RNF5,9606.ENSP00000364235
XG,9606.ENSP00000494087
CENPM,9606.ENSP00000215980
PTTG1IP,9606.ENSP00000328325
NIP7,9606.ENSP00000254940
SCAND1,9606.ENSP00000363103
FAIM,9606.ENSP00000342805
UBE2C,9606.ENSP00000348838
ARL5B,9606.ENSP00000366487
TCF21,9606.ENSP00000356857
ARL5A,9606.ENSP00000295087
HDDC3,9606.ENSP00000377814
DYNLT5,9606.ENSP00000282670
STMN2,9606.ENSP00000429243
C9orf85,9606.ENSP00000334289
ADI1,9606.ENSP00000333666
MPLKIP,9606.ENSP00000304553
CUTA,9606.ENSP00000499422
CPSF4L,9606.ENSP00000343900
IL22,9606.ENSP00000442424
NFE4,9606.ENSP00000498569
KLRD1,9606.ENSP00000338130
ARL5C,9606.ENSP00000269586
NDUFB9,9606.ENSP00000276689
PTRH2,9606.ENSP00000387180
MED30,9606.ENSP00000297347
NAA20,9606.ENSP00000335636
CAV1,9606.ENSP00000339191
DNLZ,9606.ENSP00000360803
IL10,9606.ENSP00000412237
BTC,9606.ENSP00000379092
PCNP,9606.ENSP00000265260
ARPC3,9606.ENSP00000228825
KLLN,9606.ENSP00000392204
GCSAM,9606.ENSP00000419485
TMEM196,9606.ENSP00000385087
DCTD,9606.ENSP00000349576
MED28,9606.ENSP00000237380
MRPL13,9606.ENSP00000306548
FXYD5,9606.ENSP00000444839
CRYGS,9606.ENSP00000376287
NPM3,9606.ENSP00000359128
PRAF2,9606.ENSP00000451962
LNP1,9606.ENSP00000373191
NOP16,9606.ENSP00000483001
RPL11,9606.ENSP00000496250
EDN2,9606.ENSP00000361668
PPIH,9606.ENSP00000306614
GP9,9606.ENSP00000303942
TEX50,9606.ENSP00000489890
C7orf33,9606.ENSP00000304071
ARL17A,9606.ENSP00000337478
IL25,9606.ENSP00000328111
CNBP,9606.ENSP00000410769
KRTAP1-1,9606.ENSP00000305975
COPZ1,9606.ENSP00000449270
DYDC1,9606.ENSP00000361278
TRARG1,9606.ENSP00000329548
PLAC8L1,9606.ENSP00000309087
TMEM190,9606.ENSP00000291934
KRTAP5-2,9606.ENSP00000400041
FANCD2OS,9606.ENSP00000429608
IL7,9606.ENSP00000263851
IL1RN,9606.ENSP00000259206
UBALD1,9606.ENSP00000283474
TNFSF18,9606.ENSP00000385470
CFAP126,9606.ENSP00000356951
DYDC2,9606.ENSP00000361272
IL19,9606.ENSP00000499459
ITGB3BP,9606.ENSP00000360133
PTHLH,9606.ENSP00000441765
PRND,9606.ENSP00000306900
RPL18A,9606.ENSP00000222247
VKORC1L1,9606.ENSP00000403077
SPMIP1,9606.ENSP00000490280
DUSP28,9606.ENSP00000385885
DR1,9606.ENSP00000359295
PNOC,9606.ENSP00000301908
TMEM97,9606.ENSP00000226230
TMEM95,9606.ENSP00000374632
VPS25,9606.ENSP00000253794
MDP1,9606.ENSP00000288087
C5orf47,9606.ENSP00000340887
LCN9,9606.ENSP00000277526
MCEE,9606.ENSP00000244217
TMEM238,9606.ENSP00000416154
MPV17,9606.ENSP00000369383
ADCYAP1,9606.ENSP00000462647
TPPP3,9606.ENSP00000462435
TRIR,9606.ENSP00000242784
LCN1,9606.ENSP00000263598
KXD1,9606.ENSP00000472836
IL20,9606.ENSP00000356065
MAL2,9606.ENSP00000479708
LCN8,9606.ENSP00000482512
TPRKB,9606.ENSP00000325398
CRYAB,9606.ENSP00000433560
RAMP2,9606.ENSP00000253796
CMTM7,9606.ENSP00000335605
CRYGB,9606.ENSP00000260988
MRPL17,9606.ENSP00000288937
B9D2,9606.ENSP00000243578
DLX6,9606.ENSP00000428480
BCL2A1,9606.ENSP00000267953
NDUFS4,9606.ENSP00000296684
KRTAP13-2,9606.ENSP00000382777
FTL,9606.ENSP00000366525
ARF6,9606.ENSP00000298316
FOXL2NB,9606.ENSP00000372651
SIVA1,9606.ENSP00000329213
REG3A,9606.ENSP00000377456
REG3G,9606.ENSP00000272324
AGR2,9606.ENSP00000391490
NDUFAF4,9606.ENSP00000358272
C15orf62,9606.ENSP00000341178
MYL7,9606.ENSP00000223364
IMMP2L,9606.ENSP00000384966
DNPH1,9606.ENSP00000230431
CEP20,9606.ENSP00000461830
NMU,9606.ENSP00000264218
UBL4B,9606.ENSP00000334044
MT-ND6,9606.ENSP00000354665
KRTAP1-5,9606.ENSP00000355302
RBM8A,9606.ENSP00000463058
CLEC2A,9606.ENSP00000396163
CRYGC,9606.ENSP00000282141
GET1,9606.ENSP00000496813
ADISSP,9606.ENSP00000217195
EEF1E1,9606.ENSP00000369038
CD164L2,9606.ENSP00000363142
CRYGA,9606.ENSP00000302105
CRYGD,9606.ENSP00000264376
C17orf50,9606.ENSP00000475146
KRTAP9-2,9606.ENSP00000366950
MYDGF,9606.ENSP00000262947
PTP4A1,9606.ENSP00000497588
MRPS25,9606.ENSP00000253686
ARL16,9606.ENSP00000380635
CRYAA,9606.ENSP00000291554
LIM2,9606.ENSP00000221973
NANOS3,9606.ENSP00000341992
GCSH,9606.ENSP00000319531
PTP4A3,9606.ENSP00000428976
MYL5,9606.ENSP00000383023
MFAP5,9606.ENSP00000352455
TMEM208,9606.ENSP00000305892
CABP5,9606.ENSP00000293255
CMTM8,9606.ENSP00000307741
SSR4,9606.ENSP00000317331
TMEM240,9606.ENSP00000368007
MARVELD1,9606.ENSP00000441365
FAM180A,9606.ENSP00000342336
SAMD5,9606.ENSP00000356444
URAD,9606.ENSP00000333490
AK6,9606.ENSP00000370201
TIMM17B,9606.ENSP00000379999
KRTAP13-3,9606.ENSP00000375109
BLOC1S6,9606.ENSP00000456851
CIRBP,9606.ENSP00000466025
LGALSL,9606.ENSP00000238875
RHEX,9606.ENSP00000356093
CETN2,9606.ENSP00000359300
POLR2G,9606.ENSP00000301788
TXNDC12,9606.ENSP00000360688
VOPP1,9606.ENSP00000285279
TMEM91,9606.ENSP00000375859
CETN1,9606.ENSP00000319052
NENF,9606.ENSP00000355955
BOD1L2,9606.ENSP00000467843
KRTAP13-1,9606.ENSP00000347635
TPT1,9606.ENSP00000477781
ZG16B,9606.ENSP00000371715
SMIM23,9606.ENSP00000430818
PRELID3A,9606.ENSP00000338988
BACC1,9606.ENSP00000448598
NDUFB10,9606.ENSP00000268668
ASCL4,9606.ENSP00000345420
NDUFA8,9606.ENSP00000362873
CACFD1,9606.ENSP00000440832
MYL12B,9606.ENSP00000463559
NUDT3,9606.ENSP00000476119
MYL9,9606.ENSP00000279022
MRAP,9606.ENSP00000382684
EXOC1L,9606.ENSP00000490760
TIMM17A,9606.ENSP00000356256
LYPD6,9606.ENSP00000334463
FAM209B,9606.ENSP00000360376
NSG2,9606.ENSP00000307722
MYL12A,9606.ENSP00000464359
TTC9C,9606.ENSP00000325266
SAT1,9606.ENSP00000368572
CD3D,9606.ENSP00000300692
TSEN15,9606.ENSP00000355299
PPP1R1A,9606.ENSP00000257905
FAM209A,9606.ENSP00000360379
BTG1,9606.ENSP00000256015
COX4I2,9606.ENSP00000365243
IL26,9606.ENSP00000229134
KRABD4,9606.ENSP00000345797
TSPO2,9606.ENSP00000362255
UBE2G1,9606.ENSP00000380178
DCTPP1,9606.ENSP00000322524
VIP,9606.ENSP00000356213
PPP3R1,9606.ENSP00000234310
TMEM217B,9606.ENSP00000499172
FGF22,9606.ENSP00000215530
OBP2B,9606.ENSP00000484615
CAMP,9606.ENSP00000296435
HSPB7,9606.ENSP00000364870
SAT2,9606.ENSP00000269298
TMEM252,9606.ENSP00000366528
NTS,9606.ENSP00000256010
TPPP2,9606.ENSP00000317595
PPP3R2,9606.ENSP00000498330
ZMAT5,9606.ENSP00000344241
ZNF576,9606.ENSP00000337852
NAA50,9606.ENSP00000240922
SDHC,9606.ENSP00000356953
COX4I1,9606.ENSP00000457513
EREG,9606.ENSP00000244869
SNX24,9606.ENSP00000261369
SPRR3,9606.ENSP00000330391
KRTAP9-7,9606.ENSP00000375149
SRARP,9606.ENSP00000332162
TSPO,9606.ENSP00000379563
CFAP276,9606.ENSP00000358965
SPCS1,9606.ENSP00000233025
HOATZ,9606.ENSP00000333845
IL36G,9606.ENSP00000259205
NDUFAF2,9606.ENSP00000296597
MYL11,9606.ENSP00000325239
CMTM1,9606.ENSP00000368814
NME3,9606.ENSP00000219302
DDIT3,9606.ENSP00000448665
VMAC,9606.ENSP00000343348
CCDC200,9606.ENSP00000490609
CDKN2C,9606.ENSP00000262662
DAZAP2,9606.ENSP00000448051
PTN,9606.ENSP00000341170
PLAAT1,9606.ENSP00000498228
ARPC4,9606.ENSP00000388169
BAD,9606.ENSP00000378040
ATP5F1D,9606.ENSP00000215375
HTD2,9606.ENSP00000481593
GREM2,9606.ENSP00000318650
DESI1,9606.ENSP00000263256
DTD2,9606.ENSP00000312224
TMEM31,9606.ENSP00000316940
PLA2G2F,9606.ENSP00000364243
ZG16,9606.ENSP00000383563
PTP4A2,9606.ENSP00000493688
CLECL1,9606.ENSP00000483624
MOSMO,9606.ENSP00000454926
CETN3,9606.ENSP00000428259
YBEY,9606.ENSP00000329614
LEP,9606.ENSP00000312652
KRTAP1-3,9606.ENSP00000344420
TCAP,9606.ENSP00000312624
GTSF1,9606.ENSP00000446485
ZBTB8OS,9606.ENSP00000417677
ISCU,9606.ENSP00000310623
CLDND2,9606.ENSP00000291715
MRPS24,9606.ENSP00000318158
CGGBP1,9606.ENSP00000381429
EMP2,9606.ENSP00000352540
TCF24,9606.ENSP00000455444
GEMIN6,9606.ENSP00000281950
SPATA19,9606.ENSP00000299140
TMEM229B,9606.ENSP00000350050
TMEM35A,9606.ENSP00000362021
FAM163A,9606.ENSP00000354891
UFC1,9606.ENSP00000356982
GOLGA7B,9606.ENSP00000359634
TEX51,9606.ENSP00000489776
AGR3,9606.ENSP00000308606
IMMP1L,9606.ENSP00000278200
PPIL1,9606.ENSP00000362803
HES5,9606.ENSP00000367714
TXN2,9606.ENSP00000216185
C2orf68,9606.ENSP00000304410
MYL2,9606.ENSP00000228841
MTRFR,9606.ENSP00000390647
CFL2,9606.ENSP00000298159
MTFP1,9606.ENSP00000266263
FAM9C,9606.ENSP00000334430
REG1B,9606.ENSP00000303206
SDHAF2,9606.ENSP00000301761
PTGES3L,9606.ENSP00000386902
ZCCHC13,9606.ENSP00000345633
FAM163B,9606.ENSP00000501259
FERD3L,9606.ENSP00000275461
REG1A,9606.ENSP00000233735
IFNG,9606.ENSP00000229135
MRPL49,9606.ENSP00000279242
CFL1,9606.ENSP00000432660
CDKN2D,9606.ENSP00000377224
PRH1;,9606.ENSP00000379682
CCDC12,9606.ENSP00000292314
ASAH2B,9606.ENSP00000495463
TMEM128,9606.ENSP00000372201
C20orf141,9606.ENSP00000369963
NKG7,9606.ENSP00000221978
UBD,9606.ENSP00000366249
LMO4,9606.ENSP00000359575
UBE2G2,9606.ENSP00000338348
CGB7,9606.ENSP00000470813
EIF1AD,9606.ENSP00000434056
GADD45A,9606.ENSP00000360025
FAM86C1P,9606.ENSP00000352182
NPW,9606.ENSP00000456974
ISG15,9606.ENSP00000496832
PLA2G10,9606.ENSP00000393847
CGB3,9606.ENSP00000301408
PMCH,9606.ENSP00000332225
RPS10,9606.ENSP00000481646
DSTN,9606.ENSP00000246069
PPP1R14C,9606.ENSP00000355260
EVA1B,9606.ENSP00000270824
PPIA,9606.ENSP00000419425
CHIC2,9606.ENSP00000263921
KRTAP5-7,9606.ENSP00000417330
RPL12,9606.ENSP00000354739
LY6K,9606.ENSP00000292430
SELENOF,9606.ENSP00000328729
NRN1L,9606.ENSP00000342411
GLRX2,9606.ENSP00000356410
IQCF2,9606.ENSP00000329904
PPIAL4H,9606.ENSP00000464619
LCNL1,9606.ENSP00000386162
RNASEH2C,9606.ENSP00000308193
MAFF,9606.ENSP00000442060
UBALD2,9606.ENSP00000331298
PLAAT4,9606.ENSP00000255688
NUDT10,9606.ENSP00000365174
NUDT15,9606.ENSP00000258662
PPIAL4G,9606.ENSP00000393845
SRSF3,9606.ENSP00000362820
NUDT11,9606.ENSP00000365160
CD247,9606.ENSP00000354782
CDKN1A,9606.ENSP00000384849
LSMEM2,9606.ENSP00000315081
PPIAL4E,9606.ENSP00000463419
PPIAL4A,9606.ENSP00000485206
IL36B,9606.ENSP00000259213
PPIAL4C,9606.ENSP00000463057
AVP,9606.ENSP00000369647
PPIAL4D,9606.ENSP00000439444
TMEM234,9606.ENSP00000309792
CFAP97D1,9606.ENSP00000415662
IL31,9606.ENSP00000366234
TEX19,9606.ENSP00000331500
CNRIP1,9606.ENSP00000263655
KRTAP11-1,9606.ENSP00000330720
CASTOR3P,9606.ENSP00000389760
CEP19,9606.ENSP00000387209
VKORC1,9606.ENSP00000378426
CGB2,9606.ENSP00000352295
BCL2L15,9606.ENSP00000376992
TMEM278,9606.ENSP00000455099
RSL24D1,9606.ENSP00000260443
POP5,9606.ENSP00000350098
IL17F,9606.ENSP00000337432
RPP25L,9606.ENSP00000297613
FAM167B,9606.ENSP00000362684
CIAO2B,9606.ENSP00000387471
HINT2,9606.ENSP00000259667
EFCAB11,9606.ENSP00000326267
RARRES2,9606.ENSP00000418009
OMP,9606.ENSP00000436376
CCDC140,9606.ENSP00000295226
LYSET,9606.ENSP00000388431
LCN6,9606.ENSP00000339621
PIN1,9606.ENSP00000247970
EMP3,9606.ENSP00000469194
JDP2,9606.ENSP00000267569
SKP1,9606.ENSP00000231487
ARL2BP,9606.ENSP00000219204
PDPN,9606.ENSP00000294489
SNX12,9606.ENSP00000481314
LY86,9606.ENSP00000369286
CAV2,9606.ENSP00000222693
CIMIP5,9606.ENSP00000370997
MAFG,9606.ENSP00000350369
TMEM138,9606.ENSP00000278826
PLAAT2,9606.ENSP00000255695
PLAAT3,9606.ENSP00000320337
IL15,9606.ENSP00000296545
IL21,9606.ENSP00000497915
C3orf18,9606.ENSP00000349732
FAM162B,9606.ENSP00000357545
SNX3,9606.ENSP00000230085
LAMTOR1,9606.ENSP00000278671
LITAF,9606.ENSP00000459533
UBE2QL1,9606.ENSP00000382713
EDDM13,9606.ENSP00000497858
EID2B,9606.ENSP00000317564
C9orf57,9606.ENSP00000366223
TNNC1,9606.ENSP00000232975
ID4,9606.ENSP00000367972
LDAF1,9606.ENSP00000409879
ALOX5AP,9606.ENSP00000479870
RNASE2,9606.ENSP00000303276
UCN3,9606.ENSP00000369798
ATP5PD,9606.ENSP00000301587
TAF12,9606.ENSP00000263974
MRPL30,9606.ENSP00000338057
THY1,9606.ENSP00000284240
MORN5,9606.ENSP00000362869
TIFAB,9606.ENSP00000440509
PPIL3,9606.ENSP00000286175
CNIH3,9606.ENSP00000272133
CPLX4,9606.ENSP00000299721
MAX,9606.ENSP00000351490
SHISAL2B,9606.ENSP00000373726
BIK,9606.ENSP00000216115
GLOD5,9606.ENSP00000302552
GADD45B,9606.ENSP00000215631
NRAC,9606.ENSP00000333041
PTGES3,9606.ENSP00000482075
CZIB,9606.ENSP00000294360
KRTAP13-4,9606.ENSP00000334834
MPHOSPH6,9606.ENSP00000258169
RPL21,9606.ENSP00000346027
TGFA,9606.ENSP00000404131
PMP22,9606.ENSP00000308937
LY96,9606.ENSP00000284818
GPSM3,9606.ENSP00000364183
MCRIP2,9606.ENSP00000305138
CNIH2,9606.ENSP00000310003
TWIST2,9606.ENSP00000482581
RNASE3,9606.ENSP00000302324
HSPB6,9606.ENSP00000004982
TNNC2,9606.ENSP00000361636
OOSP4B,9606.ENSP00000494382
KRTAP9-6,9606.ENSP00000375150
CIAO2A,9606.ENSP00000300030
SFT2D2,9606.ENSP00000271375
TMEM220,9606.ENSP00000339830
AGTRAP,9606.ENSP00000319713
TMEM92,9606.ENSP00000300433
SDHD,9606.ENSP00000364699
JCHAIN,9606.ENSP00000440066
IQCJ,9606.ENSP00000402153
TMEM89,9606.ENSP00000329557
SFT2D1,9606.ENSP00000354590
SPACA5,9606.ENSP00000304762
TRAPPC6A,9606.ENSP00000006275
FAM174B,9606.ENSP00000329040
GADD45G,9606.ENSP00000252506
TMEM88,9606.ENSP00000301599
CST9,9606.ENSP00000366170
HSPB9,9606.ENSP00000458018
RGS13,9606.ENSP00000442837
KRTAP9-8,9606.ENSP00000254072
TMEM42,9606.ENSP00000306564
KRTAP9-3,9606.ENSP00000392189
LRCOL1,9606.ENSP00000479730
DPPA3,9606.ENSP00000339250
TSLP,9606.ENSP00000339804
TCEAL1,9606.ENSP00000361708
SNRPC,9606.ENSP00000244520
C5orf52,9606.ENSP00000387027
SCOC,9606.ENSP00000477352
RPL29,9606.ENSP00000294189
RPS11,9606.ENSP00000270625
REG4,9606.ENSP00000346158
FAM177B,9606.ENSP00000414451
LMO2,9606.ENSP00000257818
BTF3L4,9606.ENSP00000360664
EOLA2,9606.ENSP00000359434
SRGN,9606.ENSP00000242465
AP1S1,9606.ENSP00000336666
DBNDD1,9606.ENSP00000457625
BTG2,9606.ENSP00000290551
CPLX3,9606.ENSP00000378464
TMEM50B,9606.ENSP00000439768
C16orf95,9606.ENSP00000455079
CYS1,9606.ENSP00000371234
IL36A,9606.ENSP00000259211
PIGP,9606.ENSP00000420037
MRPL50,9606.ENSP00000363999
TRAPPC6B,9606.ENSP00000330289
OOSP2,9606.ENSP00000278855
ANKRD37,9606.ENSP00000335147
EOLA1,9606.ENSP00000423099
KLRC4,9606.ENSP00000310216
GML,9606.ENSP00000220940
ACP1,9606.ENSP00000272067
MZT2A,9606.ENSP00000311500
UBE2I,9606.ENSP00000348056
CYREN,9606.ENSP00000376823
GLRX5,9606.ENSP00000328570
UBL4A,9606.ENSP00000358674
GAPT,9606.ENSP00000379997
AP1S2,9606.ENSP00000500695
RFESD,9606.ENSP00000413592
TMEM50A,9606.ENSP00000363478
RPL24,9606.ENSP00000377640
UXT,9606.ENSP00000337393
C15orf61,9606.ENSP00000342254
NUDCD2,9606.ENSP00000304854
RBM3,9606.ENSP00000365950
FAM218A,9606.ENSP00000427428
EMP1,9606.ENSP00000256951
RPS27A,9606.ENSP00000272317
RNASE7,9606.ENSP00000298690
RPL23A,9606.ENSP00000389103
CDKN2A,9606.ENSP00000418915
PSPN,9606.ENSP00000245810
MAFK,9606.ENSP00000344903
RNASE13,9606.ENSP00000372410
RNASE1,9606.ENSP00000381057
DEFB125,9606.ENSP00000371847
IER3,9606.ENSP00000259874
NUDT1,9606.ENSP00000380241
ERICH2,9606.ENSP00000387298
LMO1,9606.ENSP00000338207
NCBP2,9606.ENSP00000326806
KRTAP5-11,9606.ENSP00000381541
SYS1,9606.ENSP00000243918
NDUFAB1,9606.ENSP00000458770
SCP2D1,9606.ENSP00000366645
TMIE,9606.ENSP00000494576
NXNL2,9606.ENSP00000365014
C1orf162,9606.ENSP00000344218
MGST1,9606.ENSP00000379512
PPP1R17,9606.ENSP00000340125
RFK,9606.ENSP00000365926
ID1,9606.ENSP00000365280
IL17A,9606.ENSP00000497968
FBXO48,9606.ENSP00000367193
SREK1IP1,9606.ENSP00000427401
FGF1,9606.ENSP00000480791
SNRNP27,9606.ENSP00000244227
ATP6V0C,9606.ENSP00000329757
RNF122,9606.ENSP00000256257
AARD,9606.ENSP00000367528
IL36RN,9606.ENSP00000259212
ZNHIT3,9606.ENSP00000484687
FUNDC1,9606.ENSP00000367284
RNF11,9606.ENSP00000242719
TMEM35B,9606.ENSP00000362435
AP1S3,9606.ENSP00000379891
KIAA1143,9606.ENSP00000296121
JPT1,9606.ENSP00000348316
KRTAP9-4,9606.ENSP00000334922
EIF5AL1,9606.ENSP00000430706
PFDN2,9606.ENSP00000356989
SPMAP1,9606.ENSP00000479396
FAM162A,9606.ENSP00000419088
SOD1,9606.ENSP00000270142
RNASE8,9606.ENSP00000311398
C16orf87,9606.ENSP00000285697
PFDN5,9606.ENSP00000447942
PPP1R27,9606.ENSP00000331065
IQCF3,9606.ENSP00000409373
MB,9606.ENSP00000352835
CYYR1,9606.ENSP00000299340
OCIAD2,9606.ENSP00000423014
EIF5A,9606.ENSP00000336702
RPP21,9606.ENSP00000409799
EPGN,9606.ENSP00000411898
GLIPR2,9606.ENSP00000367196
FUOM,9606.ENSP00000278025
ISCA2,9606.ENSP00000452007
ZNHIT1,9606.ENSP00000304593
H2BW2,9606.ENSP00000347119
UBE2L5,9606.ENSP00000490225
UBE2L6,9606.ENSP00000287156
NDUFB11,9606.ENSP00000276062
BLOC1S1,9606.ENSP00000447537
IL2,9606.ENSP00000226730
GGACT,9606.ENSP00000365426
ADM5,9606.ENSP00000393631
NHP2,9606.ENSP00000274606
NCBP2L,9606.ENSP00000492033
C15orf40,9606.ENSP00000403987
IL4,9606.ENSP00000231449
NMS,9606.ENSP00000366061
EIF5A2,9606.ENSP00000295822
SAP18,9606.ENSP00000481842
ORMDL3,9606.ENSP00000377724
CSDC2,9606.ENSP00000302485
ORMDL2,9606.ENSP00000243045
ARPC5L,9606.ENSP00000345361
DAOA,9606.ENSP00000483757
RNF181,9606.ENSP00000306906
MALL,9606.ENSP00000272462
PRIMA1,9606.ENSP00000376848
MRPL23,9606.ENSP00000380466
H2BW1,9606.ENSP00000354723
ORMDL1,9606.ENSP00000326869
MAL,9606.ENSP00000310880
C20orf144,9606.ENSP00000364370
GIP,9606.ENSP00000350005
CCDC182,9606.ENSP00000299415
ARL14EPL,9606.ENSP00000472409
SMIM28,9606.ENSP00000489939
PHLDA2,9606.ENSP00000319231
RGS21,9606.ENSP00000428343
MGST3,9606.ENSP00000356864
NME1,9606.ENSP00000337060
UBE2B,9606.ENSP00000265339
EVA1A,9606.ENSP00000377490
IL1F10,9606.ENSP00000376893
PSORS1C1,9606.ENSP00000259881
CDRT4,9606.ENSP00000482523
SZRD1,9606.ENSP00000383866
C6orf52,9606.ENSP00000259983
NME2,9606.ENSP00000376886
UBE2A,9606.ENSP00000360613
LAIR2,9606.ENSP00000301202
TOMM20L,9606.ENSP00000354204
RPS18,9606.ENSP00000393241
FIS1,9606.ENSP00000223136
PLP2,9606.ENSP00000365505
NINJ1,9606.ENSP00000364595
IL3,9606.ENSP00000296870
ALKAL2,9606.ENSP00000384604
ATOH7,9606.ENSP00000362777
CKLF,9606.ENSP00000264001
OARD1,9606.ENSP00000420484
UBE2N,9606.ENSP00000316176
PTGES,9606.ENSP00000342385
RPS14,9606.ENSP00000385958
ARPC5,9606.ENSP00000294742
LECT2,9606.ENSP00000274507
RIPPLY1,9606.ENSP00000276173
CHCHD2,9606.ENSP00000378812
MYL6,9606.ENSP00000446955
TEX29,9606.ENSP00000283547
NPC2,9606.ENSP00000451206
RPS13,9606.ENSP00000435777
NGB,9606.ENSP00000298352
CAV3,9606.ENSP00000341940
SPA17,9606.ENSP00000432305
TTC32,9606.ENSP00000333018
NPPA,9606.ENSP00000365663
PRAP1,9606.ENSP00000416126
UBE2W,9606.ENSP00000498255
SPRN,9606.ENSP00000433712
CCL25,9606.ENSP00000375086
SLC19A4P,9606.ENSP00000493351
CEBPG,9606.ENSP00000466022
LTC4S,9606.ENSP00000292596
TEX22,9606.ENSP00000397002
GYPA,9606.ENSP00000354003
DUSP23,9606.ENSP00000357087
CYB5B,9606.ENSP00000308430
CFAP68,9606.ENSP00000260276
RNASE6,9606.ENSP00000302046
HSPB3,9606.ENSP00000303394
AIF1L,9606.ENSP00000361383
PMIS2,9606.ENSP00000492557
DNAJC15,9606.ENSP00000368523
POLR2H,9606.ENSP00000415536
COX5A,9606.ENSP00000317780
LY6G5C,9606.ENSP00000372724
PDE6D,9606.ENSP00000287600
SLC71A3P,9606.ENSP00000473444
OOEP,9606.ENSP00000359384
SMIM44,9606.ENSP00000493273
FAM72C,9606.ENSP00000463032
MRPL20,9606.ENSP00000341082
CALM1,9606.ENSP00000291295
CLEC2B,9606.ENSP00000228438
CALML3,9606.ENSP00000315299
DNAJC24,9606.ENSP00000417548
FAM72A,9606.ENSP00000356096
PLEKHJ1,9606.ENSP00000464955
OSTC,9606.ENSP00000426167
CEND1,9606.ENSP00000328336
CST6,9606.ENSP00000311313
C20orf173,9606.ENSP00000403566
STMN1,9606.ENSP00000410452
TXNL4B,9606.ENSP00000268483
PLA2G2C,9606.ENSP00000247992
FAM72D,9606.ENSP00000383682
FAM72B,9606.ENSP00000358397
MAGOHB,9606.ENSP00000319240
IQCF5,9606.ENSP00000394653
RNF24,9606.ENSP00000388550
RAMP1,9606.ENSP00000254661
CRCP,9606.ENSP00000378736
EDF1,9606.ENSP00000224073
GRP,9606.ENSP00000256857
LYZL1,9606.ENSP00000364650
LYZL2,9606.ENSP00000364467
SSBP1,9606.ENSP00000419665
SAPCD1,9606.ENSP00000411948
LYZ,9606.ENSP00000261267
RPL27A,9606.ENSP00000346015
PRR13,9606.ENSP00000412064
LYZL6,9606.ENSP00000483897
CDC42EP5,9606.ENSP00000301200
H2AL3,9606.ENSP00000498087
C22orf15,9606.ENSP00000305096
ADM2,9606.ENSP00000379087
PLA2G1B,9606.ENSP00000312286
MRPL27,9606.ENSP00000225969
RAMP3,9606.ENSP00000242249
GTSF1L,9606.ENSP00000362094
ECRG4,9606.ENSP00000238044
HBE1,9606.ENSP00000292896
FHIT,9606.ENSP00000418582
EDDM3A,9606.ENSP00000315098
HBD,9606.ENSP00000494708
MGST2,9606.ENSP00000482639
AVPI1,9606.ENSP00000359660
POLE3,9606.ENSP00000363286
AIF1,9606.ENSP00000365227
RNASE4,9606.ENSP00000452245
PPP1R14A,9606.ENSP00000301242
TTR,9606.ENSP00000237014
UBE2D1,9606.ENSP00000363019
TMEM210,9606.ENSP00000456333
NUDT2,9606.ENSP00000368452
MS4A6E,9606.ENSP00000300182
CST9L,9606.ENSP00000366178
RNASE12,9606.ENSP00000450580
MAP1LC3C,9606.ENSP00000349785
ANG,9606.ENSP00000336762
OXLD1,9606.ENSP00000363873
EDDM3B,9606.ENSP00000314810
SPMIP3,9606.ENSP00000311218
UBE2D4,9606.ENSP00000222402
UBE2D2,9606.ENSP00000381717
PRY,9606.ENSP00000302319
SNTN,9606.ENSP00000341442
RMI2,9606.ENSP00000310356
PLGRKT,9606.ENSP00000223864
FTCDNL1,9606.ENSP00000482786
HBB,9606.ENSP00000494175
HBG2,9606.ENSP00000338082
PPP1R14B,9606.ENSP00000310117
CARHSP1,9606.ENSP00000379838
CFAP90,9606.ENSP00000382708
H3Y2,9606.ENSP00000497053
PAGE1,9606.ENSP00000365320
CALML5,9606.ENSP00000369689
KRTAP4-1,9606.ENSP00000381489
COA1,9606.ENSP00000379218
PIP,9606.ENSP00000291009
THRSP,9606.ENSP00000281030
LYZL4,9606.ENSP00000287748
LDOC1,9606.ENSP00000359557
MAGOH,9606.ENSP00000360525
KRTAP12-2,9606.ENSP00000354001
SLC48A1,9606.ENSP00000415998
MORN4,9606.ENSP00000307636
CDA,9606.ENSP00000364212
MED9,9606.ENSP00000268711
MCFD2,9606.ENSP00000386651
JTB,9606.ENSP00000271843
TMEM207,9606.ENSP00000346981
IL13,9606.ENSP00000304915
RPS16,9606.ENSP00000367806
CST3,9606.ENSP00000381448
CST7,9606.ENSP00000420384
SYNJ2BP,9606.ENSP00000256366
UBE2V2,9606.ENSP00000428209
RPS19,9606.ENSP00000470972
GNLY,9606.ENSP00000436423
CCDC163,9606.ENSP00000487061
PLA2G2D,9606.ENSP00000364246
CSTL1,9606.ENSP00000344907
C1orf53,9606.ENSP00000356363
PPP1R14D,9606.ENSP00000398342
MRPL14,9606.ENSP00000361084
RPL26L1,9606.ENSP00000428223
PTS,9606.ENSP00000280362
TMEM216,9606.ENSP00000334844
TOMM20,9606.ENSP00000355566
NDUFA12,9606.ENSP00000330737
SCIMP,9606.ENSP00000461269
TRAPPC1,9606.ENSP00000302783
ZFAND2A,9606.ENSP00000314619
SELENOM,9606.ENSP00000384564
RPL26,9606.ENSP00000463784
RPS15,9606.ENSP00000466010
KCNJ5-AS1,9606.ENSP00000499245
VPREB1,9606.ENSP00000385361
EFCAB8,9606.ENSP00000383366
IL9,9606.ENSP00000274520
CYSRT1,9606.ENSP00000386453
CNIH1,9606.ENSP00000216416
SRP19,9606.ENSP00000424870
CSF2,9606.ENSP00000296871
IFT25,9606.ENSP00000194214
GRIFIN,9606.ENSP00000481185
PLA2G2A,9606.ENSP00000383364
MED21,9606.ENSP00000282892
FAM107A,9606.ENSP00000419124
BUD31,9606.ENSP00000386023
AP4S1,9606.ENSP00000216366
MIX23,9606.ENSP00000291458
EIF1AY,9606.ENSP00000354722
EIF1AX,9606.ENSP00000368927
NDUFA13,9606.ENSP00000423673
TMEM170A,9606.ENSP00000454404
LAGE3,9606.ENSP00000349923
RPS23,9606.ENSP00000296674
MDK,9606.ENSP00000385451
TMEM80,9606.ENSP00000380646
SLC31A2,9606.ENSP00000259392
H2AX,9606.ENSP00000434024
CCDC197,9606.ENSP00000490086
POLR2D,9606.ENSP00000272645
GMFB,9606.ENSP00000350757
MAP3K7CL,9606.ENSP00000382828
KCNE5,9606.ENSP00000361173
MRPS18C,9606.ENSP00000295491
HBZ,9606.ENSP00000252951
COTL1,9606.ENSP00000262428
CST5,9606.ENSP00000307132
DYNLT2B,9606.ENSP00000324323
BIRC5,9606.ENSP00000301633
PLA2G2E,9606.ENSP00000364257
HBA1;,9606.ENSP00000251595
CHCHD4,9606.ENSP00000295767
CST8,9606.ENSP00000246012
CHCHD10,9606.ENSP00000384973
HBQ1,9606.ENSP00000199708
TOMM22,9606.ENSP00000216034
NRN1,9606.ENSP00000480483
NXT2,9606.ENSP00000218004
ATP5MC3,9606.ENSP00000284727
TXNL4A,9606.ENSP00000269601
CLC,9606.ENSP00000221804
LALBA,9606.ENSP00000301046
MRPL42,9606.ENSP00000449884
LGALS16,9606.ENSP00000375904
NINJ2,9606.ENSP00000499548
FKBP2,9606.ENSP00000378046
GMFG,9606.ENSP00000472249
AP2S1,9606.ENSP00000470176
BLOC1S2,9606.ENSP00000359398
C1orf115,9606.ENSP00000294889
RLN3,9606.ENSP00000397415
INAFM1,9606.ENSP00000447679
LHB,9606.ENSP00000497294
CALCA,9606.ENSP00000331746
VAMP4,9606.ENSP00000236192
CST1,9606.ENSP00000305731
CST4,9606.ENSP00000217423
OPALIN,9606.ENSP00000360214
ATP5MC2,9606.ENSP00000499883
CST2,9606.ENSP00000307540
STUM,9606.ENSP00000355752
C3orf22,9606.ENSP00000316644
POMP,9606.ENSP00000370222
TMEM242,9606.ENSP00000383594
SPANXN3,9606.ENSP00000359534
HBM,9606.ENSP00000349270
C1D,9606.ENSP00000348107
LYPD1,9606.ENSP00000380605
C19orf12,9606.ENSP00000376103
NDUFA11,9606.ENSP00000389160
PDZD11,9606.ENSP00000239666
TRAPPC2,9606.ENSP00000392495
FABP12,9606.ENSP00000353650
RPL23,9606.ENSP00000420311
TMEM107,9606.ENSP00000314116
ERG28,9606.ENSP00000256319
PFN1,9606.ENSP00000225655
ATG12,9606.ENSP00000425107
TAFA4,9606.ENSP00000295569
C14orf119,9606.ENSP00000322238
TPD52L3,9606.ENSP00000341677
TRAPPC2L,9606.ENSP00000457728
NXT1,9606.ENSP00000254998
POP7,9606.ENSP00000304353
TMEM18,9606.ENSP00000384347
LY6H,9606.ENSP00000399485
ZSWIM7,9606.ENSP00000382218
PTRHD1,9606.ENSP00000330389
SNCA,9606.ENSP00000500990
ACOT13,9606.ENSP00000230048
CCDC126,9606.ENSP00000304355
CENPA,9606.ENSP00000336868
PFN2,9606.ENSP00000239940
FLYWCH2,9606.ENSP00000380159
VHLL,9606.ENSP00000464258
FAM216B,9606.ENSP00000445786
FAM237B,9606.ENSP00000490466
LGALS13,9606.ENSP00000221797
PNRC2,9606.ENSP00000497590
SMIM34,9606.ENSP00000397039
CNIH4,9606.ENSP00000420443
SPATA33,9606.ENSP00000462996
LGALS14,9606.ENSP00000353893
TMEM250,9606.ENSP00000453019
HMSD,9606.ENSP00000386207
LSM4,9606.ENSP00000469468
INSL4,9606.ENSP00000239316
VCX2,9606.ENSP00000321309
NR2C2AP,9606.ENSP00000402756
GSKIP,9606.ENSP00000451188
MSMP,9606.ENSP00000419194
C5orf63,9606.ENSP00000454153
CENPS,9606.ENSP00000308583
KISS1,9606.ENSP00000356162
UCMA,9606.ENSP00000367952
GOLT1B,9606.ENSP00000229314
CDKN2B,9606.ENSP00000276925
LY6L,9606.ENSP00000455811
PLA2G5,9606.ENSP00000364249
MRPS12,9606.ENSP00000384952
TNP2,9606.ENSP00000325738
HCFC1R1,9606.ENSP00000248089
NANOS2,9606.ENSP00000341021
CRABP2,9606.ENSP00000482841
TSHB,9606.ENSP00000256592
MRPL54,9606.ENSP00000331849
IRX2-DT,9606.ENSP00000334267
LACRT,9606.ENSP00000257867
CST11,9606.ENSP00000366208
RAB5IF,9606.ENSP00000454021
UMAD1,9606.ENSP00000489648
CRABP1,9606.ENSP00000299529
RPL28,9606.ENSP00000452763
SPADH,9606.ENSP00000498797
RGCC,9606.ENSP00000368664
NDUFB7,9606.ENSP00000215565
LTO1,9606.ENSP00000279147
KRTAP15-1,9606.ENSP00000334866
BOLA1,9606.ENSP00000358149
SRXN1,9606.ENSP00000371388
RIDA,9606.ENSP00000254878
GOLGA7,9606.ENSP00000350378
PFN3,9606.ENSP00000351379
PIRT,9606.ENSP00000462046
MRPS16,9606.ENSP00000362036
MRPL41,9606.ENSP00000360498
CIMIP1,9606.ENSP00000360210
RNASEK,9606.ENSP00000449500
H3C15,9606.ENSP00000333277
SNAPIN,9606.ENSP00000357674
RPL27,9606.ENSP00000464813
CT62,9606.ENSP00000399356
QRFP,9606.ENSP00000485512
KRTCAP2,9606.ENSP00000295682
MPC1L,9606.ENSP00000489748
LGALS7,9606.ENSP00000313571
H3-4,9606.ENSP00000355657
H3C1,9606.ENSP00000352252
H3-7,9606.ENSP00000499501
CYTL1,9606.ENSP00000303550
TMEM203,9606.ENSP00000375053
PCP2,9606.ENSP00000310585
SRP14,9606.ENSP00000267884
RPS19BP1,9606.ENSP00000333948
GATC,9606.ENSP00000446872
H3-3A,9606.ENSP00000254810
PIERCE1,9606.ENSP00000395281
H3Y1,9606.ENSP00000496014
ATP5MC1,9606.ENSP00000377033
PSORS1C2,9606.ENSP00000259845
INSL5,9606.ENSP00000302724
RBP1,9606.ENSP00000232219
FABP5,9606.ENSP00000297258
CISD2,9606.ENSP00000273986
SLC66A1LP,9606.ENSP00000413228
NHLH2,9606.ENSP00000358519
LGALS1,9606.ENSP00000215909
GCSAML,9606.ENSP00000446460
H3-5,9606.ENSP00000339835
RPS17,9606.ENSP00000498019
C12orf76,9606.ENSP00000498468
RPL32,9606.ENSP00000416429
RBP5,9606.ENSP00000266560
MED10,9606.ENSP00000255764
PXT1,9606.ENSP00000419944
SYCN,9606.ENSP00000325564
SMR3A,9606.ENSP00000226460
CCL21,9606.ENSP00000259607
SNCB,9606.ENSP00000377296
TMEM100,9606.ENSP00000465638
ID2,9606.ENSP00000234091
RBP7,9606.ENSP00000294435
CPLX2,9606.ENSP00000352544
IL5,9606.ENSP00000231454
DDTL,9606.ENSP00000215770
SPMIP10,9606.ENSP00000349669
RBP2,9606.ENSP00000232217
CPLX1,9606.ENSP00000305613
NPPB,9606.ENSP00000365651
TSC22D3,9606.ENSP00000361458
PVALEF,9606.ENSP00000490956
ZNF593,9606.ENSP00000363384
PRR4,9606.ENSP00000228811
PFDN4,9606.ENSP00000360473
CFAP144,9606.ENSP00000334415
CYB5A,9606.ENSP00000341625
RPS24,9606.ENSP00000414321
PDRG1,9606.ENSP00000202017
NHLH1,9606.ENSP00000302189
TMEM60,9606.ENSP00000257663
NDP,9606.ENSP00000495811
TAFA1,9606.ENSP00000418575
POLR1D,9606.ENSP00000302478
LSM1,9606.ENSP00000310596
C10orf105,9606.ENSP00000403151
FAU,9606.ENSP00000431822
LY6G6D,9606.ENSP00000364985
EPPIN,9606.ENSP00000361746
OSTN,9606.ENSP00000342356
IFITM3,9606.ENSP00000382707
FABP3,9606.ENSP00000362817
TAFA3,9606.ENSP00000358644
FIMP,9606.ENSP00000300575
SMIM33,9606.ENSP00000490796
IFITM5,9606.ENSP00000372059
LEKR1,9606.ENSP00000474182
FABP7,9606.ENSP00000348931
IFITM2,9606.ENSP00000484689
SLPI,9606.ENSP00000342082
FAM174C,9606.ENSP00000386557
LGALS2,9606.ENSP00000215886
MS4A4E,9606.ENSP00000499123
SH2D1B,9606.ENSP00000356906
BSPH1,9606.ENSP00000341762
C11orf21,9606.ENSP00000406541
FABP4,9606.ENSP00000256104
FABP2,9606.ENSP00000274024
TAFA5,9606.ENSP00000383933
RPS12,9606.ENSP00000230050
TMEM170B,9606.ENSP00000368737
IFT20,9606.ENSP00000464443
FAM241A,9606.ENSP00000310182
GOLT1A,9606.ENSP00000308535
UQCC4,9606.ENSP00000413100
FABP9,9606.ENSP00000368362
AGRP,9606.ENSP00000290953
SNRNP25,9606.ENSP00000372482
PMP2,9606.ENSP00000256103
ASIP,9606.ENSP00000454804
CHRAC1,9606.ENSP00000220913
C1orf54,9606.ENSP00000358098
TAFA2,9606.ENSP00000393987
WFDC6,9606.ENSP00000361755
HCRT,9606.ENSP00000293330
LINC02898,9606.ENSP00000497028
MMGT1,9606.ENSP00000306220
H2AC1,9606.ENSP00000297012
LEPROT,9606.ENSP00000483521
LY6E,9606.ENSP00000428572
LEPROTL1,9606.ENSP00000428281
ANP32D,9606.ENSP00000266594
FAM107B,9606.ENSP00000181796
MED31,9606.ENSP00000225728
GEMIN7,9606.ENSP00000270257
LSMEM1,9606.ENSP00000323304
MTURN,9606.ENSP00000324204
PIN4,9606.ENSP00000499466
INSL3,9606.ENSP00000369017
MIA,9606.ENSP00000470129
GPHB5,9606.ENSP00000478993
PCBD2,9606.ENSP00000421544
RPS15A,9606.ENSP00000318646
H2AC7,9606.ENSP00000341094
PAGE5,9606.ENSP00000289619
ERICH4,9606.ENSP00000367429
H2AC25,9606.ENSP00000355656
H2AC6,9606.ENSP00000367022
SAA4,9606.ENSP00000278222
H2AC18,9606.ENSP00000358155
H2AC11,9606.ENSP00000351589
IFI27L2,9606.ENSP00000238609
H2AC21,9606.ENSP00000332790
MRPS17,9606.ENSP00000285298
H2AC4,9606.ENSP00000303373
PEA15,9606.ENSP00000357055
ODAPH,9606.ENSP00000406925
SMIM24,9606.ENSP00000215531
IFI6,9606.ENSP00000342513
LINC02881,9606.ENSP00000479444
C19orf73,9606.ENSP00000386230
KRTAP5-6,9606.ENSP00000371595
TAC1,9606.ENSP00000321106
PFDN6,9606.ENSP00000378563
ALKAL1,9606.ENSP00000351345
H2AC20,9606.ENSP00000332194
GPHA2,9606.ENSP00000279168
TFF2,9606.ENSP00000291526
PROK2,9606.ENSP00000295619
PFN4,9606.ENSP00000322170
PRR15,9606.ENSP00000317836
COX5B,9606.ENSP00000258424
H2AJ,9606.ENSP00000438553
FSHB,9606.ENSP00000416606
NDUFB4,9606.ENSP00000184266
TNFRSF12A,9606.ENSP00000326737
ISCA1,9606.ENSP00000365159
LLPH,9606.ENSP00000266604
KCNE1,9606.ENSP00000382226
SLC51B,9606.ENSP00000335292
NDUFB6,9606.ENSP00000369176
RIPPLY2,9606.ENSP00000358703
CEP15,9606.ENSP00000418086
STH,9606.ENSP00000443168
SH2D1A,9606.ENSP00000360181
UBA52,9606.ENSP00000388107
KRTAP2-1,9606.ENSP00000375238
SNU13,9606.ENSP00000383949
H2AZ1,9606.ENSP00000296417
OTOR,9606.ENSP00000246081
KRABD1,9606.ENSP00000388094
GYPC,9606.ENSP00000259254
H2AC14,9606.ENSP00000328484
LY6D,9606.ENSP00000301263
CD59,9606.ENSP00000498879
KHDC1L,9606.ENSP00000359415
FABP6,9606.ENSP00000377549
NDUFA6,9606.ENSP00000482543
KRTAP2-3,9606.ENSP00000375237
SEM1,9606.ENSP00000481021
MRPL51,9606.ENSP00000229238
MRPL55,9606.ENSP00000403614
TCL1B,9606.ENSP00000343223
H2AZ2,9606.ENSP00000308405
PPBP,9606.ENSP00000296028
RPL22,9606.ENSP00000346088
TMEM244,9606.ENSP00000357125
MRPS14,9606.ENSP00000420714
BEX2,9606.ENSP00000442521
NUTF2,9606.ENSP00000219169
FABP1,9606.ENSP00000295834
PHLDA3,9606.ENSP00000356280
FAM229A,9606.ENSP00000455971
POLR2F,9606.ENSP00000385725
PAIP2,9606.ENSP00000378275
MRFAP1,9606.ENSP00000318352
CSAG2,9606.ENSP00000492276
APOC4,9606.ENSP00000468236
CCL28,9606.ENSP00000354416
MPC2,9606.ENSP00000271373
MRFAP1L1,9606.ENSP00000318154
C12orf54,9606.ENSP00000447109
YPEL4,9606.ENSP00000432648
BATF3,9606.ENSP00000243440
LIMD2,9606.ENSP00000259006
CISD3,9606.ENSP00000483781
CALCB,9606.ENSP00000433490
TXNDC8,9606.ENSP00000363634
SNCG,9606.ENSP00000361087
SUB1,9606.ENSP00000265073
C5orf67,9606.ENSP00000406718
EFCAB10,9606.ENSP00000417841
H2BC1,9606.ENSP00000274764
C11orf97,9606.ENSP00000490577
H2BC9,9606.ENSP00000479169
HINT1,9606.ENSP00000304229
CDK2AP2,9606.ENSP00000301488
H2BC26,9606.ENSP00000479284
C2orf76,9606.ENSP00000386302
H2BC21,9606.ENSP00000358151
H2BC3,9606.ENSP00000482674
H2BC11,9606.ENSP00000476136
PPP1R11,9606.ENSP00000365963
H2BC18,9606.ENSP00000445831
UQCC2,9606.ENSP00000476140
H2BC12,9606.ENSP00000349430
KRABD5,9606.ENSP00000319222
C12orf57,9606.ENSP00000229281
POLR1H,9606.ENSP00000331111
H2BC4,9606.ENSP00000321744
H2BC13,9606.ENSP00000366618
H2BC14,9606.ENSP00000477907
H2BC15,9606.ENSP00000483903
H2BC5,9606.ENSP00000289316
H2BC12L,9606.ENSP00000481622
H2BC17,9606.ENSP00000477527
NPPC,9606.ENSP00000387159
CBY1,9606.ENSP00000478962
SNRPD3,9606.ENSP00000215829
PATE1,9606.ENSP00000307164
NPB,9606.ENSP00000332766
SDHAF3,9606.ENSP00000414066
LAMTOR2,9606.ENSP00000357288
PHPT1,9606.ENSP00000247665
BEX1,9606.ENSP00000361813
TRMT112,9606.ENSP00000438349
POLR2I,9606.ENSP00000221859
RPL31,9606.ENSP00000386717
BRI3,9606.ENSP00000297290
OXT,9606.ENSP00000217386
MRPS6,9606.ENSP00000382250
LINC02914,9606.ENSP00000321360
BATF,9606.ENSP00000286639
TSACC,9606.ENSP00000357238
RPS25,9606.ENSP00000435096
PAM16,9606.ENSP00000315693
SF3B6,9606.ENSP00000233468
MAP1LC3B,9606.ENSP00000498476
IGFL3,9606.ENSP00000344860
MAP1LC3B2,9606.ENSP00000450524
LYPD2,9606.ENSP00000352163
LY6G6C,9606.ENSP00000364978
PDCD5,9606.ENSP00000466214
VCY,9606.ENSP00000250823
COA6,9606.ENSP00000355574
IFITM1,9606.ENSP00000330825
CXCL9,9606.ENSP00000354901
CNEP1R1,9606.ENSP00000405635
NAA38,9606.ENSP00000332103
TAX1BP3,9606.ENSP00000225525
IGFL4,9606.ENSP00000366926
TP53AIP1,9606.ENSP00000432743
UTS2,9606.ENSP00000054668
RPP14,9606.ENSP00000412894
TAF13,9606.ENSP00000355051
MAFIP,9606.ENSP00000483280
SPACA4,9606.ENSP00000312774
UCN,9606.ENSP00000296099
KNCN,9606.ENSP00000419705
WFDC2,9606.ENSP00000361761
NDUFS6,9606.ENSP00000274137
TP53TG3,9606.ENSP00000339405
LAMTOR3,9606.ENSP00000424183
TMEM254,9606.ENSP00000361355
CDPF1,9606.ENSP00000325301
GAL,9606.ENSP00000265643
KCNE2,9606.ENSP00000290310
DEFB118,9606.ENSP00000253381
PAIP2B,9606.ENSP00000244221
TEN1,9606.ENSP00000380762
RPL35,9606.ENSP00000259469
RABIF,9606.ENSP00000356231
NHLRC4,9606.ENSP00000410858
C11orf71,9606.ENSP00000325508
PSMG4,9606.ENSP00000392353
TXNDC17,9606.ENSP00000250101
TEX12,9606.ENSP00000280358
VPREB3,9606.ENSP00000248948
LSM10,9606.ENSP00000319341
C11orf52,9606.ENSP00000278601
C11orf98,9606.ENSP00000432523
OOSP1,9606.ENSP00000494485
SPAG11A,9606.ENSP00000316012
KRTAP2-2,9606.ENSP00000381494
MRPL52,9606.ENSP00000347277
AAMDC,9606.ENSP00000307254
IFI27,9606.ENSP00000483430
SELENOH,9606.ENSP00000434511
LYRM1,9606.ENSP00000379367
RPL22L1,9606.ENSP00000346080
SLIRP-OT1,9606.ENSP00000348145
SAA1,9606.ENSP00000384906
SAMD13,9606.ENSP00000359707
C11orf96,9606.ENSP00000479976
PFDN1,9606.ENSP00000261813
PSMG3,9606.ENSP00000288607
SAA2,9606.ENSP00000436126
LLCFC1,9606.ENSP00000386450
H2BK1,9606.ENSP00000495192
C1orf21,9606.ENSP00000235307
CLPSL1,9606.ENSP00000362968
NMB,9606.ENSP00000378089
YPEL5,9606.ENSP00000368835
IGKV2-40,9606.ENSP00000452747
KRTAP1-4,9606.ENSP00000366976
SKA2,9606.ENSP00000333433
ANAPC15,9606.ENSP00000437360
SCT,9606.ENSP00000176195
MAP1LC3A,9606.ENSP00000363970
HYPK,9606.ENSP00000384474
FAM241B,9606.ENSP00000362376
RPA3,9606.ENSP00000223129
PIERCE2,9606.ENSP00000456337
TAC3,9606.ENSP00000483110
CHTF8,9606.ENSP00000408367
ENSA,9606.ENSP00000341743
CREBL2,9606.ENSP00000228865
CRB3,9606.ENSP00000349204
BEX4,9606.ENSP00000361780
TMEM230,9606.ENSP00000341364
GNRH2,9606.ENSP00000245983
CCL23,9606.ENSP00000481357
CCL16,9606.ENSP00000478024
IGKV2D-29,9606.ENSP00000483567
EIF4EBP2,9606.ENSP00000362314
RPRML,9606.ENSP00000318032
IGKV2-28,9606.ENSP00000452662
TEX48,9606.ENSP00000490263
IGHV3-72,9606.ENSP00000480035
RPS20,9606.ENSP00000429374
YPEL1,9606.ENSP00000342832
IGHV3-15,9606.ENSP00000479675
YPEL3,9606.ENSP00000381821
ATP6V1F,9606.ENSP00000417378
CXCL17,9606.ENSP00000472467
UTS2B,9606.ENSP00000340526
SNRPD1,9606.ENSP00000300413
NDUFC2,9606.ENSP00000281031
B2M,9606.ENSP00000497910
IGFL2,9606.ENSP00000395219
ID3,9606.ENSP00000363689
SSNA1,9606.ENSP00000313752
YPEL2,9606.ENSP00000312272
CCL24,9606.ENSP00000400533
BORCS8,9606.ENSP00000425864
MCCD1,9606.ENSP00000365362
EIF4EBP1,9606.ENSP00000340691
CHCHD1,9606.ENSP00000361923
COX20,9606.ENSP00000355486
LCE1E,9606.ENSP00000357759
LCE1C,9606.ENSP00000475270
MLANA,9606.ENSP00000370886
SMIM17,9606.ENSP00000471126
ATP6V1G1,9606.ENSP00000363162
VAMP1,9606.ENSP00000379602
RAMAC,9606.ENSP00000307181
SNRPD2,9606.ENSP00000342374
TMEM243,9606.ENSP00000398083
LCE5A,9606.ENSP00000333952
IGHV3-43D,9606.ENSP00000481152
MICOS13,9606.ENSP00000468723
DDT,9606.ENSP00000381386
ATP6V1G3,9606.ENSP00000417171
GRAPL,9606.ENSP00000437409
LCE1B,9606.ENSP00000353203
BET1,9606.ENSP00000222547
LCE1F,9606.ENSP00000334187
MTPN,9606.ENSP00000376800
ATP6V1G2,9606.ENSP00000302194
ELOB,9606.ENSP00000262306
C19orf25,9606.ENSP00000397394
RAMACL,9606.ENSP00000498060
IGKV1-33,9606.ENSP00000479032
C2orf66,9606.ENSP00000500939
H2AP,9606.ENSP00000339511
GAGE12B;,9606.ENSP00000371117
LIMS3,9606.ENSP00000404432
IGHV3-11,9606.ENSP00000474135
UBL3,9606.ENSP00000370055
TCEAL8,9606.ENSP00000361770
POLR2J,9606.ENSP00000292614
MED11,9606.ENSP00000293777
PI3,9606.ENSP00000243924
GABARAPL2,9606.ENSP00000037243
GAGE13,9606.ENSP00000483811
C4orf36,9606.ENSP00000295898
GABARAP,9606.ENSP00000306866
GAGE12H,9606.ENSP00000371141
GAGE12J,9606.ENSP00000409832
RPL34,9606.ENSP00000378163
IGHV3-16,9606.ENSP00000478725
IGHV1-3,9606.ENSP00000479119
IGHV4-38-2,9606.ENSP00000478289
GHRL,9606.ENSP00000335074
SUPT4H1,9606.ENSP00000225504
POLE4,9606.ENSP00000420176
CDKN2AIPNL,9606.ENSP00000394183
SST,9606.ENSP00000287641
DMAC1,9606.ENSP00000350961
CGA,9606.ENSP00000482232
DYNLT3,9606.ENSP00000367841
VAMP2,9606.ENSP00000418572
MSRB1,9606.ENSP00000355084
DNAJC19,9606.ENSP00000372005
DPPA5,9606.ENSP00000359396
NDUFA5,9606.ENSP00000417142
CARTPT,9606.ENSP00000296777
VAMP5,9606.ENSP00000305647
TMEM263,9606.ENSP00000449785
SMCP,9606.ENSP00000357754
GAGE2A,9606.ENSP00000355421
GAGE10,9606.ENSP00000385415
LYNX1,9606.ENSP00000477648
CATSPERH,9606.ENSP00000432459
SPX,9606.ENSP00000256969
GALP,9606.ENSP00000349884
PRR9,9606.ENSP00000357733
SDHAF1,9606.ENSP00000368165
TMEM218,9606.ENSP00000436596
TRDV1,9606.ENSP00000484940
C11orf86,9606.ENSP00000311479
CCK,9606.ENSP00000379472
RPLP2,9606.ENSP00000431240
PTH,9606.ENSP00000433208
TSTD1,9606.ENSP00000388293
MIF,9606.ENSP00000215754
MLN,9606.ENSP00000388825
NRG4,9606.ENSP00000378367
GUCA2A,9606.ENSP00000349493
CDK2AP1,9606.ENSP00000261692
HRCT1,9606.ENSP00000346283
POLR2J2,9606.ENSP00000330898
RPS26,9606.ENSP00000348849
MT-ND3,9606.ENSP00000355206
PLAC8,9606.ENSP00000399700
POLR2J3,9606.ENSP00000483328
MIEN1,9606.ENSP00000462998
RPL30,9606.ENSP00000428085
H2AB2,9606.ENSP00000346509
H2AB1,9606.ENSP00000484261
VCF2,9606.ENSP00000397188
TCL1A,9606.ENSP00000451506
MSMB,9606.ENSP00000463092
PSCA,9606.ENSP00000301258
COX7A2L,9606.ENSP00000367938
PYURF,9606.ENSP00000273968
CXCL6,9606.ENSP00000226317
ANKRD40CL,9606.ENSP00000494384
SH3BGRL,9606.ENSP00000362308
TMEM14B,9606.ENSP00000420658
CXCL5,9606.ENSP00000296027
XCL1,9606.ENSP00000356792
PPDPF,9606.ENSP00000359198
NRARP,9606.ENSP00000349041
LCE1D,9606.ENSP00000316737
ANKRD13C-DT,9606.ENSP00000359978
XCL2,9606.ENSP00000356793
S100A9,9606.ENSP00000357727
PDZK1IP1,9606.ENSP00000294338
RPLP1,9606.ENSP00000346037
PATE2,9606.ENSP00000351325
TAC4,9606.ENSP00000334042
RTL8B,9606.ENSP00000375268
NATD1,9606.ENSP00000478388
RTL8C,9606.ENSP00000257013
DYNLT1,9606.ENSP00000356056
DAD1,9606.ENSP00000250498
NPFF,9606.ENSP00000267017
C4orf46,9606.ENSP00000368503
EIF1,9606.ENSP00000419449
TYROBP,9606.ENSP00000262629
C1orf210,9606.ENSP00000430918
NDUFA7,9606.ENSP00000301457
RTL8A,9606.ENSP00000375267
FMC1,9606.ENSP00000297534
TMEM256,9606.ENSP00000301939
PAGE3,9606.ENSP00000364089
RNF7,9606.ENSP00000273480
CT83,9606.ENSP00000360961
CCL15,9606.ENSP00000484078
DEFB112,9606.ENSP00000319126
EIF1B,9606.ENSP00000232905
CHURC1,9606.ENSP00000475473
CNFN,9606.ENSP00000222032
KRTAP12-4,9606.ENSP00000375476
ELOC,9606.ENSP00000478121
LIN52,9606.ENSP00000451812
CCL27,9606.ENSP00000259631
TMEM14C,9606.ENSP00000444561
FAM32A,9606.ENSP00000263384
CLPS,9606.ENSP00000259938
UCN2,9606.ENSP00000273610
MRPL53,9606.ENSP00000258105
GUCA2B,9606.ENSP00000361662
ARPP19,9606.ENSP00000454341
DEFB126,9606.ENSP00000371835
PAGE2,9606.ENSP00000364107
XAGE3,9606.ENSP00000303061
UQCRB,9606.ENSP00000430494
BEX5,9606.ENSP00000446054
PTMA,9606.ENSP00000344547
WFDC12,9606.ENSP00000361871
CXCL14,9606.ENSP00000337065
XAGE2,9606.ENSP00000286049
PAGE2B,9606.ENSP00000364110
RETNLB,9606.ENSP00000295755
BET1L,9606.ENSP00000372210
PCLAF,9606.ENSP00000300035
BEX3,9606.ENSP00000361728
EMC6,9606.ENSP00000380322
C1orf122,9606.ENSP00000362133
LCE2B,9606.ENSP00000357769
SERF1A,9606.ENSP00000346892
RPL35A,9606.ENSP00000495672
PHF5A,9606.ENSP00000216252
CARD17P,9606.ENSP00000364859
PVALB,9606.ENSP00000216200
DCD,9606.ENSP00000406773
CHCHD5,9606.ENSP00000325655
LCE2D,9606.ENSP00000357773
INS,9606.ENSP00000380432
LCE1A,9606.ENSP00000334869
ANAPC16,9606.ENSP00000477760
LCE2C,9606.ENSP00000357772
KRTAP6-3,9606.ENSP00000375482
TUSC2,9606.ENSP00000232496
IGFL1,9606.ENSP00000415823
TMEM233,9606.ENSP00000403130
SLIRP,9606.ENSP00000450909
PPP1R1C,9606.ENSP00000280295
RPRM,9606.ENSP00000314946
OCM,9606.ENSP00000242104
GTF2A2,9606.ENSP00000379372
OCM2,9606.ENSP00000257627
CXCL13,9606.ENSP00000286758
MPC1,9606.ENSP00000354223
COX6A1,9606.ENSP00000229379
ZNF475,9606.ENSP00000489710
CCDC28A-AS1,9606.ENSP00000493046
XAGE5,9606.ENSP00000342240
TBCA,9606.ENSP00000306362
TMEM141,9606.ENSP00000290079
FKBP1B,9606.ENSP00000370373
ATP5PF,9606.ENSP00000389649
RBX1,9606.ENSP00000216225
CISD1,9606.ENSP00000363041
RETN,9606.ENSP00000221515
CXorf51A,9606.ENSP00000489806
C10orf143,9606.ENSP00000490233
FKBP1A,9606.ENSP00000383003
NDUFV3,9606.ENSP00000346196
BLID,9606.ENSP00000453153
GHRH,9606.ENSP00000362716
POLR3K,9606.ENSP00000293860
FKBP1C,9606.ENSP00000359693
TMEM265,9606.ENSP00000477871
TAL2,9606.ENSP00000334547
SDHAF4,9606.ENSP00000359505
HMGA1,9606.ENSP00000399888
SH3BGRL2,9606.ENSP00000358853
CXCL2,9606.ENSP00000427279
SMLR1,9606.ENSP00000456026
CXCL3,9606.ENSP00000296026
BOLA3,9606.ENSP00000331369
POLD4,9606.ENSP00000311368
CXCL1,9606.ENSP00000379110
ARMS2,9606.ENSP00000436682
SMIM19,9606.ENSP00000391549
IQCF6,9606.ENSP00000381760
TMEM213,9606.ENSP00000390407
MTCP1,9606.ENSP00000358488
SMDT1,9606.ENSP00000327467
SERTM1,9606.ENSP00000325776
DAPL1,9606.ENSP00000309538
MRPS33,9606.ENSP00000320567
HIGD2B,9606.ENSP00000307951
TCIM,9606.ENSP00000319914
GLRX,9606.ENSP00000369314
COA3,9606.ENSP00000354762
ATP5IF1,9606.ENSP00000335203
RPL36AL,9606.ENSP00000346012
LCE2A,9606.ENSP00000357768
HIGD2A,9606.ENSP00000274787
CMC1,9606.ENSP00000418348
BPY2,9606.ENSP00000329106
COX16,9606.ENSP00000374562
NDUFS5,9606.ENSP00000362058
IMUP,9606.ENSP00000301246
BORCS7,9606.ENSP00000342331
RPL36A,9606.ENSP00000404375
WDR83OS,9606.ENSP00000468969
C22orf39,9606.ENSP00000382474
PROK1,9606.ENSP00000271331
KRTAP17-1,9606.ENSP00000333993
FAM24A,9606.ENSP00000357889
CYCS,9606.ENSP00000307786
LBH,9606.ENSP00000378733
NDUFB2,9606.ENSP00000419087
S100A11,9606.ENSP00000271638
DNAL4,9606.ENSP00000216068
RPL36,9606.ENSP00000464342
TMEM273,9606.ENSP00000363268
TXN,9606.ENSP00000363641
CORT,9606.ENSP00000366248
S100A14,9606.ENSP00000357691
PF4V1,9606.ENSP00000226524
INIP,9606.ENSP00000363360
DIRC1,9606.ENSP00000307860
LYRM7,9606.ENSP00000368688
PCBD1,9606.ENSP00000299299
TCEAL9,9606.ENSP00000496422
SCGB3A1,9606.ENSP00000292641
IFI27L1,9606.ENSP00000376824
ERH,9606.ENSP00000451080
SLURP1,9606.ENSP00000246515
KCNE3,9606.ENSP00000310557
KGD4,9606.ENSP00000256441
MRPL36,9606.ENSP00000423399
SPANXB1,9606.ENSP00000405202
PRR15L,9606.ENSP00000300557
MGP,9606.ENSP00000228938
ATP5MG,9606.ENSP00000300688
G0S2,9606.ENSP00000355996
MYCBP,9606.ENSP00000380702
LSM7,9606.ENSP00000252622
TCTA,9606.ENSP00000273590
H4C1,9606.ENSP00000244537
S100A16,9606.ENSP00000357695
TIMM10B,9606.ENSP00000254616
PRM3,9606.ENSP00000325638
NCMAP,9606.ENSP00000363513
DEFB116,9606.ENSP00000383396
HSPE1,9606.ENSP00000233893
KRTAP25-1,9606.ENSP00000398619
LSM3,9606.ENSP00000302160
DDA1,9606.ENSP00000352928
DAP,9606.ENSP00000394163
MRPL57,9606.ENSP00000310726
PRM2,9606.ENSP00000403681
PAGE4,9606.ENSP00000218068
AHSP,9606.ENSP00000307199
GAST,9606.ENSP00000331358
C9orf153,9606.ENSP00000344865
APOC2,9606.ENSP00000466775
S100A7A,9606.ENSP00000357718
SUMO1,9606.ENSP00000376077
S100A7,9606.ENSP00000357711
URM1,9606.ENSP00000501135
PF4,9606.ENSP00000296029
VMA21,9606.ENSP00000359386
ENY2,9606.ENSP00000429986
PEX39,9606.ENSP00000386146
S100A4,9606.ENSP00000357704
CRIPT,9606.ENSP00000238892
PSENEN,9606.ENSP00000468411
SMIM21,9606.ENSP00000462106
CFAP141,9606.ENSP00000357511
S100A3,9606.ENSP00000357702
S100A7L2,9606.ENSP00000357714
CLLU1-AS1,9606.ENSP00000367748
HMGN1,9606.ENSP00000370125
VAMP8,9606.ENSP00000263864
PTH2,9606.ENSP00000270631
GON7,9606.ENSP00000306320
VAMP3,9606.ENSP00000054666
CLPSL2,9606.ENSP00000353639
DEFA6,9606.ENSP00000297436
BGLAP,9606.ENSP00000357255
ATP5MGL,9606.ENSP00000421076
APOA2,9606.ENSP00000356969
RBIS,9606.ENSP00000484492
TCEAL7,9606.ENSP00000329794
EIF4EBP3,9606.ENSP00000308472
APOC3,9606.ENSP00000227667
TMEM14A,9606.ENSP00000211314
SMIM14,9606.ENSP00000295958
LAMTOR4,9606.ENSP00000343118
CCL2,9606.ENSP00000225831
NCBP2AS2,9606.ENSP00000488305
SMIM9,9606.ENSP00000358542
CRCT1,9606.ENSP00000357779
HMGN3,9606.ENSP00000482613
ACYP2,9606.ENSP00000475986
SPINT4,9606.ENSP00000279058
NDUFA2,9606.ENSP00000252102
DPY30,9606.ENSP00000345837
KRTDAP,9606.ENSP00000339251
S100Z,9606.ENSP00000320430
ACYP1,9606.ENSP00000450873
CCL8,9606.ENSP00000378118
DEFB127,9606.ENSP00000371825
CXCL8,9606.ENSP00000306512
SPANXN4,9606.ENSP00000405210
KIAA0040,9606.ENSP00000462172
HIGD1B,9606.ENSP00000253410
LCE4A,9606.ENSP00000357766
CCL7,9606.ENSP00000367832
C19orf53,9606.ENSP00000465432
S100A13,9606.ENSP00000392767
PATE4,9606.ENSP00000411439
KRTAP3-2,9606.ENSP00000375429
KRTAP3-1,9606.ENSP00000375430
KRTAP3-3,9606.ENSP00000375428
NDUFB3,9606.ENSP00000407336
S100A2,9606.ENSP00000499289
FREY1,9606.ENSP00000401498
CSTB,9606.ENSP00000291568
CXCL10,9606.ENSP00000305651
SCRG1,9606.ENSP00000296506
CCL19,9606.ENSP00000308815
LELP1,9606.ENSP00000357736
CCL13,9606.ENSP00000225844
PATE3,9606.ENSP00000395505
MT-ND4L,9606.ENSP00000354728
CSTA,9606.ENSP00000264474
H4C7,9606.ENSP00000477870
SNAPC5,9606.ENSP00000319597
SPATA45,9606.ENSP00000419160
TSTD3,9606.ENSP00000489733
PLAC9,9606.ENSP00000361337
NPY,9606.ENSP00000384364
ATXN7L3B,9606.ENSP00000430000
COX6A2,9606.ENSP00000287490
NUPR2,9606.ENSP00000455442
SMIM8,9606.ENSP00000376603
SPANXD,9606.ENSP00000359546
PYY,9606.ENSP00000353198
CYSTM1,9606.ENSP00000261811
CCDC167,9606.ENSP00000362507
DEFA4,9606.ENSP00000297435
SLURP2,9606.ENSP00000319846
PYDC2,9606.ENSP00000492367
SPANXA1,9606.ENSP00000359549
SPINK14,9606.ENSP00000349459
SPINK8,9606.ENSP00000407497
CCL11,9606.ENSP00000302234
SMAGP,9606.ENSP00000475068
S100A10,9606.ENSP00000357801
RPL37,9606.ENSP00000274242
HIGD1C,9606.ENSP00000381473
SPANXC,9606.ENSP00000351884
MCRIP1,9606.ENSP00000461433
TIMM8A,9606.ENSP00000361993
LST1,9606.ENSP00000365261
ASDURF,9606.ENSP00000475224
DYNLRB1,9606.ENSP00000349679
CCL1,9606.ENSP00000225842
KRTAP12-3,9606.ENSP00000381005
DYNLRB2,9606.ENSP00000455791
SCGB2B2,9606.ENSP00000469876
LSM8,9606.ENSP00000249299
SEC61B,9606.ENSP00000223641
CCL20,9606.ENSP00000351671
PLGLB1,9606.ENSP00000347933
SCYGR7,9606.ENSP00000493152
LCE3B,9606.ENSP00000335358
SCGB1C1,9606.ENSP00000344545
SCGB2A1,9606.ENSP00000244930
SUMO2,9606.ENSP00000405965
FXYD6,9606.ENSP00000442756
P3R3URF,9606.ENSP00000480059
PPY,9606.ENSP00000466009
LSM2,9606.ENSP00000364813
TIMM13,9606.ENSP00000215570
DEFB132,9606.ENSP00000371813
S100P,9606.ENSP00000296370
AKAP19,9606.ENSP00000345107
SMIM18,9606.ENSP00000428858
NICOL1,9606.ENSP00000386807
SCGB1C2,9606.ENSP00000471646
FAM240C,9606.ENSP00000490626
SMIM26,9606.ENSP00000485316
SUMO4,9606.ENSP00000318635
DEXI,9606.ENSP00000493467
CXCL11,9606.ENSP00000306884
SFTA3,9606.ENSP00000428331
DEFA3,9606.ENSP00000328359
SPINK13,9606.ENSP00000421048
DEFA1,9606.ENSP00000372136
CCL26,9606.ENSP00000378365
ATP5MF,9606.ENSP00000292475
DEFA5,9606.ENSP00000329890
LCE3C,9606.ENSP00000334644
SELENOK,9606.ENSP00000418813
CCL17,9606.ENSP00000219244
S100A1,9606.ENSP00000292169
FAM24B,9606.ENSP00000357894
CCL22,9606.ENSP00000219235
SMIM41,9606.ENSP00000493663
CCL3L1,9606.ENSP00000480558
HIGD1A,9606.ENSP00000398064
S100A8,9606.ENSP00000357721
UQCC3,9606.ENSP00000432692
CXCL12,9606.ENSP00000379140
SCGB3A2,9606.ENSP00000296694
SCGB2A2,9606.ENSP00000227918
SH3BGRL3,9606.ENSP00000270792
CCL14,9606.ENSP00000479097
HCST,9606.ENSP00000246551
DEFB128,9606.ENSP00000335382
WFDC13,9606.ENSP00000302938
C10orf53,9606.ENSP00000363226
SMIM36,9606.ENSP00000490644
RIIAD1,9606.ENSP00000419249
FXYD1,9606.ENSP00000481244
DPM3,9606.ENSP00000357384
S100A5,9606.ENSP00000357707
LCE3D,9606.ENSP00000357776
SNRPE,9606.ENSP00000400591
SMIM12,9606.ENSP00000428585
CNPY1,9606.ENSP00000317439
GNRH1,9606.ENSP00000276414
CCL3,9606.ENSP00000477908
S100B,9606.ENSP00000291700
LCE3E,9606.ENSP00000357778
RPL37A,9606.ENSP00000418082
MRPL34,9606.ENSP00000252602
CCL4,9606.ENSP00000482259
S100A12,9606.ENSP00000357726
SMIM13,9606.ENSP00000451866
C2orf15,9606.ENSP00000497775
SCGB1A1,9606.ENSP00000278282
CCL5,9606.ENSP00000474412
HRK,9606.ENSP00000257572
LYRM4,9606.ENSP00000443900
LSM5,9606.ENSP00000410758
LAMTOR5,9606.ENSP00000256644
UQCRHL,9606.ENSP00000485401
GYPB,9606.ENSP00000427690
UQCRH,9606.ENSP00000309565
ETFRF1,9606.ENSP00000450584
HMGN4,9606.ENSP00000366798
LINC03043,9606.ENSP00000480627
SCGB1D2,9606.ENSP00000244926
C17orf67,9606.ENSP00000380959
TIMM10,9606.ENSP00000257245
KRTAP19-1,9606.ENSP00000375108
CARD18,9606.ENSP00000436691
COX19,9606.ENSP00000342015
SCGB1D1,9606.ENSP00000303070
MUCL1,9606.ENSP00000311364
BANF2,9606.ENSP00000439128
PRAC2,9606.ENSP00000484945
HMGN2,9606.ENSP00000355228
MLLT11,9606.ENSP00000357917
SPAAR,9606.ENSP00000490187
S100A6,9606.ENSP00000357709
TIMM9,9606.ENSP00000378588
IAPP,9606.ENSP00000240652
BANF1,9606.ENSP00000433760
FXYD4,9606.ENSP00000473361
SPRR1B,9606.ENSP00000306461
CCL18,9606.ENSP00000479955
FAM25A,9606.ENSP00000342790
OTOS,9606.ENSP00000375849
LCE3A,9606.ENSP00000335006
PYDC1,9606.ENSP00000304336
SPINT3,9606.ENSP00000217428
WFDC9,9606.ENSP00000320532
SPRR1A,9606.ENSP00000357751
NPS,9606.ENSP00000381105
DYNLL2,9606.ENSP00000477310
DYNLL1,9606.ENSP00000376297
DEFB115,9606.ENSP00000383398
ACBD7,9606.ENSP00000367453
SYCE3,9606.ENSP00000385480
SNN,9606.ENSP00000329287
MEIG1,9606.ENSP00000384334
HEPN1,9606.ENSP00000386143
SMPX,9606.ENSP00000368808
COX6B2,9606.ENSP00000467266
SCYGR1,9606.ENSP00000493109
CENPW,9606.ENSP00000357308
LYRM2,9606.ENSP00000430025
WFDC11,9606.ENSP00000348968
SELENOW,9606.ENSP00000473185
COXFA4L2,9606.ENSP00000377411
KRTAP7-1,9606.ENSP00000479656
MRPS21,9606.ENSP00000461930
PDE6G,9606.ENSP00000328412
C5orf46,9606.ENSP00000315370
DBI,9606.ENSP00000486361
PRLH,9606.ENSP00000165524
FXYD3,9606.ENSP00000473929
COA4,9606.ENSP00000443795
BLCAP,9606.ENSP00000397172
SF3B5,9606.ENSP00000356541
TRIQK,9606.ENSP00000429517
SPINK9,9606.ENSP00000367139
SNRPF,9606.ENSP00000266735
COX6B1,9606.ENSP00000466818
FCER1G,9606.ENSP00000289902
SRP9,9606.ENSP00000305230
BOLA2,9606.ENSP00000306752
SPINK4,9606.ENSP00000369045
UFM1,9606.ENSP00000368970
SMIM2,9606.ENSP00000383270
FDCSP,9606.ENSP00000318437
COMMD6,9606.ENSP00000348054
MANBAL,9606.ENSP00000362707
CDC26,9606.ENSP00000363322
CHCHD7,9606.ENSP00000306425
SPINK7,9606.ENSP00000274565
NDUFA3,9606.ENSP00000418438
PPDPFL,9606.ENSP00000304926
MYMX,9606.ENSP00000490143
HAMP,9606.ENSP00000471894
KAAG1,9606.ENSP00000274766
RPS27,9606.ENSP00000499044
DPM2,9606.ENSP00000322181
CDC42SE2,9606.ENSP00000427421
TFF1,9606.ENSP00000291527
KRTAP19-4,9606.ENSP00000335567
ANAPC11,9606.ENSP00000349957
RPS27L,9606.ENSP00000331019
GCHFR,9606.ENSP00000260447
BRD3OS,9606.ENSP00000490916
C14orf132,9606.ENSP00000490925
BBLN,9606.ENSP00000362085
KRTAP21-2,9606.ENSP00000334287
SCGB1D4,9606.ENSP00000351395
TIMM8B,9606.ENSP00000438455
RPS21,9606.ENSP00000345957
APOC1,9606.ENSP00000465356
PDE6H,9606.ENSP00000266395
COXFA4L3,9606.ENSP00000341610
SMIM22,9606.ENSP00000481592
FAM240A,9606.ENSP00000490556
ELOF1,9606.ENSP00000465765
COX7A2,9606.ENSP00000359098
UQCRQ,9606.ENSP00000367939
DPH3,9606.ENSP00000419599
MZT1,9606.ENSP00000367049
IER3IP1,9606.ENSP00000256433
MUSTN1,9606.ENSP00000410910
PHGR1,9606.ENSP00000410024
NUPR1,9606.ENSP00000379003
DEFB113,9606.ENSP00000381703
CTXN1,9606.ENSP00000313226
COX7B2,9606.ENSP00000379784
GPR15LG,9606.ENSP00000361199
ABRACL,9606.ENSP00000356632
ATP6V0E1,9606.ENSP00000429690
C5orf58,9606.ENSP00000490013
PET117,9606.ENSP00000397881
ATP6V0E2,9606.ENSP00000411672
CTXN3,9606.ENSP00000368758
XAGE1A,9606.ENSP00000364752
CTNNBIP1,9606.ENSP00000366474
CTXN2,9606.ENSP00000495988
CENPX,9606.ENSP00000464357
NNAT,9606.ENSP00000497164
NEDD8,9606.ENSP00000250495
COXFA4,9606.ENSP00000339720
KRTAP19-3,9606.ENSP00000386376
LSM6,9606.ENSP00000296581
COX7B,9606.ENSP00000497474
SPINK6,9606.ENSP00000481309
CEBPZOS,9606.ENSP00000384331
CD24,9606.ENSP00000481841
LCE6A,9606.ENSP00000411070
FAM229B,9606.ENSP00000357645
FXYD7,9606.ENSP00000270310
ADIG,9606.ENSP00000440331
TFF3,9606.ENSP00000430690
CMC2,9606.ENSP00000219400
CKS2,9606.ENSP00000364976
MORN2,9606.ENSP00000386563
DEFB130A,9606.ENSP00000382951
WFDC10A,9606.ENSP00000361726
TMEM258,9606.ENSP00000443216
S100G,9606.ENSP00000369547
CKS1B,9606.ENSP00000311083
SPINK1,9606.ENSP00000296695
ROMO1,9606.ENSP00000363191
ST20,9606.ENSP00000453502
TMEM238L,9606.ENSP00000490566
COX7A1,9606.ENSP00000292907
CDC42SE1,9606.ENSP00000475845
SPRR4,9606.ENSP00000332163
CAMK2N2,9606.ENSP00000296238
KRTAP21-1,9606.ENSP00000335566
SMR3B,9606.ENSP00000481313
LYRM9,9606.ENSP00000368397
FAM240B,9606.ENSP00000490097
DEFB105A,9606.ENSP00000334330
NRGN,9606.ENSP00000284292
CSAG1,9606.ENSP00000359310
PKIB,9606.ENSP00000480824
GYPE,9606.ENSP00000351430
SMIM10L2A,9606.ENSP00000487709
SFTA2,9606.ENSP00000351989
SMIM1,9606.ENSP00000457386
CAMK2N1,9606.ENSP00000364219
DEFB136,9606.ENSP00000371644
MICOS10,9606.ENSP00000325562
CRIP1,9606.ENSP00000332449
SMIM5,9606.ENSP00000477017
SS18L2,9606.ENSP00000401115
SVIP,9606.ENSP00000346130
DEFB135,9606.ENSP00000371643
LEAP2,9606.ENSP00000296877
APLN,9606.ENSP00000391800
PKIA,9606.ENSP00000379696
ENHO,9606.ENSP00000382675
ZNF706,9606.ENSP00000430823
PKIG,9606.ENSP00000361980
SPTSSB,9606.ENSP00000352097
TRIAP1,9606.ENSP00000449795
C18orf32,9606.ENSP00000480941
ADIRF,9606.ENSP00000361083
DEFB121,9606.ENSP00000417128
SNRPG,9606.ENSP00000393388
HSBP1,9606.ENSP00000392896
C16orf74,9606.ENSP00000284245
NDUFC1,9606.ENSP00000441126
GNG3,9606.ENSP00000294117
SMIM7,9606.ENSP00000486146
COX6C,9606.ENSP00000429707
BRK1,9606.ENSP00000432472
GNG4,9606.ENSP00000398629
NDUFAF8,9606.ENSP00000400184
SMIM15,9606.ENSP00000339324
TOMM6,9606.ENSP00000381859
TMEM167B,9606.ENSP00000342148
ANAPC13,9606.ENSP00000421842
HSBP1L1,9606.ENSP00000414236
COA5,9606.ENSP00000330730
GNGT1,9606.ENSP00000248572
WFDC10B,9606.ENSP00000337466
DEFB108B,9606.ENSP00000333234
GNG11,9606.ENSP00000248564
SPRR2G,9606.ENSP00000357737
UBL5,9606.ENSP00000351492
PET100,9606.ENSP00000470539
HOPX,9606.ENSP00000450527
LITAFD,9606.ENSP00000490685
SPANXN5,9606.ENSP00000364661
COX8C,9606.ENSP00000340568
DEFB104A,9606.ENSP00000320813
SPRR2F,9606.ENSP00000418193
TMEM167A,9606.ENSP00000424707
SPRR2D,9606.ENSP00000357746
SPANXN1,9606.ENSP00000359524
KRTAP19-5,9606.ENSP00000334985
SPRR2E,9606.ENSP00000357740
GNG12,9606.ENSP00000360021
SPRR2A,9606.ENSP00000357744
SPTSSA,9606.ENSP00000298130
UQCC6,9606.ENSP00000367330
PIGY,9606.ENSP00000432688
KRTAP6-1,9606.ENSP00000332690
GTF2H5,9606.ENSP00000476100
GNG2,9606.ENSP00000334448
SMIM31,9606.ENSP00000490699
SNURF,9606.ENSP00000463201
DEFB124,9606.ENSP00000326309
RPL38,9606.ENSP00000309830
DEFB131A,9606.ENSP00000335538
UQCC5,9606.ENSP00000417806
TEX53,9606.ENSP00000489944
NDUFA1,9606.ENSP00000360492
DEFB107A,9606.ENSP00000334681
GNG8,9606.ENSP00000300873
GNGT2,9606.ENSP00000421710
DEFB114,9606.ENSP00000312702
AKAIN1,9606.ENSP00000462259
ATP5ME,9606.ENSP00000306003
RPS28,9606.ENSP00000472469
COX8A,9606.ENSP00000321260
CCDC179,9606.ENSP00000457511
ATOX1,9606.ENSP00000430598
MT3,9606.ENSP00000200691
NREP,9606.ENSP00000378996
DEFB1,9606.ENSP00000297439
NBDY,9606.ENSP00000489583
GNG5,9606.ENSP00000359675
SMIM10L1,9606.ENSP00000488907
MT-ATP8,9606.ENSP00000355265
GNG10,9606.ENSP00000363411
CMC4,9606.ENSP00000358496
PCP4L1,9606.ENSP00000426296
SEC61G,9606.ENSP00000388337
GNG7,9606.ENSP00000371594
GNG13,9606.ENSP00000248150
DEFB103A,9606.ENSP00000320951
DEFB110,9606.ENSP00000360190
DEFB123,9606.ENSP00000365486
SMIM20,9606.ENSP00000427407
POLR2L,9606.ENSP00000324124
FXYD2,9606.ENSP00000292079
ARLN,9606.ENSP00000382026
SVBP,9606.ENSP00000361599
SERP1,9606.ENSP00000420076
DEFB134,9606.ENSP00000435010
SERP2,9606.ENSP00000368477
MRPL33,9606.ENSP00000296102
KRTAP20-2,9606.ENSP00000330746
SMKR1,9606.ENSP00000454370
KRTAP23-1,9606.ENSP00000346536
DEFB106A,9606.ENSP00000334364
DEFB4A,9606.ENSP00000303532
NOP10,9606.ENSP00000332198
TMA7,9606.ENSP00000397843
TMA7B,9606.ENSP00000491117
OCC1,9606.ENSP00000448536
COX17,9606.ENSP00000261070
UQCR10,9606.ENSP00000332887
HILPDA,9606.ENSP00000257696
SMIM43,9606.ENSP00000495936
COX7C,9606.ENSP00000425759
KRTAP8-1,9606.ENSP00000332805
KRTAP19-7,9606.ENSP00000334696
KRTAP19-8,9606.ENSP00000372272
KRTAP6-2,9606.ENSP00000334560
MT1G,9606.ENSP00000369139
PCP4,9606.ENSP00000329403
ERLN,9606.ENSP00000463361
STATH,9606.ENSP00000246895
MT4,9606.ENSP00000219162
MT1B,9606.ENSP00000334998
MT1M,9606.ENSP00000369146
MT1A,9606.ENSP00000290705
MT1F,9606.ENSP00000334872
CD52,9606.ENSP00000363330
MT1HL1,9606.ENSP00000476141
LENEP,9606.ENSP00000376278
MT1H,9606.ENSP00000330587
MT2A,9606.ENSP00000245185
MT1X,9606.ENSP00000377995
DEFB133,9606.ENSP00000485031
SMIM3,9606.ENSP00000436897
SMIM30,9606.ENSP00000490095
SERF2,9606.ENSP00000387187
ETDA,9606.ENSP00000490055
ETDC,9606.ENSP00000490576
SMCO4,9606.ENSP00000298966
CTXND1,9606.ENSP00000489837
MISFA,9606.ENSP00000489616
NDUFB1,9606.ENSP00000483888
POLR2K,9606.ENSP00000342889
KRTAP19-6,9606.ENSP00000375107
LUZP6,9606.ENSP00000468007
KRTAP21-3,9606.ENSP00000404517
ATP5MK,9606.ENSP00000358840
ATP5MJ,9606.ENSP00000401770
SMIM11,9606.ENSP00000485484
COPS9,9606.ENSP00000304147
HTN1,9606.ENSP00000424501
COX14,9606.ENSP00000326052
PRAC1,9606.ENSP00000290294
RPS29,9606.ENSP00000379339
KRTAP20-1,9606.ENSP00000335503
MTLN,9606.ENSP00000485216
UQCR11,9606.ENSP00000467262
TOMM7,9606.ENSP00000351214
TNP1,9606.ENSP00000236979
SMIM27,9606.ENSP00000490275
PIGBOS1,9606.ENSP00000484893
APELA,9606.ENSP00000484618
PMAIP1,9606.ENSP00000326119
PRCD,9606.ENSP00000467661
IGIP,9606.ENSP00000327344
KRTAP19-2,9606.ENSP00000335660
PLN,9606.ENSP00000350132
RPL39,9606.ENSP00000355315
SMIM38,9606.ENSP00000493332
HTN3,9606.ENSP00000432561
ATP5F1E,9606.ENSP00000243997
RPL39L,9606.ENSP00000389356
PRM1,9606.ENSP00000310515
TOMM5,9606.ENSP00000438204
KRTAP22-1,9606.ENSP00000333887
TUNAR,9606.ENSP00000489624
STMP1,9606.ENSP00000425996
MRLN,9606.ENSP00000488748
TMSB15A,9606.ENSP00000289373
NLRP2B,9606.ENSP00000488995
TMSB4Y,9606.ENSP00000284856
KRTAP20-3,9606.ENSP00000372276
TMSB10,9606.ENSP00000233143
TMSB4X,9606.ENSP00000370010
KRTAP20-4,9606.ENSP00000372278
HMHB1,9606.ENSP00000289448
OST4,9606.ENSP00000455716
STRIT1,9606.ENSP00000489859
SLN,9606.ENSP00000435380
MTRNR2L4,9606.ENSP00000382856
MTRNR2L5,9606.ENSP00000437910
MTRNR2L7,9606.ENSP00000439985
MTRNR2L6,9606.ENSP00000473686
MTRNR2L1,9606.ENSP00000439228
MTRNR2L3,9606.ENSP00000443339
MTRNR2L10,9606.ENSP00000442159
MTRNR2L8,9606.ENSP00000439666
MTRNR2L13,9606.ENSP00000474570
MTRNR2L11,9606.ENSP00000474861
