Primary_Symbol,STRING,Death_Probability,Original_Label
AFP,9606.ENSP00000379138,0.9979832,-1
NLRC4,9606.ENSP00000385428,0.9979633,1
NAIP,9606.ENSP00000428657,0.99790275,1
PLCB2,9606.ENSP00000260402,0.9978108,1
CARD8,9606.ENSP00000499211,0.99778,-1
PIK3CG,9606.ENSP00000419260,0.99777585,1
APAF1,9606.ENSP00000448165,0.99776626,1
POSTN,9606.ENSP00000369071,0.9977495,-1
LPCAT3,9606.ENSP00000261407,0.99774265,1
MFN1,9606.ENSP00000420617,0.9977319,-1
TIGAR,9606.ENSP00000179259,0.9977296,1
HSPB3,9606.ENSP00000303394,0.99772877,-1
PRKDC,9606.ENSP00000313420,0.9977276,1
PIK3CD,9606.ENSP00000366563,0.99772185,1
PIK3CB,9606.ENSP00000501150,0.99771166,1
ABCA1,9606.ENSP00000363868,0.9977088,-1
RTKN2,9606.ENSP00000362894,0.9977054,1
TECTA,9606.ENSP00000376543,0.99769294,-1
SYCP2L,9606.ENSP00000283141,0.9976897,1
SFRP2,9606.ENSP00000274063,0.99767655,1
CX3CL1,9606.ENSP00000006053,0.9976707,1
STAB1,9606.ENSP00000312946,0.9976676,-1
MAP3K5,9606.ENSP00000351908,0.9976647,1
PTPRB,9606.ENSP00000334928,0.9976646,-1
UNC5B,9606.ENSP00000334329,0.99765354,1
TCTN3,9606.ENSP00000483364,0.99764997,1
BIRC3,9606.ENSP00000263464,0.997638,1
COL18A1,9606.ENSP00000352798,0.9976357,-1
KREMEN1,9606.ENSP00000331242,0.99762636,-1
TGM2,9606.ENSP00000355330,0.9976169,1
RAG1,9606.ENSP00000299440,0.99761677,1
AFM,9606.ENSP00000226355,0.9976163,-1
LGR5,9606.ENSP00000266674,0.99761605,-1
TFR2,9606.ENSP00000420525,0.9976138,-1
DCSTAMP,9606.ENSP00000297581,0.9976125,-1
IL15RA,9606.ENSP00000380421,0.9975999,1
GADD45A,9606.ENSP00000360025,0.9975942,1
CARD14,9606.ENSP00000498071,0.99758816,1
VWF,9606.ENSP00000261405,0.99758375,-1
OTOGL,9606.ENSP00000447211,0.99758244,-1
APOB,9606.ENSP00000233242,0.9975821,-1
PIK3CA,9606.ENSP00000263967,0.9975803,1
SEMA5A,9606.ENSP00000371936,0.9975777,1
BIRC2,9606.ENSP00000477613,0.997577,1
GSDMA,9606.ENSP00000301659,0.99757427,-1
PNMA2,9606.ENSP00000429344,0.9975732,1
FBLN2,9606.ENSP00000384169,0.99756855,-1
PLCB3,9606.ENSP00000443631,0.9975667,-1
PORCN,9606.ENSP00000322304,0.9975662,-1
UNC5A,9606.ENSP00000332737,0.9975649,-1
DSG2,9606.ENSP00000261590,0.99755955,1
PTPRZ1,9606.ENSP00000377047,0.9975563,1
TNFSF10,9606.ENSP00000241261,0.9975562,1
DFFA,9606.ENSP00000366237,0.9975561,1
CPED1,9606.ENSP00000309772,0.99755573,-1
ABCA4,9606.ENSP00000359245,0.9975527,-1
PROS1,9606.ENSP00000377783,0.99754804,-1
NFE2L2,9606.ENSP00000380252,0.99754804,1
CHUK,9606.ENSP00000359424,0.997547,1
NCOA4,9606.ENSP00000463027,0.99754614,1
NELL1,9606.ENSP00000298925,0.997546,-1
RB1CC1,9606.ENSP00000025008,0.9975435,1
ATM,9606.ENSP00000278616,0.9975424,1
STAP2,9606.ENSP00000468927,0.997538,-1
MOAP1,9606.ENSP00000451594,0.997532,1
CALHM2,9606.ENSP00000260743,0.9975279,1
FBLN1,9606.ENSP00000331544,0.99752766,-1
ITIH4,9606.ENSP00000266041,0.99752694,-1
GPLD1,9606.ENSP00000230036,0.997523,1
GSS,9606.ENSP00000495750,0.9975223,1
IKBKB,9606.ENSP00000430684,0.99751925,1
GLIPR1L2,9606.ENSP00000448248,0.99751914,-1
TRAF1,9606.ENSP00000362994,0.99751914,-1
OPA1,9606.ENSP00000354681,0.9975189,1
BCL2L14,9606.ENSP00000309132,0.997514,1
SLC27A1,9606.ENSP00000252595,0.99751246,-1
CAPN2,9606.ENSP00000295006,0.99751174,1
BIN1,9606.ENSP00000316779,0.99751115,1
ALB,9606.ENSP00000295897,0.99750924,-1
ATG7,9606.ENSP00000346437,0.99750704,1
ITIH2,9606.ENSP00000351190,0.99750465,-1
OGN,9606.ENSP00000364711,0.9975043,-1
IL1B,9606.ENSP00000263341,0.9975043,1
HDC,9606.ENSP00000267845,0.99750274,-1
FBN1,9606.ENSP00000325527,0.99750143,-1
EDAR,9606.ENSP00000258443,0.9975,-1
GSDME,9606.ENSP00000339587,0.9974986,1
SEMA5B,9606.ENSP00000389588,0.9974953,-1
ADGRF1,9606.ENSP00000360299,0.99749017,-1
SFRP5,9606.ENSP00000266066,0.99749005,-1
TFRC,9606.ENSP00000376197,0.99748933,1
OMA1,9606.ENSP00000360270,0.9974886,1
ITGAV,9606.ENSP00000261023,0.99748576,1
BID,9606.ENSP00000318822,0.9974843,1
TNFRSF21,9606.ENSP00000296861,0.99748236,-1
DPP10,9606.ENSP00000376855,0.9974807,-1
CALHM5,9606.ENSP00000357588,0.9974806,-1
ABCC8,9606.ENSP00000494321,0.99747914,-1
BCL2L12,9606.ENSP00000482218,0.9974777,1
CREB3,9606.ENSP00000342136,0.99747604,1
SLC27A4,9606.ENSP00000300456,0.9974705,1
TLR4,9606.ENSP00000363089,0.99746954,1
NFKB1,9606.ENSP00000226574,0.9974692,1
RETSAT,9606.ENSP00000295802,0.9974654,1
CER1,9606.ENSP00000370297,0.99746275,-1
PLXNC1,9606.ENSP00000258526,0.9974611,-1
ITLN2,9606.ENSP00000357008,0.9974611,-1
CSF1,9606.ENSP00000327513,0.99746096,-1
OPTC,9606.ENSP00000356191,0.99745685,-1
MBOAT1,9606.ENSP00000324944,0.9974553,-1
ROCK1,9606.ENSP00000382697,0.9974553,1
UNC5C,9606.ENSP00000406022,0.9974522,1
LRRTM3,9606.ENSP00000355187,0.99745125,-1
MACC1,9606.ENSP00000383185,0.9974496,-1
SLITRK2,9606.ENSP00000334374,0.99744934,-1
TNFSF12,9606.ENSP00000293825,0.99744785,1
FST,9606.ENSP00000256759,0.99744403,-1
TGM4,9606.ENSP00000296125,0.99744236,-1
CFTR,9606.ENSP00000003084,0.9974395,-1
PARP4,9606.ENSP00000371419,0.997439,-1
FLRT1,9606.ENSP00000246841,0.9974356,-1
ASAP3,9606.ENSP00000338769,0.9974354,-1
DSG3,9606.ENSP00000257189,0.99743325,-1
NELL2,9606.ENSP00000416341,0.997431,-1
GC,9606.ENSP00000421725,0.9974274,-1
ITGB6,9606.ENSP00000283249,0.9974273,-1
FASLG,9606.ENSP00000356694,0.9974268,1
HSH2D,9606.ENSP00000482604,0.9974267,1
GAS6,9606.ENSP00000331831,0.9974255,1
GSDMD,9606.ENSP00000433209,0.9974239,1
PCOLCE,9606.ENSP00000223061,0.9974239,-1
TRPV5,9606.ENSP00000265310,0.9974234,-1
GPR179,9606.ENSP00000483469,0.99742115,-1
CHRDL2,9606.ENSP00000263671,0.9974178,-1
NFKBIA,9606.ENSP00000216797,0.99741757,1
VTN,9606.ENSP00000226218,0.99741733,-1
RNASEL,9606.ENSP00000356530,0.99741733,1
GSDMC,9606.ENSP00000276708,0.9974166,-1
TNS4,9606.ENSP00000254051,0.99741614,-1
CASP10,9606.ENSP00000286186,0.99741435,1
PZP,9606.ENSP00000261336,0.9974141,-1
CD40LG,9606.ENSP00000359663,0.9974139,1
RMDN3,9606.ENSP00000260385,0.997413,-1
OC90,9606.ENSP00000254627,0.99741226,-1
NEFL,9606.ENSP00000482169,0.9974118,1
STRA6,9606.ENSP00000456609,0.9974113,-1
CCL25,9606.ENSP00000375086,0.9974105,-1
BCL2A1,9606.ENSP00000267953,0.99740845,1
LRRK2,9606.ENSP00000298910,0.99740416,1
DAPK1,9606.ENSP00000386135,0.99740416,1
KRT20,9606.ENSP00000167588,0.9974021,-1
EPHA6,9606.ENSP00000374323,0.99739957,-1
VCAN,9606.ENSP00000265077,0.99739695,-1
OVGP1,9606.ENSP00000358747,0.99739647,-1
XIAP,9606.ENSP00000360242,0.99739516,1
TRAP1,9606.ENSP00000246957,0.99739385,1
TMEM161A,9606.ENSP00000162044,0.9973937,1
TG,9606.ENSP00000220616,0.9973922,-1
BCO1,9606.ENSP00000258168,0.99739146,-1
FLRT2,9606.ENSP00000332879,0.99739134,-1
FAP,9606.ENSP00000188790,0.99738723,1
GRID2IP,9606.ENSP00000397351,0.9973833,-1
CTNNA1,9606.ENSP00000304669,0.9973827,1
BANK1,9606.ENSP00000320509,0.9973793,-1
GFRAL,9606.ENSP00000343636,0.997378,1
EMCN,9606.ENSP00000296420,0.99737716,-1
EIF2B5,9606.ENSP00000497160,0.99737656,1
DIABLO,9606.ENSP00000398495,0.997375,1
NRP1,9606.ENSP00000265371,0.9973712,1
KRT18,9606.ENSP00000373489,0.99737096,1
CP,9606.ENSP00000264613,0.9973686,1
NID1,9606.ENSP00000264187,0.9973677,-1
CILP,9606.ENSP00000261883,0.99736506,-1
MAP3K8,9606.ENSP00000263056,0.9973646,-1
MDM4,9606.ENSP00000356150,0.9973617,1
HMGCR,9606.ENSP00000287936,0.99735993,1
ITGA4,9606.ENSP00000380227,0.99735886,1
GPR158,9606.ENSP00000365529,0.9973585,-1
BCL10,9606.ENSP00000498104,0.9973585,1
RIPK3,9606.ENSP00000216274,0.9973573,1
STAT4,9606.ENSP00000351255,0.9973557,-1
FZD6,9606.ENSP00000351605,0.99735487,-1
ANKH,9606.ENSP00000284268,0.9973538,1
PCSK9,9606.ENSP00000303208,0.9973527,1
GAD1,9606.ENSP00000350928,0.9973521,-1
CTSF,9606.ENSP00000310832,0.9973515,-1
BCL2L13,9606.ENSP00000480836,0.99735045,-1
RNF34,9606.ENSP00000376258,0.99734914,1
PPFIBP1,9606.ENSP00000314724,0.9973464,-1
BCL2L10,9606.ENSP00000453562,0.99734586,1
FASN,9606.ENSP00000304592,0.9973429,-1
LRRTM4,9606.ENSP00000387228,0.9973425,-1
PTK2B,9606.ENSP00000380638,0.9973425,1
GPRC6A,9606.ENSP00000309493,0.9973412,-1
TRIM32,9606.ENSP00000408292,0.9973381,1
CAPN1,9606.ENSP00000431984,0.99733704,1
LTBP2,9606.ENSP00000261978,0.9973354,-1
RETREG1,9606.ENSP00000304642,0.9973321,1
HTRA4,9606.ENSP00000305919,0.99733174,1
ACSBG1,9606.ENSP00000258873,0.99733126,-1
STEAP3,9606.ENSP00000376822,0.9973265,1
IL2RB,9606.ENSP00000216223,0.997324,1
DLC1,9606.ENSP00000276297,0.9973232,1
NGEF,9606.ENSP00000264051,0.99732214,-1
INA,9606.ENSP00000358865,0.9973194,-1
NOL3,9606.ENSP00000457243,0.997315,1
FGA,9606.ENSP00000498441,0.9973144,1
VNN1,9606.ENSP00000356905,0.9973138,1
CASP9,9606.ENSP00000330237,0.9973099,1
BTD,9606.ENSP00000500193,0.9973097,-1
FAF1,9606.ENSP00000379457,0.9973093,1
RCVRN,9606.ENSP00000226193,0.997308,-1
TRAF7,9606.ENSP00000318944,0.99730706,1
IL18,9606.ENSP00000280357,0.99730575,1
MFN2,9606.ENSP00000416338,0.9973055,1
ZBP1,9606.ENSP00000360215,0.9973022,1
COL15A1,9606.ENSP00000364140,0.9973018,-1
SERINC3,9606.ENSP00000340243,0.99730104,1
SLITRK3,9606.ENSP00000420091,0.99730045,-1
TRIM13,9606.ENSP00000348299,0.9972978,-1
PEA15,9606.ENSP00000357055,0.9972952,1
PNMA1,9606.ENSP00000318914,0.99729306,1
ADAMTSL4,9606.ENSP00000358035,0.99729186,1
ASNS,9606.ENSP00000377845,0.9972907,1
TNFSF18,9606.ENSP00000385470,0.99728906,1
FNIP1,9606.ENSP00000421985,0.9972874,1
PIK3AP1,9606.ENSP00000339826,0.9972868,-1
GSDMB,9606.ENSP00000415049,0.99728644,1
NQO1,9606.ENSP00000319788,0.9972861,1
LTBP1,9606.ENSP00000386043,0.9972831,-1
BNIP2,9606.ENSP00000267859,0.99728286,1
SERPINB12,9606.ENSP00000372218,0.99728155,-1
LMNA,9606.ENSP00000357283,0.9972813,1
IGF2R,9606.ENSP00000349437,0.9972811,1
IL36A,9606.ENSP00000259211,0.9972799,-1
PI16,9606.ENSP00000497550,0.99727947,-1
ALDH3A2,9606.ENSP00000345774,0.9972783,-1
GUCY1A1,9606.ENSP00000296518,0.9972783,-1
IFIT3,9606.ENSP00000360876,0.99727756,1
CRIM1,9606.ENSP00000280527,0.9972767,-1
TNFAIP6,9606.ENSP00000243347,0.99727565,-1
NUGGC,9606.ENSP00000408697,0.99727374,1
UNC5CL,9606.ENSP00000244565,0.9972723,-1
PRKCQ,9606.ENSP00000263125,0.99726945,1
EVI2B,9606.ENSP00000333779,0.99726534,1
CPB2,9606.ENSP00000181383,0.997265,-1
FBN2,9606.ENSP00000424571,0.997265,-1
IL7R,9606.ENSP00000306157,0.99726355,1
CCN5,9606.ENSP00000361959,0.9972631,-1
BFAR,9606.ENSP00000261658,0.99726236,1
LAMB1,9606.ENSP00000222399,0.9972596,-1
PRDX3,9606.ENSP00000298510,0.99725765,1
PRKCD,9606.ENSP00000331602,0.9972574,1
CARM1,9606.ENSP00000325690,0.99725646,1
ARG1,9606.ENSP00000349446,0.99725586,1
RECK,9606.ENSP00000367202,0.99725527,-1
TGFBR3,9606.ENSP00000212355,0.997255,1
LAMC2,9606.ENSP00000264144,0.99725467,-1
STAT6,9606.ENSP00000300134,0.99725336,-1
APP,9606.ENSP00000284981,0.99725217,1
TLR9,9606.ENSP00000353874,0.9972504,-1
CFLAR,9606.ENSP00000312455,0.9972488,1
ACSL3,9606.ENSP00000350012,0.99724823,1
UNC5D,9606.ENSP00000385143,0.9972474,-1
CDCP1,9606.ENSP00000296129,0.9972464,-1
KRT8,9606.ENSP00000449404,0.99724436,-1
HTT,9606.ENSP00000347184,0.99724424,1
KRT19,9606.ENSP00000355124,0.99724376,-1
ITGA9,9606.ENSP00000264741,0.9972434,-1
PDGFC,9606.ENSP00000422464,0.9972427,-1
PLEKHH2,9606.ENSP00000282406,0.9972409,-1
IL4R,9606.ENSP00000379111,0.9972396,-1
ANXA5,9606.ENSP00000296511,0.99723935,1
ITM2C,9606.ENSP00000322730,0.9972385,1
PIK3R6,9606.ENSP00000480157,0.9972379,-1
TMC1,9606.ENSP00000494684,0.9972364,-1
DAPK3,9606.ENSP00000442973,0.9972345,1
AVEN,9606.ENSP00000306822,0.99723405,1
LGR4,9606.ENSP00000368516,0.997233,-1
ITGB8,9606.ENSP00000222573,0.9972314,-1
ACP3,9606.ENSP00000323036,0.99723095,-1
TGFBI,9606.ENSP00000416330,0.9972308,-1
AIPL1,9606.ENSP00000370521,0.99723035,1
MYC,9606.ENSP00000478887,0.99723,1
INHBA,9606.ENSP00000242208,0.99722856,1
SFRP1,9606.ENSP00000220772,0.9972276,1
BMPER,9606.ENSP00000497748,0.9972276,-1
ATAD3A,9606.ENSP00000368030,0.9972276,1
BCL2L15,9606.ENSP00000376992,0.99722713,-1
CXCL14,9606.ENSP00000337065,0.99722517,-1
TGFB2,9606.ENSP00000355896,0.99722373,1
RHCG,9606.ENSP00000268122,0.99722254,-1
MDM2,9606.ENSP00000258149,0.9972222,1
CCN4,9606.ENSP00000250160,0.99722195,-1
SCUBE3,9606.ENSP00000274938,0.9972205,-1
SHBG,9606.ENSP00000369816,0.9972197,-1
APC,9606.ENSP00000257430,0.99721885,1
F13A1,9606.ENSP00000264870,0.997218,-1
MBOAT2,9606.ENSP00000302177,0.9972178,-1
IFIT1,9606.ENSP00000360869,0.9972162,-1
NPC1L1,9606.ENSP00000289547,0.99721587,-1
HEPH,9606.ENSP00000430620,0.99721485,-1
AIFM1,9606.ENSP00000287295,0.9972146,1
DUOX2,9606.ENSP00000373691,0.9972145,-1
IL32,9606.ENSP00000431775,0.9972144,-1
CYBB,9606.ENSP00000367851,0.99721426,1
NRP2,9606.ENSP00000353582,0.997214,-1
BCL2L1,9606.ENSP00000365230,0.99721366,1
SEMA3C,9606.ENSP00000265361,0.99720997,-1
SVEP1,9606.ENSP00000363593,0.99720913,-1
SH3BP4,9606.ENSP00000386862,0.99720913,-1
DDB1,9606.ENSP00000301764,0.99720865,1
FBN3,9606.ENSP00000270509,0.99720794,-1
AFAP1L1,9606.ENSP00000296721,0.99720746,-1
TNFSF13B,9606.ENSP00000365048,0.997207,-1
FRAS1,9606.ENSP00000422834,0.9972059,-1
PTX3,9606.ENSP00000295927,0.9972053,-1
XPNPEP1,9606.ENSP00000421566,0.9972052,1
SFRP4,9606.ENSP00000410715,0.9972045,1
CRP,9606.ENSP00000255030,0.99720436,-1
TRADD,9606.ENSP00000341268,0.99720436,1
LRRK1,9606.ENSP00000373600,0.99720424,-1
PRKG2,9606.ENSP00000264399,0.9972037,-1
NEURL1,9606.ENSP00000358795,0.9972037,1
TNFSF15,9606.ENSP00000363157,0.9972037,1
VIM,9606.ENSP00000446007,0.9972031,-1
NPHP3,9606.ENSP00000338766,0.99720275,-1
TNFRSF10B,9606.ENSP00000276431,0.9972024,1
FN1,9606.ENSP00000346839,0.9972023,-1
MERTK,9606.ENSP00000295408,0.9972012,1
IL10RA,9606.ENSP00000227752,0.9972007,-1
SEMA3E,9606.ENSP00000496491,0.9971986,1
NRXN1,9606.ENSP00000385142,0.9971976,-1
GADD45G,9606.ENSP00000252506,0.9971957,1
HHIP,9606.ENSP00000296575,0.99719393,-1
CARD6,9606.ENSP00000254691,0.99719316,-1
CNTNAP4,9606.ENSP00000479811,0.9971904,-1
C1QBP,9606.ENSP00000225698,0.99718887,1
IL21R,9606.ENSP00000338010,0.9971872,-1
TNFRSF6B,9606.ENSP00000359013,0.9971853,1
NRXN3,9606.ENSP00000489551,0.9971853,-1
ITPRIP,9606.ENSP00000278071,0.9971834,1
RIGI,9606.ENSP00000369213,0.99718225,-1
ANXA1,9606.ENSP00000366109,0.9971818,1
MPI,9606.ENSP00000318318,0.99718,-1
COL14A1,9606.ENSP00000297848,0.99717915,-1
STAT2,9606.ENSP00000315768,0.9971775,-1
CD14,9606.ENSP00000385519,0.99717724,1
IL37,9606.ENSP00000263326,0.99717677,-1
ADGRL2,9606.ENSP00000359765,0.99717605,-1
ARMC10,9606.ENSP00000319412,0.99717593,1
ABCC9,9606.ENSP00000261200,0.99717593,1
C2,9606.ENSP00000299367,0.99717546,-1
ANO5,9606.ENSP00000315371,0.9971745,-1
IFIT2,9606.ENSP00000490935,0.99717355,1
PTK7,9606.ENSP00000418754,0.9971731,-1
NDNF,9606.ENSP00000369014,0.99717283,1
MMP9,9606.ENSP00000361405,0.9971722,1
URGCP,9606.ENSP00000396918,0.99717134,-1
ARG2,9606.ENSP00000261783,0.9971711,1
HPX,9606.ENSP00000265983,0.9971704,-1
GHR,9606.ENSP00000483403,0.9971692,-1
LY75,9606.ENSP00000263636,0.99716717,-1
RRN3,9606.ENSP00000198767,0.99716705,1
TNFRSF1B,9606.ENSP00000365435,0.9971668,1
MIB2,9606.ENSP00000426103,0.99716574,-1
PTPN13,9606.ENSP00000394794,0.99716467,-1
INS,9606.ENSP00000380432,0.997162,1
SEMA4B,9606.ENSP00000394720,0.99716187,-1
BMP7,9606.ENSP00000379204,0.99716115,1
ITLN1,9606.ENSP00000323587,0.99716103,-1
CASP14,9606.ENSP00000393417,0.9971601,1
ADPRS,9606.ENSP00000362273,0.9971584,1
ALOX15,9606.ENSP00000293761,0.9971577,1
PAPPA,9606.ENSP00000330658,0.9971577,-1
CYLD,9606.ENSP00000392025,0.9971566,1
MMP2,9606.ENSP00000219070,0.9971565,1
MRC1,9606.ENSP00000455897,0.99715495,-1
PRDM11,9606.ENSP00000480626,0.9971533,1
NF1,9606.ENSP00000351015,0.99715316,1
LAMC1,9606.ENSP00000258341,0.99715304,-1
ZCCHC12,9606.ENSP00000308921,0.9971521,-1
TPD52L1,9606.ENSP00000306285,0.99715155,1
RGS3,9606.ENSP00000363255,0.9971499,-1
DUOX1,9606.ENSP00000317997,0.9971494,-1
ANGPT2,9606.ENSP00000314897,0.997148,-1
WIF1,9606.ENSP00000286574,0.99714524,-1
KRT14,9606.ENSP00000167586,0.99714404,-1
IGFBP1,9606.ENSP00000275525,0.99714357,-1
FLVCR1,9606.ENSP00000355938,0.997143,-1
IL1A,9606.ENSP00000263339,0.997143,1
SLC9A1,9606.ENSP00000263980,0.9971425,1
MELTF,9606.ENSP00000296350,0.99714077,-1
BCL2L2,9606.ENSP00000250405,0.9971386,1
PSEN2,9606.ENSP00000355747,0.9971384,1
CRISPLD2,9606.ENSP00000262424,0.99713767,-1
MAGI2,9606.ENSP00000346151,0.9971372,-1
ADA,9606.ENSP00000361965,0.99713695,1
TNFAIP3,9606.ENSP00000481570,0.99713576,1
LEFTY1,9606.ENSP00000272134,0.9971355,-1
CERKL,9606.ENSP00000341159,0.9971349,1
DPP8,9606.ENSP00000339208,0.9971349,1
CREB3L2,9606.ENSP00000329140,0.99713385,-1
CLU,9606.ENSP00000315130,0.99713385,1
GPRC5A,9606.ENSP00000014914,0.9971336,-1
DKK4,9606.ENSP00000220812,0.9971335,-1
STARD8,9606.ENSP00000363727,0.9971311,-1
CLUL1,9606.ENSP00000441726,0.997129,-1
UMOD,9606.ENSP00000379438,0.9971277,-1
MET,9606.ENSP00000317272,0.9971277,1
FLT1,9606.ENSP00000282397,0.9971275,-1
KRT32,9606.ENSP00000225899,0.9971275,-1
EPHA5,9606.ENSP00000480763,0.99712735,-1
HSPB2,9606.ENSP00000302476,0.99712723,1
SPINT1,9606.ENSP00000342098,0.99712616,-1
TNFSF4,9606.ENSP00000281834,0.99712425,-1
DPP4,9606.ENSP00000353731,0.9971238,1
PLCD4,9606.ENSP00000388631,0.9971233,-1
ANGPT4,9606.ENSP00000371347,0.9971232,1
IGSF10,9606.ENSP00000282466,0.9971199,-1
DAND5,9606.ENSP00000323155,0.99711835,-1
SEMA6C,9606.ENSP00000357909,0.9971181,-1
CIDEC,9606.ENSP00000373328,0.99711776,-1
LDLRAP1,9606.ENSP00000363458,0.9971161,-1
ITGAE,9606.ENSP00000263087,0.99711573,-1
PARL,9606.ENSP00000325421,0.9971155,1
ITPR1,9606.ENSP00000306253,0.9971155,1
PIDD1,9606.ENSP00000337797,0.99711514,1
DHCR7,9606.ENSP00000347717,0.99711394,1
FBXO7,9606.ENSP00000266087,0.99711394,1
SLC39A14,9606.ENSP00000370635,0.9971123,1
LTF,9606.ENSP00000231751,0.9971111,1
ZSWIM2,9606.ENSP00000295131,0.99711007,1
NID2,9606.ENSP00000216286,0.99710923,-1
SERPING1,9606.ENSP00000278407,0.99710625,-1
PYDC2,9606.ENSP00000492367,0.997106,-1
ANO1,9606.ENSP00000347454,0.99710494,-1
ITPKB,9606.ENSP00000411152,0.9971046,1
OTOG,9606.ENSP00000382323,0.99710447,-1
SERPIND1,9606.ENSP00000215727,0.99710363,-1
PLEKHM1,9606.ENSP00000389913,0.9971035,-1
GFRA3,9606.ENSP00000274721,0.9971033,-1
STAT3,9606.ENSP00000264657,0.99710256,1
ROR2,9606.ENSP00000364860,0.9971022,-1
PRKCA,9606.ENSP00000408695,0.99710196,1
ENDOG,9606.ENSP00000361725,0.997101,1
ACSL6,9606.ENSP00000498260,0.997101,1
CHRDL1,9606.ENSP00000361112,0.99710053,-1
VNN2,9606.ENSP00000322276,0.9971003,-1
MCU,9606.ENSP00000362144,0.99710006,1
TNFSF11,9606.ENSP00000381775,0.9970995,1
NHERF1,9606.ENSP00000262613,0.9970994,1
SEMA7A,9606.ENSP00000261918,0.99709916,-1
CIDEB,9606.ENSP00000337731,0.9970981,1
SEMA4D,9606.ENSP00000416523,0.99709797,1
PPP2R1B,9606.ENSP00000311344,0.99709606,1
MTOR,9606.ENSP00000354558,0.99709594,1
ABCA6,9606.ENSP00000284425,0.99709475,-1
INPP5D,9606.ENSP00000405338,0.99709463,1
ALKBH7,9606.ENSP00000245812,0.9970931,1
ASPN,9606.ENSP00000364694,0.9970914,-1
SPN,9606.ENSP00000498852,0.9970914,-1
CCN6,9606.ENSP00000357655,0.99709105,-1
TIMP1,9606.ENSP00000218388,0.9970908,1
OMD,9606.ENSP00000364700,0.9970868,-1
PPP2R1A,9606.ENSP00000324804,0.9970862,1
KRT7,9606.ENSP00000329243,0.9970855,-1
RYR2,9606.ENSP00000355533,0.9970849,-1
CIB1,9606.ENSP00000479860,0.9970817,1
COLEC11,9606.ENSP00000411770,0.99708074,-1
CD163,9606.ENSP00000352071,0.9970796,-1
IFIH1,9606.ENSP00000497271,0.9970794,-1
PPT1,9606.ENSP00000493153,0.997079,1
IL17RA,9606.ENSP00000320936,0.99707854,-1
ADGRA3,9606.ENSP00000334952,0.9970784,-1
CAPN3,9606.ENSP00000380349,0.9970772,1
LRRTM1,9606.ENSP00000295057,0.99707544,-1
DSTYK,9606.ENSP00000356130,0.9970745,1
SCNN1G,9606.ENSP00000300061,0.99707365,-1
EEF2K,9606.ENSP00000263026,0.99707294,1
TFPI,9606.ENSP00000233156,0.9970722,-1
PRKCB,9606.ENSP00000496129,0.9970721,1
GALM,9606.ENSP00000272252,0.9970715,-1
PLEKHG7,9606.ENSP00000492692,0.99706984,-1
ANTXR2,9606.ENSP00000306185,0.9970697,-1
MMP3,9606.ENSP00000299855,0.9970686,-1
TNFRSF9,9606.ENSP00000478699,0.9970667,-1
MAPKAP1,9606.ENSP00000265960,0.99706477,1
ADAR,9606.ENSP00000357459,0.99706477,1
EXOG,9606.ENSP00000287675,0.99706286,1
GGT7,9606.ENSP00000338964,0.99706274,-1
ABCD4,9606.ENSP00000349396,0.99706155,-1
BAX,9606.ENSP00000293288,0.9970607,1
CD2AP,9606.ENSP00000352264,0.9970599,1
CASP4,9606.ENSP00000388566,0.99705744,1
RNF182,9606.ENSP00000420465,0.9970573,-1
FLNB,9606.ENSP00000420213,0.9970566,-1
TNFRSF11A,9606.ENSP00000465500,0.997056,-1
SORBS1,9606.ENSP00000360293,0.99705577,-1
PRG2,9606.ENSP00000312134,0.99705565,-1
BIRC6,9606.ENSP00000393596,0.99705493,1
DEFA4,9606.ENSP00000297435,0.9970529,-1
NGF,9606.ENSP00000358525,0.99705243,1
PSMG2,9606.ENSP00000325919,0.9970515,1
PRR5,9606.ENSP00000384848,0.99705136,1
PPP2R5B,9606.ENSP00000164133,0.99705124,1
A2M,9606.ENSP00000323929,0.9970497,-1
PRKCH,9606.ENSP00000329127,0.99704957,1
RAPGEF1,9606.ENSP00000361264,0.9970493,-1
PLEKHH1,9606.ENSP00000330278,0.99704915,-1
PLA2G6,9606.ENSP00000333142,0.9970489,-1
GADD45B,9606.ENSP00000215631,0.9970488,1
MCL1,9606.ENSP00000358022,0.9970487,1
UBE2Z,9606.ENSP00000354201,0.9970471,1
PIP,9606.ENSP00000291009,0.9970462,1
FADD,9606.ENSP00000301838,0.99704593,1
BNIPL,9606.ENSP00000357927,0.9970457,-1
YME1L1,9606.ENSP00000318480,0.99704534,1
HTRA2,9606.ENSP00000258080,0.9970431,1
COLEC10,9606.ENSP00000332723,0.99703896,-1
ECSCR,9606.ENSP00000479243,0.99703836,1
GP1BA,9606.ENSP00000329380,0.9970362,-1
DDR2,9606.ENSP00000356899,0.99703515,1
ITGB4,9606.ENSP00000200181,0.9970348,-1
COL27A1,9606.ENSP00000348385,0.99703383,-1
CD34,9606.ENSP00000310036,0.99703157,-1
PRKCG,9606.ENSP00000263431,0.9970298,1
ATG5,9606.ENSP00000358072,0.99702966,1
AKAP12,9606.ENSP00000384537,0.9970289,1
WWOX,9606.ENSP00000457230,0.9970277,1
PRPH,9606.ENSP00000257860,0.9970264,-1
ATP7A,9606.ENSP00000345728,0.997026,1
STYXL1,9606.ENSP00000248600,0.99702495,1
GLP2R,9606.ENSP00000262441,0.9970247,-1
CRYBB3,9606.ENSP00000215855,0.9970239,-1
PIK3R5,9606.ENSP00000392812,0.99702376,1
H6PD,9606.ENSP00000473348,0.9970233,-1
ATG9A,9606.ENSP00000386710,0.9970229,1
SEMA4A,9606.ENSP00000357265,0.9970222,-1
MAP3K13,9606.ENSP00000265026,0.9970215,-1
MMP8,9606.ENSP00000236826,0.99702126,-1
RDH8,9606.ENSP00000498711,0.99702066,-1
THPO,9606.ENSP00000494504,0.9970198,-1
KRIT1,9606.ENSP00000378015,0.99701935,1
CNTNAP2,9606.ENSP00000354778,0.99701935,-1
IKBKG,9606.ENSP00000483825,0.99701893,1
TICAM2,9606.ENSP00000415139,0.9970187,-1
ZBTB16,9606.ENSP00000338157,0.9970187,1
IRF5,9606.ENSP00000418037,0.99701834,1
SERPINF2,9606.ENSP00000321853,0.99701715,-1
IL20RA,9606.ENSP00000314976,0.99701595,1
ANXA2,9606.ENSP00000346032,0.9970155,-1
GUCY1A2,9606.ENSP00000282249,0.99701464,-1
LAMA4,9606.ENSP00000230538,0.9970108,-1
KCNIP1,9606.ENSP00000414886,0.9970108,-1
MRC2,9606.ENSP00000307513,0.9970106,-1
ANKRD1,9606.ENSP00000360762,0.99701047,1
LRRC3,9606.ENSP00000291592,0.9970101,-1
ITGA8,9606.ENSP00000367316,0.99701,-1
CAPN10,9606.ENSP00000375844,0.99700874,1
SEMA6A,9606.ENSP00000257414,0.99700826,-1
SCUBE1,9606.ENSP00000354080,0.997008,-1
IL1RN,9606.ENSP00000259206,0.9970079,-1
TM7SF3,9606.ENSP00000342322,0.9970074,1
ACSL4,9606.ENSP00000339787,0.9970072,1
MICAL1,9606.ENSP00000486901,0.9970071,1
SPTAN1,9606.ENSP00000487444,0.99700576,1
ADD1,9606.ENSP00000264758,0.9970054,1
PLK3,9606.ENSP00000361275,0.99700385,1
ANGPTL4,9606.ENSP00000301455,0.99700373,1
TENM1,9606.ENSP00000403954,0.997003,-1
IGFBP4,9606.ENSP00000269593,0.99700123,-1
COL6A6,9606.ENSP00000351310,0.997001,-1
PXDNL,9606.ENSP00000348645,0.9970005,-1
PJVK,9606.ENSP00000495855,0.9970003,1
NOX4,9606.ENSP00000263317,0.9969994,1
OBSCN,9606.ENSP00000455507,0.99699926,-1
CARD17P,9606.ENSP00000364859,0.99699867,-1
NPHS1,9606.ENSP00000368190,0.99699664,-1
SATB1,9606.ENSP00000399518,0.9969957,1
CASP8,9606.ENSP00000351273,0.99699533,1
PNMA5,9606.ENSP00000388850,0.99699473,1
CCN3,9606.ENSP00000259526,0.996994,-1
SCUBE2,9606.ENSP00000310658,0.9969928,-1
CAPN14,9606.ENSP00000385247,0.99699223,-1
PCDHGB3,9606.ENSP00000461862,0.99699223,-1
IL36G,9606.ENSP00000259205,0.9969915,-1
BAG5,9606.ENSP00000338814,0.99699116,1
HTRA1,9606.ENSP00000357980,0.9969907,1
BCAN,9606.ENSP00000331210,0.9969896,-1
TEX11,9606.ENSP00000379226,0.9969896,1
SDC1,9606.ENSP00000370542,0.9969891,-1
GDAP2,9606.ENSP00000358451,0.99698895,-1
ADAMTS8,9606.ENSP00000257359,0.99698883,-1
MMP12,9606.ENSP00000458585,0.99698716,-1
RHAG,9606.ENSP00000360217,0.9969869,-1
PLXNA4,9606.ENSP00000352882,0.9969869,-1
TIAM1,9606.ENSP00000286827,0.9969867,-1
TJP1,9606.ENSP00000348416,0.99698585,1
HMOX1,9606.ENSP00000216117,0.99698585,1
CRYAB,9606.ENSP00000433560,0.99698514,1
CRELD2,9606.ENSP00000383938,0.99698204,-1
CDH3,9606.ENSP00000264012,0.99698097,-1
CLSTN3,9606.ENSP00000266546,0.99698,-1
MPO,9606.ENSP00000225275,0.9969799,1
GRINA,9606.ENSP00000314380,0.9969797,1
WNT11,9606.ENSP00000325526,0.9969795,1
GRAMD4,9606.ENSP00000385689,0.9969789,1
CCN2,9606.ENSP00000356954,0.9969784,-1
ABCA9,9606.ENSP00000342216,0.9969779,-1
THNSL2,9606.ENSP00000327323,0.9969764,-1
CRYBB1,9606.ENSP00000497249,0.99697566,-1
CHL1,9606.ENSP00000256509,0.99697566,1
GBA1,9606.ENSP00000314508,0.99697554,1
KRT25,9606.ENSP00000310573,0.99697554,-1
TIE1,9606.ENSP00000361554,0.9969754,-1
PTPN2,9606.ENSP00000311857,0.9969752,1
LAMB2,9606.ENSP00000307156,0.99697447,-1
PGAM5,9606.ENSP00000438465,0.99697304,1
EPHA7,9606.ENSP00000358309,0.99697256,1
HGFAC,9606.ENSP00000421801,0.9969704,-1
FLNA,9606.ENSP00000358866,0.9969704,1
LEFTY2,9606.ENSP00000355785,0.9969702,-1
DRAXIN,9606.ENSP00000294485,0.99697006,1
PLXNA1,9606.ENSP00000377061,0.9969693,-1
SLC9C1,9606.ENSP00000306627,0.9969662,-1
RFFL,9606.ENSP00000326170,0.99696606,1
MUC5AC,9606.ENSP00000485659,0.99696606,-1
PCDHGA8,9606.ENSP00000381605,0.9969631,-1
F11,9606.ENSP00000384957,0.99696165,-1
TLR3,9606.ENSP00000296795,0.9969591,1
TMBIM6,9606.ENSP00000389277,0.9969584,1
COL17A1,9606.ENSP00000497653,0.9969579,-1
ALOX12,9606.ENSP00000251535,0.99695694,1
DAG1,9606.ENSP00000442600,0.9969566,1
TPD52,9606.ENSP00000429309,0.9969562,-1
SIVA1,9606.ENSP00000329213,0.9969555,1
SPATA2,9606.ENSP00000416799,0.9969553,1
CD27,9606.ENSP00000266557,0.9969553,1
GPR75,9606.ENSP00000378195,0.99695516,-1
ERBB3,9606.ENSP00000267101,0.9969549,1
LACRT,9606.ENSP00000257867,0.9969543,1
ENG,9606.ENSP00000362299,0.9969537,-1
OLFM3,9606.ENSP00000345192,0.9969537,-1
F2,9606.ENSP00000308541,0.9969522,1
NRBP2,9606.ENSP00000414055,0.99695194,1
TTC3,9606.ENSP00000381981,0.99695134,-1
CSF2RB,9606.ENSP00000384053,0.99695086,1
PLA1A,9606.ENSP00000273371,0.99695075,-1
CASP6,9606.ENSP00000265164,0.99695,1
ADAMTS4,9606.ENSP00000356975,0.99695,-1
SLC9A3,9606.ENSP00000264938,0.99695,-1
AIMP2,9606.ENSP00000223029,0.99694973,1
LUM,9606.ENSP00000266718,0.99694806,1
PECAM1,9606.ENSP00000457421,0.9969478,-1
CSPG5,9606.ENSP00000373244,0.99694663,-1
MATN4,9606.ENSP00000361842,0.9969464,-1
MMP19,9606.ENSP00000313437,0.9969452,-1
FTMT,9606.ENSP00000313691,0.99694484,1
GUCA1A,9606.ENSP00000053469,0.9969433,-1
PDE5A,9606.ENSP00000347046,0.9969426,-1
CHP2,9606.ENSP00000300113,0.99694246,1
EGFLAM,9606.ENSP00000346964,0.9969421,-1
AVP,9606.ENSP00000369647,0.99694175,1
SLC1A2,9606.ENSP00000278379,0.9969414,-1
PCDHGA1,9606.ENSP00000431083,0.99694103,-1
HPGD,9606.ENSP00000296522,0.99694073,1
PLXNA3,9606.ENSP00000358696,0.9969394,-1
ABCA12,9606.ENSP00000272895,0.9969394,-1
GPX4,9606.ENSP00000346103,0.9969394,1
PRELP,9606.ENSP00000343924,0.99693894,-1
DCST1,9606.ENSP00000295542,0.99693835,-1
EIF2AK2,9606.ENSP00000233057,0.99693656,1
SLC26A3,9606.ENSP00000345873,0.99693656,-1
RNASE4,9606.ENSP00000452245,0.99693644,-1
ANO7,9606.ENSP00000274979,0.9969337,-1
ASTN1,9606.ENSP00000354536,0.9969324,-1
SOAT2,9606.ENSP00000301466,0.9969319,-1
RNF31,9606.ENSP00000315112,0.9969303,1
PCDHGA6,9606.ENSP00000429601,0.9969302,-1
MYD88,9606.ENSP00000498321,0.99692994,1
GRN,9606.ENSP00000053867,0.99692994,1
COL16A1,9606.ENSP00000362776,0.99692947,-1
PCDHB16,9606.ENSP00000477314,0.9969285,-1
GAPVD1,9606.ENSP00000377665,0.9969284,-1
PSEN1,9606.ENSP00000326366,0.9969279,1
PCDHB5,9606.ENSP00000231134,0.9969248,-1
MICU2,9606.ENSP00000371811,0.9969246,-1
LYVE1,9606.ENSP00000256178,0.99692386,-1
DPP9,9606.ENSP00000262960,0.9969235,1
CD180,9606.ENSP00000256447,0.99692327,-1
CASP3,9606.ENSP00000311032,0.9969212,1
TMF1,9606.ENSP00000494067,0.9969193,1
ACSL5,9606.ENSP00000348429,0.9969182,1
C9,9606.ENSP00000263408,0.9969176,-1
DYSF,9606.ENSP00000386881,0.99691725,-1
RIPK1,9606.ENSP00000259808,0.9969169,1
CPB1,9606.ENSP00000417222,0.99691534,-1
EPB42,9606.ENSP00000497777,0.9969139,-1
CARD18,9606.ENSP00000436691,0.99691296,-1
LAMB3,9606.ENSP00000375778,0.99691284,-1
IFIT1B,9606.ENSP00000360874,0.9969126,-1
F8,9606.ENSP00000353393,0.9969125,-1
FBXW7,9606.ENSP00000474725,0.9969119,1
PCDHB6,9606.ENSP00000231136,0.9969117,-1
TNFRSF17,9606.ENSP00000053243,0.9969105,-1
PCDHB7,9606.ENSP00000231137,0.99690825,-1
EDARADD,9606.ENSP00000335076,0.9969078,-1
CLN8,9606.ENSP00000328182,0.9969078,1
RAMP2,9606.ENSP00000253796,0.99690765,1
FAS,9606.ENSP00000498466,0.9969056,1
DES,9606.ENSP00000363071,0.996905,-1
CD44,9606.ENSP00000398632,0.9969047,1
RGCC,9606.ENSP00000368664,0.9969035,1
TRAF2,9606.ENSP00000247668,0.9969023,1
PRAP1,9606.ENSP00000416126,0.99690187,1
MUC2,9606.ENSP00000494061,0.99690175,-1
SERPINB9,9606.ENSP00000370074,0.99690175,1
CDH5,9606.ENSP00000497290,0.9969014,1
OMG,9606.ENSP00000247271,0.9968996,-1
IL33,9606.ENSP00000370842,0.9968978,-1
ZP2,9606.ENSP00000460971,0.9968972,-1
PCDHGA9,9606.ENSP00000460274,0.99689543,-1
TREML2,9606.ENSP00000418767,0.9968946,-1
CRYBA1,9606.ENSP00000225387,0.9968945,1
GBE1,9606.ENSP00000410833,0.99689424,1
PPP3R2,9606.ENSP00000498330,0.99689424,1
ACSF3,9606.ENSP00000479130,0.99689364,-1
TP53INP1,9606.ENSP00000344215,0.99689215,1
SLC34A1,9606.ENSP00000321424,0.99689215,-1
WNT10B,9606.ENSP00000301061,0.99689215,1
GLP1R,9606.ENSP00000362353,0.99689204,-1
PCDHGB1,9606.ENSP00000429273,0.99689144,-1
ITGA2,9606.ENSP00000296585,0.9968907,-1
SEMA3D,9606.ENSP00000284136,0.9968905,-1
PCDHGC4,9606.ENSP00000306918,0.99688977,1
CD93,9606.ENSP00000246006,0.9968881,-1
CASP2,9606.ENSP00000312664,0.9968867,1
PTRH2,9606.ENSP00000387180,0.9968862,1
CREB3L1,9606.ENSP00000481956,0.99688536,1
OLFM4,9606.ENSP00000219022,0.9968849,-1
THBD,9606.ENSP00000366307,0.9968839,-1
CASP7,9606.ENSP00000358327,0.9968832,1
RPS6KB2,9606.ENSP00000308413,0.9968832,-1
COL6A3,9606.ENSP00000295550,0.99688303,-1
CRYAA,9606.ENSP00000291554,0.9968829,1
LAMB4,9606.ENSP00000373433,0.9968823,-1
ITGB5,9606.ENSP00000296181,0.9968817,-1
ITGA5,9606.ENSP00000293379,0.9968816,1
BMP5,9606.ENSP00000359866,0.9968809,1
BOK,9606.ENSP00000314132,0.9968792,1
TP53BP2,9606.ENSP00000341957,0.9968779,1
NEDD9,9606.ENSP00000368759,0.9968777,1
GP2,9606.ENSP00000370767,0.99687624,-1
PCDHB2,9606.ENSP00000194155,0.9968748,-1
TFF2,9606.ENSP00000291526,0.9968747,-1
BNIP3,9606.ENSP00000357625,0.99687433,1
CTSO,9606.ENSP00000414904,0.9968742,-1
PRKCZ,9606.ENSP00000367830,0.99687374,1
LGALS1,9606.ENSP00000215909,0.9968727,1
NR3C2,9606.ENSP00000350815,0.9968727,-1
IL36RN,9606.ENSP00000259212,0.9968719,-1
PLCD1,9606.ENSP00000430344,0.99687093,-1
HIF1A,9606.ENSP00000437955,0.99687046,1
CASP1,9606.ENSP00000433138,0.99687034,1
MATN1,9606.ENSP00000362870,0.9968701,-1
DPEP3,9606.ENSP00000500237,0.99687,-1
CAAP1,9606.ENSP00000369431,0.9968688,1
OPRPN,9606.ENSP00000382485,0.99686867,-1
RASSF4,9606.ENSP00000339692,0.9968677,-1
PCDHB12,9606.ENSP00000239450,0.99686736,-1
KRT16,9606.ENSP00000301653,0.99686617,-1
CRYBB2,9606.ENSP00000498905,0.99686486,-1
GPAM,9606.ENSP00000265276,0.9968646,1
PROCR,9606.ENSP00000216968,0.99686426,-1
STAB2,9606.ENSP00000373539,0.9968636,-1
SPNS1,9606.ENSP00000309945,0.9968635,-1
DFFB,9606.ENSP00000339524,0.996863,1
CIDEA,9606.ENSP00000320209,0.99686265,1
EBI3,9606.ENSP00000221847,0.9968618,1
SLC1A1,9606.ENSP00000262352,0.996861,1
COL12A1,9606.ENSP00000325146,0.99685943,-1
ITGA2B,9606.ENSP00000262407,0.99685943,-1
ABL1,9606.ENSP00000361423,0.99685884,1
CRYGC,9606.ENSP00000282141,0.9968581,-1
PCDHA9,9606.ENSP00000436042,0.9968573,-1
EPHA2,9606.ENSP00000351209,0.99685574,-1
PCDHGB2,9606.ENSP00000429018,0.996854,-1
FZD3,9606.ENSP00000240093,0.99685353,1
ITGA11,9606.ENSP00000327290,0.99685115,-1
IL1RAPL2,9606.ENSP00000361663,0.9968502,-1
NTF3,9606.ENSP00000397297,0.99684864,1
PCDHGA3,9606.ENSP00000253812,0.9968483,-1
DPP6,9606.ENSP00000367001,0.9968472,-1
GLO1,9606.ENSP00000362463,0.99684554,1
NR4A1,9606.ENSP00000440864,0.99684465,1
SCGB3A1,9606.ENSP00000292641,0.9968426,-1
SERPINA5,9606.ENSP00000333203,0.996842,-1
SOCS3,9606.ENSP00000330341,0.99684167,1
TSHR,9606.ENSP00000441235,0.9968413,-1
TFAP4,9606.ENSP00000204517,0.9968395,1
PCDHA7,9606.ENSP00000436426,0.9968389,-1
SH3RF1,9606.ENSP00000284637,0.9968388,1
PRKRA,9606.ENSP00000318176,0.99683666,1
ATP7B,9606.ENSP00000242839,0.99683607,-1
PCDHGA5,9606.ENSP00000429834,0.99683505,-1
CRYGS,9606.ENSP00000376287,0.99683446,-1
STAMBP,9606.ENSP00000377633,0.9968341,1
LONRF2,9606.ENSP00000377086,0.99683386,1
ALK,9606.ENSP00000373700,0.9968335,-1
EMILIN1,9606.ENSP00000369677,0.996833,1
TNFSF9,9606.ENSP00000245817,0.99683195,-1
MATN3,9606.ENSP00000383894,0.9968317,-1
SEMA3F,9606.ENSP00000002829,0.9968316,-1
COL6A2,9606.ENSP00000300527,0.9968311,-1
ZC3HAV1,9606.ENSP00000242351,0.9968309,-1
ANGPT1,9606.ENSP00000428340,0.99682945,1
ANGPTL1,9606.ENSP00000234816,0.9968291,-1
SCARA5,9606.ENSP00000346990,0.99682885,-1
SLC39A8,9606.ENSP00000378310,0.99682814,1
HDAC3,9606.ENSP00000302967,0.9968279,1
TRIM2,9606.ENSP00000339659,0.9968268,-1
AQP1,9606.ENSP00000311165,0.9968256,1
OTOL1,9606.ENSP00000330808,0.99682546,-1
MFAP5,9606.ENSP00000352455,0.99682474,-1
GDF9,9606.ENSP00000367942,0.9968227,-1
IFIT5,9606.ENSP00000360860,0.996822,-1
CD5,9606.ENSP00000342681,0.99682164,-1
CBL,9606.ENSP00000264033,0.9968213,1
SPON1,9606.ENSP00000460236,0.9968202,-1
PINK1,9606.ENSP00000364204,0.9968195,1
LTBR,9606.ENSP00000228918,0.9968189,1
CD40,9606.ENSP00000361359,0.9968189,1
ATF4,9606.ENSP00000336790,0.99681807,1
PRLR,9606.ENSP00000482954,0.9968178,1
KSR1,9606.ENSP00000381958,0.9968177,-1
ANKRD42,9606.ENSP00000435790,0.9968161,-1
PLAAT1,9606.ENSP00000498228,0.9968136,-1
DSCAM,9606.ENSP00000383303,0.996813,-1
PCDHGA7,9606.ENSP00000430024,0.9968124,-1
IGFBP5,9606.ENSP00000233813,0.99681216,-1
EPHA10,9606.ENSP00000362139,0.9968118,-1
PIM1,9606.ENSP00000362608,0.9968118,1
HPCA,9606.ENSP00000362566,0.9968106,-1
BECN1,9606.ENSP00000355231,0.99680954,1
CNTNAP5,9606.ENSP00000399013,0.9968094,-1
HSPB6,9606.ENSP00000004982,0.9968092,1
GSR,9606.ENSP00000221130,0.99680847,1
LGMN,9606.ENSP00000376911,0.996807,1
CELSR3,9606.ENSP00000164024,0.99680686,-1
FCAMR,9606.ENSP00000316491,0.99680567,-1
ADAM12,9606.ENSP00000357668,0.9968039,-1
IVNS1ABP,9606.ENSP00000356468,0.9968028,1
BIK,9606.ENSP00000216115,0.9968015,1
IRAK2,9606.ENSP00000256458,0.99680007,1
CRYBA4,9606.ENSP00000346805,0.99679947,-1
ANXA9,9606.ENSP00000357943,0.9967976,-1
FLT3,9606.ENSP00000241453,0.9967969,-1
TNFSF14,9606.ENSP00000469049,0.99679655,1
PDE7A,9606.ENSP00000385632,0.99679595,-1
SEMA3B,9606.ENSP00000480680,0.9967957,-1
TMEM135,9606.ENSP00000306344,0.9967951,-1
GCLC,9606.ENSP00000497574,0.9967937,1
SERPINB5,9606.ENSP00000372221,0.9967932,-1
LAMA2,9606.ENSP00000400365,0.99679273,-1
APBB2,9606.ENSP00000427211,0.9967925,1
ADGRG4,9606.ENSP00000377699,0.9967906,-1
TMC8,9606.ENSP00000325561,0.99679023,1
HSPB9,9606.ENSP00000458018,0.9967895,-1
SGK2,9606.ENSP00000340608,0.99678934,-1
HIP1,9606.ENSP00000336747,0.9967892,-1
ITGAD,9606.ENSP00000373854,0.99678755,-1
NODAL,9606.ENSP00000287139,0.9967871,-1
CTSW,9606.ENSP00000311300,0.9967867,-1
CBLC,9606.ENSP00000494162,0.9967855,1
VDAC3,9606.ENSP00000428845,0.9967853,1
SIRT5,9606.ENSP00000476228,0.9967848,1
TNFSF8,9606.ENSP00000223795,0.99678445,-1
PIK3C2G,9606.ENSP00000445381,0.9967841,-1
EDA,9606.ENSP00000363680,0.99678385,-1
PNPLA2,9606.ENSP00000337701,0.99678385,-1
EPOR,9606.ENSP00000222139,0.99678206,-1
FXN,9606.ENSP00000419243,0.9967801,1
ITGA6,9606.ENSP00000386896,0.99677986,1
DSG1,9606.ENSP00000257192,0.9967788,-1
C11orf24,9606.ENSP00000307264,0.99677604,-1
KANK2,9606.ENSP00000468002,0.99677354,1
GFAP,9606.ENSP00000253408,0.99677354,-1
ASAH2,9606.ENSP00000378897,0.9967734,1
AGBL2,9606.ENSP00000435582,0.9967732,-1
TMBIM4,9606.ENSP00000286424,0.99677306,1
RPS6KB1,9606.ENSP00000225577,0.9967726,1
SGK1,9606.ENSP00000356832,0.996772,-1
FLRT3,9606.ENSP00000339912,0.99677026,-1
PODXL,9606.ENSP00000367817,0.99677014,-1
PCDHA4,9606.ENSP00000435300,0.99677,-1
BCL6,9606.ENSP00000384371,0.99676967,1
IDO1,9606.ENSP00000430950,0.9967681,1
MMRN1,9606.ENSP00000378431,0.99676716,-1
STAR,9606.ENSP00000276449,0.9967655,-1
RHBDD1,9606.ENSP00000375914,0.99676454,1
PKHD1,9606.ENSP00000360158,0.99676406,1
STXBP1,9606.ENSP00000362399,0.9967638,1
LDLR,9606.ENSP00000454071,0.9967638,-1
HCST,9606.ENSP00000246551,0.99676263,-1
NCR2,9606.ENSP00000362181,0.9967624,-1
CD19,9606.ENSP00000313419,0.99676114,-1
ACSL1,9606.ENSP00000422607,0.99676067,1
FEZ1,9606.ENSP00000497070,0.9967604,1
GUCY2C,9606.ENSP00000261170,0.9967602,-1
SELPLG,9606.ENSP00000228463,0.9967597,-1
PIK3C2B,9606.ENSP00000356155,0.99675626,-1
SOD3,9606.ENSP00000371554,0.99675626,-1
CASR,9606.ENSP00000420194,0.9967554,-1
AGRN,9606.ENSP00000368678,0.9967553,-1
PCDHGA2,9606.ENSP00000378077,0.9967541,-1
SLC45A2,9606.ENSP00000296589,0.99675375,-1
TMEM26,9606.ENSP00000382237,0.9967535,-1
IL9R,9606.ENSP00000244174,0.99675316,-1
ANXA3,9606.ENSP00000264908,0.99675155,-1
FTH1,9606.ENSP00000273550,0.9967507,1
PIM2,9606.ENSP00000365692,0.9967489,1
PCDHB14,9606.ENSP00000239449,0.99674857,-1
ANKRD23,9606.ENSP00000321679,0.99674773,-1
LGSN,9606.ENSP00000359691,0.9967463,-1
DAPK2,9606.ENSP00000484390,0.9967458,1
PCDHGB5,9606.ENSP00000478258,0.9967437,-1
TXNRD1,9606.ENSP00000434516,0.99674356,1
NRG3,9606.ENSP00000361214,0.996741,-1
AQP3,9606.ENSP00000297991,0.9967399,-1
GDNF,9606.ENSP00000409007,0.99673945,1
KRT13,9606.ENSP00000246635,0.996739,-1
IL20RB,9606.ENSP00000328133,0.9967386,-1
KNG1,9606.ENSP00000493985,0.9967385,1
ROBO3,9606.ENSP00000380903,0.9967378,-1
NRROS,9606.ENSP00000328625,0.99673754,-1
COQ2,9606.ENSP00000310873,0.99673694,1
ADAMTSL2,9606.ENSP00000346478,0.9967367,-1
MAP3K14,9606.ENSP00000482657,0.9967359,1
BGN,9606.ENSP00000327336,0.9967359,1
TNF,9606.ENSP00000398698,0.99673516,1
PCDHGC5,9606.ENSP00000252087,0.99673504,1
MBOAT4,9606.ENSP00000314196,0.9967347,-1
ACOD1,9606.ENSP00000366682,0.9967347,-1
SLC13A2,9606.ENSP00000392411,0.99673307,-1
GBX2,9606.ENSP00000302251,0.9967325,-1
SNCG,9606.ENSP00000361087,0.9967319,-1
DUSP6,9606.ENSP00000279488,0.99673104,1
CORO1A,9606.ENSP00000219150,0.99673045,1
LTA,9606.ENSP00000403495,0.9967296,1
AASDH,9606.ENSP00000205214,0.9967295,-1
CAPN8,9606.ENSP00000355837,0.99672866,-1
KCNIP4,9606.ENSP00000371587,0.99672854,-1
TPD52L2,9606.ENSP00000217121,0.9967276,-1
DCST2,9606.ENSP00000357409,0.9967264,-1
KCNIP3,9606.ENSP00000295225,0.9967258,-1
FBLN5,9606.ENSP00000345008,0.9967257,-1
APCS,9606.ENSP00000255040,0.9967253,-1
C5,9606.ENSP00000223642,0.996725,-1
HEY2,9606.ENSP00000357348,0.99672467,1
TENT5B,9606.ENSP00000289166,0.9967244,1
SCG2,9606.ENSP00000304133,0.9967242,1
SH3BP2,9606.ENSP00000424846,0.9967223,-1
STAT1,9606.ENSP00000354394,0.9967199,-1
ANO6,9606.ENSP00000409126,0.9967181,1
NPC1,9606.ENSP00000269228,0.996718,1
GDA,9606.ENSP00000238018,0.9967169,-1
PRKD3,9606.ENSP00000368356,0.99671656,-1
ANOS1,9606.ENSP00000262648,0.99671614,-1
PCDHA10,9606.ENSP00000304234,0.99671614,-1
ADGRL1,9606.ENSP00000340688,0.99671566,-1
SEMA6D,9606.ENSP00000324857,0.9967154,-1
PCDHGA4,9606.ENSP00000458570,0.99671507,-1
SLC26A6,9606.ENSP00000378920,0.99671507,-1
GREM1,9606.ENSP00000498748,0.99671495,1
KLKB1,9606.ENSP00000264690,0.9967147,-1
ADGRE5,9606.ENSP00000242786,0.99671185,-1
PHB1,9606.ENSP00000479488,0.99671173,1
PCDHA3,9606.ENSP00000429808,0.99671066,-1
AMBN,9606.ENSP00000313809,0.99671006,-1
PCDH12,9606.ENSP00000231484,0.996709,-1
CCBE1,9606.ENSP00000497183,0.9967078,-1
PARP1,9606.ENSP00000355759,0.9967063,1
LAMA1,9606.ENSP00000374309,0.99670583,1
FATE1,9606.ENSP00000359375,0.9967049,1
ITGAL,9606.ENSP00000349252,0.99670464,-1
CIROZ,9606.ENSP00000366203,0.9967037,-1
SERPINB10,9606.ENSP00000238508,0.99670357,-1
C3,9606.ENSP00000245907,0.99670345,-1
SLC4A11,9606.ENSP00000369399,0.9967032,-1
FUT1,9606.ENSP00000312021,0.99670213,1
AGAP2,9606.ENSP00000449241,0.9967001,1
PIM3,9606.ENSP00000353824,0.9967,1
PON1,9606.ENSP00000222381,0.9966994,-1
STK3,9606.ENSP00000429744,0.99669856,1
LAMC3,9606.ENSP00000354360,0.99669814,-1
SLC28A1,9606.ENSP00000378074,0.9966979,-1
AMBP,9606.ENSP00000265132,0.99669766,-1
KDR,9606.ENSP00000263923,0.99669695,1
PLK2,9606.ENSP00000274289,0.99669623,1
IL24,9606.ENSP00000375795,0.99669564,-1
PRELID1,9606.ENSP00000302114,0.9966942,1
ST6GALNAC1,9606.ENSP00000156626,0.99669397,-1
KATNB1,9606.ENSP00000368982,0.99669385,1
MYADM,9606.ENSP00000375649,0.99669373,-1
NOS2,9606.ENSP00000327251,0.99669194,-1
GARIN4,9606.ENSP00000294829,0.99668926,-1
SEMA3G,9606.ENSP00000231721,0.9966888,-1
SEMA4C,9606.ENSP00000306844,0.9966875,-1
CLIP3,9606.ENSP00000353732,0.9966875,1
PLA2R1,9606.ENSP00000283243,0.9966859,1
RAPSN,9606.ENSP00000298854,0.9966858,1
PEPD,9606.ENSP00000244137,0.99668485,1
GPC3,9606.ENSP00000377836,0.99668473,-1
CRYGA,9606.ENSP00000302105,0.99668366,-1
CD160,9606.ENSP00000358294,0.9966834,1
RIN2,9606.ENSP00000255006,0.99668115,-1
ITGAM,9606.ENSP00000496959,0.9966809,-1
PRKACG,9606.ENSP00000366488,0.99668026,1
CGB3,9606.ENSP00000301408,0.9966785,-1
MAP1LC3B,9606.ENSP00000498476,0.99667776,1
C1QB,9606.ENSP00000313967,0.99667716,-1
TGFB1,9606.ENSP00000221930,0.99667656,1
LTB,9606.ENSP00000410481,0.9966763,1
CHGA,9606.ENSP00000216492,0.9966756,-1
TRIAP1,9606.ENSP00000449795,0.9966755,1
FLCN,9606.ENSP00000285071,0.996675,1
DDIAS,9606.ENSP00000435421,0.9966749,1
PPARA,9606.ENSP00000385523,0.99667466,1
STK4,9606.ENSP00000361892,0.99666923,1
C7,9606.ENSP00000322061,0.996669,-1
NES,9606.ENSP00000357206,0.99666876,1
URI1,9606.ENSP00000376097,0.99666864,1
TNFRSF10D,9606.ENSP00000310263,0.99666864,1
PIK3R2,9606.ENSP00000222254,0.99666804,1
LYZL1,9606.ENSP00000364650,0.9966677,-1
API5,9606.ENSP00000431391,0.99666744,1
RALGDS,9606.ENSP00000361120,0.9966672,-1
AKR1C1,9606.ENSP00000370254,0.9966665,1
AKR1C3,9606.ENSP00000369927,0.99666506,1
RNF157,9606.ENSP00000269391,0.99666214,1
ALDH3B1,9606.ENSP00000473990,0.996662,-1
INHBB,9606.ENSP00000295228,0.9966619,1
PCDHA12,9606.ENSP00000381628,0.9966614,-1
CLEC4F,9606.ENSP00000272367,0.9966613,-1
ITGA1,9606.ENSP00000282588,0.9966605,1
ADGRL3,9606.ENSP00000422533,0.99665856,-1
PRKD2,9606.ENSP00000393978,0.99665856,-1
NR3C1,9606.ENSP00000231509,0.9966581,1
BDNF,9606.ENSP00000414303,0.9966574,1
CALHM6,9606.ENSP00000357594,0.9966569,-1
KRT75,9606.ENSP00000252245,0.9966564,-1
PYCARD,9606.ENSP00000247470,0.9966557,1
PNMA3,9606.ENSP00000469445,0.9966556,1
AKR1C4,9606.ENSP00000369814,0.99665546,-1
PRKACB,9606.ENSP00000359719,0.9966545,1
ORMDL3,9606.ENSP00000377724,0.9966545,1
EPHB4,9606.ENSP00000350896,0.9966538,-1
NME5,9606.ENSP00000265191,0.9966534,1
SERPINB13,9606.ENSP00000269489,0.99665314,1
BMP8A,9606.ENSP00000327440,0.9966522,-1
CD70,9606.ENSP00000395294,0.9966516,-1
CFB,9606.ENSP00000416561,0.9966473,-1
CCNA1,9606.ENSP00000255465,0.99664503,1
BAG1,9606.ENSP00000489189,0.9966449,1
BANP,9606.ENSP00000376902,0.9966427,-1
DCBLD2,9606.ENSP00000321573,0.99664235,-1
SGK3,9606.ENSP00000379842,0.996642,1
ITCH,9606.ENSP00000499786,0.99664044,1
AMDHD2,9606.ENSP00000391596,0.99663997,-1
APBB1,9606.ENSP00000477213,0.99663985,1
DEFA1,9606.ENSP00000372136,0.9966388,-1
XKR3,9606.ENSP00000331704,0.99663854,-1
MICA,9606.ENSP00000413079,0.9966378,-1
PTCHD1,9606.ENSP00000368666,0.99663746,-1
RASSF2,9606.ENSP00000368710,0.99663746,1
CHST9,9606.ENSP00000480991,0.99663603,-1
PRKAA1,9606.ENSP00000346148,0.99663585,1
ADAMTSL5,9606.ENSP00000327608,0.9966356,-1
NOC2L,9606.ENSP00000317992,0.9966355,1
ITGA3,9606.ENSP00000315190,0.99663526,-1
ENO1,9606.ENSP00000495530,0.9966348,1
GCLM,9606.ENSP00000359258,0.9966323,1
ADCY10,9606.ENSP00000356825,0.99663216,1
ASPA,9606.ENSP00000263080,0.99663156,-1
XPNPEP2,9606.ENSP00000360147,0.9966307,-1
IGFBP6,9606.ENSP00000301464,0.9966306,1
SEMA3A,9606.ENSP00000265362,0.9966292,-1
FAIM2,9606.ENSP00000321951,0.99662894,1
UMPS,9606.ENSP00000232607,0.9966287,-1
BABAM2,9606.ENSP00000343412,0.9966273,1
DISP1,9606.ENSP00000284476,0.996627,-1
LPO,9606.ENSP00000262290,0.99662685,-1
NLRC3,9606.ENSP00000352039,0.9966266,-1
GLDN,9606.ENSP00000335196,0.9966254,-1
BIRC7,9606.ENSP00000217169,0.99662435,1
MAEL,9606.ENSP00000356846,0.9966227,1
SLITRK1,9606.ENSP00000366288,0.99662256,-1
TIMP4,9606.ENSP00000287814,0.9966196,-1
CAMK2D,9606.ENSP00000425824,0.996619,1
QRICH1,9606.ENSP00000378830,0.9966185,1
FRZB,9606.ENSP00000295113,0.9966181,1
SH3RF2,9606.ENSP00000424497,0.99661666,1
DEDD2,9606.ENSP00000471512,0.9966164,1
ECM1,9606.ENSP00000358045,0.9966158,-1
MMP13,9606.ENSP00000260302,0.9966157,-1
GMEB1,9606.ENSP00000294409,0.99661547,1
PNMA6A,9606.ENSP00000391488,0.99661535,-1
CTSH,9606.ENSP00000220166,0.9966151,1
CLC,9606.ENSP00000221804,0.99661463,-1
HYAL2,9606.ENSP00000401853,0.9966145,1
MYCN,9606.ENSP00000281043,0.9966131,1
NTRK1,9606.ENSP00000431418,0.99661237,1
HAX1,9606.ENSP00000329002,0.9966112,1
MIA,9606.ENSP00000470129,0.9966102,-1
USP47,9606.ENSP00000382382,0.9966097,1
SERPINA3,9606.ENSP00000450540,0.99660945,-1
CAMK1D,9606.ENSP00000478874,0.99660873,1
FANK1,9606.ENSP00000357682,0.99660826,1
PPARG,9606.ENSP00000287820,0.996608,1
PCDHA1,9606.ENSP00000420840,0.99660707,-1
OXSM,9606.ENSP00000280701,0.99660695,-1
ANGPTL8,9606.ENSP00000479969,0.99660623,-1
NKX3-1,9606.ENSP00000370253,0.996606,1
NEFM,9606.ENSP00000221166,0.99660575,-1
PPP3R1,9606.ENSP00000234310,0.99660575,1
COL24A1,9606.ENSP00000359603,0.9966047,-1
DSCAML1,9606.ENSP00000315465,0.9966043,-1
STK40,9606.ENSP00000362222,0.9966041,1
SUPV3L1,9606.ENSP00000352678,0.9966029,1
BBS10,9606.ENSP00000497413,0.99660194,1
ANGPTL2,9606.ENSP00000362524,0.9966018,-1
HLCS,9606.ENSP00000382071,0.9966017,-1
CHP1,9606.ENSP00000335632,0.9966012,1
SMG9,9606.ENSP00000270066,0.9966002,1
AKR1C2,9606.ENSP00000370129,0.9966002,1
PRKACA,9606.ENSP00000309591,0.9965996,1
HGF,9606.ENSP00000222390,0.99659866,1
CSRNP3,9606.ENSP00000318258,0.9965982,1
RPS6KA2,9606.ENSP00000422435,0.99659795,1
PSG6,9606.ENSP00000292125,0.9965964,-1
TNIP2,9606.ENSP00000321203,0.99659556,1
PCDHA2,9606.ENSP00000431748,0.9965951,-1
KRT38,9606.ENSP00000246646,0.9965951,-1
RDH12,9606.ENSP00000449079,0.9965945,-1
MUC6,9606.ENSP00000406861,0.99659365,-1
CEACAM6,9606.ENSP00000199764,0.99659246,1
MMP10,9606.ENSP00000279441,0.99659246,-1
CPA1,9606.ENSP00000011292,0.99659234,-1
SIK1,9606.ENSP00000270162,0.9965898,1
SH3GLB1,9606.ENSP00000479919,0.99658895,1
MIF,9606.ENSP00000215754,0.9965873,1
RAET1E,9606.ENSP00000349709,0.99658704,-1
SH3RF3,9606.ENSP00000309186,0.99658704,1
C1QC,9606.ENSP00000363770,0.9965837,-1
MARCHF7,9606.ENSP00000386830,0.9965833,1
PDCD1,9606.ENSP00000335062,0.99658316,1
LGALS8,9606.ENSP00000435460,0.9965816,-1
VIPR2,9606.ENSP00000262178,0.99658114,-1
IL12RB1,9606.ENSP00000470788,0.99657875,-1
PDE3A,9606.ENSP00000351957,0.9965785,1
TWSG1,9606.ENSP00000262120,0.99657637,-1
POMC,9606.ENSP00000384092,0.99657613,1
HMCN1,9606.ENSP00000271588,0.9965745,-1
AMBRA1,9606.ENSP00000431926,0.99657416,1
BNIP1,9606.ENSP00000231668,0.9965739,1
KRT5,9606.ENSP00000252242,0.9965732,-1
SLC19A3,9606.ENSP00000495385,0.996573,-1
PRKD1,9606.ENSP00000390535,0.99657214,-1
APOM,9606.ENSP00000365081,0.9965719,-1
XRCC2,9606.ENSP00000352271,0.99657166,1
ABCB6,9606.ENSP00000265316,0.9965714,-1
TBX20,9606.ENSP00000386170,0.9965713,1
PAG1,9606.ENSP00000220597,0.99657106,-1
HDAC1,9606.ENSP00000362649,0.9965702,1
CAMK2A,9606.ENSP00000500386,0.9965702,1
FMOD,9606.ENSP00000347041,0.99656963,-1
ITPK1,9606.ENSP00000267615,0.9965687,1
RTN4,9606.ENSP00000337838,0.9965681,-1
MTDH,9606.ENSP00000338235,0.99656725,1
APOH,9606.ENSP00000205948,0.99656665,1
PIK3C2A,9606.ENSP00000265970,0.9965664,-1
PLCH2,9606.ENSP00000367747,0.9965659,-1
IFITM2,9606.ENSP00000484689,0.99656516,-1
BCL2L11,9606.ENSP00000376943,0.99656504,1
EPHA3,9606.ENSP00000337451,0.9965648,-1
GYPA,9606.ENSP00000354003,0.99656445,-1
MMP1,9606.ENSP00000322788,0.9965643,-1
PODN,9606.ENSP00000379212,0.9965624,-1
SPHK1,9606.ENSP00000313681,0.99656206,1
PSG3,9606.ENSP00000332215,0.99656194,-1
APBA3,9606.ENSP00000315136,0.9965618,-1
PPID,9606.ENSP00000303754,0.9965616,1
DNM1L,9606.ENSP00000449089,0.99656135,1
PCDH17,9606.ENSP00000367151,0.9965612,-1
AKT2,9606.ENSP00000375892,0.9965612,1
LDLRAD1,9606.ENSP00000360411,0.9965591,-1
HDAC2,9606.ENSP00000430432,0.99655837,1
LCN2,9606.ENSP00000362108,0.99655765,1
STAP1,9606.ENSP00000265404,0.9965576,-1
MALT1,9606.ENSP00000497997,0.99655616,1
HSPB1,9606.ENSP00000248553,0.9965551,1
EMID1,9606.ENSP00000335481,0.996555,-1
NBR1,9606.ENSP00000343479,0.9965539,-1
RAD9A,9606.ENSP00000311360,0.99655175,1
CXCL16,9606.ENSP00000293778,0.9965508,-1
EFNA1,9606.ENSP00000357392,0.9965497,1
STAC,9606.ENSP00000273183,0.9965495,-1
TRPA1,9606.ENSP00000262209,0.99654925,-1
EGLN3,9606.ENSP00000250457,0.99654895,1
LAMP3,9606.ENSP00000265598,0.99654895,-1
GUCY2F,9606.ENSP00000218006,0.99654657,-1
IGFBP7,9606.ENSP00000295666,0.99654573,-1
ST3GAL4,9606.ENSP00000436047,0.9965429,-1
CNMD,9606.ENSP00000367198,0.9965424,-1
BACE1,9606.ENSP00000318585,0.9965423,1
ICAM5,9606.ENSP00000221980,0.9965417,-1
SCGN,9606.ENSP00000367197,0.99654144,-1
SCRN1,9606.ENSP00000388942,0.99654007,-1
FGF13,9606.ENSP00000396198,0.996539,-1
RAPGEF2,9606.ENSP00000264431,0.996539,1
SERINC4,9606.ENSP00000319796,0.99653876,-1
FKBP8,9606.ENSP00000471700,0.9965384,1
PCK2,9606.ENSP00000216780,0.9965365,1
NCAM2,9606.ENSP00000383392,0.9965359,-1
POR,9606.ENSP00000419970,0.996534,1
TMEM150C,9606.ENSP00000420919,0.9965333,-1
CRLF2,9606.ENSP00000370978,0.9965323,-1
PSG9,9606.ENSP00000270077,0.9965321,-1
SAT1,9606.ENSP00000368572,0.99652976,1
TLR10,9606.ENSP00000308925,0.9965293,-1
ABCC4,9606.ENSP00000494609,0.9965287,-1
IFNL2,9606.ENSP00000333639,0.9965281,-1
DDAH2,9606.ENSP00000364949,0.9965269,1
MYO18A,9606.ENSP00000437073,0.9965257,1
BMP6,9606.ENSP00000283147,0.99652475,-1
NCALD,9606.ENSP00000379256,0.99652416,-1
DEFA3,9606.ENSP00000328359,0.99652416,-1
CUBN,9606.ENSP00000367064,0.99652255,-1
SLIT3,9606.ENSP00000332164,0.9965224,-1
EPHB6,9606.ENSP00000481994,0.99652207,-1
LCN6,9606.ENSP00000339621,0.99652135,-1
SLC13A5,9606.ENSP00000406220,0.99652123,-1
RPS6KA1,9606.ENSP00000435412,0.99651957,1
NR1I3,9606.ENSP00000356959,0.99651897,-1
APOF,9606.ENSP00000381250,0.99651825,-1
VIPR1,9606.ENSP00000327246,0.99651766,-1
PRKN,9606.ENSP00000355865,0.99651766,1
CNTN1,9606.ENSP00000447006,0.9965173,-1
G0S2,9606.ENSP00000355996,0.996516,1
TRH,9606.ENSP00000303452,0.996516,-1
PLXNA2,9606.ENSP00000356000,0.9965153,-1
NET1,9606.ENSP00000347134,0.99651515,1
DCN,9606.ENSP00000052754,0.99651307,1
PODXL2,9606.ENSP00000345359,0.9965126,-1
ICAM3,9606.ENSP00000160262,0.9965126,-1
DNASE1L3,9606.ENSP00000378053,0.9965121,1
NRCAM,9606.ENSP00000368314,0.996512,-1
PCDHA6,9606.ENSP00000433378,0.9965108,-1
FAM162A,9606.ENSP00000419088,0.9965107,1
CDC25B,9606.ENSP00000245960,0.99651057,1
SEMA4F,9606.ENSP00000350547,0.9965094,-1
ITGA10,9606.ENSP00000358310,0.9965089,-1
GCG,9606.ENSP00000387662,0.99650854,1
CCN1,9606.ENSP00000398736,0.9965084,1
TYRO3,9606.ENSP00000263798,0.9965084,1
SERPINA4,9606.ENSP00000451172,0.9965082,-1
TNFRSF12A,9606.ENSP00000326737,0.9965072,1
PRKX,9606.ENSP00000262848,0.9965072,1
NT5E,9606.ENSP00000257770,0.99650663,-1
TNFRSF8,9606.ENSP00000263932,0.9965062,1
PRAMEF19,9606.ENSP00000365269,0.9965049,1
ROBO2,9606.ENSP00000417335,0.9965037,-1
EVI2A,9606.ENSP00000247270,0.9965037,-1
IRF8,9606.ENSP00000268638,0.9965036,-1
WNT1,9606.ENSP00000293549,0.99650335,1
SLC20A1,9606.ENSP00000272542,0.9965023,1
BTLA,9606.ENSP00000333919,0.9965005,-1
AGT,9606.ENSP00000355627,0.99650025,1
BNIP3L,9606.ENSP00000370003,0.9964987,1
FSCN3,9606.ENSP00000265825,0.99649787,-1
HSPB8,9606.ENSP00000281938,0.99649674,-1
SLC15A3,9606.ENSP00000227880,0.996496,-1
CLCA1,9606.ENSP00000234701,0.99649435,-1
MAP1LC3A,9606.ENSP00000363970,0.99649316,1
GPX8,9606.ENSP00000423822,0.99649197,-1
MMP14,9606.ENSP00000308208,0.99649197,-1
VDAC2,9606.ENSP00000361635,0.99649185,1
PSG1,9606.ENSP00000308970,0.9964914,-1
AIFM2,9606.ENSP00000478931,0.99649054,1
SERPINF1,9606.ENSP00000254722,0.9964898,-1
MDK,9606.ENSP00000385451,0.99648947,1
MAP2,9606.ENSP00000353508,0.99648845,-1
LRP6,9606.ENSP00000261349,0.996487,1
TLR8,9606.ENSP00000312082,0.9964869,-1
PRAMEF18,9606.ENSP00000485473,0.9964863,1
EYA4,9606.ENSP00000432770,0.9964863,1
L2HGDH,9606.ENSP00000267436,0.9964856,-1
SEMA4G,9606.ENSP00000210633,0.99648535,-1
WNT10A,9606.ENSP00000258411,0.99648476,-1
MAVS,9606.ENSP00000401980,0.9964824,-1
MYDGF,9606.ENSP00000262947,0.99648106,1
HCLS1,9606.ENSP00000320176,0.99648094,1
IL18BP,9606.ENSP00000434717,0.99648064,-1
PSG4,9606.ENSP00000384770,0.9964796,-1
PCDHA11,9606.ENSP00000381636,0.99647945,-1
PLAC9,9606.ENSP00000361337,0.996479,-1
AKR1B1,9606.ENSP00000285930,0.9964784,1
GAB3,9606.ENSP00000399588,0.99647707,-1
FERMT3,9606.ENSP00000279227,0.9964767,-1
FYB1,9606.ENSP00000493623,0.9964766,-1
MPEG1,9606.ENSP00000354335,0.99647635,-1
LIPC,9606.ENSP00000299022,0.9964761,-1
CSF2RA,9606.ENSP00000394227,0.99647516,-1
PCBP1,9606.ENSP00000305556,0.9964741,1
RYR1,9606.ENSP00000352608,0.9964735,-1
SIX1,9606.ENSP00000494686,0.9964728,1
RELA,9606.ENSP00000384273,0.99647236,1
PDPK1,9606.ENSP00000344220,0.99646974,1
FGFBP1,9606.ENSP00000371770,0.996469,-1
ATF5,9606.ENSP00000396954,0.9964675,1
TNFRSF18,9606.ENSP00000328207,0.9964671,1
HJV,9606.ENSP00000337014,0.99646676,-1
ANGPTL5,9606.ENSP00000335255,0.99646604,-1
DDIT3,9606.ENSP00000448665,0.9964657,1
FSTL1,9606.ENSP00000295633,0.99646485,1
IFITM3,9606.ENSP00000382707,0.9964644,1
PLXND1,9606.ENSP00000317128,0.99646336,1
NSMF,9606.ENSP00000360530,0.9964631,-1
SLC26A4,9606.ENSP00000494017,0.99646264,-1
PRAMEF17,9606.ENSP00000365266,0.9964617,1
ALKBH1,9606.ENSP00000216489,0.99646074,1
RPS6KA3,9606.ENSP00000368884,0.99645764,1
PTGS2,9606.ENSP00000356438,0.9964551,1
PDYN,9606.ENSP00000440185,0.99645436,-1
TP53BP1,9606.ENSP00000371475,0.99645245,1
LCN12,9606.ENSP00000360696,0.9964522,-1
GARIN3,9606.ENSP00000305596,0.9964521,-1
BMP15,9606.ENSP00000252677,0.99645174,-1
PRKAA2,9606.ENSP00000360290,0.99645174,1
RNF183,9606.ENSP00000419454,0.9964508,1
MANSC4,9606.ENSP00000370673,0.9964504,-1
SLC13A3,9606.ENSP00000279027,0.9964504,-1
FCER1A,9606.ENSP00000357097,0.9964497,-1
TEX101,9606.ENSP00000472308,0.9964497,-1
FGF23,9606.ENSP00000237837,0.9964495,-1
EMP1,9606.ENSP00000256951,0.9964479,1
IL18R1,9606.ENSP00000387211,0.9964469,-1
CLN3,9606.ENSP00000454229,0.99644655,1
CD6,9606.ENSP00000323280,0.9964445,-1
MUSK,9606.ENSP00000363571,0.99644035,-1
E2F1,9606.ENSP00000345571,0.9964401,1
CTTN,9606.ENSP00000365745,0.9964401,1
ENO2,9606.ENSP00000437402,0.99644,1
SKIL,9606.ENSP00000415243,0.99643916,1
LALBA,9606.ENSP00000301046,0.9964361,-1
PLXNB1,9606.ENSP00000351338,0.996436,-1
TNFRSF11B,9606.ENSP00000297350,0.99643576,-1
RICTOR,9606.ENSP00000296782,0.99643564,1
IL17RC,9606.ENSP00000295981,0.9964353,-1
OTOF,9606.ENSP00000272371,0.99643385,-1
COL6A5,9606.ENSP00000265379,0.99643326,-1
SMAD6,9606.ENSP00000288840,0.99643123,1
MPP3,9606.ENSP00000381430,0.9964306,-1
VEGFB,9606.ENSP00000311127,0.99642926,1
HRK,9606.ENSP00000257572,0.9964282,1
BRAF,9606.ENSP00000419060,0.9964269,1
PKP1,9606.ENSP00000263946,0.9964269,-1
TF,9606.ENSP00000385834,0.9964263,1
THBS1,9606.ENSP00000260356,0.99642605,1
IFNG,9606.ENSP00000229135,0.9964259,1
HHAT,9606.ENSP00000438468,0.99642545,-1
DEFB129,9606.ENSP00000246105,0.99642426,-1
NTF4,9606.ENSP00000469455,0.9964238,1
ALDH3B2,9606.ENSP00000501254,0.99642366,-1
KHDC3L,9606.ENSP00000359392,0.9964234,1
CRYGD,9606.ENSP00000264376,0.9964227,-1
SAP18,9606.ENSP00000481842,0.99642086,1
BAK1,9606.ENSP00000363591,0.9964205,1
SAV1,9606.ENSP00000324729,0.9964169,1
RBCK1,9606.ENSP00000348632,0.99641585,1
PCDHA8,9606.ENSP00000434655,0.9964144,-1
CRYBA2,9606.ENSP00000295728,0.99641305,-1
PRAMEF13,9606.ENSP00000491259,0.9964122,1
MPV17L,9606.ENSP00000379669,0.99641174,1
VDAC1,9606.ENSP00000378487,0.9964116,1
DHRS2,9606.ENSP00000344674,0.9964114,1
DEDD,9606.ENSP00000356984,0.996411,-1
NOD1,9606.ENSP00000222823,0.99640983,1
MITF,9606.ENSP00000391803,0.9964091,1
SLC3A2,9606.ENSP00000367123,0.99640805,1
RHBG,9606.ENSP00000441197,0.996407,-1
AKT3,9606.ENSP00000500582,0.99640626,1
C6,9606.ENSP00000263413,0.9964045,-1
SELP,9606.ENSP00000263686,0.9964037,-1
GGT2P,9606.ENSP00000385721,0.9964031,-1
KCNIP2,9606.ENSP00000420040,0.9964026,-1
NAPSA,9606.ENSP00000253719,0.9964019,-1
PRAMEF14,9606.ENSP00000334410,0.9964005,1
BCAR3,9606.ENSP00000260502,0.99640036,-1
DAB2IP,9606.ENSP00000259371,0.99640024,1
CDH19,9606.ENSP00000262150,0.9963983,-1
DPYSL2,9606.ENSP00000427985,0.996398,-1
TNFRSF1A,9606.ENSP00000162749,0.9963977,1
GTF2I,9606.ENSP00000460070,0.9963973,-1
OLFML2A,9606.ENSP00000362682,0.9963965,-1
LHCGR,9606.ENSP00000294954,0.9963959,-1
OOSP2,9606.ENSP00000278855,0.9963953,-1
MS4A2,9606.ENSP00000278888,0.9963941,-1
SERPINB4,9606.ENSP00000343445,0.99639314,-1
ANGPTL3,9606.ENSP00000360170,0.9963921,-1
CREB3L4,9606.ENSP00000271889,0.99639183,-1
CLCF1,9606.ENSP00000309338,0.9963917,1
BMP8B,9606.ENSP00000361915,0.9963888,-1
CTSC,9606.ENSP00000227266,0.9963883,1
PLXNB2,9606.ENSP00000352288,0.9963883,-1
MATN2,9606.ENSP00000254898,0.99638796,-1
DNAJC3,9606.ENSP00000473631,0.9963869,1
TMEM63A,9606.ENSP00000355800,0.9963865,-1
DPYD,9606.ENSP00000359211,0.9963864,1
ERFE,9606.ENSP00000442304,0.99638605,1
PRAMEF1,9606.ENSP00000332134,0.9963846,1
OXT,9606.ENSP00000217386,0.9963827,-1
GDPD4,9606.ENSP00000320815,0.99638176,-1
IL18RAP,9606.ENSP00000264260,0.99638164,-1
PSMD10,9606.ENSP00000217958,0.99638027,1
CRYGB,9606.ENSP00000260988,0.99638003,-1
PMCH,9606.ENSP00000332225,0.9963799,-1
EFNA4,9606.ENSP00000414378,0.9963797,-1
HSPG2,9606.ENSP00000363827,0.99637896,1
XKRX,9606.ENSP00000362047,0.99637884,-1
MYLK4,9606.ENSP00000274643,0.99637777,-1
MCAM,9606.ENSP00000264036,0.99637705,-1
AKR1A1,9606.ENSP00000361140,0.996375,1
SKAP2,9606.ENSP00000005587,0.9963749,-1
SLC28A2,9606.ENSP00000315006,0.9963748,-1
PCDHGA11,9606.ENSP00000381589,0.99637336,-1
SLC26A2,9606.ENSP00000286298,0.9963701,-1
CDH10,9606.ENSP00000264463,0.9963691,-1
TNFRSF13B,9606.ENSP00000261652,0.9963691,-1
TAX1BP1,9606.ENSP00000379612,0.9963683,1
SPINT2,9606.ENSP00000301244,0.9963677,-1
S100A9,9606.ENSP00000357727,0.99636734,1
STUB1,9606.ENSP00000219548,0.9963672,1
ICOSLG,9606.ENSP00000485129,0.9963666,-1
PRAMEF8,9606.ENSP00000349931,0.99636614,1
PTGIS,9606.ENSP00000244043,0.9963658,1
PRKAR2B,9606.ENSP00000265717,0.99636495,1
NHERF2,9606.ENSP00000408005,0.99636495,-1
TOPORS,9606.ENSP00000353735,0.9963642,1
SMURF2,9606.ENSP00000262435,0.99636394,1
SLC28A3,9606.ENSP00000365413,0.99636346,-1
VIP,9606.ENSP00000356213,0.9963631,-1
PRF1,9606.ENSP00000398568,0.9963617,1
EI24,9606.ENSP00000278903,0.9963612,1
CDK5R1,9606.ENSP00000318486,0.99636084,1
PAX8,9606.ENSP00000263334,0.99636,1
BMF,9606.ENSP00000346697,0.9963594,1
PTH,9606.ENSP00000433208,0.99635834,1
KITLG,9606.ENSP00000495951,0.9963582,-1
FGF8,9606.ENSP00000321797,0.99635774,1
ST8SIA2,9606.ENSP00000268164,0.9963568,1
UFM1,9606.ENSP00000368970,0.99635625,1
APIP,9606.ENSP00000379133,0.9963552,1
GPRASP3,9606.ENSP00000403226,0.99635506,1
SERPINA10,9606.ENSP00000261994,0.9963541,-1
TMEM168,9606.ENSP00000323068,0.99635375,-1
AKR1B10,9606.ENSP00000352584,0.99635327,-1
IPMK,9606.ENSP00000363046,0.99635303,1
JMY,9606.ENSP00000379441,0.9963527,1
TSC22D3,9606.ENSP00000361458,0.9963516,1
IL27RA,9606.ENSP00000263379,0.9963516,1
PRAMEF7,9606.ENSP00000484237,0.996351,1
ORM2,9606.ENSP00000394936,0.9963498,-1
EPB41L4B,9606.ENSP00000363694,0.99634874,-1
LGALS9C,9606.ENSP00000329932,0.9963483,-1
EFNA3,9606.ENSP00000357393,0.9963477,-1
PRAMEF10,9606.ENSP00000235347,0.9963476,1
NXPH3,9606.ENSP00000329295,0.9963475,-1
SERPINA6,9606.ENSP00000342850,0.99634737,-1
DCLK1,9606.ENSP00000353846,0.9963469,-1
FDXR,9606.ENSP00000416515,0.9963468,1
MAPK8IP3,9606.ENSP00000481780,0.9963444,1
EPHB1,9606.ENSP00000381097,0.99634415,-1
BIRC5,9606.ENSP00000301633,0.9963433,1
GRIK1,9606.ENSP00000327687,0.9963415,-1
PSG8,9606.ENSP00000305005,0.9963414,-1
CSN2,9606.ENSP00000341030,0.9963393,-1
IL25,9606.ENSP00000328111,0.9963379,-1
PSG11,9606.ENSP00000319140,0.99633443,-1
KRT33A,9606.ENSP00000007735,0.9963341,-1
PAWR,9606.ENSP00000328088,0.99633396,1
SERPINA1,9606.ENSP00000416066,0.99633384,-1
MEGF6,9606.ENSP00000348982,0.99633276,-1
LTBP3,9606.ENSP00000301873,0.9963301,-1
NFAT5,9606.ENSP00000338806,0.99632996,-1
IFI27,9606.ENSP00000483430,0.99632806,-1
CCND1,9606.ENSP00000227507,0.9963271,1
PHB2,9606.ENSP00000441875,0.99632555,1
BAD,9606.ENSP00000378040,0.9963252,1
VEGFC,9606.ENSP00000480043,0.9963231,-1
ITGB7,9606.ENSP00000267082,0.9963229,-1
ITIH5,9606.ENSP00000380333,0.99632263,-1
GUCA1C,9606.ENSP00000261047,0.9963224,-1
NEDD4,9606.ENSP00000424827,0.9963223,-1
CNTFR,9606.ENSP00000368265,0.99632215,1
PREX1,9606.ENSP00000361009,0.9963217,-1
SERPINA12,9606.ENSP00000342109,0.9963211,-1
FGL2,9606.ENSP00000248598,0.9963201,-1
DDRGK1,9606.ENSP00000346483,0.99631894,1
CD96,9606.ENSP00000283285,0.99631786,-1
ICAM1,9606.ENSP00000264832,0.99631786,1
FGG,9606.ENSP00000336829,0.9963176,1
PLK1,9606.ENSP00000300093,0.9963175,1
RHOT2,9606.ENSP00000321971,0.99631566,1
MED1,9606.ENSP00000300651,0.99631506,1
SHD,9606.ENSP00000446058,0.9963135,-1
FGF18,9606.ENSP00000274625,0.9963122,-1
TMEM207,9606.ENSP00000346981,0.9963117,-1
IL15,9606.ENSP00000296545,0.9963108,1
PLCXD3,9606.ENSP00000367032,0.9963103,-1
ITGAX,9606.ENSP00000454623,0.9963091,-1
ITGB3,9606.ENSP00000452786,0.99630797,1
HSP90AB1,9606.ENSP00000360609,0.99630785,1
LGALS13,9606.ENSP00000221797,0.99630785,1
IFNL3,9606.ENSP00000481633,0.9963064,-1
AMIGO2,9606.ENSP00000266581,0.99630415,1
SERPINI2,9606.ENSP00000481699,0.99629945,-1
CADM1,9606.ENSP00000329797,0.99629945,-1
PRMT1,9606.ENSP00000406162,0.99629945,1
GHITM,9606.ENSP00000361207,0.9962992,1
KRT35,9606.ENSP00000377558,0.99629897,-1
ECT2,9606.ENSP00000376457,0.99629706,1
IRAK1,9606.ENSP00000358997,0.99629706,1
C1RL,9606.ENSP00000266542,0.9962966,-1
PIAS2,9606.ENSP00000465676,0.9962961,-1
PNPLA3,9606.ENSP00000216180,0.99629587,-1
CRADD,9606.ENSP00000439068,0.99629575,1
JAML,9606.ENSP00000348635,0.99629515,-1
GRIN2B,9606.ENSP00000477455,0.9962947,-1
LRP1,9606.ENSP00000243077,0.9962931,-1
ERBB2,9606.ENSP00000269571,0.9962923,1
TREM2,9606.ENSP00000362205,0.996292,1
GFRA2,9606.ENSP00000428518,0.99629116,-1
IRF3,9606.ENSP00000471896,0.99629056,1
GREM2,9606.ENSP00000318650,0.9962865,-1
CBLN2,9606.ENSP00000269503,0.9962864,-1
CISD1,9606.ENSP00000363041,0.9962863,1
PRKCI,9606.ENSP00000295797,0.99628335,1
DOCK8,9606.ENSP00000394888,0.9962819,1
FCMR,9606.ENSP00000356058,0.99627787,1
MLKL,9606.ENSP00000308351,0.9962769,1
PSG2,9606.ENSP00000385706,0.9962768,-1
KRT27,9606.ENSP00000301656,0.99627656,-1
CARD16,9606.ENSP00000364858,0.996276,-1
CDH6,9606.ENSP00000265071,0.9962758,-1
RLN2,9606.ENSP00000371040,0.99627554,-1
SLC25A26,9606.ENSP00000346955,0.99627554,-1
TRIB3,9606.ENSP00000415416,0.9962735,-1
NLRP2B,9606.ENSP00000488995,0.99627054,1
PRAMEF12,9606.ENSP00000350358,0.9962703,1
ZNF16,9606.ENSP00000276816,0.9962702,1
GRB10,9606.ENSP00000493728,0.9962696,-1
NEURL1B,9606.ENSP00000358815,0.99626863,-1
GRIK2,9606.ENSP00000397026,0.9962668,1
ITPRIPL1,9606.ENSP00000355121,0.99626666,-1
TBX3,9606.ENSP00000257566,0.9962639,1
IRAK4,9606.ENSP00000479889,0.9962625,1
AHI1,9606.ENSP00000265602,0.9962624,1
ITPR3,9606.ENSP00000363435,0.9962613,-1
SH3PXD2A,9606.ENSP00000348215,0.99626106,-1
ARHGEF7,9606.ENSP00000495631,0.99626017,1
PRAMEF2,9606.ENSP00000240189,0.99625945,1
NR1H3,9606.ENSP00000477707,0.9962586,-1
CTLA4,9606.ENSP00000497102,0.996258,1
GRIP2,9606.ENSP00000478352,0.99625766,-1
PLBD1,9606.ENSP00000240617,0.9962568,-1
TLR2,9606.ENSP00000260010,0.99625397,-1
SPDEF,9606.ENSP00000363149,0.9962537,1
ARHGEF10L,9606.ENSP00000355060,0.9962535,-1
DIPK1A,9606.ENSP00000359333,0.99625325,-1
EFEMP2,9606.ENSP00000309953,0.99625313,-1
BCAR1,9606.ENSP00000391669,0.9962528,-1
HIP1R,9606.ENSP00000253083,0.99625117,1
PDZK1,9606.ENSP00000342143,0.99625105,-1
SAT2,9606.ENSP00000269298,0.99625105,1
ALDH3A1,9606.ENSP00000411821,0.9962509,-1
ASTN2,9606.ENSP00000354504,0.99625057,-1
MAGED1,9606.ENSP00000364847,0.9962495,1
FGF17,9606.ENSP00000352414,0.9962494,-1
FGF6,9606.ENSP00000228837,0.99624676,-1
CLEC14A,9606.ENSP00000353013,0.99624676,-1
TNFSF13,9606.ENSP00000343505,0.9962451,-1
BCL2,9606.ENSP00000381185,0.99624455,1
WFDC3,9606.ENSP00000243938,0.9962431,-1
ACIN1,9606.ENSP00000262710,0.9962423,1
COL9A1,9606.ENSP00000349790,0.9962423,-1
QARS1,9606.ENSP00000307567,0.99624217,1
INCA1,9606.ENSP00000458316,0.99624217,1
FRMD6,9606.ENSP00000343899,0.9962418,-1
OSR1,9606.ENSP00000272223,0.99624133,1
ANGPTL6,9606.ENSP00000253109,0.99624,-1
TMEM108,9606.ENSP00000324651,0.9962381,-1
TRIB1,9606.ENSP00000312150,0.99623775,-1
PSG5,9606.ENSP00000382334,0.9962364,-1
NTS,9606.ENSP00000256010,0.996236,-1
PSKH1,9606.ENSP00000291041,0.996234,-1
PDZD7,9606.ENSP00000480489,0.99623364,-1
PROC,9606.ENSP00000234071,0.9962335,1
IL17RD,9606.ENSP00000296318,0.99623317,-1
AQP5,9606.ENSP00000293599,0.9962314,-1
PDCD4,9606.ENSP00000280154,0.9962309,1
LGALS9,9606.ENSP00000378856,0.9962308,1
LRRC4B,9606.ENSP00000498662,0.9962303,-1
SLC5A2,9606.ENSP00000327943,0.9962286,-1
ANXA4,9606.ENSP00000377833,0.99622786,1
FSCN2,9606.ENSP00000334665,0.9962251,-1
MASP2,9606.ENSP00000383690,0.9962239,-1
SLC40A1,9606.ENSP00000261024,0.9962238,1
ANO2,9606.ENSP00000348453,0.9962231,-1
ST6GAL2,9606.ENSP00000386942,0.99622077,-1
SERPINC1,9606.ENSP00000356671,0.9962184,-1
TPH2,9606.ENSP00000329093,0.996218,-1
GDF5,9606.ENSP00000363492,0.9962153,1
FGF19,9606.ENSP00000294312,0.9962148,-1
GRP,9606.ENSP00000256857,0.996212,-1
RARG,9606.ENSP00000388510,0.99621165,1
MTCH2,9606.ENSP00000303222,0.99621046,1
IL27,9606.ENSP00000349365,0.9962095,1
EGFL6,9606.ENSP00000369976,0.99620855,-1
PRODH,9606.ENSP00000481127,0.9962077,-1
ATF3,9606.ENSP00000344352,0.9962064,1
MAP3K11,9606.ENSP00000309597,0.99620545,1
FIS1,9606.ENSP00000223136,0.9962029,1
PCDHGA12,9606.ENSP00000252085,0.9962025,-1
VHL,9606.ENSP00000256474,0.9962024,1
UMODL1,9606.ENSP00000386126,0.9962012,-1
PRKAR2A,9606.ENSP00000265563,0.9962011,1
PHKG2,9606.ENSP00000455607,0.996201,1
PRAMEF20,9606.ENSP00000346275,0.99620026,1
IGFBP3,9606.ENSP00000370473,0.9962,1
KRT17,9606.ENSP00000308452,0.99619967,-1
SEZ6,9606.ENSP00000312942,0.99619955,-1
MSX1,9606.ENSP00000372170,0.99619895,1
PAEP,9606.ENSP00000417898,0.996197,-1
RIPK2,9606.ENSP00000220751,0.9961966,1
RARRES2,9606.ENSP00000418009,0.9961966,-1
PITX3,9606.ENSP00000359019,0.9961965,1
TRPM5,9606.ENSP00000155858,0.9961964,-1
SCTR,9606.ENSP00000019103,0.99619246,-1
WNT4,9606.ENSP00000290167,0.9961922,1
RETNLB,9606.ENSP00000295755,0.996191,-1
SLITRK4,9606.ENSP00000349400,0.9961908,-1
SLAMF7,9606.ENSP00000357022,0.9961902,-1
FGF9,9606.ENSP00000371790,0.9961898,-1
BSX,9606.ENSP00000344285,0.9961886,-1
PRX,9606.ENSP00000326018,0.99618834,-1
C1QA,9606.ENSP00000363773,0.9961881,-1
PRAMEF11,9606.ENSP00000480027,0.9961868,1
PRAMEF27,9606.ENSP00000393136,0.99618644,1
TLR6,9606.ENSP00000389600,0.99618584,1
C4BPB,9606.ENSP00000243611,0.9961857,-1
AR,9606.ENSP00000363822,0.9961855,1
PCDHGA10,9606.ENSP00000381611,0.9961855,-1
LPAR1,9606.ENSP00000363553,0.9961849,1
CD5L,9606.ENSP00000357156,0.9961824,-1
DOK5,9606.ENSP00000262593,0.99618226,-1
KRT31,9606.ENSP00000251645,0.99618214,-1
PLAAT4,9606.ENSP00000255688,0.99618196,-1
TEX261,9606.ENSP00000272438,0.99618113,1
ARHGEF16,9606.ENSP00000367629,0.996181,-1
NFE2,9606.ENSP00000439120,0.99618065,-1
MSX2,9606.ENSP00000239243,0.9961797,1
GIPR,9606.ENSP00000467494,0.99617875,-1
EPHA1,9606.ENSP00000275815,0.99617803,-1
COMP,9606.ENSP00000222271,0.99617755,1
GHRHR,9606.ENSP00000320180,0.9961771,-1
LCN9,9606.ENSP00000277526,0.99617577,-1
CASP5,9606.ENSP00000376849,0.99617565,1
GSN,9606.ENSP00000362924,0.9961754,1
REG1B,9606.ENSP00000303206,0.99617493,-1
CRISPLD1,9606.ENSP00000262207,0.996172,-1
LMX1A,9606.ENSP00000340226,0.9961713,-1
GPX2,9606.ENSP00000374265,0.99617106,-1
CBLN1,9606.ENSP00000219197,0.99617,-1
CSRNP1,9606.ENSP00000273153,0.9961681,-1
PRAMEF4,9606.ENSP00000235349,0.9961676,1
TMCO2,9606.ENSP00000361852,0.996166,-1
PSAT1,9606.ENSP00000365773,0.99616563,1
CD58,9606.ENSP00000358501,0.9961654,-1
EPCAM,9606.ENSP00000263735,0.9961653,-1
WNT16,9606.ENSP00000222462,0.99616456,1
MENT,9606.ENSP00000357922,0.99616456,-1
TIMP2,9606.ENSP00000262768,0.99616265,1
IL17F,9606.ENSP00000337432,0.99616194,-1
SCIN,9606.ENSP00000297029,0.99616194,1
AKAP4,9606.ENSP00000351327,0.9961617,-1
MECOM,9606.ENSP00000264674,0.996161,1
PRAMEF5,9606.ENSP00000480122,0.9961597,1
MIP,9606.ENSP00000498622,0.9961592,-1
INTS1,9606.ENSP00000385722,0.9961569,1
SNCA,9606.ENSP00000500990,0.9961532,1
FCGBP,9606.ENSP00000481056,0.9961526,-1
SLC25A21,9606.ENSP00000329452,0.9961522,-1
TSLP,9606.ENSP00000339804,0.99615115,1
FLT4,9606.ENSP00000261937,0.9961494,1
RAF1,9606.ENSP00000401888,0.99614906,1
SLC27A6,9606.ENSP00000262462,0.99614847,-1
HNF4A,9606.ENSP00000312987,0.99614704,-1
SLC34A3,9606.ENSP00000442397,0.99614656,-1
CD8B2,9606.ENSP00000496416,0.99614644,-1
E2F3,9606.ENSP00000262904,0.99614537,1
NKX2-3,9606.ENSP00000342828,0.99614465,-1
GDPD1,9606.ENSP00000284116,0.99614465,-1
IL22RA1,9606.ENSP00000270800,0.99614346,-1
DEFA5,9606.ENSP00000329890,0.99614304,-1
OSMR,9606.ENSP00000274276,0.9961429,-1
NGFR,9606.ENSP00000172229,0.99614197,1
FOXP1,9606.ENSP00000497585,0.9961409,1
SERPINE1,9606.ENSP00000223095,0.99614006,1
FCN3,9606.ENSP00000270879,0.99613947,-1
PRAMEF25,9606.ENSP00000481683,0.99613816,1
CAMK1G,9606.ENSP00000009105,0.99613625,-1
MNDA,9606.ENSP00000357123,0.9961357,1
PERP,9606.ENSP00000397157,0.99613523,1
PPARD,9606.ENSP00000310928,0.9961345,1
TJP2,9606.ENSP00000438262,0.996132,-1
HDAC4,9606.ENSP00000264606,0.9961319,-1
PLA2G4D,9606.ENSP00000290472,0.9961313,-1
FGD1,9606.ENSP00000364277,0.99613106,-1
ATAD3B,9606.ENSP00000500094,0.99613,-1
LRIT3,9606.ENSP00000469759,0.99612975,-1
EPX,9606.ENSP00000225371,0.99612844,-1
SDK2,9606.ENSP00000376421,0.99612576,-1
RHBDL1,9606.ENSP00000219551,0.9961249,-1
SH3KBP1,9606.ENSP00000380921,0.9961242,-1
MUC16,9606.ENSP00000381008,0.99612314,-1
ARHGEF2,9606.ENSP00000354837,0.996123,1
AMPD2,9606.ENSP00000499465,0.9961229,-1
MST1,9606.ENSP00000414287,0.9961196,-1
SMO,9606.ENSP00000249373,0.99611914,1
GLIPR1,9606.ENSP00000266659,0.99611866,-1
ATP2A3,9606.ENSP00000353072,0.99611866,-1
BACE2,9606.ENSP00000332979,0.99611795,-1
EPHA8,9606.ENSP00000166244,0.9961157,-1
CDH12,9606.ENSP00000371689,0.99611497,-1
NR4A2,9606.ENSP00000344479,0.9961144,1
TNFRSF25,9606.ENSP00000367013,0.99611264,-1
DDX3X,9606.ENSP00000494040,0.9961118,1
SYCN,9606.ENSP00000325564,0.99611145,-1
MYOC,9606.ENSP00000037502,0.9961087,-1
FNDC1,9606.ENSP00000297267,0.9961069,-1
LGALS9B,9606.ENSP00000315564,0.9961054,-1
CLEC2A,9606.ENSP00000396163,0.99610496,-1
TNFRSF4,9606.ENSP00000368538,0.99610424,-1
L1CAM,9606.ENSP00000359077,0.99610186,-1
TMEM196,9606.ENSP00000385087,0.99610066,1
SRPK2,9606.ENSP00000377262,0.99609876,1
FGF2,9606.ENSP00000264498,0.9960979,1
OARD1,9606.ENSP00000420484,0.9960977,-1
KRT33B,9606.ENSP00000251646,0.9960974,-1
IL23R,9606.ENSP00000321345,0.99609727,-1
ASGR1,9606.ENSP00000269299,0.996095,-1
TSSK6,9606.ENSP00000466477,0.9960936,-1
NPNT,9606.ENSP00000389252,0.99609035,-1
NRXN2,9606.ENSP00000265459,0.99608994,-1
PLCD3,9606.ENSP00000479636,0.99608934,-1
MS4A3,9606.ENSP00000278865,0.9960892,-1
SLC13A4,9606.ENSP00000297282,0.9960892,-1
GRM1,9606.ENSP00000282753,0.9960877,-1
FGF1,9606.ENSP00000480791,0.9960872,-1
WFDC1,9606.ENSP00000456920,0.996086,-1
SFXN4,9606.ENSP00000347924,0.9960807,-1
AQP2,9606.ENSP00000199280,0.99608046,-1
EPHB2,9606.ENSP00000383053,0.99608,-1
MAG,9606.ENSP00000376048,0.9960775,1
DIPK2A,9606.ENSP00000320081,0.9960771,1
CDH18,9606.ENSP00000371710,0.9960758,-1
CNTN5,9606.ENSP00000435637,0.9960752,-1
STAT5A,9606.ENSP00000341208,0.99607486,1
TSPO,9606.ENSP00000379563,0.9960743,1
CARTPT,9606.ENSP00000296777,0.9960741,1
OOSP4B,9606.ENSP00000494382,0.99607337,-1
SNCB,9606.ENSP00000377296,0.99607325,1
ORM1,9606.ENSP00000259396,0.9960712,-1
BRMS1,9606.ENSP00000396052,0.9960685,1
RRP1B,9606.ENSP00000339145,0.9960681,1
SLC20A2,9606.ENSP00000429754,0.996064,-1
IFITM1,9606.ENSP00000330825,0.9960639,-1
TXNIP,9606.ENSP00000462521,0.9960632,1
PACC1,9606.ENSP00000438863,0.99606246,-1
PCDHB3,9606.ENSP00000231130,0.996062,-1
ARAF,9606.ENSP00000290277,0.99606186,1
CALB1,9606.ENSP00000265431,0.9960615,-1
SCNN1A,9606.ENSP00000353292,0.9960614,-1
GNRH1,9606.ENSP00000276414,0.9960601,1
PLAUR,9606.ENSP00000339328,0.9960598,1
CD226,9606.ENSP00000461947,0.99605703,-1
SELE,9606.ENSP00000331736,0.9960562,-1
SQSTM1,9606.ENSP00000374455,0.9960562,1
S100A8,9606.ENSP00000357721,0.99605525,1
NACC2,9606.ENSP00000277554,0.996055,1
DSC3,9606.ENSP00000353608,0.9960549,-1
GRIA4,9606.ENSP00000282499,0.99605453,1
ANXA6,9606.ENSP00000346550,0.99605393,-1
NR2E1,9606.ENSP00000357979,0.9960502,1
SYT13,9606.ENSP00000020926,0.996049,-1
SLIT2,9606.ENSP00000422591,0.99604756,1
PARM1,9606.ENSP00000370224,0.99604744,-1
AKAP5,9606.ENSP00000378207,0.99604625,-1
KRTDAP,9606.ENSP00000339251,0.9960459,-1
GGT5,9606.ENSP00000381340,0.9960453,-1
CDH20,9606.ENSP00000262717,0.9960453,-1
REN,9606.ENSP00000272190,0.99604344,-1
PLCG2,9606.ENSP00000482457,0.99604285,1
ST6GAL1,9606.ENSP00000169298,0.9960424,-1
MAP1LC3C,9606.ENSP00000349785,0.9960406,1
PLA2G4B,9606.ENSP00000396045,0.9960396,-1
SLC26A5,9606.ENSP00000304783,0.99603915,-1
IGLON5,9606.ENSP00000270642,0.996036,-1
CORO1B,9606.ENSP00000340211,0.99603564,-1
VLDLR,9606.ENSP00000371532,0.9960347,-1
SHC4,9606.ENSP00000329668,0.9960347,-1
MMRN2,9606.ENSP00000361097,0.99603385,-1
LTK,9606.ENSP00000263800,0.9960334,1
LOXL2,9606.ENSP00000373783,0.99603325,-1
USP40,9606.ENSP00000415434,0.99603313,1
PLCG1,9606.ENSP00000244007,0.996033,1
CAMK1,9606.ENSP00000256460,0.99602926,-1
APOD,9606.ENSP00000345179,0.9960289,-1
JAK3,9606.ENSP00000432511,0.9960282,1
PGA5,9606.ENSP00000309542,0.9960271,-1
THBS2,9606.ENSP00000355751,0.99602675,-1
BMPR2,9606.ENSP00000363708,0.99602664,-1
ASAP1,9606.ENSP00000429900,0.9960258,-1
BCAP31,9606.ENSP00000392330,0.9960238,1
SIRT2,9606.ENSP00000249396,0.9960188,1
MAP3K10,9606.ENSP00000253055,0.996018,1
IFNGR1,9606.ENSP00000356713,0.99601775,1
FGF5,9606.ENSP00000311697,0.9960175,-1
SLC13A1,9606.ENSP00000194130,0.99601424,-1
IFI16,9606.ENSP00000357113,0.99601424,-1
DUOXA2,9606.ENSP00000319705,0.99601316,-1
TAF9,9606.ENSP00000370193,0.9960128,1
GRK6,9606.ENSP00000347655,0.9960128,-1
NECTIN3,9606.ENSP00000418070,0.99601257,-1
IFNAR1,9606.ENSP00000270139,0.99601245,-1
PVALB,9606.ENSP00000216200,0.99601233,-1
JAK2,9606.ENSP00000371067,0.99601233,1
PLA2G10,9606.ENSP00000393847,0.9960102,-1
CTHRC1,9606.ENSP00000330523,0.99601007,-1
TTLL10,9606.ENSP00000368592,0.99600947,-1
CD38,9606.ENSP00000226279,0.9960083,1
FTL,9606.ENSP00000366525,0.9960077,1
IFNL1,9606.ENSP00000329991,0.99600583,-1
OXR1,9606.ENSP00000405424,0.9960057,1
SLC11A2,9606.ENSP00000378364,0.99600273,1
RYR3,9606.ENSP00000489262,0.9960026,-1
BAG3,9606.ENSP00000358081,0.9959992,1
GIMAP5,9606.ENSP00000351473,0.995999,-1
CDHR1,9606.ENSP00000485478,0.995998,-1
LOXHD1,9606.ENSP00000444586,0.995996,-1
CHRD,9606.ENSP00000204604,0.99599576,-1
QPCT,9606.ENSP00000344829,0.9959942,-1
PTGDS,9606.ENSP00000360687,0.995994,-1
SERPINB2,9606.ENSP00000401645,0.9959925,1
FAIM,9606.ENSP00000342805,0.99599224,1
PARK7,9606.ENSP00000340278,0.99599165,1
CRISP1,9606.ENSP00000338276,0.9959913,-1
TGFB3,9606.ENSP00000238682,0.9959902,1
FSCN1,9606.ENSP00000371798,0.99598724,-1
AATF,9606.ENSP00000477848,0.995987,1
DRAM1,9606.ENSP00000258534,0.9959859,-1
LCN8,9606.ENSP00000482512,0.99598455,-1
GLIPR1L1,9606.ENSP00000367967,0.9959835,-1
SDSL,9606.ENSP00000341117,0.99598324,-1
LOXL4,9606.ENSP00000260702,0.99598074,-1
CCL28,9606.ENSP00000354416,0.99598026,-1
PAPPA2,9606.ENSP00000356634,0.9959798,-1
IHH,9606.ENSP00000295731,0.99597824,1
SLC25A27,9606.ENSP00000360398,0.99597675,1
DAP,9606.ENSP00000394163,0.99597627,1
PGA4,9606.ENSP00000367391,0.99597555,-1
CDH15,9606.ENSP00000289746,0.9959747,-1
CHIT1,9606.ENSP00000356198,0.9959714,-1
SHH,9606.ENSP00000297261,0.99597,1
KRT34,9606.ENSP00000377570,0.9959698,-1
MS4A5,9606.ENSP00000300190,0.99596953,-1
CLEC2D,9606.ENSP00000261340,0.99596894,-1
MAP1LC3B2,9606.ENSP00000450524,0.9959681,-1
TCN1,9606.ENSP00000257264,0.9959681,-1
DHRS12,9606.ENSP00000411565,0.9959657,-1
LRAT,9606.ENSP00000337224,0.9959644,-1
DCUN1D3,9606.ENSP00000319482,0.99596393,1
CHST11,9606.ENSP00000305725,0.9959636,1
MMP20,9606.ENSP00000260228,0.9959623,-1
DOK1,9606.ENSP00000233668,0.9959622,-1
MAP3K9,9606.ENSP00000451263,0.9959622,1
ST3GAL1,9606.ENSP00000428540,0.9959617,1
ITGB2,9606.ENSP00000380948,0.9959596,-1
ADIPOQ,9606.ENSP00000389814,0.99595934,1
AAMDC,9606.ENSP00000307254,0.99595636,1
BTG2,9606.ENSP00000290551,0.995956,1
ARHGEF28,9606.ENSP00000441913,0.9959556,-1
SIRT1,9606.ENSP00000212015,0.99595547,1
FGD5,9606.ENSP00000285046,0.9959551,-1
PLXNB3,9606.ENSP00000442736,0.99595416,-1
GAL,9606.ENSP00000265643,0.99595356,1
FGF10,9606.ENSP00000264664,0.99595,1
NR1H4,9606.ENSP00000447149,0.9959489,1
ISG20,9606.ENSP00000306565,0.9959487,1
GOLPH3,9606.ENSP00000265070,0.99594826,1
PCK1,9606.ENSP00000319814,0.9959478,-1
LPL,9606.ENSP00000497642,0.9959473,-1
PRDX2,9606.ENSP00000301522,0.99594706,1
STAT5B,9606.ENSP00000293328,0.99594647,1
UTS2,9606.ENSP00000054668,0.99594635,-1
HEG1,9606.ENSP00000311502,0.9959436,-1
CFL1,9606.ENSP00000432660,0.9959422,1
SHC1,9606.ENSP00000401303,0.9959418,1
POU4F3,9606.ENSP00000495718,0.99594104,-1
ACVR1,9606.ENSP00000405004,0.99594057,1
ABL2,9606.ENSP00000427562,0.99594045,-1
GPR160,9606.ENSP00000348161,0.99594045,-1
KRT6B,9606.ENSP00000252252,0.9959394,-1
ISL2,9606.ENSP00000290759,0.9959389,-1
CEACAM8,9606.ENSP00000244336,0.99593866,-1
LAPTM5,9606.ENSP00000294507,0.99593866,1
ANG,9606.ENSP00000336762,0.9959382,1
TANC1,9606.ENSP00000263635,0.9959345,-1
LRRTM2,9606.ENSP00000274711,0.99593335,-1
COL2A1,9606.ENSP00000369889,0.99593323,1
IL17RB,9606.ENSP00000288167,0.99593216,-1
PTGFR,9606.ENSP00000359793,0.9959317,1
PGLYRP1,9606.ENSP00000008938,0.99593145,-1
PRKAR1A,9606.ENSP00000376475,0.99593097,1
LAMA5,9606.ENSP00000252999,0.9959306,-1
FGFBP2,9606.ENSP00000259989,0.99593,-1
PLEKHA7,9606.ENSP00000435389,0.9959294,-1
HSP90AA1,9606.ENSP00000335153,0.9959293,-1
SLAMF6,9606.ENSP00000357036,0.9959288,-1
ERCC5,9606.ENSP00000498881,0.9959281,1
GIMAP4,9606.ENSP00000419545,0.9959274,-1
PCDHGC3,9606.ENSP00000312070,0.9959273,1
SLC51B,9606.ENSP00000335292,0.99592614,-1
F7,9606.ENSP00000364731,0.99592507,-1
PIP5KL1,9606.ENSP00000373399,0.995924,1
LRP11,9606.ENSP00000239367,0.995924,-1
KL,9606.ENSP00000369442,0.9959234,-1
CNTNAP3B,9606.ENSP00000478671,0.9959216,-1
EYA3,9606.ENSP00000362978,0.9959214,1
PELI1,9606.ENSP00000351789,0.9959203,1
PRKAR1B,9606.ENSP00000385749,0.9959186,1
MNAT1,9606.ENSP00000261245,0.9959186,1
KLB,9606.ENSP00000257408,0.9959181,-1
IL2RA,9606.ENSP00000369293,0.99591726,1
VPS54,9606.ENSP00000272322,0.9959157,1
TMBIM1,9606.ENSP00000409738,0.99591476,1
HIGD2A,9606.ENSP00000274787,0.9959138,1
TEX44,9606.ENSP00000315557,0.9959121,-1
MNT,9606.ENSP00000174618,0.9959121,1
ADGRG1,9606.ENSP00000455215,0.9959117,1
SOCS2,9606.ENSP00000481249,0.99591136,1
WNT9B,9606.ENSP00000290015,0.995911,-1
CRMP1,9606.ENSP00000321606,0.9959105,-1
NKX2-1,9606.ENSP00000346879,0.99591017,-1
CA3,9606.ENSP00000285381,0.99591017,1
P2RX7,9606.ENSP00000330696,0.9959098,1
HEPHL1,9606.ENSP00000313699,0.9959078,-1
MFSD8,9606.ENSP00000493218,0.99590564,1
KIT,9606.ENSP00000288135,0.99590415,1
DISP2,9606.ENSP00000267889,0.99590343,-1
CBLB,9606.ENSP00000499037,0.99589986,-1
SCGB1A1,9606.ENSP00000278282,0.9958973,-1
GAD2,9606.ENSP00000365437,0.99589455,-1
SLC1A6,9606.ENSP00000221742,0.9958937,-1
SP7,9606.ENSP00000443827,0.9958929,-1
IP6K2,9606.ENSP00000331103,0.9958916,1
SCNN1B,9606.ENSP00000345751,0.99589145,-1
LIFR,9606.ENSP00000398368,0.9958884,-1
IRGC,9606.ENSP00000244314,0.99588543,-1
GYPE,9606.ENSP00000351430,0.9958847,-1
ADGRB3,9606.ENSP00000359630,0.99588436,-1
NTM,9606.ENSP00000396722,0.9958834,-1
IFI6,9606.ENSP00000342513,0.99588263,1
PDX1,9606.ENSP00000370421,0.99588203,1
HRG,9606.ENSP00000232003,0.99588144,1
LHX3,9606.ENSP00000360811,0.99588,1
SNX6,9606.ENSP00000498872,0.99587643,1
GDF15,9606.ENSP00000252809,0.9958754,-1
EPAS1,9606.ENSP00000263734,0.99587244,-1
MAP3K20,9606.ENSP00000364361,0.9958711,1
IGKV2-40,9606.ENSP00000452747,0.99586546,-1
ST6GALNAC2,9606.ENSP00000225276,0.9958651,-1
SOD1,9606.ENSP00000270142,0.9958646,1
PCDHB11,9606.ENSP00000346802,0.99586415,-1
KIFAP3,9606.ENSP00000354560,0.99586296,1
KRT82,9606.ENSP00000257974,0.99585944,-1
ATP2A2,9606.ENSP00000440045,0.99585885,1
PTK2,9606.ENSP00000341189,0.9958578,1
DDR1,9606.ENSP00000427552,0.9958566,-1
SCGB3A2,9606.ENSP00000296694,0.99585587,-1
MNX1,9606.ENSP00000252971,0.99585575,-1
NUAK2,9606.ENSP00000499251,0.99585515,1
TNFRSF14,9606.ENSP00000347948,0.9958534,-1
FEZ2,9606.ENSP00000368547,0.9958533,-1
MMP16,9606.ENSP00000286614,0.99585164,-1
DLL4,9606.ENSP00000249749,0.99585164,-1
CORIN,9606.ENSP00000273857,0.9958508,-1
SLC46A2,9606.ENSP00000363345,0.99585044,1
AKT1,9606.ENSP00000451828,0.9958501,1
SIX4,9606.ENSP00000216513,0.995849,1
MTCH1,9606.ENSP00000362730,0.9958477,1
FLNC,9606.ENSP00000327145,0.99584526,-1
AQP9,9606.ENSP00000219919,0.9958448,-1
CLDN22,9606.ENSP00000318113,0.99584454,-1
CNTN2,9606.ENSP00000330633,0.99584395,-1
ATOX1,9606.ENSP00000430598,0.9958425,1
CDKN2D,9606.ENSP00000377224,0.99583685,1
KRT23,9606.ENSP00000209718,0.995836,-1
AKR1C8,9606.ENSP00000496804,0.9958341,-1
TNFRSF10A,9606.ENSP00000221132,0.99583226,1
TCN2,9606.ENSP00000215838,0.99583167,-1
SPESP1,9606.ENSP00000312284,0.99583095,-1
CDH2,9606.ENSP00000269141,0.99583036,-1
MSH2,9606.ENSP00000233146,0.9958294,1
CLDN24,9606.ENSP00000438400,0.99582916,-1
COL1A1,9606.ENSP00000225964,0.99582773,-1
FGF7,9606.ENSP00000267843,0.9958269,-1
AKR1D1,9606.ENSP00000242375,0.9958269,-1
CXorf38,9606.ENSP00000330488,0.9958263,-1
CCL1,9606.ENSP00000225842,0.9958262,-1
WNT5A,9606.ENSP00000264634,0.9958259,1
IL13RA1,9606.ENSP00000360730,0.9958259,-1
HLX,9606.ENSP00000355870,0.99582505,-1
PTGS1,9606.ENSP00000354612,0.99582434,-1
EGFL8,9606.ENSP00000378888,0.9958235,-1
ADAM33,9606.ENSP00000348912,0.99582326,-1
SIK3,9606.ENSP00000364449,0.9958223,-1
NPPA,9606.ENSP00000365663,0.9958222,-1
RNASET2,9606.ENSP00000426455,0.9958221,-1
PLG,9606.ENSP00000308938,0.9958203,-1
MEPE,9606.ENSP00000378534,0.9958198,-1
PROP1,9606.ENSP00000311290,0.9958198,1
TFAP2D,9606.ENSP00000008391,0.9958197,1
LRRC32,9606.ENSP00000384126,0.9958176,-1
PPFIBP2,9606.ENSP00000299492,0.9958151,-1
PCDHB15,9606.ENSP00000231173,0.995811,-1
TYROBP,9606.ENSP00000262629,0.99580646,-1
PROM1,9606.ENSP00000426809,0.9958062,-1
CTRC,9606.ENSP00000365116,0.99580514,-1
EFNB1,9606.ENSP00000204961,0.9958046,-1
CHGB,9606.ENSP00000368244,0.99580353,-1
PPBP,9606.ENSP00000296028,0.9958034,-1
CIB4,9606.ENSP00000288861,0.99580175,-1
NCR3LG1,9606.ENSP00000341637,0.99580127,-1
OTOA,9606.ENSP00000496564,0.9957996,-1
FGF16,9606.ENSP00000399324,0.9957991,-1
PPARGC1A,9606.ENSP00000264867,0.99579793,1
PELI3,9606.ENSP00000322532,0.9957948,1
PDCD6,9606.ENSP00000264933,0.9957948,1
MAST4,9606.ENSP00000385727,0.9957925,-1
PAX7,9606.ENSP00000364524,0.9957924,1
PAK2,9606.ENSP00000314067,0.99579155,1
PLA2G1B,9606.ENSP00000312286,0.9957902,1
PIK3R1,9606.ENSP00000428056,0.9957897,1
TSC22D1,9606.ENSP00000397435,0.99578947,1
PLEKHN1,9606.ENSP00000368720,0.9957884,1
AQP10,9606.ENSP00000318355,0.9957878,-1
FGF20,9606.ENSP00000180166,0.99578696,1
GRIA2,9606.ENSP00000296526,0.9957867,-1
MFGE8,9606.ENSP00000268150,0.9957866,-1
MICB,9606.ENSP00000252229,0.99578035,-1
COL7A1,9606.ENSP00000332371,0.99577963,-1
EYA1,9606.ENSP00000496255,0.9957793,1
SPATA6,9606.ENSP00000360913,0.99577904,-1
LAP3,9606.ENSP00000226299,0.9957781,-1
CCND2,9606.ENSP00000261254,0.9957759,1
NPPB,9606.ENSP00000365651,0.99577457,-1
AGRP,9606.ENSP00000290953,0.995774,-1
IRX1,9606.ENSP00000305244,0.99577194,-1
DEFB125,9606.ENSP00000371847,0.99577194,-1
LGALS2,9606.ENSP00000215886,0.995771,1
CD79B,9606.ENSP00000376544,0.995771,-1
CDC73,9606.ENSP00000356405,0.9957705,1
RETN,9606.ENSP00000221515,0.99577016,-1
STRADB,9606.ENSP00000194530,0.9957696,1
AKR1B15,9606.ENSP00000389289,0.995769,-1
BCLAF1,9606.ENSP00000435210,0.99576855,1
APCDD1,9606.ENSP00000347433,0.9957683,-1
SLC26A9,9606.ENSP00000356102,0.99576735,-1
CD86,9606.ENSP00000332049,0.99576676,-1
CLEC11A,9606.ENSP00000250340,0.99576604,-1
PCDHB10,9606.ENSP00000239446,0.9957639,-1
TRIM35,9606.ENSP00000301924,0.9957638,1
FZD10,9606.ENSP00000229030,0.9957616,-1
WWP1,9606.ENSP00000427793,0.9957599,-1
AARS1,9606.ENSP00000261772,0.9957594,1
TLR7,9606.ENSP00000370034,0.99575543,-1
C8G,9606.ENSP00000360697,0.9957552,-1
XCL1,9606.ENSP00000356792,0.9957546,-1
TMEM164,9606.ENSP00000361138,0.995754,1
AKAP6,9606.ENSP00000280979,0.99575305,-1
LGALS7,9606.ENSP00000313571,0.99575126,-1
NCS1,9606.ENSP00000361475,0.99574995,-1
NR2E3,9606.ENSP00000482504,0.9957491,-1
PTPRD,9606.ENSP00000370593,0.9957474,-1
CYCS,9606.ENSP00000307786,0.995747,1
EIF2AK3,9606.ENSP00000307235,0.99574643,-1
FAM209B,9606.ENSP00000360376,0.9957455,-1
VSX2,9606.ENSP00000261980,0.99574465,-1
ITPKC,9606.ENSP00000263370,0.9957443,-1
CABP2,9606.ENSP00000294288,0.99574333,-1
MYBBP1A,9606.ENSP00000370968,0.9957432,1
CD177,9606.ENSP00000479536,0.995743,-1
CTNNB1,9606.ENSP00000495360,0.995743,1
AFAP1,9606.ENSP00000410689,0.99574184,-1
C3AR1,9606.ENSP00000302079,0.9957404,-1
METAP1D,9606.ENSP00000315152,0.9957359,-1
UCP3,9606.ENSP00000323740,0.9957349,-1
SLC27A2,9606.ENSP00000267842,0.9957337,-1
MFAP2,9606.ENSP00000364685,0.99573356,-1
SLC11A1,9606.ENSP00000233202,0.9957331,-1
TAT,9606.ENSP00000348234,0.9957327,-1
MAZ,9606.ENSP00000219782,0.9957326,1
PIAS1,9606.ENSP00000438574,0.99573237,1
ARHGDIA,9606.ENSP00000463939,0.99573106,1
GSX1,9606.ENSP00000304331,0.99572974,-1
SLCO2A1,9606.ENSP00000311291,0.9957287,-1
MUTYH,9606.ENSP00000500891,0.99572635,1
DHRS4,9606.ENSP00000326219,0.99572635,-1
CTSD,9606.ENSP00000236671,0.99572587,1
NRG1,9606.ENSP00000287842,0.99572515,1
GK5,9606.ENSP00000418001,0.9957241,-1
IL6R,9606.ENSP00000357470,0.9957235,-1
IRS4,9606.ENSP00000361202,0.99572325,-1
TIRAP,9606.ENSP00000376445,0.99572253,-1
CABP4,9606.ENSP00000324960,0.9957212,-1
CDH17,9606.ENSP00000027335,0.9957203,-1
PIK3R3,9606.ENSP00000262741,0.9957203,1
CRLF1,9606.ENSP00000376188,0.9957195,1
GRIN2A,9606.ENSP00000332549,0.99571913,1
SELENOS,9606.ENSP00000381282,0.995719,1
PLAC8,9606.ENSP00000399700,0.99571854,1
EPHB3,9606.ENSP00000332118,0.9957177,-1
PCDHGB6,9606.ENSP00000428603,0.9957165,-1
G6PD,9606.ENSP00000377192,0.9957165,-1
RIN3,9606.ENSP00000216487,0.99571556,-1
ISL1,9606.ENSP00000230658,0.9957123,1
ASIC2,9606.ENSP00000225823,0.9957118,1
PCDHGB7,9606.ENSP00000381594,0.99571025,-1
BMPR1A,9606.ENSP00000361107,0.9957092,-1
WNT7B,9606.ENSP00000341032,0.9957086,-1
PLIN4,9606.ENSP00000488481,0.9957072,-1
NR4A3,9606.ENSP00000482027,0.995706,1
CDSN,9606.ENSP00000365465,0.99570173,1
TWIST1,9606.ENSP00000242261,0.99570173,1
CTRB2,9606.ENSP00000303963,0.99570066,-1
CEACAM1,9606.ENSP00000161559,0.995698,-1
LATS2,9606.ENSP00000372035,0.9956976,1
TEK,9606.ENSP00000369375,0.9956975,1
IL17A,9606.ENSP00000497968,0.9956974,-1
ATOH1,9606.ENSP00000302216,0.99569416,1
FICD,9606.ENSP00000446479,0.9956927,-1
NOX1,9606.ENSP00000362057,0.9956904,1
ALCAM,9606.ENSP00000305988,0.99569005,-1
NOG,9606.ENSP00000328181,0.99568826,1
BCHE,9606.ENSP00000264381,0.9956867,-1
SPINK6,9606.ENSP00000481309,0.9956867,-1
IP6K3,9606.ENSP00000293756,0.99568653,-1
IL17B,9606.ENSP00000261796,0.99568594,-1
PDCD1LG2,9606.ENSP00000380855,0.9956852,-1
NKX6-2,9606.ENSP00000357581,0.99568474,-1
RNF122,9606.ENSP00000256257,0.9956838,1
CCL5,9606.ENSP00000474412,0.9956821,1
ALDH1A3,9606.ENSP00000332256,0.9956815,1
TRAF6,9606.ENSP00000433623,0.9956814,-1
DLK1,9606.ENSP00000340292,0.9956808,-1
DHDH,9606.ENSP00000221403,0.9956786,-1
ZFPM2,9606.ENSP00000384179,0.99567753,-1
CFL2,9606.ENSP00000298159,0.9956748,-1
PLAGL2,9606.ENSP00000246229,0.99567443,1
TNFRSF10C,9606.ENSP00000349324,0.99567395,1
SFTPC,9606.ENSP00000316152,0.9956736,-1
CLEC18B,9606.ENSP00000341051,0.9956726,-1
LBX1,9606.ENSP00000359212,0.9956709,-1
TMEM54,9606.ENSP00000362562,0.9956689,-1
OOSP3,9606.ENSP00000495263,0.99566805,-1
SLC7A11,9606.ENSP00000280612,0.9956672,1
NOX3,9606.ENSP00000159060,0.9956671,-1
PTPA,9606.ENSP00000377036,0.9956671,1
SERPINB6,9606.ENSP00000484343,0.9956636,-1
TRIM73,9606.ENSP00000318615,0.995663,-1
RDH11,9606.ENSP00000370750,0.9956624,-1
PCDHB4,9606.ENSP00000194152,0.9956623,-1
CITED2,9606.ENSP00000444198,0.99566203,1
SLC61A1,9606.ENSP00000442688,0.99566144,-1
EN1,9606.ENSP00000295206,0.99566144,1
SQOR,9606.ENSP00000456019,0.9956606,-1
MYOCD,9606.ENSP00000401678,0.9956553,1
LARGE1,9606.ENSP00000347088,0.99564964,1
CSN1S1,9606.ENSP00000246891,0.99564844,-1
DNASE1L1,9606.ENSP00000358824,0.995647,-1
SYNGAP1,9606.ENSP00000496007,0.995647,1
TGFBR2,9606.ENSP00000351905,0.9956464,-1
DUSP1,9606.ENSP00000239223,0.9956453,1
TFAP2B,9606.ENSP00000377265,0.9956453,1
LAMA3,9606.ENSP00000324532,0.99564445,-1
PLCZ1,9606.ENSP00000266505,0.995643,-1
CSF1R,9606.ENSP00000286301,0.99564207,1
FGF4,9606.ENSP00000168712,0.99564207,1
CDA,9606.ENSP00000364212,0.9956392,-1
IL22,9606.ENSP00000442424,0.99563783,-1
WNT2,9606.ENSP00000265441,0.9956376,-1
MANSC1,9606.ENSP00000438205,0.9956352,-1
CD300LG,9606.ENSP00000321005,0.99563473,-1
PHETA2,9606.ENSP00000312753,0.99563366,-1
ARFGEF3,9606.ENSP00000251691,0.99563354,-1
TMEM114,9606.ENSP00000484263,0.9956311,-1
IL23A,9606.ENSP00000228534,0.9956305,-1
PPP5C,9606.ENSP00000012443,0.9956279,1
PTN,9606.ENSP00000341170,0.99562436,-1
LAT,9606.ENSP00000378845,0.9956228,-1
CLDN25,9606.ENSP00000396304,0.9956227,-1
SLIT1,9606.ENSP00000266058,0.9956216,-1
RARA,9606.ENSP00000254066,0.99562067,1
IL1RL2,9606.ENSP00000264257,0.9956197,-1
TPD52L3,9606.ENSP00000341677,0.99561775,-1
BPIFB1,9606.ENSP00000253354,0.99561715,-1
MGMT,9606.ENSP00000302111,0.9956118,1
PCBP2,9606.ENSP00000352438,0.9956103,1
PRKY,9606.ENSP00000498737,0.9956102,-1
ACVR1C,9606.ENSP00000243349,0.9956096,1
NPPC,9606.ENSP00000387159,0.9956086,1
PCDHGB4,9606.ENSP00000428288,0.99560755,-1
PGR,9606.ENSP00000325120,0.99560565,-1
AJAP1,9606.ENSP00000367433,0.9956052,-1
SMPD1,9606.ENSP00000340409,0.99560285,1
EEF1E1,9606.ENSP00000369038,0.9955974,1
CTRB1,9606.ENSP00000354294,0.9955972,-1
OLFM2,9606.ENSP00000264833,0.9955953,-1
SERPINA7,9606.ENSP00000329374,0.9955947,-1
GUCY2D,9606.ENSP00000254854,0.99559444,1
TREM1,9606.ENSP00000244709,0.9955935,-1
ACVRL1,9606.ENSP00000373574,0.9955924,-1
C1QTNF12,9606.ENSP00000329137,0.9955917,-1
SLC7A8,9606.ENSP00000320378,0.9955909,-1
PRAMEF6,9606.ENSP00000365360,0.9955894,1
MECP2,9606.ENSP00000395535,0.995589,1
ST8SIA6,9606.ENSP00000366827,0.99558604,-1
BLID,9606.ENSP00000453153,0.9955844,1
PA2G4,9606.ENSP00000302886,0.9955829,1
C1QTNF2,9606.ENSP00000377545,0.99558276,-1
MAPK8IP1,9606.ENSP00000241014,0.9955824,1
CYP1B1,9606.ENSP00000478561,0.9955817,1
GHRH,9606.ENSP00000362716,0.995581,-1
C8B,9606.ENSP00000360281,0.99557966,-1
XCL2,9606.ENSP00000356793,0.9955782,-1
CNTN6,9606.ENSP00000407822,0.99557745,-1
CMTM4,9606.ENSP00000333833,0.99557686,-1
SERPINH1,9606.ENSP00000434412,0.99557567,-1
PRG3,9606.ENSP00000287143,0.9955733,-1
RNASE1,9606.ENSP00000381057,0.99557316,-1
SLC7A5,9606.ENSP00000261622,0.99557316,1
ELSPBP1,9606.ENSP00000340660,0.99557245,-1
C1S,9606.ENSP00000385035,0.9955713,-1
DKK3,9606.ENSP00000433112,0.9955712,-1
GOT1L1,9606.ENSP00000303077,0.99557036,-1
DKK1,9606.ENSP00000363081,0.9955699,1
CBX4,9606.ENSP00000269397,0.99556893,1
RORA,9606.ENSP00000261523,0.99556774,-1
GPX5,9606.ENSP00000392398,0.99556714,-1
MFSD2A,9606.ENSP00000361895,0.99556655,-1
RAET1L,9606.ENSP00000356310,0.9955663,-1
COL26A1,9606.ENSP00000318234,0.99556386,-1
SYVN1,9606.ENSP00000366395,0.99555993,1
GAST,9606.ENSP00000331358,0.9955597,-1
TFEB,9606.ENSP00000351742,0.995559,-1
PNOC,9606.ENSP00000301908,0.9955575,-1
CD68,9606.ENSP00000250092,0.99555665,-1
ITGB3BP,9606.ENSP00000360133,0.99555653,1
SC5D,9606.ENSP00000264027,0.9955564,1
ZNF296,9606.ENSP00000302770,0.9955509,-1
C3orf49,9606.ENSP00000295896,0.9955492,-1
IL13,9606.ENSP00000304915,0.9955492,1
CCL21,9606.ENSP00000259607,0.995548,1
DZIP3,9606.ENSP00000355028,0.9955474,-1
GOLPH3L,9606.ENSP00000271732,0.9955466,-1
ARX,9606.ENSP00000368332,0.995546,-1
TLE5,9606.ENSP00000221561,0.9955438,1
ZP1,9606.ENSP00000278853,0.9955422,-1
SLC34A2,9606.ENSP00000371483,0.99554175,-1
GHRL,9606.ENSP00000335074,0.9955409,1
OLFML1,9606.ENSP00000332511,0.99553925,-1
MLXIPL,9606.ENSP00000320886,0.9955384,-1
RARB,9606.ENSP00000332296,0.9955381,1
ULBP1,9606.ENSP00000229708,0.9955373,-1
SCGB2A2,9606.ENSP00000227918,0.9955362,-1
RELT,9606.ENSP00000064780,0.9955348,-1
PCDHB13,9606.ENSP00000345491,0.9955338,-1
AGER,9606.ENSP00000364210,0.9955337,-1
SLC1A5,9606.ENSP00000444408,0.995533,1
DSC1,9606.ENSP00000257198,0.9955324,-1
PLGRKT,9606.ENSP00000223864,0.99553156,-1
PPP3CA,9606.ENSP00000378323,0.9955314,1
FAT4,9606.ENSP00000377862,0.99553066,-1
HAVCR2,9606.ENSP00000312002,0.99553007,-1
PRDX5,9606.ENSP00000265462,0.9955297,1
TPO,9606.ENSP00000329869,0.9955291,-1
PALB2,9606.ENSP00000261584,0.99552876,1
RNF43,9606.ENSP00000463069,0.99552685,-1
FGF21,9606.ENSP00000471477,0.995526,-1
LCTL,9606.ENSP00000343490,0.9955226,-1
DHRSX,9606.ENSP00000334113,0.99552155,-1
SOX10,9606.ENSP00000380093,0.9955213,1
HNF1B,9606.ENSP00000480291,0.99551916,1
CXCL5,9606.ENSP00000296027,0.99551916,-1
CEACAM16,9606.ENSP00000466561,0.99551743,-1
WNT6,9606.ENSP00000233948,0.9955172,-1
GSTM1,9606.ENSP00000311469,0.99551684,1
AWAT2,9606.ENSP00000421172,0.99551207,-1
NEUROD1,9606.ENSP00000295108,0.99551183,1
SELL,9606.ENSP00000498227,0.9955113,-1
DNASE1L2,9606.ENSP00000454562,0.99551094,-1
PCDHB8,9606.ENSP00000239444,0.9955107,-1
COL11A1,9606.ENSP00000359114,0.9955089,-1
PRSS12,9606.ENSP00000296498,0.99550855,-1
NR1I2,9606.ENSP00000336528,0.9955083,-1
RYK,9606.ENSP00000478721,0.9955077,-1
ENPP2,9606.ENSP00000259486,0.99550736,-1
SLC9A4,9606.ENSP00000295269,0.9955069,-1
FGF14,9606.ENSP00000365301,0.9955065,-1
NPM1,9606.ENSP00000296930,0.99550605,1
TMEM216,9606.ENSP00000334844,0.9955059,-1
TESK2,9606.ENSP00000361158,0.9955047,-1
GRK4,9606.ENSP00000381129,0.99550086,-1
STKLD1,9606.ENSP00000361025,0.99550074,-1
ZNF830,9606.ENSP00000354518,0.9954998,1
SERPINE3,9606.ENSP00000428316,0.9954998,-1
RPS3,9606.ENSP00000278572,0.9954997,1
WNT2B,9606.ENSP00000358698,0.9954986,-1
MAP4K1,9606.ENSP00000465039,0.99549484,-1
CTSE,9606.ENSP00000350911,0.9954939,-1
HMX3,9606.ENSP00000350549,0.9954928,-1
PYROXD1,9606.ENSP00000240651,0.99548894,-1
CCL3,9606.ENSP00000477908,0.99548835,1
S100G,9606.ENSP00000369547,0.99548787,-1
REG4,9606.ENSP00000346158,0.99548644,-1
GPX3,9606.ENSP00000373477,0.9954853,1
AHNAK,9606.ENSP00000367263,0.9954829,-1
STC1,9606.ENSP00000290271,0.9954827,-1
SON,9606.ENSP00000348984,0.99548185,1
BBC3,9606.ENSP00000404503,0.99547887,1
PGM3,9606.ENSP00000425809,0.9954781,-1
GRIA1,9606.ENSP00000428994,0.99547714,-1
CRYM,9606.ENSP00000219599,0.995477,-1
FTHL17,9606.ENSP00000368207,0.9954758,-1
PPP3CC,9606.ENSP00000380878,0.99547523,1
F13B,9606.ENSP00000356382,0.9954744,-1
GLT6D1,9606.ENSP00000360829,0.99547404,-1
FRMPD3,9606.ENSP00000276185,0.99547285,-1
VCAM1,9606.ENSP00000294728,0.99547184,-1
DNPEP,9606.ENSP00000431076,0.99547136,-1
RASA1,9606.ENSP00000274376,0.99546945,1
IL17RE,9606.ENSP00000373325,0.99546933,-1
FOXC2,9606.ENSP00000497759,0.9954686,1
ATF6,9606.ENSP00000356919,0.99546695,1
PSME3,9606.ENSP00000293362,0.99546367,1
ENDOU,9606.ENSP00000397679,0.9954632,-1
GSTP1,9606.ENSP00000381607,0.9954625,1
HIGD1A,9606.ENSP00000398064,0.9954619,1
LYPD3,9606.ENSP00000244333,0.9954608,1
LSMEM1,9606.ENSP00000323304,0.9954607,-1
COL11A2,9606.ENSP00000363840,0.99545765,-1
MAPK8IP2,9606.ENSP00000330572,0.99545515,1
SIAH2,9606.ENSP00000322457,0.9954541,1
ADD2,9606.ENSP00000264436,0.99545383,-1
SLC7A6,9606.ENSP00000455064,0.9954531,-1
SLC1A3,9606.ENSP00000265113,0.99545175,-1
WNT7A,9606.ENSP00000285018,0.9954515,1
WEE1,9606.ENSP00000402084,0.99545115,1
CBLN4,9606.ENSP00000064571,0.9954509,-1
PLEKHG5,9606.ENSP00000439625,0.99544746,-1
RNPS1,9606.ENSP00000457723,0.99544626,1
BMPR1B,9606.ENSP00000401907,0.9954455,1
TRPC1,9606.ENSP00000419313,0.995445,-1
LOXL3,9606.ENSP00000264094,0.9954424,-1
SIGLEC5,9606.ENSP00000470259,0.99544203,-1
CSN3,9606.ENSP00000304822,0.9954419,-1
KRT15,9606.ENSP00000377546,0.9954396,-1
CAST,9606.ENSP00000422176,0.99543816,1
CRIPTO,9606.ENSP00000296145,0.99543744,1
LCN1,9606.ENSP00000263598,0.9954373,-1
CD274,9606.ENSP00000370989,0.99543685,1
HTATIP2,9606.ENSP00000392985,0.9954353,1
CAMP,9606.ENSP00000296435,0.9954352,1
SLC9A2,9606.ENSP00000233969,0.99543446,-1
TRIM67,9606.ENSP00000355613,0.9954332,-1
POU3F1,9606.ENSP00000362103,0.99543273,-1
ACAT2,9606.ENSP00000356015,0.99543166,-1
SGPL1,9606.ENSP00000362298,0.99542916,-1
MELK,9606.ENSP00000298048,0.99542904,1
NECTIN2,9606.ENSP00000252483,0.9954283,-1
CRH,9606.ENSP00000276571,0.9954266,-1
ZG16,9606.ENSP00000383563,0.99542576,-1
WNT9A,9606.ENSP00000272164,0.9954242,-1
MSLN,9606.ENSP00000372313,0.995424,-1
SST,9606.ENSP00000287641,0.99542135,-1
MAP2K5,9606.ENSP00000178640,0.9954205,1
GJA3,9606.ENSP00000241125,0.9954181,-1
TMPRSS15,9606.ENSP00000284885,0.9954151,-1
ATG9B,9606.ENSP00000491504,0.995415,1
ENO3,9606.ENSP00000324105,0.995414,-1
TRAF5,9606.ENSP00000261464,0.995414,-1
SPP1,9606.ENSP00000378517,0.99541336,-1
THBS4,9606.ENSP00000339730,0.99541265,-1
ZP4,9606.ENSP00000482304,0.9954093,-1
SGCA,9606.ENSP00000262018,0.9954087,-1
PHLDA3,9606.ENSP00000356280,0.99540836,1
NKX6-1,9606.ENSP00000295886,0.99540776,-1
CDH4,9606.ENSP00000484928,0.99540675,-1
SERPINB1,9606.ENSP00000370115,0.9954032,-1
PGA3,9606.ENSP00000322192,0.99540293,-1
HSPD1,9606.ENSP00000340019,0.99540234,1
RORC,9606.ENSP00000327025,0.99540186,1
TRIM74,9606.ENSP00000285805,0.9954015,-1
DLX5,9606.ENSP00000498116,0.9954007,-1
AMTN,9606.ENSP00000341013,0.99539894,-1
PPIF,9606.ENSP00000225174,0.9953957,1
GCH1,9606.ENSP00000477796,0.9953949,1
IL12RB2,9606.ENSP00000262345,0.99539185,-1
ITPKA,9606.ENSP00000260386,0.9953896,-1
MFAP4,9606.ENSP00000378957,0.995389,-1
NOTUM,9606.ENSP00000387310,0.9953885,-1
GRK5,9606.ENSP00000376609,0.9953884,1
CEACAM5,9606.ENSP00000221992,0.9953884,1
WNT8B,9606.ENSP00000340677,0.99538815,-1
PPP3CB,9606.ENSP00000378306,0.99538416,1
RGS12,9606.ENSP00000339381,0.9953837,-1
DKKL1,9606.ENSP00000221498,0.9953792,1
DSG4,9606.ENSP00000352785,0.99537885,-1
CIAPIN1,9606.ENSP00000377914,0.9953784,1
KRT83,9606.ENSP00000293670,0.9953753,-1
GRIA3,9606.ENSP00000481554,0.9953753,-1
ICAM2,9606.ENSP00000415283,0.9953746,-1
PCDHB9,9606.ENSP00000478606,0.99537,-1
TREML1,9606.ENSP00000402855,0.9953696,-1
RNASE7,9606.ENSP00000298690,0.9953648,-1
ZFAND6,9606.ENSP00000479071,0.99536455,1
OAS2,9606.ENSP00000342278,0.99536264,-1
ULBP3,9606.ENSP00000356308,0.9953615,-1
SMAD7,9606.ENSP00000262158,0.99535924,1
ELANE,9606.ENSP00000466090,0.9953565,-1
PKDREJ,9606.ENSP00000253255,0.99535626,-1
TIGIT,9606.ENSP00000419085,0.9953555,-1
GRB7,9606.ENSP00000403459,0.9953551,-1
SIK2,9606.ENSP00000305976,0.99535286,-1
AQP7B,9606.ENSP00000456868,0.9953526,-1
GATA6,9606.ENSP00000269216,0.99535155,1
ACAA2,9606.ENSP00000285093,0.99535036,1
ABCC2,9606.ENSP00000497274,0.99534947,-1
TSSK4,9606.ENSP00000339179,0.9953485,-1
PENK,9606.ENSP00000400894,0.9953479,-1
PCDHA13,9606.ENSP00000289272,0.99534744,-1
LEPR,9606.ENSP00000330393,0.9953436,-1
PLXDC2,9606.ENSP00000366460,0.9953426,-1
SDC3,9606.ENSP00000344468,0.9953425,-1
RFX6,9606.ENSP00000332208,0.99534094,-1
HLA-G,9606.ENSP00000366024,0.9953365,1
EVX2,9606.ENSP00000312385,0.9953365,-1
CYB561,9606.ENSP00000464215,0.99533576,-1
MYPN,9606.ENSP00000351790,0.99533564,-1
HOXD12,9606.ENSP00000385586,0.99533254,-1
FOXD3,9606.ENSP00000360157,0.99533045,-1
GATA3,9606.ENSP00000368632,0.99533045,1
ATP12A,9606.ENSP00000218548,0.995329,-1
FGD3,9606.ENSP00000336914,0.99532866,-1
BMP3,9606.ENSP00000282701,0.9953271,-1
DAP3,9606.ENSP00000357320,0.99532664,1
AATK,9606.ENSP00000324196,0.99532604,-1
IL1RAP,9606.ENSP00000314807,0.9953251,1
AZU1,9606.ENSP00000233997,0.9953241,1
MPP2,9606.ENSP00000428182,0.9953223,-1
THSD7B,9606.ENSP00000387145,0.99532217,-1
RXRG,9606.ENSP00000352900,0.9953218,-1
CXCL12,9606.ENSP00000379140,0.9953218,1
GGT1,9606.ENSP00000248923,0.99532074,-1
NRF1,9606.ENSP00000342351,0.9953199,-1
LAIR1,9606.ENSP00000375622,0.9953186,-1
HNRNPK,9606.ENSP00000365458,0.9953166,1
SNAI1,9606.ENSP00000244050,0.99531496,1
FOXA1,9606.ENSP00000250448,0.9953133,1
GUCA1B,9606.ENSP00000230361,0.9953105,-1
TRIB2,9606.ENSP00000155926,0.99530953,-1
EPO,9606.ENSP00000252723,0.99530953,1
IRF9,9606.ENSP00000380073,0.9953093,-1
DYRK3,9606.ENSP00000356076,0.99530905,1
WFS1,9606.ENSP00000226760,0.9953061,1
CFDP1,9606.ENSP00000283882,0.9953057,1
NKX2-2,9606.ENSP00000366347,0.99530435,-1
GRM4,9606.ENSP00000440556,0.9953009,-1
UNG,9606.ENSP00000242576,0.9952987,1
MAGEA4,9606.ENSP00000353379,0.99529845,1
PCDH8,9606.ENSP00000367177,0.9952923,-1
RET,9606.ENSP00000347942,0.9952892,1
SPINK4,9606.ENSP00000369045,0.995288,-1
WFIKKN2,9606.ENSP00000311184,0.9952866,-1
HOXA4,9606.ENSP00000479166,0.99528474,-1
PGF,9606.ENSP00000451040,0.99528354,-1
GIMAP1,9606.ENSP00000302833,0.9952826,-1
TENM3,9606.ENSP00000424226,0.9952807,-1
SLC29A3,9606.ENSP00000362285,0.99528015,-1
SRPX,9606.ENSP00000367794,0.99527884,1
FFAR4,9606.ENSP00000360538,0.9952785,1
IFI27L2,9606.ENSP00000238609,0.995278,-1
CD55,9606.ENSP00000356030,0.995274,-1
NR2C1,9606.ENSP00000333275,0.9952739,-1
PAGE4,9606.ENSP00000218068,0.99527353,1
ARL6IP1,9606.ENSP00000306788,0.99527353,1
WNT5B,9606.ENSP00000380379,0.9952702,-1
AURKB,9606.ENSP00000313950,0.99526936,1
C1QTNF9,9606.ENSP00000371503,0.99526715,-1
CDX2,9606.ENSP00000370408,0.9952649,-1
IL6ST,9606.ENSP00000370698,0.9952644,1
HSP90B1,9606.ENSP00000299767,0.9952632,1
LHB,9606.ENSP00000497294,0.99526286,-1
RASSF6,9606.ENSP00000340578,0.9952625,1
ADRB1,9606.ENSP00000358301,0.995255,1
NUP62,9606.ENSP00000471191,0.99525166,1
RB1,9606.ENSP00000267163,0.9952501,1
PLA2G4A,9606.ENSP00000356436,0.99524975,-1
BPIFB6,9606.ENSP00000344929,0.99524766,-1
C1QTNF9B,9606.ENSP00000371572,0.9952472,-1
RTN4RL1,9606.ENSP00000330631,0.99524575,-1
PAK1,9606.ENSP00000278568,0.99524444,1
MAP2K1,9606.ENSP00000302486,0.99524397,1
SH3PXD2B,9606.ENSP00000309714,0.9952414,-1
SIGLEC7,9606.ENSP00000323328,0.9952407,-1
UACA,9606.ENSP00000314556,0.995239,-1
STK17A,9606.ENSP00000319192,0.9952383,1
SERPINB3,9606.ENSP00000283752,0.99523574,-1
SLC43A2,9606.ENSP00000461382,0.99523574,-1
COL5A3,9606.ENSP00000264828,0.9952356,-1
IFNLR1,9606.ENSP00000327824,0.99523526,-1
H1-0,9606.ENSP00000344504,0.9952336,1
ITGA7,9606.ENSP00000452120,0.9952303,-1
RBP4,9606.ENSP00000360522,0.9952297,-1
PDGFD,9606.ENSP00000376865,0.99522936,-1
CPA2,9606.ENSP00000222481,0.9952283,-1
WNT8A,9606.ENSP00000426653,0.9952277,-1
STK17B,9606.ENSP00000263955,0.9952231,1
ZP3,9606.ENSP00000378326,0.9952213,-1
TRIM45,9606.ENSP00000256649,0.9952212,-1
LMLN,9606.ENSP00000410926,0.9952207,-1
MS4A1,9606.ENSP00000433277,0.9952194,-1
DIPK1B,9606.ENSP00000360757,0.99521744,-1
GH1,9606.ENSP00000312673,0.995214,-1
ATP5IF1,9606.ENSP00000335203,0.9952129,1
DGKE,9606.ENSP00000284061,0.9952122,-1
RLN1,9606.ENSP00000223862,0.9952112,-1
PCBP3,9606.ENSP00000383168,0.9952101,-1
CCL4,9606.ENSP00000482259,0.99521,-1
RNPEP,9606.ENSP00000295640,0.99520844,-1
IL26,9606.ENSP00000229134,0.9952083,-1
TGFBR1,9606.ENSP00000447297,0.9952068,1
FOXN1,9606.ENSP00000226247,0.99520457,-1
BMP2,9606.ENSP00000368104,0.99520254,1
PCDH18,9606.ENSP00000355082,0.99520123,-1
UCN,9606.ENSP00000296099,0.9951965,1
CLCA2,9606.ENSP00000359596,0.99519604,-1
NKX2-5,9606.ENSP00000327758,0.9951938,1
WHRN,9606.ENSP00000354623,0.99519277,-1
DLX1,9606.ENSP00000354478,0.99519145,1
S100A12,9606.ENSP00000357726,0.9951912,-1
ULBP2,9606.ENSP00000356320,0.9951885,-1
POU2F3,9606.ENSP00000260264,0.99518836,-1
ANO9,9606.ENSP00000332788,0.99518824,-1
EGFL7,9606.ENSP00000360764,0.9951864,-1
TMEM215,9606.ENSP00000345468,0.9951858,1
STPG1,9606.ENSP00000363530,0.99518543,1
ATP13A2,9606.ENSP00000327214,0.99518305,-1
CAMK2G,9606.ENSP00000319060,0.9951767,-1
C1QL2,9606.ENSP00000272520,0.9951748,-1
NINJ2,9606.ENSP00000499548,0.99516934,-1
EGFR,9606.ENSP00000275493,0.99516845,1
UCP2,9606.ENSP00000499695,0.9951644,1
MBL2,9606.ENSP00000363079,0.9951567,-1
GPR119,9606.ENSP00000276218,0.9951558,-1
IGFLR1,9606.ENSP00000246532,0.9951552,-1
PSMC5,9606.ENSP00000310572,0.9951545,1
CLDN16,9606.ENSP00000264734,0.9951538,-1
SLAMF9,9606.ENSP00000357072,0.9951525,-1
DEFA6,9606.ENSP00000297436,0.99515176,-1
WNK3,9606.ENSP00000346667,0.99515164,1
MSR1,9606.ENSP00000405453,0.99515116,-1
A2ML1,9606.ENSP00000299698,0.99515104,-1
CRISP3,9606.ENSP00000389026,0.9951497,-1
ZPR1,9606.ENSP00000227322,0.9951485,1
SP140,9606.ENSP00000375899,0.9951474,-1
CD3D,9606.ENSP00000300692,0.9951466,-1
AIM2,9606.ENSP00000357112,0.995146,-1
ATP1A3,9606.ENSP00000444688,0.9951422,-1
TREML4,9606.ENSP00000342570,0.995142,-1
SLC26A1,9606.ENSP00000354721,0.99514186,-1
HOXD1,9606.ENSP00000328598,0.99514174,-1
SERINC2,9606.ENSP00000362814,0.99514127,-1
PRR5L,9606.ENSP00000368144,0.99514115,-1
TNK2,9606.ENSP00000371341,0.9951355,-1
NR5A1,9606.ENSP00000362690,0.99513465,-1
REG3A,9606.ENSP00000377456,0.9951338,-1
APLN,9606.ENSP00000391800,0.9951325,-1
GIP,9606.ENSP00000350005,0.99512947,-1
ADAM15,9606.ENSP00000349436,0.99512625,-1
MAGEA3,9606.ENSP00000473093,0.99512583,1
NOD2,9606.ENSP00000300589,0.99512404,1
XK,9606.ENSP00000367879,0.9951212,-1
ESR1,9606.ENSP00000405330,0.9951208,1
UNC93B1,9606.ENSP00000227471,0.9951167,-1
KRT74,9606.ENSP00000307240,0.995116,-1
PF4V1,9606.ENSP00000226524,0.99511284,-1
FZD4,9606.ENSP00000434034,0.9951114,-1
SNED1,9606.ENSP00000308893,0.9951108,-1
INHBC,9606.ENSP00000308716,0.9951106,-1
SIGLEC14,9606.ENSP00000354090,0.99511045,-1
ZNF304,9606.ENSP00000401642,0.9951089,1
LGALS14,9606.ENSP00000353893,0.9951079,-1
S100A7,9606.ENSP00000357711,0.9951073,-1
RPS7,9606.ENSP00000495273,0.99510694,1
SPHKAP,9606.ENSP00000375909,0.99510586,-1
SERPINE2,9606.ENSP00000415786,0.9951013,-1
LIG4,9606.ENSP00000484288,0.9951008,1
IRAK3,9606.ENSP00000261233,0.99509925,1
MS4A12,9606.ENSP00000016913,0.99509853,-1
PRAME,9606.ENSP00000445675,0.99509734,1
RACK1,9606.ENSP00000426909,0.99509394,1
CREB3L3,9606.ENSP00000078445,0.9950918,-1
CTSG,9606.ENSP00000216336,0.9950913,-1
MS4A7,9606.ENSP00000300184,0.9950907,-1
XBP1,9606.ENSP00000216037,0.9950907,1
ODF1,9606.ENSP00000285402,0.9950884,-1
PRDM16,9606.ENSP00000270722,0.9950879,-1
NLGN4X,9606.ENSP00000370483,0.99508744,-1
PIANP,9606.ENSP00000442157,0.9950842,-1
LHX4,9606.ENSP00000263726,0.9950825,1
FCN1,9606.ENSP00000360871,0.99508226,-1
HRH4,9606.ENSP00000256906,0.99507856,-1
MUC5B,9606.ENSP00000436812,0.99507743,-1
MLST8,9606.ENSP00000457870,0.9950773,1
RSPO1,9606.ENSP00000348944,0.99507624,-1
SLC4A1,9606.ENSP00000262418,0.9950734,-1
ALPL,9606.ENSP00000363973,0.99507326,-1
WFIKKN1,9606.ENSP00000324763,0.99507326,-1
TDP2,9606.ENSP00000367440,0.9950708,-1
JUP,9606.ENSP00000377508,0.9950708,-1
IL2,9606.ENSP00000226730,0.99507,1
FZD2,9606.ENSP00000323901,0.995067,-1
ATP2C1,9606.ENSP00000421326,0.9950665,-1
SAMD9,9606.ENSP00000369292,0.99506396,-1
IFNAR2,9606.ENSP00000343957,0.99506193,-1
TSPO2,9606.ENSP00000362255,0.9950606,-1
CCL22,9606.ENSP00000219235,0.99505925,-1
FPR3,9606.ENSP00000341821,0.99505496,-1
SLC15A2,9606.ENSP00000417085,0.99505436,-1
TMEM225,9606.ENSP00000364166,0.99505275,-1
GSX2,9606.ENSP00000319118,0.9950525,-1
CTH,9606.ENSP00000359976,0.9950517,1
CSMD2,9606.ENSP00000362479,0.99505,-1
MYBPC3,9606.ENSP00000442795,0.99504906,-1
SYNDIG1,9606.ENSP00000366058,0.99504733,-1
BAMBI,9606.ENSP00000364683,0.9950454,-1
PLEKHM3,9606.ENSP00000417003,0.9950454,-1
FOXO1,9606.ENSP00000368880,0.9950453,1
CDH7,9606.ENSP00000381058,0.9950453,-1
LIPG,9606.ENSP00000261292,0.9950448,-1
DDX20,9606.ENSP00000358716,0.99504447,1
GRAMD2B,9606.ENSP00000426120,0.9950427,-1
KRT6A,9606.ENSP00000369317,0.99504155,-1
THAP11,9606.ENSP00000304689,0.99504143,1
GNA15,9606.ENSP00000262958,0.9950406,1
UPB1,9606.ENSP00000324343,0.9950405,-1
VASN,9606.ENSP00000306864,0.99503654,-1
MADD,9606.ENSP00000310933,0.99503654,1
LIN7B,9606.ENSP00000221459,0.9950364,-1
HELLS,9606.ENSP00000377601,0.99503374,1
ALX4,9606.ENSP00000498217,0.9950335,-1
FNDC7,9606.ENSP00000359034,0.9950335,-1
SLC15A5,9606.ENSP00000340402,0.995033,-1
FOXA2,9606.ENSP00000400341,0.9950293,-1
PHLDA2,9606.ENSP00000319231,0.9950287,1
SIGLEC6,9606.ENSP00000401502,0.9950256,-1
LIPE,9606.ENSP00000244289,0.99502397,-1
SEMG1,9606.ENSP00000361867,0.99502265,-1
GPR35,9606.ENSP00000411788,0.99502254,1
SLC17A4,9606.ENSP00000367137,0.99502206,-1
SEPTIN4,9606.ENSP00000354874,0.9950206,1
PRR4,9606.ENSP00000228811,0.99501824,-1
CDH11,9606.ENSP00000268603,0.99501747,-1
CCAR2,9606.ENSP00000310670,0.99501413,1
IFI27L1,9606.ENSP00000376824,0.995014,-1
PLPPR4,9606.ENSP00000359204,0.99501246,1
PELI2,9606.ENSP00000267460,0.9950118,-1
PSPN,9606.ENSP00000245810,0.9950106,-1
IL11RA,9606.ENSP00000450565,0.9950063,-1
FGR,9606.ENSP00000363117,0.9950059,-1
IGHV3-11,9606.ENSP00000474135,0.9950059,-1
ABCC3,9606.ENSP00000285238,0.9950028,-1
CCL3L1,9606.ENSP00000480558,0.9950027,-1
OIT3,9606.ENSP00000333900,0.9950021,-1
KLK4,9606.ENSP00000326159,0.99500126,-1
FOXD1,9606.ENSP00000481581,0.9949999,-1
XAGE5,9606.ENSP00000342240,0.9949993,-1
NKX3-2,9606.ENSP00000371875,0.9949898,1
SP5,9606.ENSP00000364430,0.99498886,-1
EFNA2,9606.ENSP00000215368,0.9949886,-1
SNAI2,9606.ENSP00000020945,0.99498546,1
ANP32B,9606.ENSP00000345848,0.9949826,1
TLCD4,9606.ENSP00000359222,0.9949823,-1
ATP1A1,9606.ENSP00000445306,0.99498075,-1
FHL2,9606.ENSP00000386892,0.99497706,1
CLDN8,9606.ENSP00000382783,0.9949733,-1
SOX4,9606.ENSP00000244745,0.9949733,1
CLEC2B,9606.ENSP00000228438,0.9949694,-1
KRT28,9606.ENSP00000305263,0.9949693,-1
GATA4,9606.ENSP00000435712,0.99496776,1
HPN,9606.ENSP00000262626,0.9949669,1
MDGA1,9606.ENSP00000402584,0.9949645,-1
MAP4K4,9606.ENSP00000343658,0.99496424,1
CD3G,9606.ENSP00000431445,0.9949597,-1
GPI,9606.ENSP00000405573,0.9949581,1
SMIM9,9606.ENSP00000358542,0.99495643,-1
CDH1,9606.ENSP00000261769,0.9949536,-1
OLFM1,9606.ENSP00000360858,0.9949528,1
ING4,9606.ENSP00000380024,0.99495006,1
PNCK,9606.ENSP00000405950,0.99494606,-1
CTSV,9606.ENSP00000259470,0.99494535,-1
TNFAIP8L2,9606.ENSP00000357906,0.9949427,-1
CCL19,9606.ENSP00000308815,0.994942,1
CTSL,9606.ENSP00000345344,0.9949411,-1
DPEP2,9606.ENSP00000458977,0.99494004,-1
IL11,9606.ENSP00000264563,0.9949385,1
RAMP1,9606.ENSP00000254661,0.994938,-1
UTP11,9606.ENSP00000362105,0.9949372,1
S1PR1,9606.ENSP00000305416,0.9949368,-1
NOX5,9606.ENSP00000373518,0.9949345,0
CTSK,9606.ENSP00000271651,0.994932,-1
FGF22,9606.ENSP00000215530,0.9949319,-1
SMCO3,9606.ENSP00000381895,0.99493057,-1
EBP,9606.ENSP00000417052,0.9949297,1
LGALS16,9606.ENSP00000375904,0.99492955,1
NOS3,9606.ENSP00000297494,0.9949281,1
PCDHA5,9606.ENSP00000436557,0.99492776,-1
GUCA2A,9606.ENSP00000349493,0.99492514,-1
MAGEA6,9606.ENSP00000480637,0.994925,-1
HOXA3,9606.ENSP00000484411,0.9949249,-1
OTX1,9606.ENSP00000355631,0.99491936,-1
CDH9,9606.ENSP00000231021,0.9949191,-1
SIX2,9606.ENSP00000304502,0.9949144,-1
ASIC3,9606.ENSP00000297512,0.99491334,-1
TENM2,9606.ENSP00000427874,0.9949126,-1
SCX,9606.ENSP00000476384,0.99491227,1
CLDN17,9606.ENSP00000286808,0.9949103,-1
NLGN3,9606.ENSP00000351591,0.99490744,-1
PLGLB1,9606.ENSP00000347933,0.99490684,-1
MS4A6A,9606.ENSP00000435844,0.99490607,-1
ARHGAP10,9606.ENSP00000336923,0.9948997,1
PTPN1,9606.ENSP00000360683,0.99489886,1
HOXA13,9606.ENSP00000497112,0.99489707,1
F5,9606.ENSP00000356771,0.9948965,-1
SBSN,9606.ENSP00000430242,0.9948938,-1
CLDN4,9606.ENSP00000409544,0.99489,-1
RNASE8,9606.ENSP00000311398,0.99488926,-1
CA7,9606.ENSP00000345659,0.99488837,-1
FCN2,9606.ENSP00000291744,0.9948874,-1
DMBX1,9606.ENSP00000353132,0.9948874,-1
FZD5,9606.ENSP00000354607,0.99488693,-1
PRICKLE2,9606.ENSP00000492363,0.994886,-1
SUSD1,9606.ENSP00000363382,0.9948856,-1
B4GALT1,9606.ENSP00000369055,0.9948854,1
SLC25A18,9606.ENSP00000329033,0.9948822,-1
LYPD4,9606.ENSP00000476510,0.9948809,-1
ULK2,9606.ENSP00000378914,0.9948756,-1
PYGL,9606.ENSP00000216392,0.99487466,1
RPL26L1,9606.ENSP00000428223,0.9948736,-1
UCN2,9606.ENSP00000273610,0.9948726,-1
LRRC70,9606.ENSP00000399441,0.99486995,-1
TMEM69,9606.ENSP00000361095,0.9948673,-1
CD1E,9606.ENSP00000357149,0.9948655,-1
CELA3A,9606.ENSP00000290122,0.9948649,-1
CDH26,9606.ENSP00000339390,0.99486345,-1
PTPN14,9606.ENSP00000355923,0.9948607,-1
SLCO6A1,9606.ENSP00000421339,0.99485874,-1
SHKBP1,9606.ENSP00000291842,0.9948585,-1
MAGEA2,9606.ENSP00000333487,0.9948584,-1
EPHA4,9606.ENSP00000281821,0.99485683,1
LGR6,9606.ENSP00000356247,0.99485683,-1
IRF1,9606.ENSP00000245414,0.9948567,1
RGS1,9606.ENSP00000356429,0.9948555,-1
SLC25A33,9606.ENSP00000306328,0.9948539,-1
CNTF,9606.ENSP00000355370,0.9948506,1
PLAAT2,9606.ENSP00000255695,0.994849,-1
PDCD5,9606.ENSP00000466214,0.9948403,1
BARHL2,9606.ENSP00000359474,0.9948402,-1
CFHR4,9606.ENSP00000356386,0.99483746,-1
MS4A4A,9606.ENSP00000338648,0.99483746,-1
IL6,9606.ENSP00000385675,0.99483657,1
IL1R1,9606.ENSP00000386380,0.9948362,1
VSX1,9606.ENSP00000365899,0.9948342,-1
MAP2K7,9606.ENSP00000381070,0.9948342,-1
HHEX,9606.ENSP00000282728,0.9948338,-1
NEFH,9606.ENSP00000311997,0.99483114,1
BARX1,9606.ENSP00000253968,0.9948303,-1
SDS,9606.ENSP00000257549,0.9948285,-1
CAMK4,9606.ENSP00000282356,0.99482673,-1
MEGF10,9606.ENSP00000423354,0.9948258,-1
NINJ1,9606.ENSP00000364595,0.9948257,1
MXRA5,9606.ENSP00000217939,0.9948242,-1
DLG3,9606.ENSP00000363480,0.99482286,-1
TLR5,9606.ENSP00000496355,0.9948224,-1
CTSS,9606.ENSP00000357981,0.99482155,-1
PON3,9606.ENSP00000265627,0.99481994,-1
DPYSL5,9606.ENSP00000288699,0.9948184,-1
SLC44A4,9606.ENSP00000229729,0.994816,-1
PLEKHA2,9606.ENSP00000482228,0.9948148,-1
GOT1,9606.ENSP00000359539,0.99481446,-1
RPS6,9606.ENSP00000369757,0.99481285,1
BHLHE22,9606.ENSP00000318799,0.9948126,-1
MRE11,9606.ENSP00000325863,0.99481237,1
GRM2,9606.ENSP00000378492,0.9948118,-1
RPL26,9606.ENSP00000463784,0.9948084,1
APOE,9606.ENSP00000252486,0.99480826,-1
SLC25A1,9606.ENSP00000215882,0.9948073,1
FZD9,9606.ENSP00000345785,0.99480635,1
TMEM210,9606.ENSP00000456333,0.9948043,-1
PAX5,9606.ENSP00000350844,0.99480295,-1
CNDP2,9606.ENSP00000325548,0.99480057,-1
DAD1,9606.ENSP00000250498,0.99479985,1
TINAGL1,9606.ENSP00000271064,0.9947977,-1
F12,9606.ENSP00000253496,0.994793,-1
USP17L24,9606.ENSP00000422097,0.9947917,1
PAMR1,9606.ENSP00000482899,0.99479127,-1
MTSS1,9606.ENSP00000322804,0.994789,-1
CNKSR2,9606.ENSP00000368824,0.99478734,-1
R3HDML,9606.ENSP00000217043,0.9947857,-1
TCF7L1,9606.ENSP00000282111,0.9947849,-1
SLC35F6,9606.ENSP00000345528,0.99478143,1
SPINT4,9606.ENSP00000279058,0.9947777,-1
BARD1,9606.ENSP00000260947,0.99477696,1
DBH,9606.ENSP00000376776,0.99477637,-1
MEF2C,9606.ENSP00000340874,0.99477637,1
CR2,9606.ENSP00000356024,0.99477565,-1
CR1L,9606.ENSP00000421736,0.9947754,-1
PDPN,9606.ENSP00000294489,0.9947739,1
CPA4,9606.ENSP00000222482,0.99477357,-1
FOXF2,9606.ENSP00000496415,0.9947702,-1
CFI,9606.ENSP00000378131,0.9947655,-1
CNKSR1,9606.ENSP00000363371,0.99476385,-1
TAF9B,9606.ENSP00000339917,0.99476236,1
PPIA,9606.ENSP00000419425,0.99476117,1
EN2,9606.ENSP00000297375,0.99475914,1
CCL8,9606.ENSP00000378118,0.9947589,-1
FDFT1,9606.ENSP00000491537,0.99475646,1
TLR1,9606.ENSP00000354932,0.9947562,-1
OSTN,9606.ENSP00000342356,0.99475443,-1
CD209,9606.ENSP00000315477,0.9947536,-1
MAEA,9606.ENSP00000302830,0.9947515,1
PCDH10,9606.ENSP00000264360,0.9947507,-1
SLC25A46,9606.ENSP00000348211,0.9947501,-1
MC2R,9606.ENSP00000333821,0.9947488,-1
CNTN4,9606.ENSP00000380602,0.99474853,-1
CLPS,9606.ENSP00000259938,0.9947466,-1
PHETA1,9606.ENSP00000354461,0.9947438,-1
ECM2,9606.ENSP00000344758,0.9947436,-1
IL36B,9606.ENSP00000259213,0.9947429,-1
EYA2,9606.ENSP00000333640,0.99473876,1
PIAS4,9606.ENSP00000262971,0.99473864,1
PAK6,9606.ENSP00000453858,0.9947354,-1
RHCE,9606.ENSP00000294413,0.994735,-1
PCDH19,9606.ENSP00000362125,0.9947307,-1
BLVRA,9606.ENSP00000385757,0.99472964,1
CHRNG,9606.ENSP00000498757,0.9947296,-1
FAM171B,9606.ENSP00000304108,0.99472815,-1
ABCC1,9606.ENSP00000382342,0.9947248,-1
PDGFRA,9606.ENSP00000257290,0.9947239,-1
IPPK,9606.ENSP00000287996,0.99472,-1
ID1,9606.ENSP00000365280,0.99471396,1
BPIFA1,9606.ENSP00000346251,0.9947115,-1
PHOX2A,9606.ENSP00000298231,0.99471104,-1
TFAP2C,9606.ENSP00000201031,0.9947101,-1
CGB7,9606.ENSP00000470813,0.99470997,-1
BTK,9606.ENSP00000483570,0.9947096,-1
FOXP3,9606.ENSP00000365380,0.9947094,-1
ABCC6,9606.ENSP00000205557,0.9947083,-1
PIGR,9606.ENSP00000348888,0.99470735,-1
SLC24A1,9606.ENSP00000261892,0.9947024,-1
PROK2,9606.ENSP00000295619,0.9947018,1
IL2RG,9606.ENSP00000363318,0.9947017,1
GIMAP6,9606.ENSP00000479580,0.9947008,-1
PAX2,9606.ENSP00000359319,0.99470043,1
KRT1,9606.ENSP00000252244,0.9946995,-1
ERBB4,9606.ENSP00000342235,0.99469864,1
TSACC,9606.ENSP00000357238,0.99469346,-1
KIF14,9606.ENSP00000356319,0.9946878,1
H1-1,9606.ENSP00000244573,0.9946872,-1
F3,9606.ENSP00000334145,0.99468696,1
FGFRL1,9606.ENSP00000381498,0.99468035,-1
NKX2-6,9606.ENSP00000320089,0.99467814,1
EEPD1,9606.ENSP00000242108,0.99467754,-1
IRX2,9606.ENSP00000307006,0.99467444,-1
CCL23,9606.ENSP00000481357,0.99467045,-1
NBL1,9606.ENSP00000289749,0.99467,-1
FGF11,9606.ENSP00000293829,0.99466586,-1
PTH2R,9606.ENSP00000272847,0.9946626,-1
TGM5,9606.ENSP00000220420,0.99465865,-1
ASTL,9606.ENSP00000343674,0.99465454,-1
TRPV4,9606.ENSP00000406191,0.99464744,-1
FCAR,9606.ENSP00000347714,0.9946472,1
DLG2,9606.ENSP00000365272,0.99464625,-1
TENM4,9606.ENSP00000278550,0.9946414,-1
OLIG2,9606.ENSP00000331040,0.9946404,-1
MAL,9606.ENSP00000310880,0.99463415,1
IGF1,9606.ENSP00000376637,0.99463415,1
PTTG1IP,9606.ENSP00000328325,0.9946268,1
TMEM126A,9606.ENSP00000306887,0.99462456,-1
CD74,9606.ENSP00000009530,0.99462366,1
MEOX2,9606.ENSP00000262041,0.99462175,-1
GSTM4,9606.ENSP00000358851,0.99461925,-1
PNPLA4,9606.ENSP00000370430,0.99461764,-1
LGALS3,9606.ENSP00000254301,0.99461526,1
IZUMO1,9606.ENSP00000327786,0.9946127,-1
ITIH1,9606.ENSP00000273283,0.99461246,-1
CLEC3B,9606.ENSP00000296130,0.99461246,-1
SPPL2A,9606.ENSP00000261854,0.9946109,-1
CAT,9606.ENSP00000241052,0.9946089,1
ASPG,9606.ENSP00000450040,0.99460715,-1
VAX2,9606.ENSP00000234392,0.99460536,-1
POU4F2,9606.ENSP00000281321,0.99459946,1
ZEB2,9606.ENSP00000487174,0.99459696,-1
SLCO2B1,9606.ENSP00000289575,0.9945949,-1
TMEM109,9606.ENSP00000227525,0.9945943,1
SIGLEC15,9606.ENSP00000374125,0.9945911,-1
GYPC,9606.ENSP00000259254,0.99458754,-1
RYBP,9606.ENSP00000419494,0.994584,1
CD300A,9606.ENSP00000353259,0.994584,-1
SLCO1A2,9606.ENSP00000305974,0.9945839,-1
DHRS4L2,9606.ENSP00000334801,0.994582,-1
MLN,9606.ENSP00000388825,0.9945792,-1
IRX4,9606.ENSP00000482393,0.99457884,-1
POMK,9606.ENSP00000331258,0.99457645,-1
JAG1,9606.ENSP00000254958,0.99457586,-1
NTN4,9606.ENSP00000340998,0.9945681,-1
ZDHHC13,9606.ENSP00000400113,0.9945661,-1
VSIR,9606.ENSP00000378409,0.9945615,-1
SMCO1,9606.ENSP00000380671,0.9945609,-1
TRPV1,9606.ENSP00000459962,0.9945609,-1
SLC23A1,9606.ENSP00000302851,0.9945591,-1
CLDN12,9606.ENSP00000287916,0.9945555,-1
ESR2,9606.ENSP00000343925,0.99455523,-1
NFATC4,9606.ENSP00000388910,0.9945538,1
BAG4,9606.ENSP00000287322,0.9945532,1
SLC5A3,9606.ENSP00000370543,0.9945532,-1
BPIFA2,9606.ENSP00000253362,0.9945523,-1
GFRA1,9606.ENSP00000347591,0.99455124,-1
B4GALNT3,9606.ENSP00000266383,0.9945511,-1
RGL2,9606.ENSP00000420211,0.994551,1
CDON,9606.ENSP00000376458,0.99454355,-1
TMIGD3,9606.ENSP00000358730,0.99454343,-1
TCTN1,9606.ENSP00000380779,0.99454075,-1
SLC29A2,9606.ENSP00000440329,0.9945399,-1
CD79A,9606.ENSP00000221972,0.99453664,-1
FOXB1,9606.ENSP00000379369,0.99453497,1
MAGEA12,9606.ENSP00000377447,0.9945321,-1
YAF2,9606.ENSP00000328004,0.99452883,-1
LAIR2,9606.ENSP00000301202,0.9945286,-1
ASCL4,9606.ENSP00000345420,0.9945259,-1
BPIFA3,9606.ENSP00000364603,0.99452543,-1
NONO,9606.ENSP00000276079,0.99452376,1
CCER2,9606.ENSP00000460665,0.99452317,-1
JAG2,9606.ENSP00000328169,0.9945199,-1
ANXA13,9606.ENSP00000262219,0.99451977,-1
VSNL1,9606.ENSP00000384719,0.9945194,-1
NRG2,9606.ENSP00000354910,0.99451894,-1
ING5,9606.ENSP00000490767,0.9945176,1
IL5,9606.ENSP00000231454,0.9945162,-1
CSF3R,9606.ENSP00000362195,0.9945127,-1
SLFN12,9606.ENSP00000378063,0.99450725,-1
CGB2,9606.ENSP00000352295,0.99450475,-1
PF4,9606.ENSP00000296029,0.99450195,1
FOXO3,9606.ENSP00000339527,0.9945018,1
PAK5,9606.ENSP00000367686,0.9944999,1
MARCO,9606.ENSP00000318916,0.9944992,-1
SLC1A7,9606.ENSP00000478639,0.99449486,-1
ESAM,9606.ENSP00000278927,0.9944939,-1
TP63,9606.ENSP00000264731,0.99449205,1
IL4,9606.ENSP00000231449,0.9944887,1
KERA,9606.ENSP00000266719,0.9944858,-1
FGL1,9606.ENSP00000381133,0.9944829,-1
SCG3,9606.ENSP00000220478,0.9944798,-1
MSC,9606.ENSP00000321445,0.9944793,-1
ZPBP2,9606.ENSP00000335384,0.9944765,-1
IRGM,9606.ENSP00000428220,0.9944759,-1
USP27X,9606.ENSP00000483631,0.9944753,1
KYNU,9606.ENSP00000264170,0.9944746,-1
PEAR1,9606.ENSP00000344465,0.9944741,-1
GRM5,9606.ENSP00000306138,0.9944735,-1
PRSS1,9606.ENSP00000308720,0.9944707,-1
GRIK4,9606.ENSP00000435648,0.99446553,-1
TLX2,9606.ENSP00000233638,0.9944613,-1
REG1A,9606.ENSP00000233735,0.9944601,-1
NPY5R,9606.ENSP00000423917,0.99445844,1
HOXA9,9606.ENSP00000343619,0.99445724,-1
SPEM1,9606.ENSP00000315554,0.99445724,-1
IREB2,9606.ENSP00000258886,0.99445444,1
GPM6A,9606.ENSP00000280187,0.9944507,-1
GDF2,9606.ENSP00000463051,0.99444985,-1
GATA1,9606.ENSP00000365858,0.99444675,1
PRDM1,9606.ENSP00000358092,0.9944464,-1
NCK2,9606.ENSP00000233154,0.9944448,1
AVPR1B,9606.ENSP00000356094,0.9944404,-1
ANKHD1,9606.ENSP00000354085,0.99443626,-1
IL22RA2,9606.ENSP00000296980,0.9944332,-1
ANPEP,9606.ENSP00000300060,0.99443215,-1
LTBP4,9606.ENSP00000311905,0.99443215,-1
ADRB2,9606.ENSP00000305372,0.9944317,1
SSPN,9606.ENSP00000242729,0.99443156,-1
PCDH1,9606.ENSP00000287008,0.9944306,-1
FMN2,9606.ENSP00000318884,0.9944283,1
AXL,9606.ENSP00000301178,0.9944231,1
PAGE5,9606.ENSP00000289619,0.99442273,-1
RGS4,9606.ENSP00000397181,0.99442106,-1
PTGER2,9606.ENSP00000245457,0.9944206,-1
CD80,9606.ENSP00000264246,0.9944201,-1
CLCA4,9606.ENSP00000359594,0.9944199,-1
GZMA,9606.ENSP00000274306,0.9944193,1
CD8A,9606.ENSP00000386559,0.9944185,-1
IGHV3-15,9606.ENSP00000479675,0.9944178,-1
HPSE,9606.ENSP00000384262,0.99441224,-1
CYP8B1,9606.ENSP00000318867,0.9944113,-1
CMTM5,9606.ENSP00000344819,0.99440986,-1
EIF2S1,9606.ENSP00000256383,0.99440575,1
CCK,9606.ENSP00000379472,0.9944013,-1
PRSS2,9606.ENSP00000488437,0.99440044,-1
SHOX2,9606.ENSP00000374240,0.994399,-1
CUZD1,9606.ENSP00000376540,0.99439335,-1
SECTM1,9606.ENSP00000269389,0.99438864,-1
NPTX2,9606.ENSP00000265634,0.9943873,-1
HMGN5,9606.ENSP00000350848,0.9943867,1
PMAIP1,9606.ENSP00000326119,0.99438536,1
SCGB2A1,9606.ENSP00000244930,0.9943851,-1
KCNMA1,9606.ENSP00000286628,0.994383,1
REST,9606.ENSP00000311816,0.9943743,1
LPAR3,9606.ENSP00000359643,0.9943738,-1
CDHR3,9606.ENSP00000325954,0.9943731,-1
DEFB104A,9606.ENSP00000320813,0.99437064,-1
ASAH1,9606.ENSP00000371152,0.99436957,1
GIMAP2,9606.ENSP00000223293,0.9943672,-1
CDX1,9606.ENSP00000231656,0.99436426,-1
POU1F1,9606.ENSP00000342931,0.994364,-1
NKX2-4,9606.ENSP00000345147,0.99436355,-1
SPINK1,9606.ENSP00000296695,0.99435896,-1
FOXL1,9606.ENSP00000326272,0.9943575,-1
NPS,9606.ENSP00000381105,0.99434966,-1
ALOX5AP,9606.ENSP00000479870,0.9943494,-1
THRB,9606.ENSP00000379904,0.99434775,-1
ARHGAP26,9606.ENSP00000274498,0.99434716,-1
GATA2,9606.ENSP00000345681,0.99433845,1
HILPDA,9606.ENSP00000257696,0.99433786,-1
TRIM9,9606.ENSP00000298355,0.9943364,-1
TPSD1,9606.ENSP00000211076,0.99433535,-1
CREB1,9606.ENSP00000387699,0.99432725,1
IL7,9606.ENSP00000263851,0.99432445,1
ARMH4,9606.ENSP00000267485,0.994321,-1
HIGD2B,9606.ENSP00000307951,0.9943205,-1
NCK1,9606.ENSP00000417273,0.99431854,1
ADAM32,9606.ENSP00000369238,0.9943144,-1
MAL2,9606.ENSP00000479708,0.99431145,-1
PATE1,9606.ENSP00000307164,0.9943094,-1
HPCAL1,9606.ENSP00000483786,0.99430037,-1
CXCL13,9606.ENSP00000286758,0.9942935,-1
TMEM14A,9606.ENSP00000211314,0.9942912,1
TCTN2,9606.ENSP00000304941,0.9942866,-1
PTPRS,9606.ENSP00000467537,0.99428576,-1
EPPIN,9606.ENSP00000361746,0.99428225,-1
IRX3,9606.ENSP00000331608,0.9942821,-1
GPR42,9606.ENSP00000473212,0.99427766,-1
GRIK3,9606.ENSP00000362183,0.9942755,-1
GSK3A,9606.ENSP00000222330,0.9942709,1
PM20D1,9606.ENSP00000356104,0.9942696,-1
AMACR,9606.ENSP00000371517,0.99426854,-1
CCL16,9606.ENSP00000478024,0.9942683,-1
NLRP6,9606.ENSP00000309767,0.9942682,1
MMP27,9606.ENSP00000260229,0.9942675,-1
F10,9606.ENSP00000364709,0.99426585,-1
SHC3,9606.ENSP00000364995,0.9942614,-1
SLC25A39,9606.ENSP00000366299,0.99425817,-1
LCP2,9606.ENSP00000046794,0.9942577,-1
PINLYP,9606.ENSP00000479240,0.99425536,-1
REG3G,9606.ENSP00000272324,0.99425185,-1
AKIP1,9606.ENSP00000310459,0.99425006,-1
CXCL6,9606.ENSP00000226317,0.9942492,-1
NRIP1,9606.ENSP00000327213,0.9942491,-1
LHFPL5,9606.ENSP00000498322,0.99424887,-1
SAMD9L,9606.ENSP00000326247,0.9942471,-1
PRTN3,9606.ENSP00000234347,0.99424523,-1
FAM25A,9606.ENSP00000342790,0.9942438,-1
PHIP,9606.ENSP00000275034,0.9942433,1
COPS5,9606.ENSP00000350512,0.9942432,1
IGKV2-28,9606.ENSP00000452662,0.9942392,-1
CAMKK2,9606.ENSP00000312741,0.9942374,-1
PEX3,9606.ENSP00000356563,0.9942372,-1
BFSP2,9606.ENSP00000304987,0.9942357,-1
POU4F1,9606.ENSP00000366413,0.99423426,1
LEP,9606.ENSP00000312652,0.9942338,1
ICOS,9606.ENSP00000319476,0.99423176,-1
ATCAY,9606.ENSP00000390941,0.99422896,-1
SPX,9606.ENSP00000256969,0.99422616,-1
RPS6KA6,9606.ENSP00000262752,0.9942258,-1
IL34,9606.ENSP00000397863,0.9942173,-1
PAH,9606.ENSP00000448059,0.99421555,-1
DEFB126,9606.ENSP00000371835,0.9942153,-1
PRRT1,9606.ENSP00000211413,0.99421316,-1
CDKN1A,9606.ENSP00000384849,0.99421316,1
TENT5D,9606.ENSP00000443410,0.9942122,-1
RELN,9606.ENSP00000392423,0.9942092,-1
DOK2,9606.ENSP00000276420,0.994208,-1
CCL17,9606.ENSP00000219244,0.9942074,-1
ZNF300,9606.ENSP00000397178,0.9942021,-1
KRT86,9606.ENSP00000444533,0.99420196,-1
DOK7,9606.ENSP00000344432,0.99419904,-1
ITGB1,9606.ENSP00000379350,0.9941977,1
DCD,9606.ENSP00000406773,0.9941975,-1
RBP3,9606.ENSP00000463151,0.9941969,-1
HTRA3,9606.ENSP00000303766,0.9941943,-1
FOXB2,9606.ENSP00000365898,0.99419373,-1
MST1R,9606.ENSP00000296474,0.994193,-1
RNF135,9606.ENSP00000328340,0.9941928,-1
ACTC1,9606.ENSP00000290378,0.9941924,1
SERPINA11,9606.ENSP00000335024,0.9941894,-1
HFE,9606.ENSP00000417404,0.99418443,-1
COL8A1,9606.ENSP00000261037,0.99417853,-1
CAMK2B,9606.ENSP00000379098,0.99417686,-1
OBP2B,9606.ENSP00000484615,0.99417096,-1
LYZL2,9606.ENSP00000364467,0.9941704,-1
CAMKK1,9606.ENSP00000371188,0.9941697,-1
ING2,9606.ENSP00000307183,0.9941689,1
TRAF3,9606.ENSP00000376500,0.9941684,-1
NFS1,9606.ENSP00000363205,0.9941679,-1
CNFN,9606.ENSP00000222032,0.994166,-1
IER3,9606.ENSP00000259874,0.9941651,1
NKX6-3,9606.ENSP00000429553,0.9941644,-1
TAC1,9606.ENSP00000321106,0.9941643,-1
NAA38,9606.ENSP00000332103,0.9941618,1
VWDE,9606.ENSP00000275358,0.9941597,-1
PAX3,9606.ENSP00000375921,0.9941545,-1
HNF1A,9606.ENSP00000438804,0.9941462,-1
FSD2,9606.ENSP00000335651,0.9941425,-1
SLC32A1,9606.ENSP00000217420,0.99414176,-1
NECTIN1,9606.ENSP00000264025,0.9941375,-1
VCL,9606.ENSP00000211998,0.9941338,-1
COL1A2,9606.ENSP00000297268,0.99412537,-1
LILRB4,9606.ENSP00000375616,0.994125,-1
PRRX1,9606.ENSP00000239461,0.9941228,-1
PRNP,9606.ENSP00000399376,0.9941222,1
UTS2B,9606.ENSP00000340526,0.9941221,-1
LMX1B,9606.ENSP00000347684,0.9941186,-1
MTTP,9606.ENSP00000427679,0.9941164,-1
PRKG1,9606.ENSP00000363092,0.9941162,-1
IFNE,9606.ENSP00000418018,0.9941156,-1
LRP10,9606.ENSP00000352601,0.9941122,-1
HOXD3,9606.ENSP00000386498,0.9941111,-1
CNTN3,9606.ENSP00000263665,0.99409986,-1
MFSD11,9606.ENSP00000464932,0.99409854,-1
CCL27,9606.ENSP00000259631,0.99409854,-1
EFHD1,9606.ENSP00000264059,0.99409395,-1
NUPR1,9606.ENSP00000379003,0.99409264,1
RBPMS,9606.ENSP00000340176,0.9940918,-1
LIPI,9606.ENSP00000343331,0.994091,-1
ST8SIA4,9606.ENSP00000231461,0.99409,-1
TSSK3,9606.ENSP00000362634,0.9940896,-1
LHFPL3,9606.ENSP00000393128,0.99408937,-1
PTPRF,9606.ENSP00000353030,0.99408937,-1
VWC2,9606.ENSP00000341819,0.9940866,-1
ASIC1,9606.ENSP00000228468,0.99408615,-1
CNK3/IPCEF1,9606.ENSP00000499846,0.99408334,-1
ANKRD39,9606.ENSP00000377170,0.9940818,-1
HNF4G,9606.ENSP00000501146,0.99407935,-1
DNMT1,9606.ENSP00000352516,0.9940779,1
HMGB1,9606.ENSP00000345347,0.99407333,1
PYROXD2,9606.ENSP00000359607,0.9940731,-1
LAMP2,9606.ENSP00000408411,0.99407095,1
ZNF704,9606.ENSP00000331462,0.9940705,-1
ABCA8,9606.ENSP00000467271,0.9940697,-1
FZD7,9606.ENSP00000286201,0.99406767,-1
KRT81,9606.ENSP00000369349,0.994065,-1
GSTM2,9606.ENSP00000241337,0.9940631,-1
SUFU,9606.ENSP00000358918,0.99405956,-1
POU2F2,9606.ENSP00000431603,0.99405956,-1
GSK3B,9606.ENSP00000324806,0.99405175,1
PLAU,9606.ENSP00000361850,0.99405116,-1
KCND2,9606.ENSP00000333496,0.9940441,-1
IFNK,9606.ENSP00000276943,0.9940433,-1
SFPQ,9606.ENSP00000349748,0.9940415,1
RBM5,9606.ENSP00000343054,0.99404055,1
CMA1,9606.ENSP00000250378,0.9940382,-1
NCKAP1L,9606.ENSP00000293373,0.99403703,1
TCF15,9606.ENSP00000246080,0.99403536,-1
FCER1G,9606.ENSP00000289902,0.9940339,1
SOCS6,9606.ENSP00000381034,0.9940299,-1
CLDN9,9606.ENSP00000398017,0.99402964,-1
MTNR1B,9606.ENSP00000257068,0.9940252,1
MYMK,9606.ENSP00000419712,0.99402386,-1
SLC9B1,9606.ENSP00000296422,0.9940217,-1
SLC47A1,9606.ENSP00000270570,0.9940141,-1
IGKV2D-29,9606.ENSP00000483567,0.9940136,-1
SLC31A2,9606.ENSP00000259392,0.99401337,-1
MMP28,9606.ENSP00000473853,0.99401087,-1
MAGEA9,9606.ENSP00000243314,0.9940063,-1
DLX2,9606.ENSP00000234198,0.99400616,-1
CCL26,9606.ENSP00000378365,0.99400556,-1
TXNDC12,9606.ENSP00000360688,0.99400455,1
EPS8L3,9606.ENSP00000358820,0.99400336,-1
LRRC75B,9606.ENSP00000320520,0.99400264,-1
MAST2,9606.ENSP00000354671,0.99400264,-1
SLC4A8,9606.ENSP00000405812,0.99400216,-1
MINAR2,9606.ENSP00000454268,0.9939912,-1
RRM2B,9606.ENSP00000251810,0.9939902,1
SLC43A1,9606.ENSP00000278426,0.99398863,-1
EFCAB8,9606.ENSP00000383366,0.9939859,-1
SASH3,9606.ENSP00000349359,0.9939859,-1
CFHR5,9606.ENSP00000256785,0.9939859,-1
OGT,9606.ENSP00000362824,0.99398535,1
PVR,9606.ENSP00000402060,0.99398345,-1
LHX1,9606.ENSP00000477829,0.99398094,-1
STC2,9606.ENSP00000265087,0.99398017,-1
SSH3,9606.ENSP00000312081,0.99397993,-1
ENTPD1,9606.ENSP00000360250,0.9939785,-1
DOK4,9606.ENSP00000455566,0.99397355,-1
PAK3,9606.ENSP00000353864,0.99397343,-1
UBD,9606.ENSP00000366249,0.99397004,1
SET,9606.ENSP00000361777,0.9939657,1
PHKG1,9606.ENSP00000445440,0.9939619,-1
NDUFA13,9606.ENSP00000423673,0.9939594,1
HOXD8,9606.ENSP00000315949,0.99395716,-1
FGF3,9606.ENSP00000334122,0.9939557,-1
GPR151,9606.ENSP00000308733,0.993954,-1
SH2D3C,9606.ENSP00000317817,0.9939488,-1
ABCB8,9606.ENSP00000297504,0.9939464,-1
LRRC15,9606.ENSP00000413707,0.99393904,-1
GRIK5,9606.ENSP00000301218,0.993936,-1
S100A7A,9606.ENSP00000357718,0.99393564,-1
MAGEA1,9606.ENSP00000349085,0.993934,-1
ATP1A4,9606.ENSP00000357060,0.9939296,-1
NEO1,9606.ENSP00000341198,0.9939288,-1
CRTAM,9606.ENSP00000227348,0.99392563,-1
ACLY,9606.ENSP00000466259,0.99392235,1
LYZ,9606.ENSP00000261267,0.9939221,-1
SPEM2,9606.ENSP00000328061,0.9939214,-1
CSMD1,9606.ENSP00000489225,0.99391997,-1
CCDC163,9606.ENSP00000487061,0.9939176,-1
IL31RA,9606.ENSP00000498630,0.9939173,1
ABCD3,9606.ENSP00000359233,0.9939101,-1
GYPB,9606.ENSP00000427690,0.993905,-1
LAG3,9606.ENSP00000203629,0.99390125,-1
BMP4,9606.ENSP00000245451,0.99389666,1
AZGP1,9606.ENSP00000292401,0.9938963,-1
POU3F3,9606.ENSP00000355001,0.99389327,1
RAET1G,9606.ENSP00000356329,0.99389124,-1
LAMTOR5,9606.ENSP00000256644,0.99388885,1
DKK2,9606.ENSP00000285311,0.9938886,-1
TFAP2A,9606.ENSP00000501092,0.9938875,1
IRF7,9606.ENSP00000380697,0.99388313,1
TNXB,9606.ENSP00000407685,0.9938812,-1
KLRD1,9606.ENSP00000338130,0.99387807,-1
CLEC4E,9606.ENSP00000299663,0.9938778,-1
RTL10,9606.ENSP00000384924,0.99387664,-1
TIMP3,9606.ENSP00000266085,0.99386966,1
SLC38A1,9606.ENSP00000449756,0.9938632,1
LCN10,9606.ENSP00000418491,0.9938612,-1
KCND3,9606.ENSP00000319591,0.9938611,-1
KLF11,9606.ENSP00000307023,0.9938605,1
ARNT2,9606.ENSP00000307479,0.9938599,1
CRHBP,9606.ENSP00000274368,0.9938578,-1
SERPINI1,9606.ENSP00000295777,0.9938578,-1
MTFP1,9606.ENSP00000266263,0.9938577,-1
HAND2,9606.ENSP00000352565,0.9938571,1
SIAH1,9606.ENSP00000349156,0.99385685,1
CLDN14,9606.ENSP00000382090,0.9938554,-1
CHAD,9606.ENSP00000258969,0.99385494,-1
UNC13B,9606.ENSP00000479261,0.9938474,1
PRM3,9606.ENSP00000325638,0.9938437,-1
CSH2,9606.ENSP00000376623,0.9938413,-1
PNN,9606.ENSP00000216832,0.99383307,1
HHLA2,9606.ENSP00000350402,0.99383074,-1
FGB,9606.ENSP00000306099,0.9938286,1
GPT,9606.ENSP00000378408,0.99382657,-1
TMEM74,9606.ENSP00000297459,0.9938253,-1
WFDC8,9606.ENSP00000361735,0.9938252,-1
ST8SIA3,9606.ENSP00000320431,0.99382,-1
IL3,9606.ENSP00000296870,0.9938147,1
SLC7A2,9606.ENSP00000004531,0.9938147,-1
ODAM,9606.ENSP00000379401,0.9938122,-1
ALDH1A2,9606.ENSP00000249750,0.9938105,1
SOAT1,9606.ENSP00000356591,0.9938105,-1
CSH1,9606.ENSP00000316416,0.9938081,-1
PLB1,9606.ENSP00000330442,0.993807,-1
MPV17L2,9606.ENSP00000469836,0.9938046,-1
CLEC4D,9606.ENSP00000299665,0.99380374,-1
FBH1,9606.ENSP00000369335,0.99380374,1
LNPEP,9606.ENSP00000231368,0.9938024,-1
RIMS4,9606.ENSP00000439287,0.9937973,-1
AMELX,9606.ENSP00000370088,0.99379563,-1
FCGR2B,9606.ENSP00000351497,0.99378383,-1
WFDC10B,9606.ENSP00000337466,0.9937836,-1
CLDN6,9606.ENSP00000380131,0.9937789,-1
ENAM,9606.ENSP00000379383,0.9937781,-1
ADCYAP1R1,9606.ENSP00000483721,0.9937742,-1
IL19,9606.ENSP00000499459,0.99377245,1
CACNG1,9606.ENSP00000226021,0.9937686,-1
KLK14,9606.ENSP00000375678,0.99376714,-1
CLEC2L,9606.ENSP00000390661,0.99376607,-1
SNRK,9606.ENSP00000296088,0.99376535,-1
POU5F1,9606.ENSP00000259915,0.99375075,-1
ATP1A2,9606.ENSP00000354490,0.9937504,-1
BAG6,9606.ENSP00000365131,0.993749,1
FGFR4,9606.ENSP00000292408,0.993749,-1
IL1R2,9606.ENSP00000330959,0.9937475,-1
WWC1,9606.ENSP00000427772,0.9937469,-1
CXCL10,9606.ENSP00000305651,0.99374276,-1
SLC16A2,9606.ENSP00000465734,0.99374044,-1
PRSS57,9606.ENSP00000482358,0.9937378,-1
FZD1,9606.ENSP00000287934,0.9937348,1
VIL1,9606.ENSP00000248444,0.99373144,-1
FGF12,9606.ENSP00000413496,0.9937295,-1
PDIA3,9606.ENSP00000300289,0.9937256,1
STOX2,9606.ENSP00000311257,0.9937224,-1
CLDND2,9606.ENSP00000291715,0.99372166,-1
CHRNB2,9606.ENSP00000357461,0.99371886,-1
TOP2A,9606.ENSP00000411532,0.99371696,1
SLC29A1,9606.ENSP00000498610,0.99371696,-1
DEFB105A,9606.ENSP00000334330,0.99371547,-1
VTCN1,9606.ENSP00000358470,0.9937092,1
ARL6IP5,9606.ENSP00000273258,0.99370676,1
IL5RA,9606.ENSP00000412209,0.99370486,-1
CLEC4M,9606.ENSP00000316228,0.9936977,-1
BTG1,9606.ENSP00000256015,0.99369603,1
CELA3B,9606.ENSP00000338369,0.9936935,-1
EVX1,9606.ENSP00000419266,0.9936929,-1
MAF,9606.ENSP00000327048,0.9936878,-1
GCGR,9606.ENSP00000383558,0.99368423,-1
CCS,9606.ENSP00000436318,0.99368155,-1
CORO6,9606.ENSP00000344562,0.99367625,-1
IL9,9606.ENSP00000274520,0.99367553,-1
TCF7L2,9606.ENSP00000486891,0.99367344,1
CEBPB,9606.ENSP00000305422,0.9936699,1
HMGB2,9606.ENSP00000296503,0.993666,1
CHI3L1,9606.ENSP00000255409,0.9936625,-1
DTX1,9606.ENSP00000257600,0.99365485,-1
ST3GAL6,9606.ENSP00000480884,0.9936544,-1
SELENBP1,9606.ENSP00000397261,0.99365175,-1
CRELD1,9606.ENSP00000321856,0.9936427,-1
BARHL1,9606.ENSP00000263610,0.9936387,1
CISD2,9606.ENSP00000273986,0.99363774,-1
CLDN15,9606.ENSP00000385300,0.9936367,-1
PIGC,9606.ENSP00000356702,0.9936358,-1
TRPM4,9606.ENSP00000252826,0.9936346,-1
SPI1,9606.ENSP00000227163,0.993634,-1
TST,9606.ENSP00000385828,0.9936288,-1
KEL,9606.ENSP00000347409,0.99362767,-1
ARHGEF3,9606.ENSP00000341071,0.99362385,-1
CD4,9606.ENSP00000011653,0.99362385,-1
IGFBP2,9606.ENSP00000233809,0.9936215,-1
KIR2DL1,9606.ENSP00000336769,0.9936185,-1
TNN,9606.ENSP00000239462,0.9936172,-1
HERC5,9606.ENSP00000264350,0.9936139,-1
KYAT1,9606.ENSP00000399415,0.9936138,-1
MPIG6B,9606.ENSP00000497720,0.99360955,-1
PHEX,9606.ENSP00000368682,0.9936087,-1
IL21,9606.ENSP00000497915,0.9936086,-1
PPEF1,9606.ENSP00000354871,0.99360174,-1
APOL1,9606.ENSP00000317674,0.9935999,-1
WT1,9606.ENSP00000368370,0.9935854,1
POU3F2,9606.ENSP00000329170,0.9935854,-1
PTH1R,9606.ENSP00000402723,0.9935822,-1
OTP,9606.ENSP00000302814,0.9935819,-1
NEUROG2,9606.ENSP00000317333,0.99357927,-1
GLUL,9606.ENSP00000307900,0.99357903,-1
SLPI,9606.ENSP00000342082,0.99357504,-1
KDM1A,9606.ENSP00000383042,0.9935749,1
MYLK2,9606.ENSP00000365162,0.9935748,-1
CLEC6A,9606.ENSP00000371505,0.99357164,-1
TRIM72,9606.ENSP00000312675,0.9935708,-1
TMEM176A,9606.ENSP00000417626,0.99356383,-1
PLP2,9606.ENSP00000365505,0.99356383,-1
WWTR1,9606.ENSP00000419465,0.9935632,-1
KLK3,9606.ENSP00000314151,0.99356234,-1
OLFML2B,9606.ENSP00000356917,0.99356055,-1
FOXL2,9606.ENSP00000497217,0.9935597,1
NOTO,9606.ENSP00000381486,0.9935592,-1
PPIP5K2,9606.ENSP00000486357,0.99355435,-1
UCN3,9606.ENSP00000369798,0.99355364,-1
NAMPT,9606.ENSP00000222553,0.99355364,-1
CHMP5,9606.ENSP00000223500,0.9935455,1
ORMDL2,9606.ENSP00000243045,0.9935453,-1
APLP2,9606.ENSP00000497691,0.9935387,-1
FOXC1,9606.ENSP00000493906,0.9935371,1
CELSR2,9606.ENSP00000271332,0.993537,-1
SELENOP,9606.ENSP00000425915,0.9935294,-1
NECAB1,9606.ENSP00000387380,0.99352187,-1
ADAMTS2,9606.ENSP00000251582,0.99352163,-1
DMGDH,9606.ENSP00000255189,0.99352115,-1
TOX3,9606.ENSP00000219746,0.9935202,1
MAP3K12,9606.ENSP00000449038,0.99351466,1
SEMG2,9606.ENSP00000361855,0.9935114,-1
STBD1,9606.ENSP00000237642,0.993511,-1
NEURL3,9606.ENSP00000478591,0.99350774,-1
IL12B,9606.ENSP00000231228,0.9935029,1
ADAM8,9606.ENSP00000453302,0.9934947,1
TMPRSS11E,9606.ENSP00000307519,0.993493,-1
INSL4,9606.ENSP00000239316,0.9934853,-1
HIGD1B,9606.ENSP00000253410,0.99348253,-1
MAP4K2,9606.ENSP00000294066,0.9934789,-1
C4BPA,9606.ENSP00000356037,0.993475,-1
GPC2,9606.ENSP00000292377,0.99347186,-1
SLAMF1,9606.ENSP00000438406,0.99346656,-1
KLK13,9606.ENSP00000470555,0.9934623,-1
CRABP1,9606.ENSP00000299529,0.9934614,-1
MS4A10,9606.ENSP00000311862,0.9934515,-1
GFI1,9606.ENSP00000294702,0.99344444,-1
HMX2,9606.ENSP00000341108,0.9934442,-1
SLC5A8,9606.ENSP00000445340,0.9934412,-1
TMEM37,9606.ENSP00000303148,0.99344105,-1
ACVR2A,9606.ENSP00000241416,0.99344033,-1
FAM209A,9606.ENSP00000360379,0.99343985,-1
CD22,9606.ENSP00000085219,0.9934394,-1
CLDN1,9606.ENSP00000295522,0.99343675,-1
PAQR3,9606.ENSP00000421981,0.99343455,-1
IRF4,9606.ENSP00000370343,0.9934323,-1
SLC7A7,9606.ENSP00000380666,0.99343187,-1
IFNB1,9606.ENSP00000369581,0.99342763,1
SOX7,9606.ENSP00000301921,0.99342644,-1
CLEC3A,9606.ENSP00000499168,0.9934248,-1
OSCAR,9606.ENSP00000479089,0.9934238,-1
SHISAL2A,9606.ENSP00000429726,0.99342173,-1
NIBAN2,9606.ENSP00000362409,0.993417,1
CSHL1,9606.ENSP00000309524,0.99341077,-1
GZMK,9606.ENSP00000231009,0.9934088,-1
SLC2A1,9606.ENSP00000416293,0.9934082,-1
PTHLH,9606.ENSP00000441765,0.9934035,-1
SLC7A13,9606.ENSP00000297524,0.99340135,-1
KCNH6,9606.ENSP00000463533,0.9933983,-1
AQP11,9606.ENSP00000318770,0.99339724,-1
MAGEA8,9606.ENSP00000438293,0.9933942,-1
LY86,9606.ENSP00000369286,0.9933897,-1
EMX2,9606.ENSP00000450962,0.9933884,-1
PDGFRB,9606.ENSP00000261799,0.9933878,1
OASL,9606.ENSP00000257570,0.99338746,-1
ITK,9606.ENSP00000398655,0.993383,-1
CD47,9606.ENSP00000355361,0.99337935,-1
ST6GALNAC4,9606.ENSP00000336733,0.99337703,-1
CD69,9606.ENSP00000228434,0.9933761,1
IL13RA2,9606.ENSP00000361004,0.9933716,-1
ESM1,9606.ENSP00000370812,0.9933704,-1
SLC5A5,9606.ENSP00000222248,0.9933682,-1
ITPR2,9606.ENSP00000370744,0.99336433,-1
CFH,9606.ENSP00000356399,0.99336386,-1
SOX8,9606.ENSP00000293894,0.9933628,1
VSTM2L,9606.ENSP00000362560,0.9933616,1
BACH1,9606.ENSP00000382805,0.99335045,1
PLA2G3,9606.ENSP00000215885,0.9933502,1
PLIN2,9606.ENSP00000276914,0.99334747,-1
LNP1,9606.ENSP00000373191,0.9933467,-1
ACSM6,9606.ENSP00000340296,0.99334055,-1
MUC4,9606.ENSP00000417498,0.9933351,-1
LRP8,9606.ENSP00000303634,0.9933348,-1
FYN,9606.ENSP00000346671,0.99333304,1
FOXF1,9606.ENSP00000262426,0.9933293,-1
GGTLC3,9606.ENSP00000477856,0.9933281,-1
CXCL9,9606.ENSP00000354901,0.99332535,-1
KIR2DL3,9606.ENSP00000342215,0.99332446,-1
GPX6,9606.ENSP00000354581,0.9933115,-1
RXRA,9606.ENSP00000419692,0.9933109,-1
DTHD1,9606.ENSP00000401597,0.99330443,-1
C19orf12,9606.ENSP00000376103,0.99330336,-1
SPOCK2,9606.ENSP00000321108,0.99330324,-1
KLK11,9606.ENSP00000473047,0.993302,-1
HIGD1C,9606.ENSP00000381473,0.99330187,-1
ASCL1,9606.ENSP00000266744,0.9932961,1
TMPRSS6,9606.ENSP00000384964,0.99329114,-1
GIMAP7,9606.ENSP00000315474,0.99328667,-1
AVPR1A,9606.ENSP00000299178,0.99327713,1
TRPM7,9606.ENSP00000495860,0.9932719,1
DLX3,9606.ENSP00000389870,0.9932713,-1
MALL,9606.ENSP00000272462,0.993266,-1
GART,9606.ENSP00000371253,0.9932653,-1
FCER2,9606.ENSP00000264072,0.99326056,-1
EDN1,9606.ENSP00000368683,0.9932596,1
CXCR3,9606.ENSP00000362795,0.99325883,1
LRIG1,9606.ENSP00000273261,0.9932528,-1
KLK8,9606.ENSP00000375682,0.9932475,-1
DEFB4A,9606.ENSP00000303532,0.99324703,-1
TRAF3IP2,9606.ENSP00000345984,0.99323624,-1
BTG3,9606.ENSP00000344609,0.99323505,1
IL10RB,9606.ENSP00000290200,0.993234,-1
H1-4,9606.ENSP00000307705,0.99323213,-1
CLEC12B,9606.ENSP00000344563,0.9932296,-1
PYHIN1,9606.ENSP00000357122,0.9932274,-1
AMELY,9606.ENSP00000372505,0.99322355,-1
ACTA2,9606.ENSP00000224784,0.9932187,-1
NRIP3,9606.ENSP00000310205,0.99321026,-1
ZNF622,9606.ENSP00000310042,0.9932073,1
TMPRSS4,9606.ENSP00000416037,0.99320614,-1
PTPRC,9606.ENSP00000411355,0.99320614,1
POU3F4,9606.ENSP00000495996,0.9932017,1
CD84,9606.ENSP00000312367,0.99320024,-1
CBLIF,9606.ENSP00000257248,0.99319696,-1
NIM1K,9606.ENSP00000420849,0.9931924,-1
SLC25A4,9606.ENSP00000281456,0.993192,1
CDH13,9606.ENSP00000268613,0.99319047,-1
IGHV3-72,9606.ENSP00000480035,0.99318767,-1
PDCD10,9606.ENSP00000376506,0.9931813,1
SPARC,9606.ENSP00000231061,0.9931799,-1
PKD1L3,9606.ENSP00000480090,0.9931786,-1
GPM6B,9606.ENSP00000316861,0.9931693,-1
IGKV1-33,9606.ENSP00000479032,0.9931653,-1
ODF4,9606.ENSP00000331086,0.9931594,-1
HUNK,9606.ENSP00000270112,0.99315673,-1
MMP25,9606.ENSP00000337816,0.99314195,-1
ID3,9606.ENSP00000363689,0.9931378,1
HLA-DMA,9606.ENSP00000363976,0.99313724,-1
HOXD9,9606.ENSP00000249499,0.9931365,-1
SIRPG,9606.ENSP00000305529,0.9931322,-1
SLC43A3,9606.ENSP00000434515,0.99313205,-1
SLC5A1,9606.ENSP00000266088,0.9931271,-1
TXNDC5,9606.ENSP00000369081,0.9931157,1
CDKN1B,9606.ENSP00000228872,0.9931156,1
AGR2,9606.ENSP00000391490,0.99311346,-1
SLC10A1,9606.ENSP00000216540,0.9931115,-1
CCL13,9606.ENSP00000225844,0.9931114,-1
PIR,9606.ENSP00000369786,0.9931102,-1
DEFB112,9606.ENSP00000319126,0.9931005,-1
MAFB,9606.ENSP00000362410,0.9931003,-1
INSL6,9606.ENSP00000371054,0.99309796,-1
NTSR1,9606.ENSP00000359532,0.993095,1
NKX2-8,9606.ENSP00000258829,0.9930949,-1
NMS,9606.ENSP00000366061,0.99309057,-1
EMP2,9606.ENSP00000352540,0.99309033,-1
USP17L21,9606.ENSP00000422216,0.9930809,-1
H1-3,9606.ENSP00000244534,0.99308044,-1
CD300C,9606.ENSP00000329507,0.9930801,-1
GGTLC1,9606.ENSP00000337587,0.9930715,-1
CLDN2,9606.ENSP00000336571,0.99307054,-1
CCL11,9606.ENSP00000302234,0.9930608,-1
NFE2L3,9606.ENSP00000056233,0.9930513,-1
TFPT,9606.ENSP00000375639,0.99305034,1
POGLUT2,9606.ENSP00000365172,0.99304295,-1
FSHB,9606.ENSP00000416606,0.99304247,-1
ENPP1,9606.ENSP00000498074,0.9930367,-1
MUC3A,9606.ENSP00000368771,0.9930294,-1
ZAN,9606.ENSP00000480750,0.9930248,-1
LATS1,9606.ENSP00000437550,0.9930227,1
PNMA8C,9606.ENSP00000490139,0.9930225,-1
TSSK2,9606.ENSP00000382544,0.9930187,-1
PLA2G2C,9606.ENSP00000247992,0.99301857,-1
CSF2,9606.ENSP00000296871,0.99301815,1
CSF3,9606.ENSP00000225474,0.9930178,-1
BCL11B,9606.ENSP00000349723,0.9930132,1
PAM,9606.ENSP00000306100,0.99301094,-1
STK25,9606.ENSP00000325748,0.993005,1
DRAM2,9606.ENSP00000286692,0.9930031,-1
DMP1,9606.ENSP00000340935,0.99300295,-1
NR5A2,9606.ENSP00000356331,0.9930012,-1
BAAT,9606.ENSP00000259407,0.9929917,-1
LPAR2,9606.ENSP00000443256,0.99298817,-1
NAA35,9606.ENSP00000354972,0.9929878,1
GPR143,9606.ENSP00000417161,0.99298453,-1
GPR21,9606.ENSP00000362746,0.9929811,-1
PCBP4,9606.ENSP00000417196,0.99298084,-1
NTRK3,9606.ENSP00000354207,0.99297947,1
CYGB,9606.ENSP00000293230,0.9929696,-1
CCL20,9606.ENSP00000351671,0.99296826,-1
IGHV4-38-2,9606.ENSP00000478289,0.992967,-1
CH25H,9606.ENSP00000360918,0.99296206,-1
PRELID2,9606.ENSP00000335675,0.99296135,-1
FOXP2,9606.ENSP00000386200,0.9929595,-1
ADCY8,9606.ENSP00000286355,0.9929595,-1
STPG4,9606.ENSP00000408527,0.99295545,-1
MSMP,9606.ENSP00000419194,0.9929547,-1
SLC27A3,9606.ENSP00000271857,0.99295336,-1
LY6G5C,9606.ENSP00000372724,0.99295044,-1
GPC1,9606.ENSP00000264039,0.9929469,-1
FAT3,9606.ENSP00000432586,0.99294657,-1
FAM171A1,9606.ENSP00000367356,0.99294347,-1
HABP2,9606.ENSP00000277903,0.9929432,-1
CHST12,9606.ENSP00000481912,0.9929386,-1
IZUMO2,9606.ENSP00000293405,0.9929355,-1
MDFI,9606.ENSP00000230321,0.9929288,-1
MS4A4E,9606.ENSP00000499123,0.9929248,-1
CLCN6,9606.ENSP00000234488,0.9929236,-1
IGHV3-43D,9606.ENSP00000481152,0.99292165,-1
TSHB,9606.ENSP00000256592,0.99291855,-1
CLEC4C,9606.ENSP00000440428,0.99291706,-1
TRIM23,9606.ENSP00000231524,0.9929147,-1
THSD1,9606.ENSP00000258613,0.9929115,-1
TBX19,9606.ENSP00000356795,0.9929066,-1
PCDHB1,9606.ENSP00000307234,0.99288577,-1
KRT85,9606.ENSP00000257901,0.9928819,-1
TRIM42,9606.ENSP00000286349,0.99287945,-1
TWIST2,9606.ENSP00000482581,0.9928725,-1
ROR1,9606.ENSP00000360120,0.99286383,-1
ESRRB,9606.ENSP00000370270,0.9928526,-1
PTGIR,9606.ENSP00000291294,0.9928423,-1
NCAM1,9606.ENSP00000480132,0.9928403,-1
SRSF6,9606.ENSP00000244020,0.9928382,1
IL12A,9606.ENSP00000303231,0.9928364,1
PRRG2,9606.ENSP00000246794,0.992833,-1
CAPG,9606.ENSP00000263867,0.9928267,-1
SCRIB,9606.ENSP00000349486,0.9928229,1
ALAS2,9606.ENSP00000497236,0.9928226,-1
HOXA1,9606.ENSP00000494260,0.99280727,-1
H1-5,9606.ENSP00000330074,0.9928042,-1
IL3RA,9606.ENSP00000327890,0.9928001,1
TAC3,9606.ENSP00000483110,0.9927965,-1
ITPRID2,9606.ENSP00000388731,0.99279,-1
TAP1,9606.ENSP00000346206,0.9927885,1
AGAP6,9606.ENSP00000500374,0.9927868,-1
PTGER3,9606.ENSP00000349003,0.9927852,-1
IL1RL1,9606.ENSP00000233954,0.99278176,-1
TYR,9606.ENSP00000263321,0.99277824,-1
HOXB3,9606.ENSP00000417207,0.9927764,-1
LMBRD1,9606.ENSP00000497690,0.99277616,-1
AMPD1,9606.ENSP00000430075,0.99277216,-1
GLI3,9606.ENSP00000379258,0.99276614,1
NME8,9606.ENSP00000199447,0.9927649,-1
LYZL6,9606.ENSP00000483897,0.9927631,-1
MYOM1,9606.ENSP00000348821,0.9927624,-1
ADGRG7,9606.ENSP00000273352,0.9927585,-1
NMU,9606.ENSP00000264218,0.9927487,-1
RXFP2,9606.ENSP00000298386,0.9927452,-1
SYCE3,9606.ENSP00000385480,0.9927434,1
ZC3H8,9606.ENSP00000386488,0.9927262,1
CD28,9606.ENSP00000324890,0.9927206,1
ZNRF3,9606.ENSP00000443824,0.99271375,-1
CA2,9606.ENSP00000285379,0.99270624,-1
ZC3H12A,9606.ENSP00000362179,0.99270016,1
GPR155,9606.ENSP00000376335,0.9926966,-1
GRK1,9606.ENSP00000334876,0.99269545,-1
LMBR1L,9606.ENSP00000267102,0.99269366,-1
ACER2,9606.ENSP00000342609,0.99268806,-1
NLGN1,9606.ENSP00000392500,0.9926843,-1
LCT,9606.ENSP00000264162,0.99267864,-1
RNF144A,9606.ENSP00000321330,0.99267757,-1
UNC93A,9606.ENSP00000230256,0.99267524,-1
BPIFB2,9606.ENSP00000170150,0.9926714,-1
CRX,9606.ENSP00000221996,0.99266887,-1
DNAJA1,9606.ENSP00000369127,0.99266833,1
QRFP,9606.ENSP00000485512,0.9926681,-1
PYCR1,9606.ENSP00000384949,0.9926663,1
IVL,9606.ENSP00000357753,0.9926662,-1
CXXC5,9606.ENSP00000302543,0.9926604,-1
YAP1,9606.ENSP00000478927,0.9926581,1
ADORA2A,9606.ENSP00000480012,0.99265784,1
SLC52A2,9606.ENSP00000496184,0.99265504,-1
PLLP,9606.ENSP00000219207,0.9926501,-1
BPIFB4,9606.ENSP00000364632,0.9926448,-1
ANXA8L1,9606.ENSP00000480221,0.992644,-1
H1-2,9606.ENSP00000339566,0.9926416,-1
MC3R,9606.ENSP00000243911,0.9926399,-1
OSM,9606.ENSP00000215781,0.99263823,-1
GPR22,9606.ENSP00000302676,0.99263245,-1
MAP3K15,9606.ENSP00000345629,0.99261767,-1
BDKRB1,9606.ENSP00000216629,0.9926011,-1
ADCY4,9606.ENSP00000312126,0.99259865,-1
PAX9,9606.ENSP00000355245,0.9925978,-1
SLC5A12,9606.ENSP00000379326,0.9925972,-1
FAM120A2P,9606.ENSP00000364568,0.99259174,-1
SKOR2,9606.ENSP00000414750,0.99258536,-1
CRYGN,9606.ENSP00000338613,0.9925775,-1
SPOCK1,9606.ENSP00000378401,0.99257445,-1
SIRPB1,9606.ENSP00000371018,0.9925741,-1
OLR1,9606.ENSP00000309124,0.9925728,-1
CELSR1,9606.ENSP00000262738,0.99256986,-1
AGAP4,9606.ENSP00000392513,0.9925626,-1
CRABP2,9606.ENSP00000482841,0.9925563,-1
SLC46A1,9606.ENSP00000480703,0.99255353,-1
SPRY2,9606.ENSP00000366306,0.99254686,1
HP,9606.ENSP00000348170,0.9925397,-1
LYPD5,9606.ENSP00000367185,0.9925379,-1
SKAP1,9606.ENSP00000338171,0.9925316,-1
PCNX3,9606.ENSP00000347931,0.9925263,-1
CDH22,9606.ENSP00000437790,0.99252385,-1
COL5A1,9606.ENSP00000360882,0.9925212,-1
SLITRK6,9606.ENSP00000495507,0.99251235,-1
DNAJC5,9606.ENSP00000354111,0.9925114,1
FHL3,9606.ENSP00000362107,0.9925103,-1
SLITRK5,9606.ENSP00000366283,0.9925068,-1
IRX6,9606.ENSP00000290552,0.99250245,-1
MAGEA10,9606.ENSP00000244096,0.9924999,-1
GAL3ST1,9606.ENSP00000385207,0.9924994,-1
TRIM65,9606.ENSP00000269383,0.99249214,-1
CLEC4A,9606.ENSP00000229332,0.99248284,-1
VANGL2,9606.ENSP00000357040,0.99248016,-1
STARD5,9606.ENSP00000304032,0.9924784,-1
IL31,9606.ENSP00000366234,0.9924784,-1
ORMDL1,9606.ENSP00000326869,0.9924665,-1
FZD8,9606.ENSP00000363826,0.99246174,-1
SLC23A2,9606.ENSP00000368637,0.99245787,-1
CITED1,9606.ENSP00000401764,0.99245715,1
DHH,9606.ENSP00000497483,0.9924556,-1
FAM24B,9606.ENSP00000357894,0.9924533,-1
USP17L12,9606.ENSP00000389443,0.9924523,-1
LY6G6F,9606.ENSP00000364992,0.992448,-1
ADAMTS14,9606.ENSP00000362304,0.9924468,-1
SERPINB8,9606.ENSP00000331368,0.9924419,-1
GSC,9606.ENSP00000238558,0.9924396,-1
TLX1,9606.ENSP00000359215,0.99242944,-1
GSTM5,9606.ENSP00000256593,0.99242073,-1
DEFB106A,9606.ENSP00000334364,0.99241734,-1
SNTB2,9606.ENSP00000338191,0.9924171,-1
LILRB2,9606.ENSP00000375629,0.9924117,-1
ACACB,9606.ENSP00000341044,0.99240726,-1
TMEFF2,9606.ENSP00000272771,0.9923954,-1
CDKN2A,9606.ENSP00000418915,0.99239254,1
CPA3,9606.ENSP00000296046,0.9923902,-1
NDRG1,9606.ENSP00000404854,0.99238366,-1
HOXD13,9606.ENSP00000376322,0.9923747,-1
EDIL3,9606.ENSP00000296591,0.9923701,-1
KIRREL2,9606.ENSP00000353331,0.99236673,-1
GRAMD2A,9606.ENSP00000311657,0.99235004,-1
KLRF1,9606.ENSP00000483713,0.9923459,-1
INSIG2,9606.ENSP00000245787,0.99234444,-1
SLC7A10,9606.ENSP00000253188,0.9923407,-1
GP6,9606.ENSP00000308782,0.99233854,-1
FCGR2A,9606.ENSP00000271450,0.9923362,-1
CST6,9606.ENSP00000311313,0.9923218,-1
NPFF,9606.ENSP00000267017,0.9923179,-1
IFI44L,9606.ENSP00000359787,0.99231154,-1
HAMP,9606.ENSP00000471894,0.9923104,-1
CTNNBL1,9606.ENSP00000355050,0.9923097,1
SLC7A9,9606.ENSP00000023064,0.9923086,-1
IL10,9606.ENSP00000412237,0.99230736,1
HYPK,9606.ENSP00000384474,0.99230313,1
LILRB1,9606.ENSP00000315997,0.992301,1
IGFL3,9606.ENSP00000344860,0.992299,-1
MUC1,9606.ENSP00000484824,0.992295,1
CLSTN1,9606.ENSP00000366513,0.99229467,-1
ABCB5,9606.ENSP00000384881,0.99229217,-1
LIM2,9606.ENSP00000221973,0.99229217,-1
SMIM17,9606.ENSP00000471126,0.99229103,-1
COL3A1,9606.ENSP00000304408,0.99228776,-1
SORL1,9606.ENSP00000260197,0.9922867,-1
HOXA5,9606.ENSP00000222726,0.9922734,1
NEMP2,9606.ENSP00000386292,0.9922699,-1
SEPSECS,9606.ENSP00000371535,0.99226695,-1
RASGRP2,9606.ENSP00000338864,0.992261,-1
SIDT2,9606.ENSP00000314023,0.9922609,-1
ACVR2B,9606.ENSP00000340361,0.9922603,-1
ETF1,9606.ENSP00000353741,0.9922488,1
CARD11,9606.ENSP00000380150,0.9922478,-1
C6orf15,9606.ENSP00000259870,0.9922389,-1
ATG4D,9606.ENSP00000311318,0.99222904,-1
COL9A3,9606.ENSP00000496793,0.99222434,-1
TPT1,9606.ENSP00000477781,0.9922118,1
ZIC4,9606.ENSP00000435509,0.9922111,-1
HAND1,9606.ENSP00000231121,0.992211,-1
GPX7,9606.ENSP00000354677,0.99220496,-1
PLPPR5,9606.ENSP00000263177,0.9922047,-1
KRTAP4-3,9606.ENSP00000375151,0.99219453,-1
USP17L20,9606.ENSP00000427264,0.9921944,-1
ACAN,9606.ENSP00000387356,0.99219346,-1
NFASC,9606.ENSP00000344786,0.9921933,-1
SOX3,9606.ENSP00000359567,0.9921904,-1
TIAM2,9606.ENSP00000437188,0.992188,-1
IL17C,9606.ENSP00000244241,0.99218506,-1
TP53RK,9606.ENSP00000361186,0.9921827,-1
ACKR4,9606.ENSP00000249887,0.9921773,-1
TMEM125,9606.ENSP00000429275,0.99217343,-1
LILRA4,9606.ENSP00000291759,0.99217105,-1
DEFB103A,9606.ENSP00000320951,0.9921708,-1
PAPLN,9606.ENSP00000345395,0.99217063,-1
ENTREP1,9606.ENSP00000304435,0.9921652,-1
TRHDE,9606.ENSP00000261180,0.9921618,-1
SRC,9606.ENSP00000362680,0.9921571,1
SIGLEC1,9606.ENSP00000341141,0.9921516,-1
MTERF4,9606.ENSP00000480378,0.9921321,-1
HAAO,9606.ENSP00000294973,0.9921216,-1
GPR84,9606.ENSP00000450310,0.9921085,-1
BACH2,9606.ENSP00000257749,0.9921078,-1
IZUMO3,9606.ENSP00000474246,0.99210703,-1
ERCC3,9606.ENSP00000285398,0.9921063,1
KRT26,9606.ENSP00000334798,0.9921044,-1
SPHK2,9606.ENSP00000469158,0.9921028,1
SHPK,9606.ENSP00000225519,0.9920804,-1
CCL18,9606.ENSP00000479955,0.99207836,-1
BRCA1,9606.ENSP00000418960,0.9920747,1
SLC4A4,9606.ENSP00000393557,0.9920636,-1
MMD,9606.ENSP00000262065,0.99206054,-1
PLEKHG6,9606.ENSP00000380185,0.9920561,-1
SATB2,9606.ENSP00000401112,0.99205196,-1
DRGX,9606.ENSP00000363254,0.99204177,-1
GLIS1,9606.ENSP00000309653,0.99203557,-1
ABI3BP,9606.ENSP00000284322,0.9920318,-1
FGFR2,9606.ENSP00000410294,0.992021,1
KLRK1,9606.ENSP00000240618,0.99200374,-1
VXN,9606.ENSP00000302260,0.9920035,-1
DPYSL4,9606.ENSP00000339850,0.9920008,-1
CA1,9606.ENSP00000430656,0.9919985,-1
SPINK5,9606.ENSP00000352936,0.9919978,-1
BPI,9606.ENSP00000262865,0.9919865,-1
RNASE6,9606.ENSP00000302046,0.9919784,-1
ARMCX4,9606.ENSP00000404304,0.9919755,-1
CD248,9606.ENSP00000308117,0.99197316,1
CRISP2,9606.ENSP00000484609,0.9919629,-1
ADPRH,9606.ENSP00000420200,0.99195427,-1
S100A1,9606.ENSP00000292169,0.99193984,-1
CHRNB1,9606.ENSP00000304290,0.9919395,-1
PLIN3,9606.ENSP00000221957,0.9919391,-1
SAXO1,9606.ENSP00000369907,0.99193645,-1
ST14,9606.ENSP00000278742,0.9919321,-1
KLRB1,9606.ENSP00000229402,0.9919316,-1
NADK2,9606.ENSP00000371362,0.9918898,-1
CLDN5,9606.ENSP00000385477,0.9918867,-1
PLA2G4C,9606.ENSP00000472546,0.9918839,-1
USP17L19,9606.ENSP00000425582,0.9918732,-1
CD52,9606.ENSP00000363330,0.9918698,-1
CD1D,9606.ENSP00000501245,0.99186885,-1
ENPEP,9606.ENSP00000265162,0.991867,-1
CLDN23,9606.ENSP00000428780,0.9918656,-1
IL1F10,9606.ENSP00000376893,0.9918528,-1
CD163L1,9606.ENSP00000393474,0.99185234,-1
AIG1,9606.ENSP00000350509,0.99184614,-1
KRT3,9606.ENSP00000413479,0.991844,-1
IFNGR2,9606.ENSP00000371425,0.9918378,-1
LMBRD2,9606.ENSP00000296603,0.9918309,-1
NCR1,9606.ENSP00000291890,0.9918075,-1
PLEKHF1,9606.ENSP00000389787,0.9918059,-1
HYAL1,9606.ENSP00000266031,0.99180156,-1
IP6K1,9606.ENSP00000482032,0.9917916,-1
CLEC18C,9606.ENSP00000477846,0.99178195,-1
TRIL,9606.ENSP00000479256,0.99178034,-1
PSKH2,9606.ENSP00000276616,0.9917787,-1
KRT71,9606.ENSP00000267119,0.9917705,-1
SIGIRR,9606.ENSP00000403104,0.991767,-1
LGI3,9606.ENSP00000302297,0.9917577,-1
BLK,9606.ENSP00000259089,0.9917557,-1
CHRM1,9606.ENSP00000306490,0.9917494,-1
DACH2,9606.ENSP00000362217,0.9917412,-1
FCHSD2,9606.ENSP00000386722,0.99173903,-1
SLC2A13,9606.ENSP00000280871,0.9917366,-1
HTR2A,9606.ENSP00000437737,0.9917346,1
NQO2,9606.ENSP00000369822,0.9917312,-1
CD300E,9606.ENSP00000376395,0.9917208,-1
PHLDA1,9606.ENSP00000266671,0.99171716,1
AQP7,9606.ENSP00000297988,0.99171656,-1
MAPK7,9606.ENSP00000311005,0.99170834,1
SHC2,9606.ENSP00000264554,0.991706,-1
YWHAZ,9606.ENSP00000379287,0.99169767,1
IGHD,9606.ENSP00000478893,0.9916971,-1
SHISAL2B,9606.ENSP00000373726,0.9916876,-1
SMAD3,9606.ENSP00000332973,0.99168617,1
FFAR3,9606.ENSP00000328230,0.9916794,-1
SIGLEC8,9606.ENSP00000321077,0.99167764,-1
COL5A2,9606.ENSP00000364000,0.99167514,-1
CFHR2,9606.ENSP00000356385,0.99166566,-1
NLGN4Y,9606.ENSP00000348169,0.99165374,-1
AKAP11,9606.ENSP00000025301,0.99165034,-1
CLEC5A,9606.ENSP00000449999,0.9916501,1
SMAD5,9606.ENSP00000441954,0.99164164,1
ALPP,9606.ENSP00000375881,0.9916402,-1
SP9,9606.ENSP00000378418,0.99163634,-1
TP53,9606.ENSP00000269305,0.9916363,1
PTPRJ,9606.ENSP00000400010,0.9916108,-1
CCL24,9606.ENSP00000400533,0.99160063,-1
KRT10,9606.ENSP00000269576,0.99159825,-1
PANX1,9606.ENSP00000227638,0.9915888,-1
ST6GALNAC6,9606.ENSP00000362235,0.99158806,-1
CD33,9606.ENSP00000262262,0.9915816,-1
PLA2G2A,9606.ENSP00000383364,0.99157387,-1
HIPK3,9606.ENSP00000304226,0.99155784,1
TNMD,9606.ENSP00000362122,0.99155253,-1
TMEM79,9606.ENSP00000295694,0.9915508,-1
IMUP,9606.ENSP00000301246,0.9915383,-1
SPNS3,9606.ENSP00000347721,0.99153745,-1
AFDN,9606.ENSP00000355771,0.99153113,-1
FOXQ1,9606.ENSP00000296839,0.99151975,-1
ASIC5,9606.ENSP00000442477,0.9915195,-1
CXCL2,9606.ENSP00000427279,0.99151516,-1
HBM,9606.ENSP00000349270,0.99151456,-1
S100A11,9606.ENSP00000271638,0.99151236,-1
SFTPA1,9606.ENSP00000397082,0.99148977,-1
TJP3,9606.ENSP00000465419,0.9914863,-1
MUC17,9606.ENSP00000302716,0.9914848,-1
TESC,9606.ENSP00000334785,0.99147534,-1
SCLY,9606.ENSP00000499199,0.99147534,-1
ADGRE1,9606.ENSP00000311545,0.9914698,-1
MFSD2B,9606.ENSP00000342501,0.9914589,-1
NR0B2,9606.ENSP00000254227,0.9914499,-1
PRRX2,9606.ENSP00000361547,0.99144953,-1
CBR3,9606.ENSP00000290354,0.99144477,-1
DLX6,9606.ENSP00000428480,0.9914442,-1
PTMA,9606.ENSP00000344547,0.9914312,1
GRM6,9606.ENSP00000497110,0.991426,-1
IER3IP1,9606.ENSP00000256433,0.9914225,1
EMILIN3,9606.ENSP00000332806,0.9914213,-1
ADAMTS5,9606.ENSP00000284987,0.9914199,-1
ABCA10,9606.ENSP00000269081,0.9914141,-1
CHAT,9606.ENSP00000337103,0.9914034,-1
SRPX2,9606.ENSP00000362095,0.9913857,-1
GOLGA6L7,9606.ENSP00000490318,0.99137676,-1
STING1,9606.ENSP00000498596,0.9913748,-1
CD276,9606.ENSP00000320084,0.99137336,-1
IL20,9606.ENSP00000356065,0.9913652,-1
PIGB,9606.ENSP00000164305,0.9913555,-1
PTGER4,9606.ENSP00000302846,0.9913545,-1
LGALS4,9606.ENSP00000302100,0.99134845,-1
PGLYRP3,9606.ENSP00000290722,0.9913276,-1
PTPRG,9606.ENSP00000418112,0.9913249,-1
ARMCX5,9606.ENSP00000474720,0.9913133,-1
PRDM13,9606.ENSP00000358217,0.9913129,-1
ARR3,9606.ENSP00000311538,0.9913123,-1
EGR3,9606.ENSP00000318057,0.9912986,1
SLC25A15,9606.ENSP00000342267,0.99129,-1
CMTM7,9606.ENSP00000335605,0.99127805,-1
KIAA1549L,9606.ENSP00000315295,0.9912743,-1
LRP4,9606.ENSP00000367888,0.99126047,-1
MC4R,9606.ENSP00000299766,0.99125516,-1
ADM2,9606.ENSP00000379087,0.9912549,-1
LILRB3,9606.ENSP00000245620,0.9912499,-1
PSORS1C2,9606.ENSP00000259845,0.9912471,-1
CD48,9606.ENSP00000484431,0.991234,-1
PNPLA6,9606.ENSP00000407509,0.99122894,-1
CYP7A1,9606.ENSP00000301645,0.9912265,-1
MMP7,9606.ENSP00000260227,0.9912203,-1
SLC25A5,9606.ENSP00000360671,0.9912178,1
MAB21L3,9606.ENSP00000358512,0.99121195,-1
SDR39U1,9606.ENSP00000382327,0.9912026,-1
RAB11FIP2,9606.ENSP00000358200,0.99119276,-1
RTP3,9606.ENSP00000296142,0.99119097,-1
SLC25A14,9606.ENSP00000477981,0.9911742,-1
EGR1,9606.ENSP00000239938,0.9911738,-1
NCOA1,9606.ENSP00000385216,0.9911678,1
LIMS2,9606.ENSP00000326888,0.9911669,1
SPINK14,9606.ENSP00000349459,0.9911629,-1
UTRN,9606.ENSP00000356515,0.9911577,-1
HBEGF,9606.ENSP00000230990,0.991156,-1
KIR3DL1,9606.ENSP00000375608,0.9911504,-1
SAXO2,9606.ENSP00000340445,0.991147,-1
NUAK1,9606.ENSP00000261402,0.9911451,-1
GDPD3,9606.ENSP00000384363,0.991135,-1
SLC44A5,9606.ENSP00000359892,0.9911232,-1
KLF4,9606.ENSP00000363804,0.9911171,1
SRGAP3,9606.ENSP00000373347,0.9911102,-1
APOC3,9606.ENSP00000227667,0.9911089,-1
KLRF2,9606.ENSP00000438244,0.9911056,-1
SDC4,9606.ENSP00000361818,0.9911055,-1
RGMA,9606.ENSP00000452126,0.99110514,-1
TMEM95,9606.ENSP00000374632,0.9911049,-1
CHIC2,9606.ENSP00000263921,0.9910876,-1
MAPDA,9606.ENSP00000456242,0.99108666,-1
DAB2,9606.ENSP00000313391,0.9910836,1
CXCL11,9606.ENSP00000306884,0.9910834,-1
SPAM1,9606.ENSP00000345849,0.9910772,-1
BBOX1,9606.ENSP00000263182,0.99107635,-1
SLC15A1,9606.ENSP00000365686,0.9910569,-1
FOXA3,9606.ENSP00000304004,0.99105525,-1
SEC61G,9606.ENSP00000388337,0.99105024,-1
PRIMA1,9606.ENSP00000376848,0.99103856,-1
FOLR2,9606.ENSP00000298223,0.9910335,-1
COL13A1,9606.ENSP00000381949,0.9910314,-1
TRIM40,9606.ENSP00000379826,0.9910266,-1
COL10A1,9606.ENSP00000327368,0.9910183,-1
IRAG1,9606.ENSP00000412130,0.99101466,-1
USP17L17,9606.ENSP00000422621,0.9910095,-1
CNR1,9606.ENSP00000358513,0.9910053,-1
HDAC7,9606.ENSP00000080059,0.99100214,-1
CAV1,9606.ENSP00000339191,0.990998,1
FOXN4,9606.ENSP00000299162,0.99099463,-1
WFDC9,9606.ENSP00000320532,0.99098796,-1
CXCL8,9606.ENSP00000306512,0.9909876,-1
ADAMTS10,9606.ENSP00000471851,0.9909809,-1
BTC,9606.ENSP00000379092,0.9909802,1
MSANTD1,9606.ENSP00000411584,0.99096453,-1
CHD8,9606.ENSP00000495240,0.99095976,1
CALHM4,9606.ENSP00000385836,0.99095434,-1
TCF7,9606.ENSP00000340347,0.9909497,-1
FOXP4,9606.ENSP00000362151,0.990947,-1
KIR3DL2,9606.ENSP00000325525,0.99094534,-1
NEUROD2,9606.ENSP00000306754,0.99094486,-1
SLC29A4,9606.ENSP00000380081,0.99094397,-1
CCDC182,9606.ENSP00000299415,0.9909424,-1
SLC2A5,9606.ENSP00000366641,0.99094194,-1
SPRY4,9606.ENSP00000344967,0.99092275,-1
CNTNAP1,9606.ENSP00000264638,0.9909128,-1
SLC25A51,9606.ENSP00000366945,0.9909083,-1
NRARP,9606.ENSP00000349041,0.99090564,-1
PTF1A,9606.ENSP00000365687,0.99089164,-1
SP6,9606.ENSP00000438209,0.9908902,-1
CD200R1,9606.ENSP00000311035,0.99088544,-1
CLDN7,9606.ENSP00000353475,0.9908777,-1
B3GNT3,9606.ENSP00000321874,0.99086845,-1
KRTAP21-1,9606.ENSP00000335566,0.99086714,-1
ADORA1,9606.ENSP00000356205,0.99085534,1
CMTM6,9606.ENSP00000205636,0.9908506,-1
MPV17,9606.ENSP00000369383,0.99084127,-1
PTGDR2,9606.ENSP00000332812,0.99084,-1
SV2B,9606.ENSP00000377779,0.9908276,-1
COCH,9606.ENSP00000216361,0.9908274,-1
INPP1,9606.ENSP00000376142,0.99081963,-1
GBX1,9606.ENSP00000297537,0.9908189,-1
LRP2,9606.ENSP00000496870,0.9908103,1
FCGR1BP,9606.ENSP00000358391,0.99080795,-1
NHERF4,9606.ENSP00000347742,0.99080557,-1
IGHV1-3,9606.ENSP00000479119,0.99080527,-1
PLA2G2D,9606.ENSP00000364246,0.9908041,-1
CDHR4,9606.ENSP00000391409,0.99080324,-1
LRRN4,9606.ENSP00000368135,0.99078745,-1
C4orf33,9606.ENSP00000281146,0.9907808,-1
S100A13,9606.ENSP00000392767,0.9907769,-1
SIN3A,9606.ENSP00000378402,0.9907748,1
NLRX1,9606.ENSP00000387334,0.9907736,-1
BMX,9606.ENSP00000350224,0.9907692,-1
DSC2,9606.ENSP00000280904,0.990767,-1
SLC18B1,9606.ENSP00000275227,0.99076146,-1
APOC1,9606.ENSP00000465356,0.99073833,-1
DAB1,9606.ENSP00000360280,0.9907381,-1
TSSK1B,9606.ENSP00000375081,0.9907239,-1
APOLD1,9606.ENSP00000324277,0.99072003,-1
TM7SF2,9606.ENSP00000279263,0.99071574,-1
F2RL2,9606.ENSP00000296641,0.9907101,-1
DEFB128,9606.ENSP00000335382,0.990708,-1
CALHM1,9606.ENSP00000329926,0.99069947,-1
SOST,9606.ENSP00000301691,0.9906983,-1
ADM,9606.ENSP00000436607,0.99069726,-1
GPRASP1,9606.ENSP00000498934,0.9906961,-1
TTR,9606.ENSP00000237014,0.99069244,-1
RXFP1,9606.ENSP00000405841,0.9906844,-1
SGCD,9606.ENSP00000338343,0.99068135,-1
SIGLEC10,9606.ENSP00000345243,0.9906776,-1
GDAP1L1,9606.ENSP00000440498,0.9906721,-1
M1AP,9606.ENSP00000290536,0.9906646,0
AMPD3,9606.ENSP00000379802,0.9906591,-1
SOX9,9606.ENSP00000245479,0.99065596,1
KCNJ10,9606.ENSP00000495557,0.99064964,-1
OOSP1,9606.ENSP00000494485,0.99064434,-1
XIRP2,9606.ENSP00000386840,0.9906178,-1
HSPBAP1,9606.ENSP00000302562,0.9906171,-1
MAGEB16,9606.ENSP00000382871,0.99059814,-1
PRG4,9606.ENSP00000399679,0.99058014,-1
IRX5,9606.ENSP00000378132,0.9905764,-1
ADGRG6,9606.ENSP00000356581,0.99057287,-1
CARD10,9606.ENSP00000384570,0.9905663,-1
PLAT,9606.ENSP00000220809,0.9905577,1
ERO1A,9606.ENSP00000379042,0.99055135,-1
MPL,9606.ENSP00000361548,0.99053884,-1
ZMYND11,9606.ENSP00000371003,0.99053615,1
HOXA10,9606.ENSP00000283921,0.99053323,-1
KCNE1,9606.ENSP00000382226,0.99052787,-1
GOLGA6L1,9606.ENSP00000478478,0.9905227,-1
NOTCH2,9606.ENSP00000256646,0.990522,1
CYP7B1,9606.ENSP00000310721,0.99052036,-1
GDF11,9606.ENSP00000257868,0.9905186,-1
SLAMF8,9606.ENSP00000289707,0.9905117,-1
GUCA2B,9606.ENSP00000361662,0.9905069,-1
CD109,9606.ENSP00000287097,0.9904992,-1
PLPPR1,9606.ENSP00000364008,0.99049133,-1
PLCH1,9606.ENSP00000345988,0.990488,-1
SERPINB7,9606.ENSP00000381101,0.9904676,-1
UBB,9606.ENSP00000478771,0.990462,1
TAF6,9606.ENSP00000399982,0.99045473,1
KRTAP9-3,9606.ENSP00000392189,0.990437,-1
AVPR2,9606.ENSP00000496396,0.99043524,-1
CCL7,9606.ENSP00000367832,0.99038285,-1
DEPDC4,9606.ENSP00000396234,0.9903762,-1
C22orf15,9606.ENSP00000305096,0.99034977,-1
CLDN3,9606.ENSP00000378577,0.9903487,-1
RBM10,9606.ENSP00000328848,0.99033195,1
DLL1,9606.ENSP00000355718,0.99032694,1
LMNB2,9606.ENSP00000327054,0.9903228,-1
KRTAP21-2,9606.ENSP00000334287,0.990319,-1
TMEM154,9606.ENSP00000302144,0.9903036,-1
SPOCK3,9606.ENSP00000349677,0.9903002,-1
SOX11,9606.ENSP00000322568,0.99028987,-1
TERT,9606.ENSP00000309572,0.9902811,1
SLC4A9,9606.ENSP00000427661,0.9902802,-1
KLK2,9606.ENSP00000313581,0.9902711,-1
WFDC13,9606.ENSP00000302938,0.990257,-1
USP17L18,9606.ENSP00000423503,0.9902548,-1
PRL,9606.ENSP00000302150,0.9902532,-1
COL4A5,9606.ENSP00000331902,0.9902322,-1
BMI1,9606.ENSP00000365851,0.9902254,1
ZNF814,9606.ENSP00000410545,0.99021447,-1
ENPP6,9606.ENSP00000296741,0.9902112,-1
SLC5A11,9606.ENSP00000289932,0.9902018,-1
IER2,9606.ENSP00000465617,0.9901984,-1
BATF,9606.ENSP00000286639,0.9901966,-1
OTX2,9606.ENSP00000500595,0.99018925,-1
PLCXD1,9606.ENSP00000371073,0.9901647,-1
KLF5,9606.ENSP00000366915,0.99016035,-1
CHAC1,9606.ENSP00000484644,0.99014354,-1
MUC7,9606.ENSP00000407422,0.9901426,-1
NKAIN4,9606.ENSP00000359340,0.99013805,-1
ACTA1,9606.ENSP00000355645,0.9901376,-1
NME2,9606.ENSP00000376886,0.9901355,1
DEFB131A,9606.ENSP00000335538,0.99012786,-1
LRBA,9606.ENSP00000349629,0.9901198,-1
GPR19,9606.ENSP00000498976,0.990113,-1
SLC19A2,9606.ENSP00000236137,0.9900884,-1
CPNE7,9606.ENSP00000268720,0.99008244,-1
PTGR3,9606.ENSP00000323678,0.9900712,-1
CCAR1,9606.ENSP00000265872,0.9900677,1
GNLY,9606.ENSP00000436423,0.9900676,-1
CX3CR1,9606.ENSP00000351059,0.9900643,1
SPACA3,9606.ENSP00000269053,0.99006116,-1
XPNPEP3,9606.ENSP00000349658,0.9900551,-1
TMEFF1,9606.ENSP00000364013,0.9900545,-1
SAMD13,9606.ENSP00000359707,0.9900267,-1
ARHGAP42,9606.ENSP00000298815,0.99001324,-1
ANO3,9606.ENSP00000256737,0.9900131,-1
RPS3A,9606.ENSP00000346050,0.990008,1
MICU1,9606.ENSP00000493232,0.9900067,-1
PMP22,9606.ENSP00000308937,0.9899877,-1
KAZALD1,9606.ENSP00000359219,0.989985,-1
PPY,9606.ENSP00000466009,0.98998415,-1
FAM151B,9606.ENSP00000282226,0.9899828,-1
DEFB135,9606.ENSP00000371643,0.9899789,-1
HAO2,9606.ENSP00000354314,0.98996454,-1
KRTAP4-1,9606.ENSP00000381489,0.9899573,-1
NOTCH3,9606.ENSP00000263388,0.9899518,-1
CXCL3,9606.ENSP00000296026,0.9899474,-1
ITIH3,9606.ENSP00000415769,0.9899464,-1
CCL15,9606.ENSP00000484078,0.9899412,-1
S100B,9606.ENSP00000291700,0.98993206,1
FAM229B,9606.ENSP00000357645,0.9899295,-1
LYPD8,9606.ENSP00000466070,0.989929,-1
DYRK2,9606.ENSP00000342105,0.98992,-1
XYLB,9606.ENSP00000207870,0.98991895,-1
EMP3,9606.ENSP00000469194,0.989917,-1
SLC25A22,9606.ENSP00000322020,0.98991054,-1
TCF21,9606.ENSP00000356857,0.9899076,-1
DEFB110,9606.ENSP00000360190,0.98990285,-1
KIR3DL3,9606.ENSP00000291860,0.98990226,-1
GLIPR2,9606.ENSP00000367196,0.9898984,-1
PAX4,9606.ENSP00000368014,0.98989654,-1
GPR37,9606.ENSP00000306449,0.98989165,-1
EGR2,9606.ENSP00000242480,0.9898782,-1
SIRPA,9606.ENSP00000478763,0.98986584,-1
ACTG2,9606.ENSP00000386857,0.9898594,-1
ADAMDEC1,9606.ENSP00000256412,0.9898504,-1
KLRC2,9606.ENSP00000371327,0.9898489,-1
KLRC4,9606.ENSP00000310216,0.9898392,-1
DEFB114,9606.ENSP00000312702,0.9898358,-1
DEPTOR,9606.ENSP00000286234,0.98982227,-1
SV2A,9606.ENSP00000358142,0.98981607,-1
DEFB108B,9606.ENSP00000333234,0.9898134,-1
CYBRD1,9606.ENSP00000319141,0.9898093,-1
FAM43A,9606.ENSP00000371397,0.98980707,-1
TYK2,9606.ENSP00000431885,0.9898003,-1
PEX11A,9606.ENSP00000300056,0.98977405,-1
MOGAT2,9606.ENSP00000198801,0.98977053,-1
KLK5,9606.ENSP00000337733,0.9897684,-1
B3GNT7,9606.ENSP00000287590,0.9897621,-1
MUC21,9606.ENSP00000365473,0.9897614,-1
NPB,9606.ENSP00000332766,0.9897545,-1
S100A16,9606.ENSP00000357695,0.9897537,-1
NEBL,9606.ENSP00000366326,0.9897535,-1
USP18,9606.ENSP00000215794,0.98974425,-1
PMP2,9606.ENSP00000256103,0.98974025,-1
FPR2,9606.ENSP00000468897,0.989726,1
NPDC1,9606.ENSP00000360660,0.98972243,-1
CRYZ,9606.ENSP00000399805,0.9897106,-1
SH2D7,9606.ENSP00000327846,0.98970675,-1
EDA2R,9606.ENSP00000379365,0.9896745,-1
AREG,9606.ENSP00000379097,0.9896707,-1
KRTAP11-1,9606.ENSP00000330720,0.9896651,-1
PCDHAC1,9606.ENSP00000253807,0.9896633,-1
PNPLA7,9606.ENSP00000384610,0.9896628,-1
HDAC5,9606.ENSP00000225983,0.9896617,-1
GOLGA6L6,9606.ENSP00000480376,0.98965657,-1
USP17L10,9606.ENSP00000403760,0.9896472,-1
PLA2G2E,9606.ENSP00000364257,0.98964125,-1
KRTAP9-8,9606.ENSP00000254072,0.9896169,-1
KLK1,9606.ENSP00000301420,0.98961055,-1
DHRS7C,9606.ENSP00000327975,0.989608,-1
HPCAL4,9606.ENSP00000481834,0.9896011,-1
LY9,9606.ENSP00000263285,0.9895923,-1
KRTAP9-4,9606.ENSP00000334922,0.98958486,-1
KRTAP3-3,9606.ENSP00000375428,0.98957366,-1
DEFB121,9606.ENSP00000417128,0.98957086,-1
SLC60A2,9606.ENSP00000500934,0.98956114,-1
DHRS1,9606.ENSP00000380027,0.9895587,-1
DEFB118,9606.ENSP00000253381,0.9895096,-1
OLIG3,9606.ENSP00000356708,0.98950034,-1
SLC71A2,9606.ENSP00000364493,0.98949754,-1
CSRP3,9606.ENSP00000431813,0.989493,-1
HBZ,9606.ENSP00000252951,0.98948014,-1
NPY2R,9606.ENSP00000332591,0.9894797,-1
FOS,9606.ENSP00000306245,0.9894553,-1
FPR1,9606.ENSP00000471493,0.98944914,-1
MIXL1,9606.ENSP00000442439,0.98943794,-1
SEZ6L2,9606.ENSP00000481917,0.98942447,-1
C5AR1,9606.ENSP00000347197,0.98941773,-1
ESPN,9606.ENSP00000496593,0.98941505,-1
KLK7,9606.ENSP00000470538,0.98940593,-1
SERPINB11,9606.ENSP00000485532,0.98938364,-1
KLF1,9606.ENSP00000264834,0.98937994,-1
RHOXF2B,9606.ENSP00000360455,0.9893792,-1
CFD,9606.ENSP00000468253,0.98936975,-1
NPY1R,9606.ENSP00000354652,0.98936206,-1
SAMD7,9606.ENSP00000391299,0.989361,-1
ISG15,9606.ENSP00000496832,0.9893582,-1
IGHV3-16,9606.ENSP00000478725,0.9893545,-1
LVRN,9606.ENSP00000350541,0.9893511,-1
ADAM11,9606.ENSP00000200557,0.989351,-1
NKX1-1,9606.ENSP00000407978,0.9893176,-1
TEX2,9606.ENSP00000258991,0.98930734,-1
CCDC106,9606.ENSP00000465757,0.98930687,-1
KCNJ11,9606.ENSP00000345708,0.98930395,-1
FOLR1,9606.ENSP00000377284,0.98930115,-1
CYP2C8,9606.ENSP00000360317,0.9892975,-1
DCC,9606.ENSP00000389140,0.9892842,-1
ACSS1,9606.ENSP00000316924,0.98927444,-1
MAP2K4,9606.ENSP00000410402,0.98921585,1
HSPA5,9606.ENSP00000324173,0.9892123,1
MADCAM1,9606.ENSP00000215637,0.98920876,-1
LRCH1,9606.ENSP00000374447,0.9892075,-1
TOX,9606.ENSP00000354842,0.9891957,-1
DHFR2,9606.ENSP00000319170,0.9891922,-1
TFPI2,9606.ENSP00000222543,0.9891866,-1
HSD17B10,9606.ENSP00000168216,0.98917633,-1
FRRS1,9606.ENSP00000287474,0.9891741,-1
S100P,9606.ENSP00000296370,0.9891685,-1
CXCR4,9606.ENSP00000386884,0.9891662,-1
TEF,9606.ENSP00000266304,0.9891587,-1
MS4A15,9606.ENSP00000386022,0.9891311,-1
PRSS58,9606.ENSP00000446916,0.98912525,-1
SETD9,9606.ENSP00000285947,0.98911804,-1
GNAI2,9606.ENSP00000312999,0.9891032,1
NTRK2,9606.ENSP00000277120,0.9890866,1
SPACA7,9606.ENSP00000283550,0.9890838,-1
CCL14,9606.ENSP00000479097,0.9890243,-1
HSPA9,9606.ENSP00000297185,0.98901564,1
C1QTNF5,9606.ENSP00000431140,0.988998,-1
SLC17A1,9606.ENSP00000244527,0.98898065,-1
SP8,9606.ENSP00000408792,0.9889732,-1
ABCC10,9606.ENSP00000361608,0.98896784,-1
IL1RAPL1,9606.ENSP00000368278,0.9889609,-1
CFHR1,9606.ENSP00000314299,0.98895955,-1
WFDC6,9606.ENSP00000361755,0.98893154,-1
CYP11B1,9606.ENSP00000292427,0.98892885,-1
IMPG2,9606.ENSP00000193391,0.98892504,-1
SFTPD,9606.ENSP00000361366,0.9889108,-1
CABP5,9606.ENSP00000293255,0.9888948,-1
SLC7A14,9606.ENSP00000231706,0.9888603,-1
PAGE2B,9606.ENSP00000364110,0.9888554,-1
POMGNT2,9606.ENSP00000344125,0.9888504,-1
HLF,9606.ENSP00000226067,0.98884916,-1
HBB,9606.ENSP00000494175,0.9888446,-1
KRT6C,9606.ENSP00000252250,0.98882574,-1
ABCA7,9606.ENSP00000263094,0.9888214,-1
CXCL1,9606.ENSP00000379110,0.98881894,-1
SLC71A1,9606.ENSP00000359171,0.9888188,-1
KLK6,9606.ENSP00000366047,0.98876673,-1
RIC3,9606.ENSP00000308820,0.9887561,-1
CA13,9606.ENSP00000318912,0.9887555,-1
FAM124B,9606.ENSP00000386895,0.98875266,-1
LILRA1,9606.ENSP00000251372,0.98874205,-1
CCL2,9606.ENSP00000225831,0.98872674,1
KISS1,9606.ENSP00000356162,0.9887186,-1
ADAM21,9606.ENSP00000474385,0.9887093,-1
WFDC11,9606.ENSP00000348968,0.98870623,-1
LRIT1,9606.ENSP00000361177,0.9886947,-1
CPSF4L,9606.ENSP00000343900,0.988691,-1
GMPR2,9606.ENSP00000454038,0.98868155,-1
ADAM19,9606.ENSP00000257527,0.9886544,-1
DXO,9606.ENSP00000364498,0.9886497,-1
NFKB2,9606.ENSP00000358983,0.9886441,-1
RRH,9606.ENSP00000314992,0.98863775,-1
FOXE1,9606.ENSP00000364265,0.98861,-1
ADGRE2,9606.ENSP00000319883,0.988607,-1
RAX,9606.ENSP00000334813,0.9885824,-1
MILR1,9606.ENSP00000482801,0.98856854,-1
CIMIP7,9606.ENSP00000454903,0.98856026,-1
KLHL20,9606.ENSP00000209884,0.9885322,1
ADGRE3,9606.ENSP00000253673,0.9885217,-1
SUSD5,9606.ENSP00000308727,0.98852044,-1
SYCP2,9606.ENSP00000350162,0.9885117,1
KRTAP15-1,9606.ENSP00000334866,0.98850995,-1
SLCO4A1,9606.ENSP00000217159,0.9885005,-1
CYBC1,9606.ENSP00000388909,0.9884956,-1
MAGEB4,9606.ENSP00000368266,0.9884875,-1
C1QTNF8,9606.ENSP00000330426,0.98846674,-1
AOC3,9606.ENSP00000312326,0.988451,-1
TRNT1,9606.ENSP00000251607,0.988437,-1
FFAR2,9606.ENSP00000473159,0.9884266,-1
PCDHAC2,9606.ENSP00000289269,0.9884155,-1
HCK,9606.ENSP00000365012,0.988405,1
CYP2J2,9606.ENSP00000360247,0.9883922,-1
TBX18,9606.ENSP00000358677,0.9883745,-1
CALHM3,9606.ENSP00000358798,0.98836297,-1
LYN,9606.ENSP00000428924,0.9883592,1
CDH8,9606.ENSP00000462701,0.9883533,-1
HDHD3,9606.ENSP00000238379,0.98833674,-1
FCGR3A,9606.ENSP00000356946,0.9883333,-1
EQTN,9606.ENSP00000369371,0.98830974,-1
OAT,9606.ENSP00000357838,0.98830277,-1
BSND,9606.ENSP00000498282,0.9883024,-1
AGO2,9606.ENSP00000220592,0.98829424,-1
RASSF5,9606.ENSP00000462099,0.98829365,-1
PIGQ,9606.ENSP00000026218,0.9882875,-1
SLC17A2,9606.ENSP00000367081,0.988274,-1
TNK1,9606.ENSP00000459799,0.98826104,-1
KRTAP1-1,9606.ENSP00000305975,0.9882605,-1
TMEM161B,9606.ENSP00000426354,0.98825103,-1
KRTAP27-1,9606.ENSP00000372286,0.9882488,-1
DEFB127,9606.ENSP00000371825,0.98823977,-1
ADGRB2,9606.ENSP00000362759,0.9882366,-1
GZMB,9606.ENSP00000216341,0.98820156,-1
HCAR2,9606.ENSP00000375066,0.9881975,1
HRAS,9606.ENSP00000407586,0.988193,1
FAM210A,9606.ENSP00000323635,0.98818296,-1
GALE,9606.ENSP00000483375,0.9881616,-1
MEOX1,9606.ENSP00000321684,0.9881615,-1
PID1,9606.ENSP00000283937,0.9881584,-1
FCGR1A,9606.ENSP00000358165,0.98814535,-1
APOL2,9606.ENSP00000249066,0.98814195,-1
CLPSL2,9606.ENSP00000353639,0.98812383,-1
PARP8,9606.ENSP00000281631,0.9881203,-1
GNA12,9606.ENSP00000275364,0.98808753,-1
TMC6,9606.ENSP00000465261,0.98808694,-1
SALL3,9606.ENSP00000441823,0.9880823,-1
MC5R,9606.ENSP00000468086,0.9880789,-1
FCGR3B,9606.ENSP00000433642,0.9880679,-1
BATF3,9606.ENSP00000243440,0.98806006,-1
CD207,9606.ENSP00000386378,0.988052,-1
DEFB1,9606.ENSP00000297439,0.98804617,-1
SCN11A,9606.ENSP00000499569,0.98801965,-1
ESRRG,9606.ENSP00000355904,0.98801595,-1
CLN6,9606.ENSP00000249806,0.98801583,-1
BFSP1,9606.ENSP00000367104,0.98798335,-1
TPSAB1,9606.ENSP00000343577,0.9879754,-1
KLK9,9606.ENSP00000469417,0.98795706,-1
HTR2B,9606.ENSP00000258400,0.98794425,1
HOXD4,9606.ENSP00000302548,0.98794055,-1
KRT37,9606.ENSP00000225550,0.9879161,-1
NOS1,9606.ENSP00000477999,0.9879076,1
C15orf62,9606.ENSP00000341178,0.9878826,-1
EMX1,9606.ENSP00000258106,0.98787117,-1
RCAN2,9606.ENSP00000360425,0.98785,-1
ARHGEF6,9606.ENSP00000250617,0.9878478,-1
MMD2,9606.ENSP00000384690,0.987845,-1
RADIL,9606.ENSP00000382492,0.9878434,-1
DLGAP2,9606.ENSP00000489774,0.98782957,-1
OPN3,9606.ENSP00000355512,0.9878192,1
COL21A1,9606.ENSP00000244728,0.98781615,-1
CALCRL,9606.ENSP00000376177,0.9878048,-1
TFEC,9606.ENSP00000265440,0.9878006,-1
AGA,9606.ENSP00000264595,0.9877764,-1
ZHX3,9606.ENSP00000312222,0.98777324,-1
NOTCH1,9606.ENSP00000498587,0.9877581,1
PRSS3,9606.ENSP00000354280,0.9877527,-1
SV2C,9606.ENSP00000423541,0.9877438,-1
MYOD1,9606.ENSP00000250003,0.9877415,-1
UBE2B,9606.ENSP00000265339,0.9877291,1
RCAN3,9606.ENSP00000363516,0.9877244,-1
POU2F1,9606.ENSP00000356840,0.98772407,-1
FAM118A,9606.ENSP00000216214,0.9877051,-1
KCNV1,9606.ENSP00000435954,0.98769855,-1
TRPM8,9606.ENSP00000323926,0.98768336,-1
ANKLE2,9606.ENSP00000350686,0.98766,1
LIAT1,9606.ENSP00000353245,0.9876357,-1
HRH2,9606.ENSP00000366506,0.98762465,-1
COL20A1,9606.ENSP00000351767,0.98762405,-1
ACSM1,9606.ENSP00000301956,0.98761487,-1
C8A,9606.ENSP00000354458,0.987591,-1
KCP,9606.ENSP00000479679,0.9875903,-1
DEFB116,9606.ENSP00000383396,0.98758894,-1
SOCS1,9606.ENSP00000496577,0.98758835,-1
LILRA2,9606.ENSP00000375618,0.98758405,-1
ADRA1D,9606.ENSP00000368766,0.98758197,-1
QSER1,9606.ENSP00000382241,0.98756987,-1
MUCL3,9606.ENSP00000417182,0.98756045,-1
EFNB2,9606.ENSP00000493716,0.9875328,-1
PI3,9606.ENSP00000243924,0.9875322,-1
GZMH,9606.ENSP00000216338,0.98752594,-1
GRIN2D,9606.ENSP00000263269,0.9875246,-1
G2E3,9606.ENSP00000206595,0.98747593,-1
SMAD1,9606.ENSP00000305769,0.9874756,-1
SCT,9606.ENSP00000176195,0.9874736,-1
NXPH4,9606.ENSP00000333593,0.9874699,-1
PPEF2,9606.ENSP00000286719,0.98746836,1
GPT2,9606.ENSP00000345282,0.98743606,-1
ADNP,9606.ENSP00000360662,0.9874358,1
PLEKHJ1,9606.ENSP00000464955,0.98741865,-1
POPDC2,9606.ENSP00000264231,0.9873749,-1
XAGE2,9606.ENSP00000286049,0.9873652,-1
IGFL1,9606.ENSP00000415823,0.9873552,-1
GNRHR,9606.ENSP00000226413,0.98734015,-1
GPR39,9606.ENSP00000327417,0.98733693,-1
MYOM2,9606.ENSP00000262113,0.9873324,-1
SLC25A17,9606.ENSP00000390722,0.98732483,-1
CPN2,9606.ENSP00000319464,0.9873147,-1
LEF1,9606.ENSP00000265165,0.987305,1
CLDN10,9606.ENSP00000299339,0.98730403,-1
CHRNE,9606.ENSP00000497829,0.9873018,-1
TCAP,9606.ENSP00000312624,0.98729104,-1
ENTPD8,9606.ENSP00000360561,0.98728555,-1
KRTAP21-3,9606.ENSP00000404517,0.9872792,-1
FGD2,9606.ENSP00000274963,0.9872694,-1
ADAMTS13,9606.ENSP00000360997,0.987247,-1
KLRC1,9606.ENSP00000438038,0.9872433,-1
DEFB113,9606.ENSP00000381703,0.9872112,-1
MAGEB17,9606.ENSP00000382884,0.9871934,-1
SLC25A36,9606.ENSP00000320688,0.9871897,-1
LCK,9606.ENSP00000477713,0.98718274,1
MS4A6E,9606.ENSP00000300182,0.9871815,-1
FOXI2,9606.ENSP00000373572,0.9871809,-1
RGS2,9606.ENSP00000235382,0.9871501,-1
PDZK1IP1,9606.ENSP00000294338,0.98710257,-1
TMEM132A,9606.ENSP00000005286,0.98709744,-1
SNX32,9606.ENSP00000310620,0.9870929,-1
SLC39A10,9606.ENSP00000386766,0.9870902,1
EIF5A,9606.ENSP00000336702,0.98707634,1
CALCA,9606.ENSP00000331746,0.987071,-1
CSAD,9606.ENSP00000267085,0.9870623,-1
SOX17,9606.ENSP00000297316,0.98704904,-1
MYT1L,9606.ENSP00000497479,0.98704845,-1
APBB1IP,9606.ENSP00000365411,0.98703766,-1
ZNF154,9606.ENSP00000421258,0.98702675,-1
TMEM239,9606.ENSP00000354312,0.98702025,-1
SLC50A1,9606.ENSP00000357389,0.9869998,-1
ABCB9,9606.ENSP00000440288,0.98694545,-1
CA9,9606.ENSP00000367608,0.9869108,-1
PRLHR,9606.ENSP00000239032,0.98691005,-1
DAPP1,9606.ENSP00000423602,0.98690945,-1
MEF2D,9606.ENSP00000271555,0.9868955,-1
AIFM3,9606.ENSP00000382120,0.986893,1
SLC12A5,9606.ENSP00000387694,0.98689073,-1
CD46,9606.ENSP00000313875,0.9868869,-1
SLC49A3,9606.ENSP00000384616,0.9868851,-1
ANKRD7,9606.ENSP00000265224,0.9868847,-1
HSPB7,9606.ENSP00000364870,0.9868721,-1
ADAMTS12,9606.ENSP00000422554,0.98685956,-1
ACAA1,9606.ENSP00000333664,0.98683655,-1
PIK3IP1,9606.ENSP00000215912,0.98682505,-1
CD2,9606.ENSP00000358490,0.98680836,1
SRGN,9606.ENSP00000242465,0.9868067,-1
DNER,9606.ENSP00000345229,0.98678863,-1
CD300LB,9606.ENSP00000376397,0.9867823,-1
PLAAT3,9606.ENSP00000320337,0.9867655,-1
BCL11A,9606.ENSP00000496168,0.98675644,-1
GDF10,9606.ENSP00000464145,0.9867497,-1
CALN1,9606.ENSP00000378690,0.9867491,-1
CRB1,9606.ENSP00000356370,0.98672485,-1
CPD,9606.ENSP00000225719,0.98672026,-1
EYS,9606.ENSP00000359655,0.9867055,-1
AMDHD1,9606.ENSP00000266736,0.9866961,-1
DMPK,9606.ENSP00000345997,0.98667395,-1
CNTNAP3,9606.ENSP00000297668,0.98666036,-1
CPNE6,9606.ENSP00000440077,0.98664874,-1
KRTAP5-5,9606.ENSP00000382584,0.98664176,-1
IAPP,9606.ENSP00000240652,0.9866237,1
HMX1,9606.ENSP00000383516,0.9866066,-1
CYP2F1,9606.ENSP00000333534,0.9866051,-1
RHOXF2,9606.ENSP00000360441,0.98657995,-1
CMTM1,9606.ENSP00000368814,0.9865562,-1
VIT,9606.ENSP00000368544,0.9865458,-1
HOXA2,9606.ENSP00000222718,0.98652595,-1
LBP,9606.ENSP00000217407,0.98652506,-1
TNNI3K,9606.ENSP00000322251,0.98651123,-1
ST8SIA5,9606.ENSP00000445492,0.98650175,-1
CD1C,9606.ENSP00000357152,0.9864999,-1
GPHA2,9606.ENSP00000279168,0.98649293,-1
ADGRA1,9606.ENSP00000376384,0.9864878,-1
CALCB,9606.ENSP00000433490,0.98647124,-1
QPCTL,9606.ENSP00000012049,0.98645675,-1
HOXD11,9606.ENSP00000249504,0.98644805,-1
ARRDC3,9606.ENSP00000265138,0.98638713,-1
TAC4,9606.ENSP00000334042,0.98637414,-1
GRM8,9606.ENSP00000351142,0.9863697,-1
DYRK1A,9606.ENSP00000340373,0.9863624,-1
MAP3K21,9606.ENSP00000355583,0.98633945,-1
PIAS3,9606.ENSP00000376765,0.9863116,-1
KRTAP13-3,9606.ENSP00000375109,0.9862795,-1
S1PR3,9606.ENSP00000365006,0.98627114,-1
KRTAP13-1,9606.ENSP00000347635,0.9862368,-1
TAAR6,9606.ENSP00000275198,0.9862357,-1
SLC2A2,9606.ENSP00000323568,0.98620355,-1
EPS8L2,9606.ENSP00000435585,0.986188,-1
KLRC3,9606.ENSP00000437563,0.98617965,-1
ADAMTS18,9606.ENSP00000282849,0.9861666,-1
BCDIN3D,9606.ENSP00000335201,0.9861633,-1
NLRP8,9606.ENSP00000291971,0.98616207,-1
CD1A,9606.ENSP00000289429,0.9861595,-1
MFRP,9606.ENSP00000481824,0.9861531,-1
ACRV1,9606.ENSP00000432816,0.986134,-1
FLVCR2,9606.ENSP00000238667,0.98612887,-1
OXTR,9606.ENSP00000324270,0.986088,-1
SLCO4C1,9606.ENSP00000309741,0.9860876,-1
ZIC5,9606.ENSP00000267294,0.9860845,-1
MR1,9606.ENSP00000477563,0.9860628,-1
PLEKHO1,9606.ENSP00000358120,0.98603255,-1
AGR3,9606.ENSP00000308606,0.98603237,-1
HBQ1,9606.ENSP00000199708,0.9860314,-1
RSKR,9606.ENSP00000301037,0.986011,-1
DPEP1,9606.ENSP00000376807,0.986007,-1
PLA2G5,9606.ENSP00000364249,0.9859935,-1
TMEM97,9606.ENSP00000226230,0.98598874,-1
WFDC10A,9606.ENSP00000361726,0.9859861,-1
CD99L2,9606.ENSP00000480322,0.9859396,-1
DHRS3,9606.ENSP00000480439,0.98593396,-1
PLA2G2F,9606.ENSP00000364243,0.9858913,-1
S1PR2,9606.ENSP00000496438,0.9858877,-1
LILRA6,9606.ENSP00000379651,0.9858828,-1
TLE1,9606.ENSP00000365682,0.98588157,1
VAV2,9606.ENSP00000360916,0.98588055,-1
KRTAP5-1,9606.ENSP00000371606,0.9858585,-1
CCR8,9606.ENSP00000326432,0.9858477,-1
SMIM28,9606.ENSP00000489939,0.985843,-1
ACKR3,9606.ENSP00000272928,0.9858393,1
LTB4R,9606.ENSP00000380008,0.98583126,-1
EFNB3,9606.ENSP00000226091,0.98582065,-1
NTN3,9606.ENSP00000293973,0.9858059,-1
IRS2,9606.ENSP00000365016,0.985803,1
GDF3,9606.ENSP00000331745,0.9857612,-1
NNMT,9606.ENSP00000441434,0.98575646,-1
ASPRV1,9606.ENSP00000315383,0.9857347,-1
NT5DC1,9606.ENSP00000326858,0.9857249,-1
SLCO1B1,9606.ENSP00000256958,0.985698,-1
MMP17,9606.ENSP00000353767,0.9856976,-1
LCN15,9606.ENSP00000313833,0.985688,-1
C16orf86,9606.ENSP00000384117,0.9856838,-1
ATOH7,9606.ENSP00000362777,0.9856501,-1
LMBR1,9606.ENSP00000326604,0.9856396,-1
MAGEB2,9606.ENSP00000368273,0.98563266,-1
GPR176,9606.ENSP00000453076,0.9856231,-1
ERN2,9606.ENSP00000256797,0.9855942,-1
CKLF,9606.ENSP00000264001,0.9855843,-1
C2orf15,9606.ENSP00000497775,0.98558366,-1
CD244,9606.ENSP00000357012,0.98557395,-1
CEBPE,9606.ENSP00000206513,0.9855664,-1
CT83,9606.ENSP00000360961,0.98555773,-1
C1R,9606.ENSP00000444271,0.98555434,-1
CYP2C19,9606.ENSP00000360372,0.9855445,-1
CD83,9606.ENSP00000368450,0.98551613,-1
CCDC136,9606.ENSP00000297788,0.98551613,-1
TSPAN16,9606.ENSP00000319486,0.98547924,-1
PRUNE1,9606.ENSP00000271620,0.9854438,-1
C1QTNF1,9606.ENSP00000340864,0.98542804,-1
GZMM,9606.ENSP00000264553,0.98541695,-1
TNR,9606.ENSP00000356646,0.9853711,-1
KRT73,9606.ENSP00000307014,0.9853516,-1
KRTAP5-10,9606.ENSP00000381542,0.9853474,-1
RFLNA,9606.ENSP00000374377,0.9853469,-1
KRTAP4-5,9606.ENSP00000340546,0.9853468,-1
GPER1,9606.ENSP00000380281,0.98534644,1
ACTBL2,9606.ENSP00000416706,0.9853153,-1
NECTIN4,9606.ENSP00000356991,0.9853072,-1
KDM2B,9606.ENSP00000366271,0.9852887,1
INSL5,9606.ENSP00000302724,0.98528695,-1
DOK6,9606.ENSP00000372160,0.9852445,-1
FAHD1,9606.ENSP00000372112,0.98522866,-1
KIR2DL4,9606.ENSP00000339634,0.98521084,-1
HOXA7,9606.ENSP00000242159,0.985209,-1
RASGEF1B,9606.ENSP00000264400,0.9852085,-1
PLAC1,9606.ENSP00000352173,0.9851871,-1
CLEC1A,9606.ENSP00000326407,0.98518443,-1
SULT1A1,9606.ENSP00000378972,0.9851811,-1
DEFB115,9606.ENSP00000383398,0.9851784,-1
COL25A1,9606.ENSP00000382083,0.98516905,-1
PAGE3,9606.ENSP00000364089,0.9851643,-1
CLEC12A,9606.ENSP00000347916,0.98516405,-1
ST3GAL5,9606.ENSP00000491316,0.9851295,-1
ALOX5,9606.ENSP00000363512,0.98511523,-1
STIL,9606.ENSP00000360944,0.98508954,1
SLC33A1,9606.ENSP00000496241,0.985083,-1
SLC9A5,9606.ENSP00000299798,0.9850642,-1
ETDC,9606.ENSP00000490576,0.98504215,-1
NXPH1,9606.ENSP00000384551,0.98503083,-1
SERPINA9,9606.ENSP00000337133,0.9850269,-1
CYP2E1,9606.ENSP00000440689,0.9850065,-1
TMEM63C,9606.ENSP00000298351,0.98499864,-1
PIGN,9606.ENSP00000492233,0.9849454,-1
MSMB,9606.ENSP00000463092,0.984937,-1
SNTA1,9606.ENSP00000217381,0.98493505,-1
RPL10A,9606.ENSP00000363018,0.9849267,0
ANTXR1,9606.ENSP00000301945,0.98489493,-1
CGA,9606.ENSP00000482232,0.9848756,-1
TRAF4,9606.ENSP00000262395,0.9848381,-1
LY6K,9606.ENSP00000292430,0.98483235,-1
KRTAP19-1,9606.ENSP00000375108,0.98481816,-1
SNTN,9606.ENSP00000341442,0.9848155,-1
ACSM3,9606.ENSP00000289416,0.98480994,-1
PCGF2,9606.ENSP00000482063,0.98479176,1
FRMPD2,9606.ENSP00000363317,0.9847697,-1
TACR2,9606.ENSP00000362403,0.9847505,-1
FTCD,9606.ENSP00000380856,0.9847476,-1
GRM7,9606.ENSP00000350348,0.98474044,-1
B2M,9606.ENSP00000497910,0.98473907,-1
CELA2A,9606.ENSP00000352639,0.9847152,-1
MOSMO,9606.ENSP00000454926,0.98468727,-1
PTPN18,9606.ENSP00000175756,0.9846443,-1
HSPA8,9606.ENSP00000437125,0.98461515,1
MT3,9606.ENSP00000200691,0.9845926,1
DDX3Y,9606.ENSP00000353284,0.9845132,-1
ADAM20,9606.ENSP00000498512,0.9845126,-1
NCKAP1,9606.ENSP00000354251,0.9845084,-1
SPR,9606.ENSP00000234454,0.98450327,-1
DEFB132,9606.ENSP00000371813,0.98445755,-1
KRTAP5-11,9606.ENSP00000381541,0.9844573,-1
KRTAP6-1,9606.ENSP00000332690,0.9844542,-1
MICU3,9606.ENSP00000321455,0.9844236,-1
LRRN3,9606.ENSP00000397312,0.9844199,-1
RABGAP1L,9606.ENSP00000251507,0.98440313,-1
CLEC7A,9606.ENSP00000302569,0.98440033,-1
RBP1,9606.ENSP00000232219,0.98439723,-1
KRTAP1-5,9606.ENSP00000355302,0.9843891,-1
HAPLN1,9606.ENSP00000274341,0.9843535,-1
TH,9606.ENSP00000370571,0.9843491,-1
TBX15,9606.ENSP00000358437,0.98432356,-1
AMHR2,9606.ENSP00000257863,0.984318,-1
CD300LF,9606.ENSP00000462309,0.9843127,-1
CLDND1,9606.ENSP00000377735,0.9843017,-1
GLIS3,9606.ENSP00000371398,0.9843017,-1
HYAL4,9606.ENSP00000223026,0.9842845,-1
LIMK1,9606.ENSP00000336740,0.9842749,-1
KLF6,9606.ENSP00000419923,0.98425424,-1
SIAH3,9606.ENSP00000383256,0.9841854,-1
NEUROG3,9606.ENSP00000242462,0.98418367,-1
RPS26,9606.ENSP00000348849,0.98417306,-1
DEFB130A,9606.ENSP00000382951,0.98416454,-1
ANKRD46,9606.ENSP00000429015,0.98414457,-1
DEFB134,9606.ENSP00000435010,0.98414177,-1
CST9,9606.ENSP00000366170,0.9841092,-1
GALP,9606.ENSP00000349884,0.98409456,-1
MAGEB6,9606.ENSP00000368320,0.9840395,-1
GP5,9606.ENSP00000383931,0.9840178,-1
CD7,9606.ENSP00000312027,0.98400277,-1
GUCY1B1,9606.ENSP00000426786,0.9839716,-1
PGM1,9606.ENSP00000360124,0.98396456,-1
FMO1,9606.ENSP00000346901,0.9839416,-1
PMEL,9606.ENSP00000402758,0.9839378,-1
NR2F2,9606.ENSP00000377721,0.98391044,-1
CD164,9606.ENSP00000309376,0.9839099,-1
CFC1,9606.ENSP00000259216,0.98388404,-1
KRTAP5-7,9606.ENSP00000417330,0.98388404,-1
HAO1,9606.ENSP00000368066,0.983845,-1
SCAP,9606.ENSP00000265565,0.98383623,-1
SRD5A3,9606.ENSP00000264228,0.983787,-1
KRT39,9606.ENSP00000347823,0.98377824,-1
PRDM4,9606.ENSP00000228437,0.9837768,0
GABPB1,9606.ENSP00000220429,0.9837711,-1
NALF2,9606.ENSP00000252338,0.9837695,-1
TMEM255B,9606.ENSP00000364502,0.9837609,-1
UST,9606.ENSP00000356433,0.9837488,-1
ADAM2,9606.ENSP00000265708,0.9837415,-1
PROK1,9606.ENSP00000271331,0.98366445,-1
ARHGAP32,9606.ENSP00000310561,0.9836435,-1
HDAC9,9606.ENSP00000408617,0.9836273,-1
SLC25A34,9606.ENSP00000294454,0.9835789,-1
SLC47A2,9606.ENSP00000326671,0.98356736,-1
CMTM3,9606.ENSP00000400482,0.9835549,-1
PRSS54,9606.ENSP00000219301,0.9835524,-1
MMP24,9606.ENSP00000246186,0.9835517,-1
ZNF385A,9606.ENSP00000338927,0.98354405,1
ASGR2,9606.ENSP00000347140,0.9835382,-1
MAFA,9606.ENSP00000328364,0.9835359,-1
TBC1D4,9606.ENSP00000366863,0.9834937,-1
CD1B,9606.ENSP00000357150,0.9834811,-1
ANKRD28,9606.ENSP00000382379,0.98347396,-1
MXD1,9606.ENSP00000264444,0.9834436,-1
ZMAT3,9606.ENSP00000311221,0.98344284,-1
KCNJ1,9606.ENSP00000376432,0.98342425,-1
AURKA,9606.ENSP00000216911,0.9834093,1
KRTAP1-3,9606.ENSP00000344420,0.98340684,-1
RFT1,9606.ENSP00000296292,0.9834027,-1
PLEKHA3,9606.ENSP00000234453,0.9834009,-1
S100Z,9606.ENSP00000320430,0.9833466,-1
CLEC17A,9606.ENSP00000393719,0.9833341,-1
SGCG,9606.ENSP00000218867,0.983307,-1
COLQ,9606.ENSP00000373298,0.98328054,-1
MACIR,9606.ENSP00000326110,0.98327535,-1
NANOS3,9606.ENSP00000341992,0.9831577,1
DHRS11,9606.ENSP00000482704,0.98314524,-1
RAX2,9606.ENSP00000450456,0.9831255,-1
GALK2,9606.ENSP00000453129,0.98311895,-1
ZG16B,9606.ENSP00000371715,0.9831177,-1
KRTAP6-3,9606.ENSP00000375482,0.98309326,-1
ANGPTL7,9606.ENSP00000366015,0.98307943,-1
HOXB4,9606.ENSP00000328928,0.98305756,-1
LMCD1,9606.ENSP00000157600,0.98304087,-1
MROH9,9606.ENSP00000356733,0.9830374,-1
FIGN,9606.ENSP00000333836,0.9830282,-1
KNCN,9606.ENSP00000419705,0.9829884,-1
CABP1,9606.ENSP00000317310,0.9829842,-1
ADAMTS3,9606.ENSP00000286657,0.98297495,-1
MTNR1A,9606.ENSP00000302811,0.9829658,-1
SLCO1B3,9606.ENSP00000261196,0.982957,-1
DEFB124,9606.ENSP00000326309,0.9829075,-1
GLI2,9606.ENSP00000390436,0.9828646,-1
ACP5,9606.ENSP00000218758,0.98283213,-1
SLCO3A1,9606.ENSP00000320634,0.9828237,-1
C10orf62,9606.ENSP00000359674,0.982822,-1
FAM222B,9606.ENSP00000462419,0.9828219,-1
GPR52,9606.ENSP00000356658,0.98279345,-1
GBP4,9606.ENSP00000359490,0.98278975,-1
PYDC1,9606.ENSP00000304336,0.98276836,-1
FCRLA,9606.ENSP00000356936,0.98273575,-1
KLK10,9606.ENSP00000311746,0.9826643,-1
KPRP,9606.ENSP00000475216,0.9826341,-1
MUC15,9606.ENSP00000431983,0.9826324,-1
RSPO2,9606.ENSP00000276659,0.982611,-1
PRDM12,9606.ENSP00000253008,0.9826105,-1
TMEM178B,9606.ENSP00000456594,0.9825498,-1
MKX,9606.ENSP00000364946,0.98254156,-1
DEFB107A,9606.ENSP00000334681,0.9824981,-1
ACER3,9606.ENSP00000434480,0.9824891,-1
GPIHBP1,9606.ENSP00000480053,0.98245287,-1
CD3E,9606.ENSP00000354566,0.9824405,-1
CR1,9606.ENSP00000356016,0.98243076,-1
GIMAP8,9606.ENSP00000305107,0.9824287,-1
FREM3,9606.ENSP00000332886,0.9824271,-1
AOC1,9606.ENSP00000411613,0.9823422,-1
CALB2,9606.ENSP00000307508,0.98233503,-1
PRSS33,9606.ENSP00000293851,0.9822885,-1
LILRA5,9606.ENSP00000404236,0.98228514,-1
ERLIN2,9606.ENSP00000428112,0.98226464,-1
SPATC1,9606.ENSP00000366690,0.98226273,-1
SLC48A1,9606.ENSP00000415998,0.9822505,-1
SH2D2A,9606.ENSP00000376123,0.98224455,-1
GNA13,9606.ENSP00000400717,0.98221695,-1
CYP39A1,9606.ENSP00000275016,0.9822114,-1
ACACA,9606.ENSP00000483300,0.98216254,-1
KRTAP2-1,9606.ENSP00000375238,0.98214644,-1
MAMDC2,9606.ENSP00000366387,0.9821063,-1
DEFB123,9606.ENSP00000365486,0.98210514,-1
B3GNT2,9606.ENSP00000305595,0.98204136,-1
ZCCHC24,9606.ENSP00000361411,0.9820149,-1
THBS3,9606.ENSP00000357362,0.9819926,-1
BOC,9606.ENSP00000273395,0.9819902,-1
AGO4,9606.ENSP00000362306,0.98198134,1
PDZRN3,9606.ENSP00000263666,0.98196536,-1
HOXA11,9606.ENSP00000006015,0.9819417,-1
ZGLP1,9606.ENSP00000384434,0.9819389,-1
KRTAP4-8,9606.ENSP00000328444,0.9819371,-1
ARHGAP9,9606.ENSP00000499232,0.9819371,-1
NBPF12,9606.ENSP00000478609,0.9819149,-1
SHOX,9606.ENSP00000370990,0.98190963,-1
HSF4,9606.ENSP00000430947,0.9818764,-1
GRIFIN,9606.ENSP00000481185,0.9818733,-1
ARHGEF39,9606.ENSP00000367638,0.98186445,-1
APOL4,9606.ENSP00000338260,0.98184735,-1
MMP11,9606.ENSP00000215743,0.98184437,-1
LIMS1,9606.ENSP00000337598,0.98182976,-1
A4GNT,9606.ENSP00000236709,0.9818117,-1
CCR4,9606.ENSP00000332659,0.98179275,-1
SHANK2,9606.ENSP00000345193,0.98177356,-1
CBLN3,9606.ENSP00000267406,0.98175335,-1
GMFB,9606.ENSP00000350757,0.98175275,-1
HRC,9606.ENSP00000252825,0.9817337,-1
NLRP10,9606.ENSP00000327763,0.9817277,-1
KLK12,9606.ENSP00000250351,0.98169976,-1
SIGLEC9,9606.ENSP00000413861,0.98167795,-1
F9,9606.ENSP00000218099,0.98166615,-1
SFXN3,9606.ENSP00000224807,0.9815894,-1
PGC,9606.ENSP00000362116,0.9814851,-1
RUNX2,9606.ENSP00000360493,0.9814827,-1
CACNG6,9606.ENSP00000252729,0.9814718,-1
SLC7A3,9606.ENSP00000363417,0.9814322,-1
COLEC12,9606.ENSP00000383115,0.98142874,-1
BDKRB2,9606.ENSP00000450482,0.9813789,1
EBPL,9606.ENSP00000242827,0.9813597,-1
TM6SF1,9606.ENSP00000317000,0.98132646,-1
SIRPB2,9606.ENSP00000352849,0.9813023,-1
CA14,9606.ENSP00000358107,0.98126435,-1
CCR9,9606.ENSP00000350256,0.9812541,-1
SLC39A3,9606.ENSP00000269740,0.98122704,-1
ITSN2,9606.ENSP00000347244,0.9812197,-1
TPH1,9606.ENSP00000250018,0.9811958,-1
SCARF1,9606.ENSP00000263071,0.98115885,-1
SLC35F4,9606.ENSP00000452086,0.98115313,-1
RMDN2,9606.ENSP00000234195,0.9811282,-1
SRSF5,9606.ENSP00000452123,0.98108023,-1
SLC12A3,9606.ENSP00000402152,0.9810775,-1
UBALD1,9606.ENSP00000283474,0.9810681,-1
H1-6,9606.ENSP00000341214,0.98105294,-1
ZDHHC5,9606.ENSP00000287169,0.98102933,-1
LINC03040,9606.ENSP00000426159,0.9810012,-1
CASD1,9606.ENSP00000297273,0.9810004,-1
XKR9,9606.ENSP00000386141,0.9809616,-1
KLK15,9606.ENSP00000469315,0.98095703,-1
KLRG1,9606.ENSP00000266551,0.9808888,-1
DGKD,9606.ENSP00000264057,0.9808381,-1
ATAD5,9606.ENSP00000313171,0.9808138,1
IGF1R,9606.ENSP00000497069,0.9807358,1
FMO2,9606.ENSP00000209929,0.98073214,-1
KRTAP6-2,9606.ENSP00000334560,0.9807318,-1
GPR33,9606.ENSP00000421557,0.9807237,-1
DEF8,9606.ENSP00000268676,0.9806287,-1
GOLGA6L4,9606.ENSP00000421586,0.9805597,-1
KRTAP3-2,9606.ENSP00000375429,0.9805468,-1
SGCZ,9606.ENSP00000371512,0.9804992,-1
PLEK2,9606.ENSP00000216446,0.9804975,-1
FAM111A,9606.ENSP00000434435,0.9804622,-1
LILRB5,9606.ENSP00000406478,0.98042285,-1
CCR7,9606.ENSP00000246657,0.98041636,1
CLDN34,9606.ENSP00000403980,0.98039687,-1
CTNNBIP1,9606.ENSP00000366474,0.98034143,-1
SOX21,9606.ENSP00000366144,0.98033524,-1
MEFV,9606.ENSP00000219596,0.9803191,-1
TEX50,9606.ENSP00000489890,0.98031473,-1
SLC25A52,9606.ENSP00000500333,0.98031425,-1
FARP2,9606.ENSP00000264042,0.98030716,-1
GOT2,9606.ENSP00000245206,0.9802924,-1
MMEL1,9606.ENSP00000367668,0.9802798,-1
FOXD4,9606.ENSP00000371940,0.9802388,-1
PI15,9606.ENSP00000260113,0.9802182,-1
CXCR6,9606.ENSP00000395704,0.9801886,-1
SOX1,9606.ENSP00000330218,0.98016274,-1
CEACAM19,9606.ENSP00000384887,0.9801437,-1
ADAM18,9606.ENSP00000265707,0.98013675,-1
CDH24,9606.ENSP00000380517,0.9801191,-1
GGCT,9606.ENSP00000275428,0.9801025,-1
TACSTD2,9606.ENSP00000360269,0.97999907,-1
ICAM4,9606.ENSP00000342114,0.9799661,-1
GOLGA6L22,9606.ENSP00000483673,0.9799351,-1
MARCHF3,9606.ENSP00000309141,0.97992814,-1
MEGF11,9606.ENSP00000386908,0.9799185,-1
RPL21,9606.ENSP00000346027,0.9798741,0
FCGRT,9606.ENSP00000410798,0.9798726,-1
KCNH7,9606.ENSP00000331727,0.979837,-1
FUT2,9606.ENSP00000387498,0.9798355,-1
XAGE3,9606.ENSP00000303061,0.9797921,-1
DMKN,9606.ENSP00000342012,0.979783,-1
CREBBP,9606.ENSP00000262367,0.9797631,1
FOXI3,9606.ENSP00000478384,0.97974855,-1
FHL5,9606.ENSP00000326022,0.97974646,-1
NT5DC4,9606.ENSP00000330247,0.9795951,-1
MAGEA11,9606.ENSP00000347358,0.9795721,-1
GPC4,9606.ENSP00000359864,0.979571,-1
SLC35A5,9606.ENSP00000417654,0.979538,-1
DOK3,9606.ENSP00000349727,0.9795116,-1
HLA-DMB,9606.ENSP00000398890,0.9794587,-1
EMILIN2,9606.ENSP00000254528,0.97944003,1
HSD17B8,9606.ENSP00000363794,0.97942513,-1
PLPP3,9606.ENSP00000360296,0.97942483,-1
ZNF778,9606.ENSP00000405289,0.97934914,-1
CHRND,9606.ENSP00000258385,0.9793137,-1
ART3,9606.ENSP00000348064,0.97925675,-1
F2RL1,9606.ENSP00000296677,0.97923,1
SSH2,9606.ENSP00000444743,0.979222,-1
CA6,9606.ENSP00000366654,0.97917753,-1
HOMER1,9606.ENSP00000334382,0.9791685,-1
AGTR1,9606.ENSP00000398832,0.9791326,-1
CMTM8,9606.ENSP00000307741,0.979122,-1
LYRM4,9606.ENSP00000443900,0.9790567,-1
STARD6,9606.ENSP00000462349,0.97905344,-1
SCGB1D2,9606.ENSP00000244926,0.9790233,-1
SLC9A9,9606.ENSP00000320246,0.9789634,-1
DCXR,9606.ENSP00000303356,0.9789044,-1
C5orf58,9606.ENSP00000490013,0.9788573,-1
FCRL2,9606.ENSP00000355157,0.9788302,-1
PI4KA,9606.ENSP00000255882,0.97882825,-1
FRK,9606.ENSP00000476145,0.9787733,-1
ETV6,9606.ENSP00000379658,0.97877,-1
ARRDC5,9606.ENSP00000371200,0.97874177,-1
CXCR2,9606.ENSP00000319635,0.97873884,1
DNM2,9606.ENSP00000373905,0.9787017,1
FITM2,9606.ENSP00000380037,0.9786759,-1
HLA-DQB1,9606.ENSP00000364080,0.9786485,-1
TBX5,9606.ENSP00000309913,0.97862,-1
KRTAP5-6,9606.ENSP00000371595,0.97859573,-1
TMEM45A,9606.ENSP00000385089,0.97858983,-1
ARHGEF12,9606.ENSP00000380942,0.9785881,-1
SPPL2B,9606.ENSP00000478298,0.9785766,-1
CMIP,9606.ENSP00000446100,0.9785331,-1
C20orf173,9606.ENSP00000403566,0.97853273,-1
FMO5,9606.ENSP00000254090,0.9785084,-1
TMC4,9606.ENSP00000477627,0.9784248,-1
PCSK1,9606.ENSP00000308024,0.97837424,-1
THSD7A,9606.ENSP00000406482,0.9783262,-1
C11orf87,9606.ENSP00000331581,0.97827005,-1
CFHR3,9606.ENSP00000356395,0.97827005,-1
CES1,9606.ENSP00000353720,0.97824585,-1
PIGK,9606.ENSP00000359848,0.978239,-1
ARF4,9606.ENSP00000306010,0.978216,1
RLN3,9606.ENSP00000397415,0.9782038,-1
SUSD3,9606.ENSP00000364621,0.9781571,-1
UXS1,9606.ENSP00000283148,0.9780936,-1
COL4A1,9606.ENSP00000364979,0.97802895,-1
MARCHF1,9606.ENSP00000427223,0.9780166,-1
NTN1,9606.ENSP00000173229,0.9780121,-1
GPRC5C,9606.ENSP00000499092,0.9779609,-1
FOXD4L1,9606.ENSP00000302756,0.97795254,-1
LINGO1,9606.ENSP00000347451,0.9779246,-1
GFRA4,9606.ENSP00000313423,0.9778562,-1
SLC2A12,9606.ENSP00000275230,0.97778624,-1
CEACAM7,9606.ENSP00000006724,0.9777784,-1
SPATA33,9606.ENSP00000462996,0.97771674,-1
VILL,9606.ENSP00000283713,0.97768676,-1
KRTAP10-7,9606.ENSP00000476821,0.97767764,-1
TFF3,9606.ENSP00000430690,0.9776728,-1
PILRB,9606.ENSP00000391748,0.9776675,-1
ADAM30,9606.ENSP00000358407,0.9776653,-1
CD53,9606.ENSP00000497382,0.97765255,-1
ALDH7A1,9606.ENSP00000387123,0.977629,1
HLA-DOB,9606.ENSP00000496848,0.9776259,-1
ATXN1,9606.ENSP00000244769,0.9775844,-1
SH2D1A,9606.ENSP00000360181,0.9775515,-1
SPACA5,9606.ENSP00000304762,0.97746575,-1
CDK19,9606.ENSP00000357907,0.9774329,1
CYP11B2,9606.ENSP00000325822,0.9774226,-1
HEXD,9606.ENSP00000337854,0.97735846,-1
ATG14,9606.ENSP00000247178,0.97731555,-1
ADAMTS7,9606.ENSP00000373472,0.9772848,-1
COL22A1,9606.ENSP00000303153,0.977256,-1
PMEPA1,9606.ENSP00000345826,0.9772453,-1
UNCX,9606.ENSP00000314480,0.977243,-1
CD300LD,9606.ENSP00000364501,0.9771763,-1
NT5C3B,9606.ENSP00000389948,0.97716546,-1
TMEM225B,9606.ENSP00000492416,0.977146,-1
MT-ATP6,9606.ENSP00000354632,0.97702575,-1
FUT4,9606.ENSP00000351602,0.97701865,-1
HTR2C,9606.ENSP00000276198,0.97698,-1
SLC38A11,9606.ENSP00000386272,0.97696906,-1
ENPP3,9606.ENSP00000406261,0.9768729,-1
LY6G5B,9606.ENSP00000365024,0.9768068,-1
APOBEC4,9606.ENSP00000310622,0.976761,-1
SLC60A1,9606.ENSP00000356115,0.9766842,-1
AKR1E2,9606.ENSP00000298375,0.97666216,-1
UNC13C,9606.ENSP00000260323,0.97666204,-1
SRF,9606.ENSP00000265354,0.9764622,-1
ARHGEF25,9606.ENSP00000335560,0.9764266,-1
TBX4,9606.ENSP00000495986,0.97639674,-1
NMUR2,9606.ENSP00000255262,0.9762715,-1
LYSMD4,9606.ENSP00000342840,0.9761712,-1
CHRNB4,9606.ENSP00000261751,0.97611994,-1
KLF14,9606.ENSP00000463287,0.9760802,-1
IFI30,9606.ENSP00000384886,0.97603095,-1
IZUMO4,9606.ENSP00000378712,0.97599006,-1
RSPO3,9606.ENSP00000349131,0.97597015,-1
CLPSL1,9606.ENSP00000362968,0.9759538,-1
TRPM6,9606.ENSP00000354006,0.97590977,-1
LRIT2,9606.ENSP00000438264,0.9759049,-1
TSPAN12,9606.ENSP00000222747,0.9758469,-1
NRAS,9606.ENSP00000358548,0.9758322,-1
PNMA6F,9606.ENSP00000488302,0.9757308,-1
USP17L11,9606.ENSP00000400880,0.97570306,-1
COL9A2,9606.ENSP00000361834,0.97568446,-1
CALML5,9606.ENSP00000369689,0.9756816,-1
LITAFD,9606.ENSP00000490685,0.9756581,-1
LECT2,9606.ENSP00000274507,0.9756168,-1
HTR6,9606.ENSP00000289753,0.9755947,-1
GHSR,9606.ENSP00000241256,0.9755456,1
KRTAP10-9,9606.ENSP00000381009,0.9755003,-1
ANKAR,9606.ENSP00000427882,0.9754809,-1
SCN2B,9606.ENSP00000278947,0.9754705,-1
RTN4RL2,9606.ENSP00000335397,0.97544616,-1
CCDC3,9606.ENSP00000368102,0.97543985,-1
USP17L22,9606.ENSP00000423115,0.9754156,-1
GABRA4,9606.ENSP00000264318,0.975377,-1
RELB,9606.ENSP00000221452,0.97532564,-1
B4GALT2,9606.ENSP00000310696,0.97530955,-1
CPEB4,9606.ENSP00000265085,0.9753051,1
CSNK2A2,9606.ENSP00000262506,0.97529966,1
VCX2,9606.ENSP00000321309,0.97529036,-1
FAM180A,9606.ENSP00000342336,0.9752705,-1
CLEC4G,9606.ENSP00000327599,0.9752667,-1
SLC25A32,9606.ENSP00000297578,0.97524387,-1
LMO1,9606.ENSP00000338207,0.9752058,-1
TXN,9606.ENSP00000363641,0.97515213,-1
FMO3,9606.ENSP00000356729,0.97514683,-1
DOCK3,9606.ENSP00000266037,0.97512925,-1
PNMA8A,9606.ENSP00000318131,0.975071,-1
UGT2A3,9606.ENSP00000251566,0.9750269,-1
HPSE2,9606.ENSP00000359583,0.9750244,-1
ADIRF,9606.ENSP00000361083,0.97497016,-1
SLC17A3,9606.ENSP00000380250,0.9749693,-1
SCOC,9606.ENSP00000477352,0.9749088,-1
DUSP7,9606.ENSP00000417183,0.9748957,-1
SLC17A8,9606.ENSP00000316909,0.97488517,-1
KRTAP26-1,9606.ENSP00000353742,0.97485936,-1
TMEM234,9606.ENSP00000309792,0.9748385,-1
DSPP,9606.ENSP00000498766,0.97477585,-1
THRA,9606.ENSP00000264637,0.97476375,-1
SLC5A7,9606.ENSP00000264047,0.97471535,-1
CHRNB3,9606.ENSP00000289957,0.9747069,-1
SCGB1D1,9606.ENSP00000303070,0.97466075,-1
USP17L2,9606.ENSP00000333329,0.9746345,0
CD200,9606.ENSP00000420298,0.9746337,-1
LYPD1,9606.ENSP00000380605,0.97462547,-1
LRG1,9606.ENSP00000302621,0.9745837,-1
SPARCL1,9606.ENSP00000414856,0.9745783,-1
ATG4A,9606.ENSP00000361306,0.97454166,-1
SHANK1,9606.ENSP00000293441,0.97453487,-1
SDK1,9606.ENSP00000385899,0.9745179,-1
CCR5,9606.ENSP00000292303,0.974484,1
KRTAP19-3,9606.ENSP00000386376,0.97446036,-1
CAPSL,9606.ENSP00000380524,0.9743025,-1
ADGRF5,9606.ENSP00000283296,0.9742965,-1
NXPH2,9606.ENSP00000272641,0.97428656,-1
KRTAP10-12,9606.ENSP00000383216,0.97428495,-1
SLC27A5,9606.ENSP00000263093,0.9742569,-1
ACKR2,9606.ENSP00000416996,0.97421986,-1
FCRL5,9606.ENSP00000354691,0.97406363,-1
NEUROD6,9606.ENSP00000297142,0.97403246,-1
MPPE1,9606.ENSP00000465894,0.974032,-1
RDH16,9606.ENSP00000381206,0.97400814,-1
KRT12,9606.ENSP00000251643,0.9739923,-1
NPFFR2,9606.ENSP00000307822,0.97397363,-1
SLC39A11,9606.ENSP00000445829,0.973957,-1
NLRP14,9606.ENSP00000299481,0.9738781,-1
KRTAP3-1,9606.ENSP00000375430,0.9738358,-1
KRTAP5-2,9606.ENSP00000400041,0.9738011,-1
KRTAP13-2,9606.ENSP00000382777,0.97379804,-1
TRPC3,9606.ENSP00000368966,0.9737887,-1
GADL1,9606.ENSP00000282538,0.9737796,-1
MAFF,9606.ENSP00000442060,0.97375983,-1
GLCE,9606.ENSP00000261858,0.97374934,-1
ADA2,9606.ENSP00000382731,0.97369856,-1
SLA2,9606.ENSP00000262866,0.97360593,-1
ARHGDIB,9606.ENSP00000228945,0.9735777,-1
ASAP2,9606.ENSP00000281419,0.97357315,-1
KRTAP9-1,9606.ENSP00000381488,0.9735589,-1
APOBEC2,9606.ENSP00000244669,0.97355086,-1
KCNQ5,9606.ENSP00000345055,0.97354525,-1
FMO4,9606.ENSP00000356723,0.973532,-1
SLC35F1,9606.ENSP00000353557,0.9734725,-1
RNASE12,9606.ENSP00000450580,0.97343093,-1
ZUP1,9606.ENSP00000357565,0.9734284,-1
PALLD,9606.ENSP00000425556,0.9734268,-1
PLCE1,9606.ENSP00000360431,0.97342324,-1
CD247,9606.ENSP00000354782,0.9733848,-1
RASSF3,9606.ENSP00000443021,0.9732843,-1
CA8,9606.ENSP00000314407,0.97324187,-1
USP17L5,9606.ENSP00000425955,0.9731706,-1
KRTAP19-2,9606.ENSP00000335660,0.9730619,-1
CYP2C9,9606.ENSP00000260682,0.97305447,-1
EDDM13,9606.ENSP00000497858,0.97304565,-1
OAS1,9606.ENSP00000388001,0.9730393,-1
AGMO,9606.ENSP00000341662,0.9730147,-1
KRAS,9606.ENSP00000256078,0.9730118,1
RAMP3,9606.ENSP00000242249,0.9728396,-1
SHISA9,9606.ENSP00000454014,0.9727146,-1
EIF5AL1,9606.ENSP00000430706,0.9727015,-1
HRCT1,9606.ENSP00000346283,0.97269917,-1
ACSS2,9606.ENSP00000253382,0.97263867,-1
KRTAP10-1,9606.ENSP00000383226,0.97263145,-1
CD101,9606.ENSP00000358482,0.972507,-1
SCG5,9606.ENSP00000300175,0.9724991,-1
KRTAP10-4,9606.ENSP00000383225,0.972484,-1
KRTAP19-4,9606.ENSP00000335567,0.9724574,-1
SYNGR4,9606.ENSP00000344041,0.9724347,-1
KCNE2,9606.ENSP00000290310,0.97241646,-1
RFESD,9606.ENSP00000413592,0.97240734,-1
TNP2,9606.ENSP00000325738,0.9723398,-1
MYORG,9606.ENSP00000297625,0.97233015,-1
CYP2D6,9606.ENSP00000496150,0.97221607,-1
CBR1,9606.ENSP00000290349,0.97216964,-1
FCRL1,9606.ENSP00000357158,0.9721666,-1
KCNK5,9606.ENSP00000352527,0.9720889,-1
KRTAP24-1,9606.ENSP00000339238,0.97203946,-1
RNF217,9606.ENSP00000428698,0.9719605,-1
TRIM26,9606.ENSP00000410446,0.9718963,-1
SLC38A9,9606.ENSP00000380074,0.9718891,-1
GABRD,9606.ENSP00000367848,0.97187907,-1
PDIA5,9606.ENSP00000323313,0.9718078,-1
CEP43,9606.ENSP00000355812,0.971807,-1
MPDZ,9606.ENSP00000320006,0.97180647,-1
ENOPH1,9606.ENSP00000273920,0.97179484,-1
UGT2B7,9606.ENSP00000304811,0.9717657,-1
PGLYRP4,9606.ENSP00000352672,0.97165966,-1
FBLN7,9606.ENSP00000331411,0.9715727,-1
SMIM23,9606.ENSP00000430818,0.97154194,-1
INHBE,9606.ENSP00000266646,0.9714427,-1
MSTN,9606.ENSP00000260950,0.9713903,-1
SPACA1,9606.ENSP00000237201,0.97137094,-1
PRMT8,9606.ENSP00000372067,0.97128546,-1
OLFML3,9606.ENSP00000322273,0.97127074,-1
SLC49A4,9606.ENSP00000261038,0.9711647,-1
PTGR2,9606.ENSP00000452280,0.9711435,-1
AREL1,9606.ENSP00000348714,0.97107625,1
PLEK,9606.ENSP00000234313,0.97106665,-1
PLA2G4F,9606.ENSP00000380442,0.97100663,-1
CD72,9606.ENSP00000259633,0.9709915,-1
HDAC6,9606.ENSP00000365804,0.9709858,-1
BGLAP,9606.ENSP00000357255,0.9708819,-1
REL,9606.ENSP00000295025,0.9708199,-1
SOX30,9606.ENSP00000265007,0.9707228,-1
ZNF239,9606.ENSP00000307774,0.9706787,-1
DNAJC10,9606.ENSP00000264065,0.9705866,-1
CIMAP1B,9606.ENSP00000382804,0.9704037,-1
POPDC1,9606.ENSP00000313172,0.970357,-1
TEKTIP1,9606.ENSP00000327950,0.9703264,-1
OPALIN,9606.ENSP00000360214,0.9702984,-1
PROKR1,9606.ENSP00000303775,0.9702773,-1
RGR,9606.ENSP00000352427,0.9702459,-1
ATG12,9606.ENSP00000425107,0.97023755,-1
SP1,9606.ENSP00000329357,0.9702248,1
TRPC6,9606.ENSP00000340913,0.9701914,-1
RENBP,9606.ENSP00000377303,0.970051,-1
MAP3K2,9606.ENSP00000387246,0.9699323,-1
TM6SF2,9606.ENSP00000374014,0.9698991,-1
CEACAM21,9606.ENSP00000385739,0.96987367,-1
SLC25A47,9606.ENSP00000354886,0.9698454,-1
FAM199X,9606.ENSP00000417581,0.96983117,-1
ARMS2,9606.ENSP00000436682,0.9697851,-1
ARHGDIG,9606.ENSP00000219409,0.9697118,-1
ENDOD1,9606.ENSP00000278505,0.96969575,1
NPTXR,9606.ENSP00000327545,0.96967083,-1
ASB17,9606.ENSP00000284142,0.9696546,-1
PXDN,9606.ENSP00000252804,0.969652,-1
PRMT2,9606.ENSP00000380759,0.969592,1
AOC2,9606.ENSP00000253799,0.96957165,-1
LGI4,9606.ENSP00000312273,0.9695412,-1
CLEC10A,9606.ENSP00000254868,0.96942174,-1
CFP,9606.ENSP00000247153,0.96941537,-1
ROBO1,9606.ENSP00000420321,0.969382,-1
SMAD9,9606.ENSP00000369154,0.9693123,-1
KRTAP10-11,9606.ENSP00000334197,0.9692634,-1
HACE1,9606.ENSP00000262903,0.96925026,-1
MTLN,9606.ENSP00000485216,0.9692463,-1
TRIM14,9606.ENSP00000344208,0.9692178,-1
KRTAP17-1,9606.ENSP00000333993,0.9692031,-1
AGBL1,9606.ENSP00000413001,0.9691787,-1
C5AR2,9606.ENSP00000472620,0.9691731,-1
SLC38A5,9606.ENSP00000471683,0.9691686,-1
KRTAP10-5,9606.ENSP00000383223,0.9690963,-1
CLEC9A,9606.ENSP00000348074,0.96907604,-1
NPVF,9606.ENSP00000222674,0.96907324,-1
ADAM10,9606.ENSP00000260408,0.9690581,-1
AHSG,9606.ENSP00000273784,0.96903485,-1
TMEM263,9606.ENSP00000449785,0.96901816,-1
PRR23D1,9606.ENSP00000436580,0.9689408,-1
SALL4,9606.ENSP00000217086,0.968876,-1
SLC25A37,9606.ENSP00000429200,0.9688417,-1
KCNG4,9606.ENSP00000312129,0.9687413,-1
SLC30A8,9606.ENSP00000415011,0.96870494,-1
NEUROD4,9606.ENSP00000242994,0.9686725,-1
DLX4,9606.ENSP00000240306,0.9686285,-1
NLRC5,9606.ENSP00000262510,0.9686067,-1
DGAT2,9606.ENSP00000228027,0.9685708,-1
GABRE,9606.ENSP00000359353,0.96849245,-1
ADGRG3,9606.ENSP00000332900,0.96842605,-1
HSDL1,9606.ENSP00000219439,0.9684161,-1
THNSL1,9606.ENSP00000434887,0.9684096,-1
OPN4,9606.ENSP00000361141,0.96830016,-1
RPL32,9606.ENSP00000416429,0.9682949,0
TMEM33,9606.ENSP00000422473,0.96827745,-1
FCRLB,9606.ENSP00000356925,0.9682695,-1
SHF,9606.ENSP00000290894,0.96826184,-1
P2RY13,9606.ENSP00000320376,0.9681539,-1
ADGRA2,9606.ENSP00000406367,0.9681238,-1
PIP4K2B,9606.ENSP00000482548,0.96812284,-1
CCR1,9606.ENSP00000296140,0.96810305,-1
FSTL3,9606.ENSP00000166139,0.96809,-1
SLC26A11,9606.ENSP00000355384,0.96808195,-1
GPCPD1,9606.ENSP00000368305,0.9680669,-1
KCNJ5-AS1,9606.ENSP00000499245,0.9680452,-1
NBPF1,9606.ENSP00000474456,0.96788824,-1
WFDC2,9606.ENSP00000361761,0.96783787,-1
LDLRAD4,9606.ENSP00000352420,0.9678058,-1
DUSP4,9606.ENSP00000240100,0.9677991,-1
OAS3,9606.ENSP00000228928,0.9677633,-1
PLA2G12A,9606.ENSP00000243501,0.9674849,-1
KRT24,9606.ENSP00000264651,0.9674087,-1
PPFIA1,9606.ENSP00000253925,0.96729726,-1
CHIA,9606.ENSP00000358755,0.9672732,-1
ADGRF2P,9606.ENSP00000296862,0.9671901,-1
MYOM3,9606.ENSP00000363557,0.96716356,-1
SLURP2,9606.ENSP00000319846,0.9671259,-1
KAT2B,9606.ENSP00000263754,0.9670989,1
SLC12A8,9606.ENSP00000377112,0.96696365,-1
UFSP2,9606.ENSP00000264689,0.96691036,-1
C12orf60,9606.ENSP00000331691,0.9668542,-1
PIGW,9606.ENSP00000482202,0.96677345,-1
KRTAP9-7,9606.ENSP00000375149,0.9667714,-1
EREG,9606.ENSP00000244869,0.9667095,1
GATA5,9606.ENSP00000252997,0.9666895,-1
RIPOR3,9606.ENSP00000045083,0.9666477,-1
ENTPD3,9606.ENSP00000301825,0.9666468,-1
KRTAP20-2,9606.ENSP00000330746,0.96654886,-1
LRCOL1,9606.ENSP00000479730,0.9663998,-1
CST7,9606.ENSP00000420384,0.9663608,-1
CAPN9,9606.ENSP00000271971,0.9663476,-1
RGMB,9606.ENSP00000308219,0.9663097,-1
MAGEB1,9606.ENSP00000368264,0.9663006,-1
ATP2A1,9606.ENSP00000349595,0.96626115,-1
HLA-DQB2,9606.ENSP00000396330,0.96622634,-1
SPEGNB,9606.ENSP00000390353,0.9662216,-1
CTRL,9606.ENSP00000458537,0.96605074,-1
HLA-DPA1,9606.ENSP00000393566,0.96603894,-1
C1QTNF6,9606.ENSP00000338812,0.9659643,-1
MAPK8,9606.ENSP00000378974,0.96595675,1
HOPX,9606.ENSP00000450527,0.9658598,-1
CKMT2,9606.ENSP00000404203,0.9658263,-1
GPR78,9606.ENSP00000371927,0.96575713,-1
MT4,9606.ENSP00000219162,0.96572024,-1
LTC4S,9606.ENSP00000292596,0.9656949,-1
TBXT,9606.ENSP00000296946,0.96567374,-1
ABCG2,9606.ENSP00000498246,0.9656037,-1
ST3GAL2,9606.ENSP00000377257,0.9655353,-1
HIPK4,9606.ENSP00000291823,0.9655255,-1
PSPC1,9606.ENSP00000343966,0.9654678,-1
OSR2,9606.ENSP00000414657,0.9653847,-1
STH,9606.ENSP00000443168,0.9651572,-1
NFKBIE,9606.ENSP00000275015,0.9651034,-1
NLRP1,9606.ENSP00000460475,0.96507716,-1
SLC44A2,9606.ENSP00000466664,0.96507305,-1
LGI2,9606.ENSP00000371548,0.9650679,-1
ERFL,9606.ENSP00000491574,0.96489525,-1
GFUS,9606.ENSP00000398803,0.96488565,-1
HECW1,9606.ENSP00000379228,0.96487355,-1
ZIC1,9606.ENSP00000282928,0.9648133,-1
FERD3L,9606.ENSP00000275461,0.96476007,-1
FSHR,9606.ENSP00000384708,0.96474874,-1
CCR6,9606.ENSP00000343952,0.9647039,-1
SLC25A23,9606.ENSP00000301454,0.96469814,-1
SLC25A6,9606.ENSP00000370808,0.96466565,0
SLC51A,9606.ENSP00000296327,0.9646337,-1
NANOS2,9606.ENSP00000341021,0.9646215,0
PRR13,9606.ENSP00000412064,0.96462095,-1
S100A7L2,9606.ENSP00000357714,0.9645545,-1
SAA4,9606.ENSP00000278222,0.9640507,-1
SIX6,9606.ENSP00000328596,0.9640337,-1
COL4A6,9606.ENSP00000378340,0.96401435,-1
RHOT1,9606.ENSP00000351132,0.96392053,-1
KRTAP7-1,9606.ENSP00000479656,0.96387047,-1
BCL3,9606.ENSP00000164227,0.9637858,1
ILDR1,9606.ENSP00000345667,0.963733,-1
SLC44A1,9606.ENSP00000363852,0.9637267,-1
MLLT11,9606.ENSP00000357917,0.96343905,1
KRTAP10-3,9606.ENSP00000375478,0.9634389,-1
GPR83,9606.ENSP00000243673,0.9633288,-1
PARP14,9606.ENSP00000418194,0.9632146,-1
HACL2,9606.ENSP00000263383,0.9631216,-1
WFDC12,9606.ENSP00000361871,0.96307606,-1
KCNQ2,9606.ENSP00000352035,0.963061,-1
GPR85,9606.ENSP00000297146,0.9629381,-1
TBXA2R,9606.ENSP00000393333,0.962911,-1
USP17L15,9606.ENSP00000483519,0.96281683,-1
MC1R,9606.ENSP00000451605,0.96281606,-1
ADAM22,9606.ENSP00000265727,0.962811,-1
HLA-DQA2,9606.ENSP00000364076,0.96280193,-1
MLNR,9606.ENSP00000218721,0.9627792,-1
FRMD7,9606.ENSP00000298542,0.9626397,-1
TAS2R39,9606.ENSP00000405095,0.9626051,-1
IGLL5,9606.ENSP00000431254,0.9625797,-1
HOXB1,9606.ENSP00000355140,0.9623763,-1
KRTAP10-10,9606.ENSP00000369438,0.9623421,-1
CYP2S1,9606.ENSP00000308032,0.96233225,-1
KRTAP10-8,9606.ENSP00000335565,0.96233135,-1
NEB,9606.ENSP00000484342,0.96232474,-1
MEP1A,9606.ENSP00000230588,0.96227235,-1
SERTM1,9606.ENSP00000325776,0.9622055,-1
PTPRQ,9606.ENSP00000495607,0.9620836,-1
FUNDC1,9606.ENSP00000367284,0.9620624,-1
POTEB2,9606.ENSP00000456953,0.9620531,-1
FGGY,9606.ENSP00000360262,0.96202195,-1
CSDC2,9606.ENSP00000302485,0.9620168,-1
UPK1B,9606.ENSP00000264234,0.96199965,-1
MYF6,9606.ENSP00000228641,0.96199685,-1
UCP1,9606.ENSP00000262999,0.96189904,-1
DTNB,9606.ENSP00000384084,0.9618011,-1
CLEC1B,9606.ENSP00000298527,0.96175337,-1
LPAR6,9606.ENSP00000367691,0.9616605,-1
PRSS55,9606.ENSP00000333003,0.96161115,-1
C4B,9606.ENSP00000415941,0.96155757,-1
UNC13A,9606.ENSP00000429562,0.9614986,-1
DERL3,9606.ENSP00000384744,0.96148956,-1
MAGEB6B,9606.ENSP00000488257,0.96142566,-1
TARBP2,9606.ENSP00000266987,0.96133983,-1
CDH23,9606.ENSP00000224721,0.9612462,-1
MFSD1,9606.ENSP00000484175,0.9611126,-1
ZIC3,9606.ENSP00000287538,0.96110123,-1
RNF144B,9606.ENSP00000259939,0.96109784,1
SP140L,9606.ENSP00000397911,0.96108603,-1
C2orf74,9606.ENSP00000398725,0.9609624,-1
NKD1,9606.ENSP00000268459,0.9609131,-1
SLC16A4,9606.ENSP00000358794,0.9608888,-1
CADM3,9606.ENSP00000357106,0.96076596,-1
NECAB3,9606.ENSP00000246190,0.9607055,-1
ZNF683,9606.ENSP00000388792,0.96063733,-1
SNTG1,9606.ENSP00000493900,0.96057475,-1
SGCE,9606.ENSP00000496268,0.9605651,-1
SINHCAF,9606.ENSP00000337477,0.96053743,-1
GJA8,9606.ENSP00000358238,0.96053326,-1
TMEM44,9606.ENSP00000376227,0.96050954,-1
APOA2,9606.ENSP00000356969,0.96049577,-1
KRTAP10-2,9606.ENSP00000375479,0.96045035,-1
KCNK2,9606.ENSP00000394033,0.9603293,-1
CDK5,9606.ENSP00000419782,0.96032643,1
NYX,9606.ENSP00000340328,0.9602802,-1
PLET1,9606.ENSP00000341412,0.96026796,-1
LAMTOR2,9606.ENSP00000357288,0.96025115,0
YES1,9606.ENSP00000462468,0.9601811,-1
KLF18,9606.ENSP00000489024,0.960175,-1
SYK,9606.ENSP00000364898,0.96015245,-1
PTPN4,9606.ENSP00000263708,0.96010137,-1
ITGBL1,9606.ENSP00000365351,0.96008736,-1
C12orf54,9606.ENSP00000447109,0.9600808,-1
SLC25A19,9606.ENSP00000385312,0.96005774,-1
PPIP5K1,9606.ENSP00000400887,0.9600244,-1
XCR1,9606.ENSP00000310405,0.96001124,-1
CXCL17,9606.ENSP00000472467,0.96000695,-1
NLGN2,9606.ENSP00000305288,0.9600003,-1
PTCH2,9606.ENSP00000361266,0.9598848,-1
C8orf34,9606.ENSP00000427820,0.95983624,-1
SZRD1,9606.ENSP00000383866,0.9597493,-1
ZEB1,9606.ENSP00000354487,0.9595788,-1
TPST1,9606.ENSP00000302413,0.9595782,-1
NLRP12,9606.ENSP00000375653,0.9595744,-1
IDO2,9606.ENSP00000443432,0.9595504,-1
VSIG4,9606.ENSP00000363869,0.9595483,-1
SPP2,9606.ENSP00000168148,0.9595114,-1
TMEM38B,9606.ENSP00000363824,0.9594471,-1
CHST10,9606.ENSP00000264249,0.95936865,-1
SYT2,9606.ENSP00000356237,0.959364,-1
SLC67A2,9606.ENSP00000258436,0.95936203,-1
TMEM269,9606.ENSP00000490716,0.95926815,-1
LTO1,9606.ENSP00000279147,0.9591977,-1
TBC1D26,9606.ENSP00000410111,0.9591667,-1
SPRY3,9606.ENSP00000302978,0.9590702,-1
ATP23,9606.ENSP00000300145,0.9590512,-1
APOL6,9606.ENSP00000386280,0.9588606,-1
SLC25A35,9606.ENSP00000464231,0.95884794,-1
KHK,9606.ENSP00000260599,0.95871484,-1
BLMH,9606.ENSP00000261714,0.9585505,-1
A1BG,9606.ENSP00000263100,0.958482,-1
CEND1,9606.ENSP00000328336,0.9584777,-1
LHX9,9606.ENSP00000356357,0.9584374,-1
ELN,9606.ENSP00000351807,0.9584306,-1
SLC24A5,9606.ENSP00000341550,0.95832217,-1
NKG7,9606.ENSP00000221978,0.9583219,-1
CPT1B,9606.ENSP00000379011,0.9582844,-1
MARS2,9606.ENSP00000282276,0.95826656,-1
EIF5A2,9606.ENSP00000295822,0.95818394,-1
EURL,9606.ENSP00000284881,0.9580553,-1
SSH1,9606.ENSP00000315713,0.95793194,-1
SULT1A3,9606.ENSP00000353600,0.95782846,-1
KRTAP12-3,9606.ENSP00000381005,0.9578147,-1
ANO4,9606.ENSP00000376703,0.95779103,-1
SDR42E1,9606.ENSP00000332407,0.9575618,-1
SNU13,9606.ENSP00000383949,0.9574093,-1
SLC2A3,9606.ENSP00000075120,0.9573902,-1
KRTAP5-8,9606.ENSP00000420723,0.9572413,-1
ACKR5,9606.ENSP00000300098,0.9572001,-1
FAAH2,9606.ENSP00000364035,0.9571489,-1
LRRN1,9606.ENSP00000314901,0.95702624,-1
SORT1,9606.ENSP00000256637,0.9570216,-1
SFTA3,9606.ENSP00000428331,0.9569527,-1
DCUN1D1,9606.ENSP00000292782,0.95683306,-1
HOXC4,9606.ENSP00000399808,0.9568055,-1
SLC25A2,9606.ENSP00000239451,0.95647246,-1
PRSS27,9606.ENSP00000306390,0.95643604,-1
KRTAP9-6,9606.ENSP00000375150,0.9563837,-1
IFI44,9606.ENSP00000359783,0.95637596,-1
LPAR5,9606.ENSP00000393098,0.95623666,-1
CST9L,9606.ENSP00000366178,0.9561576,-1
WNT3A,9606.ENSP00000284523,0.9560357,-1
ALKAL1,9606.ENSP00000351345,0.95600736,-1
CYP2C18,9606.ENSP00000285979,0.95591855,-1
USP17L3,9606.ENSP00000485323,0.95583385,-1
PPP1R10,9606.ENSP00000365694,0.95560944,1
CACNG5,9606.ENSP00000436836,0.955532,-1
NFKBIZ,9606.ENSP00000325663,0.9555268,-1
SLURP1,9606.ENSP00000246515,0.9554503,-1
CSRP1,9606.ENSP00000356275,0.95536566,-1
TEX26,9606.ENSP00000369840,0.95532376,-1
NFYA,9606.ENSP00000345702,0.95531267,-1
ADAMTS20,9606.ENSP00000374071,0.9552531,1
ADAM28,9606.ENSP00000265769,0.9552443,-1
FAM222A,9606.ENSP00000443292,0.95523506,-1
PRLH,9606.ENSP00000165524,0.9552195,-1
TMEM176B,9606.ENSP00000410269,0.9552009,-1
NXPE1,9606.ENSP00000251921,0.9551679,-1
CNIH4,9606.ENSP00000420443,0.955152,-1
BTNL2,9606.ENSP00000390613,0.9550888,-1
RASGRP1,9606.ENSP00000310244,0.9550577,-1
PAK4,9606.ENSP00000469413,0.9549768,1
PITX2,9606.ENSP00000495061,0.95496505,-1
PILRA,9606.ENSP00000198536,0.95494086,-1
RNASE2,9606.ENSP00000303276,0.95479083,-1
MARK4,9606.ENSP00000262891,0.9547101,1
HSPA1A,9606.ENSP00000364801,0.95468986,1
AHNAK2,9606.ENSP00000353114,0.9546209,-1
KRTAP20-1,9606.ENSP00000335503,0.95443225,-1
ASIC4,9606.ENSP00000350786,0.95438206,-1
FOXK1,9606.ENSP00000328720,0.95425266,-1
KRT36,9606.ENSP00000329165,0.95419276,-1
SLC25A20,9606.ENSP00000326305,0.9541798,-1
SH2B3,9606.ENSP00000345492,0.95411104,-1
GDF6,9606.ENSP00000287020,0.9539627,-1
FAM117A,9606.ENSP00000240364,0.95375323,-1
PRND,9606.ENSP00000306900,0.9537167,-1
FIGNL1,9606.ENSP00000410811,0.9536263,1
DRP2,9606.ENSP00000378635,0.95359266,-1
LEAP2,9606.ENSP00000296877,0.9535849,-1
CD36,9606.ENSP00000415743,0.9534987,-1
DHRS9,9606.ENSP00000389241,0.95317054,-1
TMEM86B,9606.ENSP00000321038,0.9530903,-1
PIGF,9606.ENSP00000281382,0.9530817,-1
MAGEB5,9606.ENSP00000473493,0.95306605,-1
TAS2R4,9606.ENSP00000247881,0.95293623,-1
GPR45,9606.ENSP00000258456,0.95259124,-1
ESRRA,9606.ENSP00000384851,0.9523654,-1
SETSIP,9606.ENSP00000480946,0.9522681,-1
GCSAM,9606.ENSP00000419485,0.95226705,-1
KRTAP9-2,9606.ENSP00000366950,0.95226216,-1
BHLHA15,9606.ENSP00000476312,0.9521086,-1
HBG2,9606.ENSP00000338082,0.95194024,-1
APOL5,9606.ENSP00000249044,0.95189357,-1
HBD,9606.ENSP00000494708,0.95180005,-1
SLC35F2,9606.ENSP00000436785,0.9516082,-1
APOA4,9606.ENSP00000350425,0.95148593,-1
ENOSF1,9606.ENSP00000497230,0.9514671,-1
TMEM151A,9606.ENSP00000326244,0.95144933,-1
KRT72,9606.ENSP00000293745,0.9514134,-1
AKAP19,9606.ENSP00000345107,0.9513744,-1
DDTL,9606.ENSP00000215770,0.95136344,-1
ADGRL4,9606.ENSP00000359778,0.95133114,-1
PATJ,9606.ENSP00000494277,0.95113605,-1
CSPG4,9606.ENSP00000312506,0.9509319,-1
PGM5,9606.ENSP00000379678,0.9508015,-1
GRK7,9606.ENSP00000264952,0.950672,-1
C17orf50,9606.ENSP00000475146,0.95055187,-1
ZCCHC18,9606.ENSP00000482195,0.95041275,-1
ANKRD22,9606.ENSP00000360998,0.9501221,-1
PGPEP1,9606.ENSP00000269919,0.94997305,-1
TMEM175,9606.ENSP00000264771,0.94974625,-1
APOL3,9606.ENSP00000344577,0.94971055,-1
UGT3A2,9606.ENSP00000282507,0.9496465,-1
KRTAP1-4,9606.ENSP00000366976,0.9495345,-1
SERTAD4,9606.ENSP00000355979,0.94925046,-1
KRT40,9606.ENSP00000366984,0.9488529,-1
NME7,9606.ENSP00000356785,0.94881094,-1
CSRP2,9606.ENSP00000310901,0.94872516,-1
CST11,9606.ENSP00000366208,0.94864535,-1
TLX3,9606.ENSP00000296921,0.9486451,-1
TBR1,9606.ENSP00000374205,0.9483904,-1
LIPH,9606.ENSP00000296252,0.9482284,-1
MOGAT1,9606.ENSP00000406674,0.94812983,-1
CGAS,9606.ENSP00000359339,0.94801646,-1
SPACA4,9606.ENSP00000312774,0.9479781,-1
TMEM267,9606.ENSP00000426067,0.9479555,-1
CDC42EP3,9606.ENSP00000480549,0.94795334,-1
RALGPS2,9606.ENSP00000356607,0.9477407,-1
CIB3,9606.ENSP00000269878,0.9477022,-1
COL8A2,9606.ENSP00000380901,0.9476084,-1
C19orf73,9606.ENSP00000386230,0.94756913,-1
PML,9606.ENSP00000268058,0.9474903,1
MAGEC2,9606.ENSP00000354660,0.9474479,-1
RIDA,9606.ENSP00000254878,0.94743025,-1
GRIP1,9606.ENSP00000381098,0.9473152,-1
ACRBP,9606.ENSP00000229243,0.94724923,-1
SCYGR1,9606.ENSP00000493109,0.9470174,-1
GRIN3A,9606.ENSP00000355155,0.94683105,-1
CHDH,9606.ENSP00000319851,0.9466106,-1
PALM2AKAP2,9606.ENSP00000363654,0.94643486,-1
IL17REL,9606.ENSP00000374633,0.9464095,-1
MLANA,9606.ENSP00000370886,0.9463824,-1
PCDH7,9606.ENSP00000441802,0.9463548,-1
NMB,9606.ENSP00000378089,0.946178,-1
GPR50,9606.ENSP00000218316,0.9461765,-1
PAGE2,9606.ENSP00000364107,0.94601816,-1
MLXIP,9606.ENSP00000312834,0.94595855,-1
PTPRCAP,9606.ENSP00000325589,0.9458778,-1
TAS2R60,9606.ENSP00000327724,0.9457117,-1
P2RX3,9606.ENSP00000263314,0.94555056,-1
GNAT2,9606.ENSP00000251337,0.9453526,-1
CHST3,9606.ENSP00000362207,0.94529647,-1
NXPE2,9606.ENSP00000374237,0.9452691,-1
INPP5A,9606.ENSP00000357583,0.94508845,-1
CCDC184,9606.ENSP00000320849,0.94504404,-1
TMIGD1,9606.ENSP00000332404,0.9450364,1
APOA5,9606.ENSP00000445002,0.94503456,-1
CDO1,9606.ENSP00000250535,0.9449935,-1
NEMP1,9606.ENSP00000300128,0.94490695,-1
EOMES,9606.ENSP00000388620,0.94483215,-1
RIMKLB,9606.ENSP00000350136,0.9447251,-1
HLA-DRA,9606.ENSP00000378786,0.9445982,-1
USP17L13,9606.ENSP00000414392,0.94455034,-1
S100A2,9606.ENSP00000499289,0.94452596,-1
BCO2,9606.ENSP00000350314,0.94451386,-1
MTRR,9606.ENSP00000402510,0.94447535,-1
FLT3LG,9606.ENSP00000469613,0.94446206,-1
BLNK,9606.ENSP00000224337,0.94445163,-1
TRPV3,9606.ENSP00000301365,0.94436127,-1
FXYD3,9606.ENSP00000473929,0.94434637,-1
C4A,9606.ENSP00000396688,0.9442217,-1
SOX18,9606.ENSP00000341815,0.9440934,-1
PITX1,9606.ENSP00000265340,0.9439087,-1
ZNF548,9606.ENSP00000337555,0.9437304,-1
USP17L8,9606.ENSP00000485306,0.94366926,-1
ST6GALNAC3,9606.ENSP00000329214,0.94365096,-1
CXCR1,9606.ENSP00000295683,0.9434376,-1
TNFRSF19,9606.ENSP00000371693,0.94342643,-1
COTL1,9606.ENSP00000262428,0.9433892,-1
TLCD3A,9606.ENSP00000312017,0.9431558,-1
SPINK9,9606.ENSP00000367139,0.9431556,-1
UNC45A,9606.ENSP00000407487,0.9430764,-1
HSD17B7,9606.ENSP00000254521,0.943068,-1
COQ3,9606.ENSP00000254759,0.9429155,-1
PDXK,9606.ENSP00000291565,0.94290423,-1
CCR2,9606.ENSP00000292301,0.9426812,-1
PRR12,9606.ENSP00000394510,0.94262165,-1
ADCY1,9606.ENSP00000297323,0.94261605,-1
KRTAP22-1,9606.ENSP00000333887,0.9425023,-1
UGT2B11,9606.ENSP00000387683,0.94240874,-1
GPD2,9606.ENSP00000308610,0.94235355,-1
UAP1L1,9606.ENSP00000386935,0.9419525,-1
IBSP,9606.ENSP00000226284,0.9419311,-1
TRAT1,9606.ENSP00000295756,0.9418183,-1
DCHS1,9606.ENSP00000299441,0.94159704,-1
SIGMAR1,9606.ENSP00000277010,0.9414885,1
FNDC5,9606.ENSP00000362570,0.94144034,-1
ARTN,9606.ENSP00000387435,0.9413408,-1
SLC24A4,9606.ENSP00000431840,0.94126487,-1
PLCXD2,9606.ENSP00000420686,0.94114006,-1
POU2AF1,9606.ENSP00000376786,0.9409234,-1
ZBTB40,9606.ENSP00000384527,0.94062054,-1
XIRP1,9606.ENSP00000343140,0.9405122,-1
LY96,9606.ENSP00000284818,0.94033223,-1
IGLL1,9606.ENSP00000329312,0.94029284,-1
TMEM272,9606.ENSP00000490718,0.94023746,-1
FOXO3B,9606.ENSP00000499455,0.94020176,-1
SVOPL,9606.ENSP00000405482,0.9401326,-1
GAGE10,9606.ENSP00000385415,0.940084,-1
GABRA6,9606.ENSP00000274545,0.9400765,-1
GMFG,9606.ENSP00000472249,0.940061,-1
TMEM80,9606.ENSP00000380646,0.93985933,-1
LHX2,9606.ENSP00000362717,0.93975264,-1
DRD1,9606.ENSP00000377353,0.93969727,-1
KRTAP10-6,9606.ENSP00000383219,0.9396203,-1
CLIP4,9606.ENSP00000327009,0.93960446,-1
DLG4,9606.ENSP00000497806,0.9392761,-1
RPS17,9606.ENSP00000498019,0.9389465,-1
APLP1,9606.ENSP00000221891,0.9387159,-1
NOS1AP,9606.ENSP00000355133,0.93871355,-1
HAVCR1,9606.ENSP00000487363,0.93862414,-1
ARRDC4,9606.ENSP00000268042,0.9378453,-1
RIPPLY1,9606.ENSP00000276173,0.9378152,-1
HEY1,9606.ENSP00000338272,0.93777215,-1
TRDN,9606.ENSP00000333984,0.937756,-1
DTX2,9606.ENSP00000322885,0.93775284,-1
DHFR,9606.ENSP00000396308,0.9371166,-1
PTPRN,9606.ENSP00000295718,0.9370413,-1
ENTPD2,9606.ENSP00000347213,0.9369077,-1
EPB41L5,9606.ENSP00000263713,0.9366579,-1
TMPRSS3,9606.ENSP00000411013,0.9366033,-1
TP53TG5,9606.ENSP00000361811,0.93641585,-1
IMPA2,9606.ENSP00000269159,0.93636256,-1
P2RX1,9606.ENSP00000225538,0.93614125,-1
C1orf115,9606.ENSP00000294889,0.9360588,-1
NBPF11,9606.ENSP00000477509,0.93599147,-1
PROZ,9606.ENSP00000344458,0.9359665,-1
IGSF22,9606.ENSP00000421191,0.9354934,-1
SLC22A8,9606.ENSP00000337335,0.9351269,-1
GPR171,9606.ENSP00000308479,0.9349897,-1
CSNK2A1,9606.ENSP00000217244,0.9349771,1
BLVRB,9606.ENSP00000263368,0.9345715,-1
HSD17B14,9606.ENSP00000263278,0.93448186,-1
KRTAP12-4,9606.ENSP00000375476,0.9341635,-1
RTN4R,9606.ENSP00000043402,0.93402195,-1
LRRC39,9606.ENSP00000480740,0.9339443,-1
HOXC12,9606.ENSP00000243103,0.93377036,-1
SLC3A1,9606.ENSP00000260649,0.933685,-1
HERPUD1,9606.ENSP00000409555,0.9336399,1
DEFB136,9606.ENSP00000371644,0.9334883,-1
WNT3,9606.ENSP00000225512,0.93347013,-1
PATE3,9606.ENSP00000395505,0.93332773,-1
ZIM2,9606.ENSP00000486502,0.93291694,-1
PALS2,9606.ENSP00000222644,0.9328947,-1
VPREB3,9606.ENSP00000248948,0.9328923,-1
CXADR,9606.ENSP00000284878,0.93283993,-1
USH2A,9606.ENSP00000305941,0.93267256,-1
SCN7A,9606.ENSP00000496114,0.9326528,-1
PRSS21,9606.ENSP00000005995,0.9323131,-1
TMEM158,9606.ENSP00000422431,0.9322862,-1
SUPT16H,9606.ENSP00000216297,0.9320479,-1
TXK,9606.ENSP00000264316,0.93203473,-1
GPR152,9606.ENSP00000310255,0.9319058,-1
G6PC1,9606.ENSP00000253801,0.9317958,-1
SLC35B3,9606.ENSP00000368981,0.93141484,-1
CRB3,9606.ENSP00000349204,0.93137646,-1
MT-ND5,9606.ENSP00000354813,0.93131745,-1
STEAP1,9606.ENSP00000297205,0.931048,-1
CALML6,9606.ENSP00000304643,0.9308339,-1
PLEKHA1,9606.ENSP00000357986,0.930519,-1
UAP1,9606.ENSP00000271469,0.9305029,-1
TBX21,9606.ENSP00000177694,0.9304107,-1
MAPK9,9606.ENSP00000394560,0.93036765,1
CCDC28A,9606.ENSP00000479060,0.93025833,-1
AGO1,9606.ENSP00000362300,0.92990375,-1
C1QL1,9606.ENSP00000253407,0.92969114,-1
MACROD1,9606.ENSP00000255681,0.929659,-1
AGTR2,9606.ENSP00000360973,0.9296521,1
SORD,9606.ENSP00000267814,0.92895794,-1
TGOLN2,9606.ENSP00000386443,0.9288247,-1
ATP13A1,9606.ENSP00000349877,0.92881775,-1
CS,9606.ENSP00000342056,0.9288161,-1
TMEM91,9606.ENSP00000375859,0.9288015,-1
ALDH2,9606.ENSP00000261733,0.92870307,-1
KRTAP2-2,9606.ENSP00000381494,0.9286137,-1
TMEM86A,9606.ENSP00000280734,0.9285218,-1
AGK,9606.ENSP00000497280,0.92792726,-1
TBX22,9606.ENSP00000362393,0.9277622,-1
SMCO2,9606.ENSP00000387617,0.9273028,-1
C19orf18,9606.ENSP00000321519,0.9272159,-1
PDE3B,9606.ENSP00000282096,0.92721266,-1
TMEM140,9606.ENSP00000275767,0.92686754,-1
LAT2,9606.ENSP00000381492,0.9268366,-1
KCNE4,9606.ENSP00000281830,0.9263086,-1
C22orf31,9606.ENSP00000216071,0.9260238,-1
SPANXN4,9606.ENSP00000405210,0.92593634,-1
MYBPC2,9606.ENSP00000350332,0.9257882,-1
MGAT5B,9606.ENSP00000391227,0.92532074,-1
INMT,9606.ENSP00000013222,0.92530745,-1
RPP40,9606.ENSP00000369391,0.9252749,-1
IRF6,9606.ENSP00000355988,0.9252394,-1
TEX35,9606.ENSP00000323795,0.92501974,-1
FXYD5,9606.ENSP00000444839,0.9250173,-1
FBLIM1,9606.ENSP00000416387,0.9246962,-1
TRPM1,9606.ENSP00000437849,0.9245742,-1
DMBT1,9606.ENSP00000357905,0.92457396,-1
BTBD7,9606.ENSP00000335615,0.9243527,-1
MEX3B,9606.ENSP00000329918,0.9240603,-1
ADAM23,9606.ENSP00000264377,0.92397517,-1
VCX3A,9606.ENSP00000370479,0.9239133,-1
SLC41A2,9606.ENSP00000258538,0.92369986,-1
MUC12,9606.ENSP00000441929,0.92304873,-1
SLC22A9,9606.ENSP00000279178,0.92290616,-1
NCR3,9606.ENSP00000342156,0.92274874,-1
CXXC4,9606.ENSP00000378248,0.92256606,-1
SORBS2,9606.ENSP00000347852,0.92247564,-1
SAA2,9606.ENSP00000436126,0.9224707,-1
FAM111B,9606.ENSP00000341565,0.922396,-1
PATE2,9606.ENSP00000351325,0.9222651,-1
DLK2,9606.ENSP00000349893,0.92214996,-1
ISYNA1,9606.ENSP00000337746,0.9221397,-1
MAB21L1,9606.ENSP00000369251,0.9220865,-1
GJD4,9606.ENSP00000315070,0.92194045,-1
VMO1,9606.ENSP00000328397,0.92191225,-1
ALG9,9606.ENSP00000482396,0.9217828,-1
CD200R1L,9606.ENSP00000381272,0.9217089,-1
SLC2A14,9606.ENSP00000445929,0.9216806,-1
LCE1A,9606.ENSP00000334869,0.92143106,-1
MAP3K6,9606.ENSP00000350195,0.9214115,-1
HERC6,9606.ENSP00000264346,0.92139506,-1
ZIC2,9606.ENSP00000365514,0.92130196,-1
PHF6,9606.ENSP00000329097,0.9208497,-1
CIP2A,9606.ENSP00000295746,0.9207483,-1
CACNG7,9606.ENSP00000375647,0.9205855,-1
SPMIP4,9606.ENSP00000283905,0.9205704,-1
GABRR1,9606.ENSP00000412673,0.92052203,-1
PLD2,9606.ENSP00000263088,0.92010415,-1
PLTP,9606.ENSP00000417138,0.92004734,-1
INSIG1,9606.ENSP00000344741,0.9196681,-1
FGD6,9606.ENSP00000344446,0.91960156,-1
NMNAT1,9606.ENSP00000366410,0.9195434,-1
LHFPL4,9606.ENSP00000287585,0.9194703,-1
TAS2R1,9606.ENSP00000371932,0.9190725,-1
RPL22,9606.ENSP00000346088,0.9188776,0
TMEM217B,9606.ENSP00000499172,0.91884786,-1
TNS3,9606.ENSP00000312143,0.9185995,-1
SEC63,9606.ENSP00000357998,0.918595,-1
PRELID3A,9606.ENSP00000338988,0.91856104,-1
PGK1,9606.ENSP00000362413,0.9185188,-1
SLCO1C1,9606.ENSP00000444149,0.9183428,-1
SUSD4,9606.ENSP00000344219,0.91831315,-1
RNASE11,9606.ENSP00000451318,0.9179196,-1
ERAP2,9606.ENSP00000400376,0.91791874,-1
DNTT,9606.ENSP00000360216,0.9176817,-1
SOD2,9606.ENSP00000446252,0.91751575,1
PITRM1,9606.ENSP00000370377,0.9173799,-1
ADORA2B,9606.ENSP00000304501,0.9171114,-1
TMPRSS2,9606.ENSP00000381588,0.91710216,-1
IFI35,9606.ENSP00000395590,0.91700727,-1
ADORA3,9606.ENSP00000241356,0.91673905,-1
LCE1B,9606.ENSP00000353203,0.91668797,-1
SLC22A14,9606.ENSP00000273173,0.9163219,-1
LCE1E,9606.ENSP00000357759,0.9162271,-1
S1PR4,9606.ENSP00000246115,0.9159341,-1
ADCY7,9606.ENSP00000501053,0.915933,-1
LCE1F,9606.ENSP00000334187,0.91586787,-1
VSTM1,9606.ENSP00000343366,0.9157434,-1
P2RX5,9606.ENSP00000225328,0.91560847,-1
MOCOS,9606.ENSP00000261326,0.91558146,-1
B4GALNT2,9606.ENSP00000300404,0.91526514,-1
TRIM50,9606.ENSP00000327994,0.91507363,-1
TKTL2,9606.ENSP00000280605,0.91491055,-1
LCE4A,9606.ENSP00000357766,0.91468936,-1
LCE1C,9606.ENSP00000475270,0.9146471,-1
OXER1,9606.ENSP00000367930,0.9145766,-1
LIN7A,9606.ENSP00000447488,0.9145698,-1
SMIM24,9606.ENSP00000215531,0.91446036,-1
C3orf70,9606.ENSP00000334974,0.9132859,-1
RNASE3,9606.ENSP00000302324,0.912829,-1
IGFBPL1,9606.ENSP00000366923,0.9128151,-1
ALDH1L2,9606.ENSP00000258494,0.9127217,-1
TNS2,9606.ENSP00000319756,0.91237855,-1
ALDH1L1,9606.ENSP00000273450,0.9122818,-1
TRIM61,9606.ENSP00000332288,0.91213024,-1
P2RX2,9606.ENSP00000343339,0.9120371,-1
KRTAP2-3,9606.ENSP00000375237,0.91182375,-1
SIN3B,9606.ENSP00000369131,0.91176486,-1
CEACAM20,9606.ENSP00000481937,0.9115208,-1
RPL34,9606.ENSP00000378163,0.911289,0
STYK1,9606.ENSP00000075503,0.91092134,-1
PRKAB1,9606.ENSP00000441369,0.91084504,-1
RMND5B,9606.ENSP00000420875,0.9108126,-1
ETNPPL,9606.ENSP00000296486,0.910588,-1
CDCA4,9606.ENSP00000337226,0.9105342,-1
LYG2,9606.ENSP00000327533,0.9104873,-1
TNFAIP8,9606.ENSP00000427424,0.91034067,1
FSTL5,9606.ENSP00000305334,0.91019565,-1
SOX14,9606.ENSP00000305343,0.9100922,-1
GPR32,9606.ENSP00000270590,0.9094659,-1
CLDN18,9606.ENSP00000340939,0.9092144,-1
SPANXN5,9606.ENSP00000364661,0.90917957,-1
MYCT1,9606.ENSP00000356214,0.9086652,-1
FAT1,9606.ENSP00000406229,0.90816593,-1
VANGL1,9606.ENSP00000347672,0.9080044,-1
DCBLD1,9606.ENSP00000296955,0.9079118,-1
KRTAP19-7,9606.ENSP00000334696,0.9074375,-1
CSTB,9606.ENSP00000291568,0.9072359,-1
TSTD1,9606.ENSP00000388293,0.90715116,-1
AACS,9606.ENSP00000324842,0.9070748,-1
SLC19A1,9606.ENSP00000308895,0.90699625,-1
APOC4,9606.ENSP00000468236,0.90699255,-1
CELA2B,9606.ENSP00000365075,0.9068316,-1
CCRL2,9606.ENSP00000349967,0.90651894,-1
SCIMP,9606.ENSP00000461269,0.9061897,-1
KRTAP23-1,9606.ENSP00000346536,0.90548414,-1
HYAL3,9606.ENSP00000337425,0.9050481,-1
GARIN1B,9606.ENSP00000326652,0.9046727,-1
MYBPH,9606.ENSP00000255416,0.90450305,-1
LCE2D,9606.ENSP00000357773,0.9044248,-1
TYW5,9606.ENSP00000346627,0.90417606,-1
KRTAP16-1,9606.ENSP00000375147,0.9041659,-1
ARHGEF5,9606.ENSP00000056217,0.9039715,-1
GBP7,9606.ENSP00000294671,0.90377915,-1
MDGA2,9606.ENSP00000405456,0.9037781,-1
RHBDL2,9606.ENSP00000289248,0.90377146,-1
NOTCH4,9606.ENSP00000364163,0.9034947,-1
GYG2,9606.ENSP00000370555,0.90340346,-1
TVP23B,9606.ENSP00000305654,0.9033274,-1
RPL27A,9606.ENSP00000346015,0.90281516,0
MGAT4D,9606.ENSP00000421185,0.902671,-1
PTGDR,9606.ENSP00000303424,0.90224904,-1
PRSS37,9606.ENSP00000297767,0.90223825,-1
S100PBP,9606.ENSP00000362574,0.90214616,-1
PCP2,9606.ENSP00000310585,0.90202355,-1
CORT,9606.ENSP00000366248,0.9018868,-1
DTX3,9606.ENSP00000448696,0.90154225,-1
CRYZL1,9606.ENSP00000370966,0.90146685,-1
LCE2B,9606.ENSP00000357769,0.9014095,-1
CIITA,9606.ENSP00000485010,0.9010406,-1
LRRC4,9606.ENSP00000249363,0.9010052,-1
KLF3,9606.ENSP00000261438,0.9008882,-1
CDHR5,9606.ENSP00000380676,0.90083665,-1
ST8SIA1,9606.ENSP00000379353,0.90054905,-1
GCA,9606.ENSP00000394842,0.90054584,-1
SOSTDC1,9606.ENSP00000304930,0.9004373,-1
PSTPIP1,9606.ENSP00000452746,0.90042645,-1
SFXN1,9606.ENSP00000316905,0.90033174,-1
LCE1D,9606.ENSP00000316737,0.90012443,-1
ZNF776,9606.ENSP00000321812,0.8999631,-1
C1QL3,9606.ENSP00000298943,0.89931846,-1
NPR3,9606.ENSP00000265074,0.8987493,-1
PNPLA8,9606.ENSP00000257694,0.8985984,-1
HTD2,9606.ENSP00000481593,0.89810646,-1
EVA1A,9606.ENSP00000377490,0.89747363,-1
CFAP68,9606.ENSP00000260276,0.89736277,-1
NPR1,9606.ENSP00000357669,0.89731044,-1
FEV,9606.ENSP00000295727,0.8972586,-1
SIAE,9606.ENSP00000263593,0.89689857,-1
LYPD2,9606.ENSP00000352163,0.89614594,-1
WFDC5,9606.ENSP00000361875,0.896069,-1
ZNF77,9606.ENSP00000319053,0.8957926,-1
PRSS8,9606.ENSP00000319730,0.89558977,-1
B3GALNT1,9606.ENSP00000498660,0.8955682,-1
SMPDL3A,9606.ENSP00000357425,0.89526874,-1
LDLRAD3,9606.ENSP00000318607,0.8949606,-1
MOXD1,9606.ENSP00000356940,0.89495623,-1
CYP2A6,9606.ENSP00000301141,0.8948569,-1
MYL7,9606.ENSP00000223364,0.89435184,-1
GPR141,9606.ENSP00000390410,0.89393544,-1
NXPE4,9606.ENSP00000364627,0.893557,-1
KRT80,9606.ENSP00000378292,0.89332944,-1
EDNRB,9606.ENSP00000366416,0.893277,1
FRS3,9606.ENSP00000362109,0.8932256,-1
MPP7,9606.ENSP00000337907,0.8931314,-1
HYKK,9606.ENSP00000373640,0.8929516,-1
DPYSL3,9606.ENSP00000343690,0.8926345,-1
SLC9B2,9606.ENSP00000378265,0.89239144,-1
NECAB2,9606.ENSP00000307449,0.89215595,-1
LHFPL6,9606.ENSP00000368908,0.892065,-1
RCAN1,9606.ENSP00000370527,0.8915423,-1
NR1D1,9606.ENSP00000246672,0.8914182,-1
IARS2,9606.ENSP00000355889,0.8911024,-1
CRHR2,9606.ENSP00000340943,0.8906958,-1
SLC17A5,9606.ENSP00000348019,0.8906126,-1
SLC22A3,9606.ENSP00000275300,0.890316,-1
P2RY2,9606.ENSP00000310305,0.89001757,-1
SAA1,9606.ENSP00000384906,0.89001346,-1
C10orf105,9606.ENSP00000403151,0.8899789,-1
SDHC,9606.ENSP00000356953,0.8898588,-1
MEX3A,9606.ENSP00000432845,0.8896808,-1
AQP8,9606.ENSP00000219660,0.8896682,-1
SLC6A14,9606.ENSP00000470801,0.8895939,-1
GKAP1,9606.ENSP00000365550,0.88937914,-1
GLCCI1,9606.ENSP00000223145,0.88933927,-1
SUCNR1,9606.ENSP00000355156,0.8891971,-1
ABAT,9606.ENSP00000379845,0.88909453,-1
HOXC13,9606.ENSP00000243056,0.88867325,-1
ELF2,9606.ENSP00000368868,0.8885814,-1
PRMT3,9606.ENSP00000331879,0.8881221,-1
NGB,9606.ENSP00000298352,0.8881205,-1
GLIS2,9606.ENSP00000262366,0.8879277,-1
MAGI3,9606.ENSP00000304604,0.8878978,-1
DPP3,9606.ENSP00000440502,0.88775283,-1
RIN1,9606.ENSP00000310406,0.88748014,-1
TBC1D13,9606.ENSP00000361731,0.8871194,-1
SLC2A7,9606.ENSP00000383698,0.8870274,-1
RBP2,9606.ENSP00000232217,0.88701975,-1
TNS1,9606.ENSP00000171887,0.886702,-1
KCNS2,9606.ENSP00000287042,0.88663703,-1
IRS1,9606.ENSP00000304895,0.8864853,-1
KLC4,9606.ENSP00000259708,0.8862658,-1
SLC66A1LP,9606.ENSP00000413228,0.886264,-1
PGM2L1,9606.ENSP00000298198,0.88609797,-1
VEGFD,9606.ENSP00000297904,0.8859586,-1
LCE2C,9606.ENSP00000357772,0.88595074,-1
DDT,9606.ENSP00000381386,0.8857135,-1
CHRM2,9606.ENSP00000399745,0.88563275,-1
PTGES,9606.ENSP00000342385,0.8855857,-1
FAM3D,9606.ENSP00000351632,0.88509226,-1
SCARB2,9606.ENSP00000264896,0.8841268,-1
UGT2B15,9606.ENSP00000341045,0.8840841,-1
PRDM9,9606.ENSP00000296682,0.88403183,1
SNTG2,9606.ENSP00000311837,0.8838612,-1
STEAP2,9606.ENSP00000378119,0.8836155,-1
CPE,9606.ENSP00000386104,0.8833772,-1
AMER2,9606.ENSP00000426528,0.88336647,-1
EFCAB6,9606.ENSP00000262726,0.8833437,-1
CCR3,9606.ENSP00000441600,0.8831686,-1
G6PC2,9606.ENSP00000364512,0.88315296,-1
HOXB9,9606.ENSP00000309439,0.8829504,-1
HSD11B2,9606.ENSP00000316786,0.8829055,-1
ADRB3,9606.ENSP00000343782,0.88289326,-1
SSC4D,9606.ENSP00000275560,0.88233817,-1
BHMT2,9606.ENSP00000255192,0.88232166,-1
NMUR1,9606.ENSP00000305877,0.88224393,-1
CLDN19,9606.ENSP00000296387,0.8819421,-1
SCAI,9606.ENSP00000362650,0.8815719,-1
GLYAT,9606.ENSP00000340200,0.8814748,-1
OPHN1,9606.ENSP00000347710,0.88121766,-1
LCE2A,9606.ENSP00000357768,0.8809549,-1
HCFC2,9606.ENSP00000229330,0.88032895,-1
MEP1B,9606.ENSP00000269202,0.8799626,-1
SMOC1,9606.ENSP00000355110,0.87969375,-1
SIRT4,9606.ENSP00000202967,0.8794086,-1
SLC8B1,9606.ENSP00000447091,0.8791826,-1
SLC26A10P,9606.ENSP00000320217,0.87844604,-1
RPLP0,9606.ENSP00000449328,0.8780519,0
SULT1A2,9606.ENSP00000378992,0.87782747,-1
CLSTN2,9606.ENSP00000402460,0.8773442,-1
KRTAP19-5,9606.ENSP00000334985,0.8771281,-1
ACSM4,9606.ENSP00000382349,0.8771034,-1
NRN1L,9606.ENSP00000342411,0.87707865,-1
HMGCLL1,9606.ENSP00000381654,0.87682945,-1
PKNOX2,9606.ENSP00000298282,0.8763293,-1
ALOX12B,9606.ENSP00000497784,0.8761307,-1
B3GALNT2,9606.ENSP00000355559,0.87579465,-1
EFEMP1,9606.ENSP00000378058,0.8755267,-1
LRFN5,9606.ENSP00000298119,0.87521183,-1
HOXB7,9606.ENSP00000239165,0.8744586,-1
ANKUB1,9606.ENSP00000417635,0.87416124,-1
KCTD3,9606.ENSP00000259154,0.8738945,-1
TAS2R40,9606.ENSP00000386210,0.8736708,-1
RNF111,9606.ENSP00000453015,0.87352836,-1
NCOA2,9606.ENSP00000399968,0.8733792,-1
NMI,9606.ENSP00000243346,0.87307775,-1
PRPH2,9606.ENSP00000230381,0.8729916,-1
PCTP,9606.ENSP00000460437,0.8727137,-1
RHOB,9606.ENSP00000272233,0.87267166,1
AQP12A,9606.ENSP00000405899,0.8725461,-1
OPN5,9606.ENSP00000360255,0.87240946,-1
UGT1A9,9606.ENSP00000346768,0.87217593,-1
CCDC144NL,9606.ENSP00000497867,0.87211215,-1
AGO3,9606.ENSP00000362287,0.8716783,-1
LCNL1,9606.ENSP00000386162,0.87162167,-1
SLC22A1,9606.ENSP00000355930,0.871247,-1
PRSS38,9606.ENSP00000355719,0.87110484,-1
COL6A1,9606.ENSP00000355180,0.8709456,-1
PIRT,9606.ENSP00000462046,0.87089735,-1
MGAT5,9606.ENSP00000281923,0.8704216,-1
UCHL1,9606.ENSP00000284440,0.8703842,-1
ANTXRL,9606.ENSP00000480615,0.87019026,-1
SEZ6L,9606.ENSP00000248933,0.8698988,-1
SMIM30,9606.ENSP00000490095,0.8697275,-1
SLC38A12,9606.ENSP00000334849,0.86968786,-1
PRSS45P,9606.ENSP00000401932,0.86949915,-1
HIKESHI,9606.ENSP00000278483,0.8694732,-1
FLYWCH1,9606.ENSP00000253928,0.868574,-1
CELA1,9606.ENSP00000293636,0.8679681,-1
ECT2L,9606.ENSP00000442307,0.8678122,-1
PRM2,9606.ENSP00000403681,0.86778224,-1
FKBP1C,9606.ENSP00000359693,0.8677764,-1
PRB3,9606.ENSP00000442626,0.86752844,-1
TULP2,9606.ENSP00000221399,0.86702174,-1
ZNF362,9606.ENSP00000446335,0.86649704,-1
KYAT3,9606.ENSP00000260508,0.8656042,-1
HSD3B2,9606.ENSP00000445122,0.8654852,-1
HLA-DRB1,9606.ENSP00000353099,0.86468,-1
TMEM144,9606.ENSP00000296529,0.8642364,-1
PXMP4,9606.ENSP00000386385,0.8641989,-1
HSD11B1,9606.ENSP00000355995,0.8641015,-1
NHLH1,9606.ENSP00000302189,0.8640307,-1
ALKBH2,9606.ENSP00000398181,0.86393404,-1
SEBOX,9606.ENSP00000444503,0.86383796,-1
OPCML,9606.ENSP00000330862,0.86375064,-1
ARIH1,9606.ENSP00000369217,0.86329675,-1
LPA,9606.ENSP00000321334,0.86312556,-1
SRGAP2,9606.ENSP00000459615,0.86294186,-1
HAPLN3,9606.ENSP00000457180,0.8628348,-1
AFMID,9606.ENSP00000328938,0.8623479,-1
VAX1,9606.ENSP00000358207,0.86205333,-1
ZNF419,9606.ENSP00000388864,0.861879,-1
KPLCE,9606.ENSP00000357764,0.86175096,-1
PCP4,9606.ENSP00000329403,0.8615531,-1
EIF1B,9606.ENSP00000232905,0.86140305,0
SCYGR7,9606.ENSP00000493152,0.8613931,-1
MRAP2,9606.ENSP00000257776,0.86080337,-1
NSDHL,9606.ENSP00000359297,0.8600649,-1
HMGCS1,9606.ENSP00000322706,0.8597156,-1
ELOVL6,9606.ENSP00000378105,0.85963696,-1
PKNOX1,9606.ENSP00000291547,0.8592832,-1
LCE5A,9606.ENSP00000333952,0.8588401,-1
GPR135,9606.ENSP00000378548,0.858451,-1
ABCA3,9606.ENSP00000301732,0.8579698,-1
IRAK1BP1,9606.ENSP00000358956,0.8575642,-1
HLA-F,9606.ENSP00000259951,0.85729724,-1
HTR3E,9606.ENSP00000406050,0.857199,-1
LY6G6C,9606.ENSP00000364978,0.8561712,-1
CPNE4,9606.ENSP00000478878,0.8561352,-1
DIP2A,9606.ENSP00000392066,0.8561051,-1
GAPDHS,9606.ENSP00000222286,0.8554544,-1
KRTAP19-6,9606.ENSP00000375107,0.8550986,-1
LCE6A,9606.ENSP00000411070,0.8550546,-1
RPL22L1,9606.ENSP00000346080,0.85481757,-1
HSD17B6,9606.ENSP00000451406,0.85476243,-1
MARCHF5,9606.ENSP00000351813,0.8547303,-1
JDP2,9606.ENSP00000267569,0.8541091,-1
RUSF1,9606.ENSP00000317579,0.8540252,-1
ADPRHL1,9606.ENSP00000364567,0.8533551,-1
CNIH2,9606.ENSP00000310003,0.8524081,-1
LHX5,9606.ENSP00000261731,0.85234314,-1
SLC6A12,9606.ENSP00000399136,0.85187405,-1
LHFPL1,9606.ENSP00000361036,0.8515758,-1
KCNH1,9606.ENSP00000271751,0.8506503,-1
HOXC11,9606.ENSP00000446680,0.85029334,-1
EDN2,9606.ENSP00000361668,0.8502536,-1
ZSWIM9,9606.ENSP00000480314,0.850228,-1
SIGLEC12,9606.ENSP00000291707,0.84980106,-1
TFE3,9606.ENSP00000314129,0.8493811,0
SLC35G5,9606.ENSP00000371872,0.8489244,-1
HDGF,9606.ENSP00000357189,0.8489102,-1
LIMD1,9606.ENSP00000273317,0.8485352,-1
ANGEL1,9606.ENSP00000251089,0.8483427,-1
KRT2,9606.ENSP00000310861,0.84833765,-1
ADAMTS15,9606.ENSP00000299164,0.8482615,-1
CADM2,9606.ENSP00000384193,0.8481139,-1
ZNF268,9606.ENSP00000444412,0.84809494,1
SCN2A,9606.ENSP00000490107,0.8480915,-1
UGT2B28,9606.ENSP00000334276,0.84758216,-1
FAM24A,9606.ENSP00000357889,0.8474519,-1
SLC25A48,9606.ENSP00000493514,0.847342,-1
ATP4A,9606.ENSP00000262623,0.8459173,-1
TAS2R5,9606.ENSP00000247883,0.8458429,-1
TEP1,9606.ENSP00000262715,0.84473336,-1
C1orf185,9606.ENSP00000360824,0.8444608,-1
ADGRF4,9606.ENSP00000283303,0.84442294,-1
RNFT2,9606.ENSP00000257575,0.8442485,-1
C20orf144,9606.ENSP00000364370,0.8440747,-1
MMP26,9606.ENSP00000369753,0.84391433,-1
SLC2A4,9606.ENSP00000320935,0.84368736,-1
DYNAP,9606.ENSP00000315265,0.8435152,-1
BNC2,9606.ENSP00000370047,0.8434699,-1
SPATA45,9606.ENSP00000419160,0.8427086,-1
DDC,9606.ENSP00000403644,0.8427042,-1
FGFBP3,9606.ENSP00000339067,0.8427007,-1
ACY3,9606.ENSP00000255082,0.84220636,-1
CHRNA5,9606.ENSP00000299565,0.8420667,-1
GABRA3,9606.ENSP00000359337,0.8419534,-1
DAPL1,9606.ENSP00000309538,0.8414965,-1
CHST8,9606.ENSP00000262622,0.8412178,-1
SLC38A3,9606.ENSP00000481301,0.84118295,-1
SLC16A10,9606.ENSP00000357844,0.8407016,-1
LCE3C,9606.ENSP00000334644,0.84037113,-1
ZFHX3,9606.ENSP00000493252,0.8393209,-1
POMZP3,9606.ENSP00000309233,0.8390917,-1
RTL1,9606.ENSP00000497482,0.8384478,-1
GAGE12H,9606.ENSP00000371141,0.8383536,-1
UPK3A,9606.ENSP00000216211,0.83744484,-1
F2R,9606.ENSP00000321326,0.837343,1
COL19A1,9606.ENSP00000480474,0.83700407,-1
CLCNKB,9606.ENSP00000364831,0.83671004,-1
RGS16,9606.ENSP00000356529,0.83596504,-1
KCNJ6,9606.ENSP00000477437,0.8358289,-1
CMKLR1,9606.ENSP00000449716,0.83557063,-1
NUP58,9606.ENSP00000371155,0.835295,0
COL4A3,9606.ENSP00000379823,0.8351959,-1
SLC22A5,9606.ENSP00000402760,0.8349993,-1
SLC9A6,9606.ENSP00000359729,0.8349046,-1
CSTA,9606.ENSP00000264474,0.8347101,-1
GAK,9606.ENSP00000314499,0.8344042,-1
GORASP1,9606.ENSP00000313869,0.8343162,-1
ADH4,9606.ENSP00000424630,0.8343075,-1
FAM240C,9606.ENSP00000490626,0.83404505,-1
FAXDC2,9606.ENSP00000320604,0.83361906,-1
PRDM14,9606.ENSP00000276594,0.83359283,-1
ZNF367,9606.ENSP00000364405,0.83354944,-1
LTA4H,9606.ENSP00000228740,0.8331416,-1
KCNS3,9606.ENSP00000385968,0.83226496,-1
AVIL,9606.ENSP00000257861,0.8321072,-1
TEX22,9606.ENSP00000397002,0.83209,-1
TECTB,9606.ENSP00000494896,0.8317854,-1
CCDC42,9606.ENSP00000293845,0.831044,0
FUT9,9606.ENSP00000302599,0.8308903,-1
CFC1B,9606.ENSP00000281882,0.8306839,-1
GALK1,9606.ENSP00000225614,0.83015054,-1
RNF141,9606.ENSP00000265981,0.82990724,-1
NKAIN3,9606.ENSP00000429073,0.82983303,-1
NFATC1,9606.ENSP00000389377,0.829436,-1
MT1B,9606.ENSP00000334998,0.8288781,-1
SMIM34,9606.ENSP00000397039,0.82858914,-1
PRAC1,9606.ENSP00000290294,0.828461,-1
AGBL3,9606.ENSP00000388275,0.8259837,-1
USP42,9606.ENSP00000301962,0.8259433,-1
WWC2,9606.ENSP00000384222,0.8255153,-1
TMEM45B,9606.ENSP00000281441,0.8252852,-1
TMPRSS5,9606.ENSP00000299882,0.82458174,-1
CDK2,9606.ENSP00000266970,0.82436794,1
SMIM2,9606.ENSP00000383270,0.82395464,-1
PXYLP1,9606.ENSP00000286353,0.82355744,-1
INSL3,9606.ENSP00000369017,0.82350004,-1
KRTAP19-8,9606.ENSP00000372272,0.823469,-1
ADARB2,9606.ENSP00000370713,0.8232101,-1
ABCD1,9606.ENSP00000218104,0.82282966,-1
CST4,9606.ENSP00000217423,0.8226717,-1
DSP,9606.ENSP00000369129,0.8224587,-1
TMIE,9606.ENSP00000494576,0.8211726,-1
PTER,9606.ENSP00000367239,0.82109445,-1
TMEM17,9606.ENSP00000335094,0.82002676,-1
PYY,9606.ENSP00000353198,0.81987256,-1
TM4SF19,9606.ENSP00000273695,0.81819665,-1
P2RY14,9606.ENSP00000308361,0.81745183,-1
CAPN11,9606.ENSP00000381758,0.8164692,-1
STEAP4,9606.ENSP00000369419,0.81609684,-1
MB,9606.ENSP00000352835,0.81599563,-1
P3R3URF,9606.ENSP00000480059,0.8156427,-1
TNNI1,9606.ENSP00000354488,0.81562513,-1
INKA1,9606.ENSP00000498241,0.8150334,-1
IQCJ,9606.ENSP00000402153,0.81490076,-1
ZNF343,9606.ENSP00000482819,0.81452173,-1
LYZL4,9606.ENSP00000287748,0.81425947,-1
LOXL1,9606.ENSP00000261921,0.81419003,-1
PKP2,9606.ENSP00000070846,0.81391317,-1
MLLT10,9606.ENSP00000307411,0.81360835,-1
KLC3,9606.ENSP00000375810,0.8133474,-1
RRM2,9606.ENSP00000353770,0.81314,0
TC2N,9606.ENSP00000387882,0.8127982,-1
CALML4,9606.ENSP00000419081,0.8125831,-1
COQ6,9606.ENSP00000333946,0.81189793,-1
CLCNKA,9606.ENSP00000332771,0.81148225,-1
KRTAP12-2,9606.ENSP00000354001,0.81144077,-1
MT-ND2,9606.ENSP00000355046,0.81123,-1
NRN1,9606.ENSP00000480483,0.810943,-1
TEDDM1,9606.ENSP00000356536,0.81073433,-1
DTNA,9606.ENSP00000470152,0.81004655,-1
MAB21L4,9606.ENSP00000373586,0.8099295,-1
MRRF,9606.ENSP00000343867,0.8091963,-1
LIMD2,9606.ENSP00000259006,0.80892336,-1
CACNG3,9606.ENSP00000005284,0.80887437,-1
MLC1,9606.ENSP00000310375,0.8086451,-1
TLNRD1,9606.ENSP00000267984,0.80822355,-1
TRPV2,9606.ENSP00000342222,0.8078107,-1
CARD9,9606.ENSP00000360797,0.8065117,-1
ADRA1B,9606.ENSP00000306662,0.80526876,-1
CHRNA9,9606.ENSP00000312663,0.8052231,-1
SCGB1C2,9606.ENSP00000471646,0.80520654,-1
TMEM98,9606.ENSP00000463245,0.80470866,-1
CTF1,9606.ENSP00000279804,0.80375963,-1
ZNF23,9606.ENSP00000377171,0.8036272,-1
TMEM247,9606.ENSP00000388684,0.8028936,-1
PROKR2,9606.ENSP00000217270,0.8024129,-1
ANKRD13C-DT,9606.ENSP00000359978,0.8021696,-1
MATK,9606.ENSP00000378485,0.8017888,-1
ACY1,9606.ENSP00000384296,0.8015722,-1
ALDH1B1,9606.ENSP00000366927,0.80142146,-1
PATE4,9606.ENSP00000411439,0.8009008,-1
PNLIPRP1,9606.ENSP00000433933,0.7993096,-1
NRSN2,9606.ENSP00000371728,0.7991288,-1
BECN2,9606.ENSP00000488361,0.79803705,-1
SFTPB,9606.ENSP00000499683,0.797785,-1
CTNNA3,9606.ENSP00000389714,0.79770464,-1
TBC1D3B,9606.ENSP00000478473,0.79732573,-1
SLC12A4,9606.ENSP00000395983,0.79708654,-1
HSPA12B,9606.ENSP00000254963,0.7969293,-1
MT-CO1,9606.ENSP00000354499,0.7957625,-1
UPK2,9606.ENSP00000264031,0.79531294,-1
C12orf57,9606.ENSP00000229281,0.79494804,-1
MCEMP1,9606.ENSP00000329920,0.7945355,-1
C6orf120,9606.ENSP00000346931,0.7940561,-1
SLC22A4,9606.ENSP00000200652,0.7936863,-1
ASCL2,9606.ENSP00000332293,0.7936124,-1
GNAZ,9606.ENSP00000478892,0.7935698,-1
GSTA3,9606.ENSP00000211122,0.79275835,-1
PRSS41,9606.ENSP00000492058,0.7920917,-1
FIBCD1,9606.ENSP00000361413,0.79153484,-1
GABRR2,9606.ENSP00000386029,0.7903454,-1
MS4A18,9606.ENSP00000431607,0.7900509,-1
CYP11A1,9606.ENSP00000268053,0.78961295,-1
MBP,9606.ENSP00000380958,0.789061,-1
OTOP1,9606.ENSP00000296358,0.78845197,-1
DIRC1,9606.ENSP00000307860,0.78842133,-1
FUT5,9606.ENSP00000466880,0.78803104,-1
SLC52A3,9606.ENSP00000494009,0.78802687,-1
ZNF256,9606.ENSP00000282308,0.787994,-1
CMKLR2,9606.ENSP00000480405,0.7875832,-1
IGSF1,9606.ENSP00000359940,0.78756976,-1
GALT,9606.ENSP00000368119,0.78722024,-1
SLC25A16,9606.ENSP00000476815,0.78717136,-1
HAS2,9606.ENSP00000306991,0.786228,-1
SULT2B1,9606.ENSP00000201586,0.78557485,-1
PCOLCE2,9606.ENSP00000295992,0.78540456,-1
HIPK2,9606.ENSP00000385571,0.78498,1
NLRP11,9606.ENSP00000466285,0.7849221,-1
TARM1,9606.ENSP00000484383,0.7845474,-1
SOCS7,9606.ENSP00000499750,0.7830617,-1
LINC03043,9606.ENSP00000480627,0.78216237,-1
LGALS12,9606.ENSP00000339374,0.7819368,-1
PAQR7,9606.ENSP00000363414,0.7818773,-1
VSIG10,9606.ENSP00000352172,0.7809299,-1
PIGG,9606.ENSP00000415203,0.78016883,-1
HOXB6,9606.ENSP00000420009,0.77993894,-1
NEGR1,9606.ENSP00000350364,0.77916825,-1
CTBS,9606.ENSP00000359664,0.7788718,-1
POTEF,9606.ENSP00000386786,0.7787667,-1
ZBTB34,9606.ENSP00000362551,0.7785003,-1
PAX1,9606.ENSP00000381499,0.7772548,-1
GPR183,9606.ENSP00000365596,0.77576935,-1
KCNF1,9606.ENSP00000295082,0.77557755,-1
TFF1,9606.ENSP00000291527,0.7752643,-1
HOXB5,9606.ENSP00000239151,0.7751285,-1
CYSLTR1,9606.ENSP00000362401,0.774715,-1
MYBPC1,9606.ENSP00000400908,0.7741506,-1
TRHR,9606.ENSP00000430711,0.77392566,-1
NOTCH2NLA,9606.ENSP00000354929,0.7728495,-1
GAL3ST2,9606.ENSP00000192314,0.77282584,-1
TAS2R16,9606.ENSP00000249284,0.77210295,-1
SHE,9606.ENSP00000307369,0.7720617,-1
FOXO6,9606.ENSP00000493184,0.77147895,-1
FABP1,9606.ENSP00000295834,0.77134067,-1
CLCN1,9606.ENSP00000339867,0.7713284,-1
MEMO1,9606.ENSP00000295065,0.7712002,-1
FOLR3,9606.ENSP00000481114,0.77116895,-1
IL16,9606.ENSP00000302935,0.7709575,-1
SLC25A30,9606.ENSP00000429168,0.76936936,-1
CYP2B6,9606.ENSP00000324648,0.76930004,-1
MAGEB10,9606.ENSP00000368304,0.76926464,-1
FFAR1,9606.ENSP00000246553,0.76864594,-1
ISM1,9606.ENSP00000262487,0.7682324,-1
NPIPB4,9606.ENSP00000404439,0.76773983,-1
BTNL8,9606.ENSP00000342197,0.76699847,-1
LCE3B,9606.ENSP00000335358,0.76650053,-1
BHMT,9606.ENSP00000274353,0.76608056,-1
MYOZ1,9606.ENSP00000352272,0.7660286,-1
SOX15,9606.ENSP00000355354,0.76529133,0
KRTAP13-4,9606.ENSP00000334834,0.7651802,-1
BAG2,9606.ENSP00000359727,0.76514226,-1
MECR,9606.ENSP00000263702,0.76507556,-1
PTAFR,9606.ENSP00000442658,0.76421654,-1
GPR156,9606.ENSP00000417261,0.7628152,-1
PCSK5,9606.ENSP00000446280,0.7625454,-1
SLC22A17,9606.ENSP00000380437,0.76245314,-1
VCY,9606.ENSP00000250823,0.76218635,-1
PXN,9606.ENSP00000267257,0.76175296,-1
FAM117B,9606.ENSP00000376071,0.7612008,-1
ULK3,9606.ENSP00000400312,0.76097935,-1
SIM1,9606.ENSP00000358210,0.76010936,-1
AMPH,9606.ENSP00000348602,0.7590433,-1
KIAA1549,9606.ENSP00000416040,0.7585485,-1
GLS2,9606.ENSP00000310447,0.7570995,-1
SLC25A53,9606.ENSP00000468980,0.7568549,-1
RIPPLY2,9606.ENSP00000358703,0.75588024,-1
ART1,9606.ENSP00000250693,0.7551926,-1
SLC25A31,9606.ENSP00000281154,0.75505763,0
MFAP3,9606.ENSP00000322956,0.7546144,-1
GULP1,9606.ENSP00000386289,0.75459146,-1
TMEM100,9606.ENSP00000465638,0.7540387,-1
LURAP1,9606.ENSP00000361048,0.75359017,-1
ADAMTSL3,9606.ENSP00000286744,0.75329316,-1
BSPH1,9606.ENSP00000341762,0.75312126,-1
CD24,9606.ENSP00000481841,0.7528704,-1
SRPK3,9606.ENSP00000359119,0.7528641,-1
TAS2R41,9606.ENSP00000386201,0.752747,-1
LIN7C,9606.ENSP00000278193,0.7525388,-1
SIGLEC11,9606.ENSP00000412361,0.75237674,-1
CREBL2,9606.ENSP00000228865,0.7521592,-1
CLK1,9606.ENSP00000394734,0.75192994,-1
ERICH4,9606.ENSP00000367429,0.7515889,-1
ZNF594,9606.ENSP00000461032,0.75105613,-1
CPT1C,9606.ENSP00000376303,0.7508729,-1
LHX6,9606.ENSP00000377854,0.7506827,-1
XPR1,9606.ENSP00000356562,0.7506419,-1
RFLNB,9606.ENSP00000331915,0.75026137,-1
SULT4A1,9606.ENSP00000332565,0.7485208,-1
ALPG,9606.ENSP00000295453,0.7480586,-1
GNAQ,9606.ENSP00000286548,0.7480363,-1
TBC1D28,9606.ENSP00000339973,0.747729,-1
FGFR3,9606.ENSP00000339824,0.7473707,-1
NICOL1,9606.ENSP00000386807,0.7472246,-1
LRP1B,9606.ENSP00000374135,0.7464404,-1
GPHB5,9606.ENSP00000478993,0.74643296,-1
GSKIP,9606.ENSP00000451188,0.7461788,-1
SLC22A2,9606.ENSP00000355920,0.74599195,-1
ACTB,9606.ENSP00000494750,0.74597764,0
TMEM235,9606.ENSP00000402790,0.7457746,-1
C9orf85,9606.ENSP00000334289,0.7457048,-1
NPIPB13,9606.ENSP00000429734,0.7440738,-1
GREB1L,9606.ENSP00000464162,0.74392503,-1
NARF,9606.ENSP00000309899,0.74338347,-1
HEBP1,9606.ENSP00000014930,0.74302953,-1
PRSS22,9606.ENSP00000161006,0.73988277,-1
DIPK2B,9606.ENSP00000381086,0.73938876,-1
SEC11C,9606.ENSP00000468633,0.7383219,-1
FRAT2,9606.ENSP00000360058,0.7381798,-1
TMEM123,9606.ENSP00000381204,0.7368011,-1
LMO2,9606.ENSP00000257818,0.73668474,-1
TTPA,9606.ENSP00000260116,0.73655194,-1
ADH7,9606.ENSP00000420269,0.73639095,-1
SH3GLB2,9606.ENSP00000361634,0.7363606,-1
COL28A1,9606.ENSP00000382356,0.73629254,-1
TCHH,9606.ENSP00000480484,0.7358482,-1
TAAR5,9606.ENSP00000258034,0.73579603,-1
FHOD3,9606.ENSP00000466937,0.73562026,-1
ADGRB1,9606.ENSP00000430945,0.7351157,-1
OVCH1,9606.ENSP00000326708,0.73505396,-1
CABS1,9606.ENSP00000273936,0.734199,-1
ART4,9606.ENSP00000228936,0.73397267,-1
METAP1,9606.ENSP00000296411,0.7328469,-1
RXFP4,9606.ENSP00000357301,0.7325956,-1
AMT,9606.ENSP00000273588,0.73201644,-1
LCE3A,9606.ENSP00000335006,0.73194534,-1
USP45,9606.ENSP00000333376,0.73162675,-1
P2RX6,9606.ENSP00000416193,0.73118764,-1
CADM4,9606.ENSP00000222374,0.73105234,-1
PRR9,9606.ENSP00000357733,0.73062617,-1
KCTD21,9606.ENSP00000339340,0.7302702,-1
COL23A1,9606.ENSP00000375069,0.7299928,-1
FOSL1,9606.ENSP00000310170,0.72880435,-1
NAT8,9606.ENSP00000272425,0.72845066,-1
PJA1,9606.ENSP00000355014,0.72829866,-1
ERP27,9606.ENSP00000266397,0.7279194,-1
MBD3L3,9606.ENSP00000333183,0.726641,-1
UCMA,9606.ENSP00000367952,0.725393,-1
STARD4,9606.ENSP00000296632,0.72520286,-1
TVP23A,9606.ENSP00000299866,0.72462153,-1
ST3GAL3,9606.ENSP00000493823,0.7229859,-1
TNIP3,9606.ENSP00000426613,0.7229522,-1
TRIM63,9606.ENSP00000363390,0.7218041,-1
SNCAIP,9606.ENSP00000261367,0.72146463,-1
RPS6KA4,9606.ENSP00000333896,0.72036827,-1
LEG1,9606.ENSP00000328069,0.71991354,-1
ETV5,9606.ENSP00000306894,0.71886367,-1
DGKK,9606.ENSP00000477515,0.71866584,-1
HOXC5,9606.ENSP00000309336,0.71850234,-1
SCGB1C1,9606.ENSP00000344545,0.7184922,-1
KRTAP20-3,9606.ENSP00000372276,0.7181619,-1
CLDN20,9606.ENSP00000356133,0.71803623,-1
DNAJC5B,9606.ENSP00000276570,0.717569,-1
CKMT1A,9606.ENSP00000300283,0.7161522,-1
CIMIP2B,9606.ENSP00000382646,0.71563137,-1
ENHO,9606.ENSP00000382675,0.71473956,-1
LAYN,9606.ENSP00000364765,0.71421355,-1
MCEE,9606.ENSP00000244217,0.7141777,-1
KLF9,9606.ENSP00000366330,0.7138023,-1
JAM3,9606.ENSP00000299106,0.7132349,-1
DUSP5,9606.ENSP00000358596,0.7125722,-1
STYX,9606.ENSP00000346599,0.71194947,-1
CLCN2,9606.ENSP00000265593,0.71194243,-1
SDR16C5,9606.ENSP00000431010,0.7118379,-1
AZIN2,9606.ENSP00000362540,0.7110798,-1
ZFPL1,9606.ENSP00000294258,0.7109568,0
C11orf52,9606.ENSP00000278601,0.7105638,-1
CTNNA2,9606.ENSP00000384638,0.7103831,-1
RBP5,9606.ENSP00000266560,0.7100805,-1
HSD3B1,9606.ENSP00000358421,0.70970327,-1
CSMD3,9606.ENSP00000297405,0.7090075,-1
ZHX2,9606.ENSP00000314709,0.7089536,-1
GAGE12J,9606.ENSP00000409832,0.708596,-1
DDAH1,9606.ENSP00000284031,0.7076676,-1
XDH,9606.ENSP00000368727,0.70702827,-1
UGT1A10,9606.ENSP00000343838,0.7066772,-1
IKBKE,9606.ENSP00000464030,0.70604837,-1
TBL1Y,9606.ENSP00000372499,0.7043096,-1
SFXN2,9606.ENSP00000358909,0.7041853,-1
PLA2G12B,9606.ENSP00000362123,0.70418227,-1
TMEM120B,9606.ENSP00000404991,0.7038696,-1
CHRNA6,9606.ENSP00000276410,0.70314825,-1
BCAM,9606.ENSP00000270233,0.7026579,-1
C16orf95,9606.ENSP00000455079,0.70239437,-1
RDH10,9606.ENSP00000240285,0.70125955,-1
ZNF132,9606.ENSP00000254166,0.7009191,-1
PLSCR3,9606.ENSP00000459019,0.70027566,-1
SNX7,9606.ENSP00000304429,0.699899,-1
GRID2,9606.ENSP00000282020,0.69981676,-1
CETP,9606.ENSP00000200676,0.6997662,-1
CACNG2,9606.ENSP00000300105,0.6978998,-1
GPR63,9606.ENSP00000229955,0.69784176,-1
STIM2,9606.ENSP00000417569,0.695575,-1
SLC5A10,9606.ENSP00000379008,0.6954576,-1
SLC10A2,9606.ENSP00000245312,0.6950624,-1
C3orf62,9606.ENSP00000341139,0.6948692,-1
TMEM236,9606.ENSP00000366715,0.694547,-1
TMCC1,9606.ENSP00000376930,0.6943641,-1
DCUN1D5,9606.ENSP00000260247,0.69363505,-1
GRAPL,9606.ENSP00000437409,0.6932581,-1
GAGE2A,9606.ENSP00000355421,0.6925042,-1
FAM216A,9606.ENSP00000366901,0.69242406,-1
AURKC,9606.ENSP00000302898,0.6911356,0
PKIG,9606.ENSP00000361980,0.6910774,-1
IL17D,9606.ENSP00000302924,0.6905311,-1
MAOB,9606.ENSP00000367309,0.69048935,-1
LPAR4,9606.ENSP00000408205,0.6896167,-1
ADGRV1,9606.ENSP00000384582,0.68907917,-1
HPR,9606.ENSP00000441828,0.6886944,-1
ADAM29,9606.ENSP00000484862,0.68826795,-1
RPS15A,9606.ENSP00000318646,0.68817943,0
VAV1,9606.ENSP00000472929,0.6880425,-1
WNK4,9606.ENSP00000246914,0.68723863,-1
HRNR,9606.ENSP00000357791,0.68656904,-1
LUZP6,9606.ENSP00000468007,0.6853037,-1
RSPO4,9606.ENSP00000217260,0.684258,-1
LRFN1,9606.ENSP00000248668,0.68381774,-1
DCANP1,9606.ENSP00000421871,0.683741,-1
MINDY3,9606.ENSP00000277632,0.6828804,-1
GSTA2,9606.ENSP00000420168,0.68213695,-1
GYG1,9606.ENSP00000340736,0.681874,-1
RPE65,9606.ENSP00000262340,0.6815762,-1
HMOX2,9606.ENSP00000477572,0.6813967,-1
GNPDA2,9606.ENSP00000295448,0.68032604,-1
ZNF277,9606.ENSP00000354501,0.68017447,-1
UGT1A6,9606.ENSP00000303174,0.67964864,-1
AHSP,9606.ENSP00000307199,0.6790761,-1
SLC35F3,9606.ENSP00000355577,0.6789783,-1
MAIP1,9606.ENSP00000295079,0.67878115,-1
GBP1,9606.ENSP00000359504,0.67848194,-1
CPNE1,9606.ENSP00000317257,0.6783847,-1
ZNF549,9606.ENSP00000365407,0.67751026,-1
HMG20A,9606.ENSP00000371133,0.6774438,-1
GLRX,9606.ENSP00000369314,0.67718506,-1
SVOP,9606.ENSP00000479104,0.6767827,-1
FKBP14,9606.ENSP00000222803,0.6763234,-1
GPR15,9606.ENSP00000284311,0.6760758,-1
PTH2,9606.ENSP00000270631,0.6738987,-1
NPL,9606.ENSP00000258317,0.6734944,-1
SRL,9606.ENSP00000382518,0.6732286,-1
RTP4,9606.ENSP00000259030,0.67240924,-1
ERAP1,9606.ENSP00000296754,0.6722867,-1
INPP5B,9606.ENSP00000362115,0.6710212,-1
MS4A8,9606.ENSP00000300226,0.6697671,-1
SKIC8,9606.ENSP00000453801,0.66884655,-1
SLC22A6,9606.ENSP00000367102,0.6681251,-1
GABRA1,9606.ENSP00000393097,0.6679276,-1
ZNF749,9606.ENSP00000333980,0.66787326,-1
GABRA5,9606.ENSP00000382953,0.66759425,-1
NBPF10,9606.ENSP00000463957,0.6674162,-1
TEX53,9606.ENSP00000489944,0.6662443,-1
ZFYVE1,9606.ENSP00000450742,0.6658975,-1
AVPI1,9606.ENSP00000359660,0.6654801,-1
OR51E1,9606.ENSP00000380155,0.6644467,-1
CYP27C1,9606.ENSP00000334128,0.6644203,-1
RIMKLA,9606.ENSP00000414330,0.66437125,-1
SLC39A12,9606.ENSP00000366586,0.6634785,-1
GPR161,9606.ENSP00000441039,0.6626781,-1
TBX1,9606.ENSP00000331791,0.662664,1
WWP2,9606.ENSP00000352069,0.66257954,-1
USP32,9606.ENSP00000300896,0.6622834,-1
SLC25A29,9606.ENSP00000352167,0.66210496,-1
UGT2B17,9606.ENSP00000320401,0.6618562,-1
VPREB1,9606.ENSP00000385361,0.66158295,-1
EIF1,9606.ENSP00000419449,0.6615114,0
TMEM178A,9606.ENSP00000281961,0.66134936,-1
GNA14,9606.ENSP00000365807,0.6612608,-1
RDH13,9606.ENSP00000391121,0.6611478,-1
ST6GALNAC5,9606.ENSP00000417583,0.6610381,-1
C12orf71,9606.ENSP00000413728,0.66068023,-1
EIF2S3,9606.ENSP00000253039,0.66026014,0
FAM170B,9606.ENSP00000308292,0.65985054,-1
RNASE13,9606.ENSP00000372410,0.6585544,-1
FERMT1,9606.ENSP00000217289,0.6582373,-1
ACR,9606.ENSP00000216139,0.65811753,-1
TAAR9,9606.ENSP00000424607,0.6579977,-1
SCN1B,9606.ENSP00000396915,0.6568273,-1
TEX51,9606.ENSP00000489776,0.65625423,-1
SLC30A7,9606.ENSP00000350278,0.6557322,-1
AJUBA,9606.ENSP00000262713,0.6553819,-1
ASMTL,9606.ENSP00000370718,0.65499574,-1
LRRC53,9606.ENSP00000294635,0.65497786,-1
P2RY4,9606.ENSP00000363643,0.6548184,-1
RRP1,9606.ENSP00000417464,0.6538802,-1
AMH,9606.ENSP00000221496,0.6538259,-1
RNF26,9606.ENSP00000312439,0.65358645,-1
PAFAH2,9606.ENSP00000363400,0.65216273,-1
ANKRD30A,9606.ENSP00000354432,0.6504977,-1
CCR10,9606.ENSP00000332504,0.6492673,-1
SLC5A9,9606.ENSP00000236495,0.6491725,-1
NR2F1,9606.ENSP00000325819,0.64880526,-1
TRIM52,9606.ENSP00000483005,0.6487742,-1
RGN,9606.ENSP00000380365,0.64821416,-1
EPSTI1,9606.ENSP00000318982,0.64725006,-1
TEX38,9606.ENSP00000455854,0.6467066,-1
LBX2,9606.ENSP00000366789,0.64654225,-1
DPYS,9606.ENSP00000276651,0.6458153,-1
C17orf58,9606.ENSP00000402020,0.6452504,-1
SLC25A40,9606.ENSP00000344831,0.6452249,-1
USP17L1,9606.ENSP00000485364,0.6444697,-1
TBC1D3,9606.ENSP00000478683,0.64420193,-1
PODNL1,9606.ENSP00000442553,0.64376086,-1
ECI1,9606.ENSP00000301729,0.64358944,-1
SOX6,9606.ENSP00000379644,0.6434517,-1
P2RY8,9606.ENSP00000370697,0.6430652,-1
CPEB3,9606.ENSP00000265997,0.64299434,-1
RTL9,9606.ENSP00000419786,0.6425922,-1
DIO1,9606.ENSP00000354643,0.6423765,-1
LSAMP,9606.ENSP00000419000,0.641402,-1
SLC39A9,9606.ENSP00000336887,0.6407771,-1
FAM219A,9606.ENSP00000499069,0.640439,-1
VMAC,9606.ENSP00000343348,0.63970226,-1
KIDINS220,9606.ENSP00000256707,0.6390629,-1
SERINC5,9606.ENSP00000426237,0.6388453,-1
SMIM43,9606.ENSP00000495936,0.6372576,-1
NPY,9606.ENSP00000384364,0.6367075,-1
RGS5,9606.ENSP00000433001,0.63645357,-1
ALG3,9606.ENSP00000380793,0.63429916,-1
C1orf74,9606.ENSP00000294811,0.63407105,-1
MFAP3L,9606.ENSP00000354583,0.6337115,-1
ARHGEF1,9606.ENSP00000337261,0.63348585,-1
TNC,9606.ENSP00000265131,0.63342977,-1
SCN3B,9606.ENSP00000376523,0.63336676,-1
GPR20,9606.ENSP00000366970,0.63114893,-1
GK2,9606.ENSP00000351706,0.6305793,-1
MCUB,9606.ENSP00000378145,0.6301878,-1
RHBDF2,9606.ENSP00000322775,0.6300175,-1
INPP5E,9606.ENSP00000360777,0.6298103,-1
AP1M2,9606.ENSP00000465685,0.62967646,-1
PXT1,9606.ENSP00000419944,0.62882966,-1
CYB561D1,9606.ENSP00000358884,0.6284306,-1
P2RY12,9606.ENSP00000307259,0.628359,-1
ZNF384,9606.ENSP00000380019,0.6283172,-1
TMEM120A,9606.ENSP00000484736,0.6260664,-1
DECR1,9606.ENSP00000220764,0.6251656,-1
CST1,9606.ENSP00000305731,0.6246821,-1
SYNC,9606.ENSP00000386439,0.6244704,-1
CFAP126,9606.ENSP00000356951,0.6235544,-1
ZNF157,9606.ENSP00000366273,0.6232223,-1
ZNF165,9606.ENSP00000366542,0.62270486,-1
PNLIP,9606.ENSP00000358223,0.6225901,-1
PDLIM7,9606.ENSP00000348099,0.62202483,-1
HYOU1,9606.ENSP00000480150,0.6218059,1
GLB1,9606.ENSP00000306920,0.62104374,-1
ERMP1,9606.ENSP00000340427,0.6209596,-1
GLYATL3,9606.ENSP00000360240,0.6199703,-1
FAM229A,9606.ENSP00000455971,0.6199631,-1
,9606.ENSP00000470478,0.6195275,-1
ACKR1,9606.ENSP00000357103,0.6190973,-1
SLC37A1,9606.ENSP00000344648,0.61897284,-1
RBBP7,9606.ENSP00000369424,0.6176,0
ABCB7,9606.ENSP00000253577,0.616548,-1
TTC28,9606.ENSP00000381003,0.6163567,0
TAAR2,9606.ENSP00000356908,0.61605227,-1
PNLIPRP3,9606.ENSP00000358232,0.61421984,-1
DPT,9606.ENSP00000356791,0.6140418,-1
PDE9A,9606.ENSP00000291539,0.61392075,-1
HTN3,9606.ENSP00000432561,0.6125162,-1
SPANXD,9606.ENSP00000359546,0.61234325,-1
POU6F2,9606.ENSP00000384004,0.61213666,-1
OSBPL5,9606.ENSP00000263650,0.6120893,-1
SPINK7,9606.ENSP00000274565,0.6113187,-1
FOXD4L6,9606.ENSP00000484875,0.6110265,-1
HSD17B1,9606.ENSP00000225929,0.61074615,-1
SRR,9606.ENSP00000339435,0.6100989,-1
ZNF329,9606.ENSP00000470323,0.6091526,-1
DMRT3,9606.ENSP00000190165,0.60813034,-1
CA5B,9606.ENSP00000314099,0.6069553,-1
CSK,9606.ENSP00000220003,0.60692686,-1
LRP12,9606.ENSP00000276654,0.6055385,-1
PCGF6,9606.ENSP00000358862,0.604574,-1
CAPNS2,9606.ENSP00000400882,0.6039294,-1
ASPDH,9606.ENSP00000373860,0.60357183,-1
C17orf67,9606.ENSP00000380959,0.60326654,-1
RUNDC3A,9606.ENSP00000410862,0.60143495,-1
H1-10,9606.ENSP00000329662,0.6013893,-1
RDH5,9606.ENSP00000257895,0.60067785,-1
C11orf96,9606.ENSP00000479976,0.5994687,-1
PDE4A,9606.ENSP00000370078,0.5990801,-1
MT-ND1,9606.ENSP00000354687,0.5989899,-1
ANKRD2,9606.ENSP00000306163,0.5948404,-1
GJE1,9606.ENSP00000455469,0.5946921,-1
NR6A1,9606.ENSP00000420267,0.5946183,-1
BPIFC,9606.ENSP00000380594,0.59460425,-1
VGF,9606.ENSP00000249330,0.5945661,-1
GPRC5D,9606.ENSP00000228887,0.59370875,-1
PVRIG,9606.ENSP00000316675,0.59305334,-1
KRTAP25-1,9606.ENSP00000398619,0.5929637,-1
TRPM3,9606.ENSP00000366314,0.59243685,-1
GPR55,9606.ENSP00000498258,0.59188706,-1
BST1,9606.ENSP00000265016,0.5918768,-1
GLT8D2,9606.ENSP00000354053,0.5917012,-1
GOLGA6L10,9606.ENSP00000479362,0.59131557,-1
PTAR1,9606.ENSP00000344299,0.5906857,-1
C1orf162,9606.ENSP00000344218,0.5897116,-1
KCND1,9606.ENSP00000218176,0.5896471,-1
POLR2G,9606.ENSP00000301788,0.5887543,-1
MUCL1,9606.ENSP00000311364,0.5882543,-1
TSPAN19,9606.ENSP00000433816,0.58758545,-1
MGAM,9606.ENSP00000447378,0.5870838,-1
LCOR,9606.ENSP00000490116,0.5865494,-1
HTR3A,9606.ENSP00000347754,0.5865043,-1
TAS1R1,9606.ENSP00000331867,0.58618873,-1
PTPRU,9606.ENSP00000334941,0.58524424,-1
RNF24,9606.ENSP00000388550,0.58499163,-1
IGSF5,9606.ENSP00000369962,0.58484274,-1
GNPDA1,9606.ENSP00000423674,0.5828711,-1
CAMK2N2,9606.ENSP00000296238,0.58234453,-1
LRTM2,9606.ENSP00000446278,0.58123016,-1
CPSF2,9606.ENSP00000298875,0.58051974,-1
CACNA2D3,9606.ENSP00000419101,0.5803281,-1
AADAT,9606.ENSP00000423190,0.58029157,-1
DCUN1D2,9606.ENSP00000417706,0.5800571,-1
MT-ND4,9606.ENSP00000354961,0.5796845,-1
CLECL1,9606.ENSP00000483624,0.5782555,-1
NR0B1,9606.ENSP00000368253,0.57718116,-1
IGFALS,9606.ENSP00000416683,0.5771525,-1
ACTG1,9606.ENSP00000458162,0.5767682,0
CABP7,9606.ENSP00000216144,0.57675195,-1
TGIF2,9606.ENSP00000362981,0.5752386,-1
MDFIC,9606.ENSP00000257724,0.5752276,-1
ADGRG5,9606.ENSP00000342981,0.5743678,-1
KRTAP8-1,9606.ENSP00000332805,0.5742563,-1
TMEM25,9606.ENSP00000431548,0.5729841,-1
LRRC37B,9606.ENSP00000340519,0.5715435,-1
MKNK1,9606.ENSP00000498083,0.57007825,-1
MFSD12,9606.ENSP00000347583,0.5690704,-1
MT1M,9606.ENSP00000369146,0.56881654,-1
ETDA,9606.ENSP00000490055,0.56746167,-1
ERVW-1,9606.ENSP00000419945,0.5672798,-1
DGAT1,9606.ENSP00000482264,0.566208,-1
CTNS,9606.ENSP00000371294,0.5660346,-1
SHROOM2,9606.ENSP00000370299,0.5657896,-1
ATP13A3,9606.ENSP00000416508,0.56560683,-1
VCX3B,9606.ENSP00000370420,0.56409526,-1
TAL2,9606.ENSP00000334547,0.5624518,-1
UPP2,9606.ENSP00000474090,0.56190586,-1
KCNMB3,9606.ENSP00000319370,0.5618696,-1
OR5L2,9606.ENSP00000367650,0.5617299,-1
RNF151,9606.ENSP00000456566,0.56156904,-1
C11orf86,9606.ENSP00000311479,0.56065536,-1
UGT1A5,9606.ENSP00000362513,0.5602506,-1
MUC22,9606.ENSP00000455906,0.5596298,-1
KCNB2,9606.ENSP00000430846,0.55907494,-1
ADAM7,9606.ENSP00000175238,0.558659,-1
CPO,9606.ENSP00000272852,0.5582725,-1
EPYC,9606.ENSP00000261172,0.5572109,-1
CLRN3,9606.ENSP00000357660,0.55614126,-1
NLRP9,9606.ENSP00000331857,0.55487823,-1
NAGK,9606.ENSP00000477639,0.55381477,-1
SMLR1,9606.ENSP00000456026,0.55366206,-1
NLRP3,9606.ENSP00000337383,0.5525746,-1
HSPA12A,9606.ENSP00000489674,0.5524215,-1
MTMR2,9606.ENSP00000345752,0.55189073,-1
LAX1,9606.ENSP00000406970,0.55185616,-1
SLC16A14,9606.ENSP00000295190,0.55179673,-1
THY1,9606.ENSP00000284240,0.54880476,-1
KCNJ5,9606.ENSP00000433295,0.548325,-1
MRPS6,9606.ENSP00000382250,0.5483095,0
MYMX,9606.ENSP00000490143,0.54828477,-1
TKT,9606.ENSP00000391481,0.54816675,-1
GABPB2,9606.ENSP00000357914,0.547457,-1
MT1A,9606.ENSP00000290705,0.5473231,-1
TPSG1,9606.ENSP00000234798,0.5473111,-1
HLA-DRB5,9606.ENSP00000364114,0.5471921,-1
FMR1NB,9606.ENSP00000359498,0.54680055,-1
CACNG4,9606.ENSP00000262138,0.54568774,-1
HECW2,9606.ENSP00000260983,0.5443982,0
TEX29,9606.ENSP00000283547,0.54422337,-1
SLFN13,9606.ENSP00000285013,0.54386854,-1
EFS,9606.ENSP00000216733,0.5434499,-1
NBPF19,9606.ENSP00000478752,0.5422166,-1
NOTCH2NLB,9606.ENSP00000472124,0.5419026,-1
MTRNR2L4,9606.ENSP00000382856,0.54106957,-1
RBPMS2,9606.ENSP00000300069,0.5408685,-1
LRFN4,9606.ENSP00000312535,0.5402806,-1
XKR8,9606.ENSP00000362991,0.5398466,-1
TMC3,9606.ENSP00000352413,0.5397779,-1
NKD2,9606.ENSP00000296849,0.5397059,-1
TMEM64,9606.ENSP00000414786,0.53822577,-1
CCKAR,9606.ENSP00000295589,0.53774756,-1
TMEM179,9606.ENSP00000450958,0.53651285,-1
MAS1,9606.ENSP00000501180,0.5359532,-1
GFY,9606.ENSP00000459439,0.53513813,-1
ROGDI,9606.ENSP00000322832,0.5347888,-1
CHRNA4,9606.ENSP00000359285,0.53377974,-1
SHISA6,9606.ENSP00000390084,0.5336422,-1
CORO2B,9606.ENSP00000261861,0.533038,-1
LRRC19,9606.ENSP00000369395,0.5330061,-1
SLC17A7,9606.ENSP00000221485,0.53292084,-1
SLC35G3,9606.ENSP00000297307,0.53284705,-1
AGPAT2,9606.ENSP00000360761,0.5327682,-1
RPS16,9606.ENSP00000367806,0.53258234,0
SOCS4,9606.ENSP00000452522,0.53140193,-1
MCF2,9606.ENSP00000430276,0.53081566,-1
CITED4,9606.ENSP00000361721,0.5303065,-1
MBD3L5,9606.ENSP00000331435,0.5298478,-1
TXNDC17,9606.ENSP00000250101,0.5296812,-1
HAP1,9606.ENSP00000334002,0.52951896,-1
TCTA,9606.ENSP00000273590,0.5293249,0
GBGT1,9606.ENSP00000361110,0.52877444,-1
ADGRD1,9606.ENSP00000444425,0.52834505,-1
TIMD4,9606.ENSP00000274532,0.5272789,-1
SLIRP-OT1,9606.ENSP00000348145,0.52708274,-1
PPAT,9606.ENSP00000264220,0.52661866,-1
FAM237B,9606.ENSP00000490466,0.5264027,-1
PDIA4,9606.ENSP00000499129,0.5250769,-1
STK31,9606.ENSP00000348132,0.52428067,-1
IKZF1,9606.ENSP00000331614,0.5230319,-1
TSPAN32,9606.ENSP00000182290,0.52264994,-1
RTL3,9606.ENSP00000316794,0.5222541,-1
ACE2,9606.ENSP00000389326,0.52191406,-1
SLC22A25,9606.ENSP00000307443,0.51904225,-1
SLC37A4,9606.ENSP00000476176,0.51818323,-1
HBE1,9606.ENSP00000292896,0.5176468,-1
RGS19,9606.ENSP00000378483,0.5173624,-1
NADSYN1,9606.ENSP00000326424,0.5167271,-1
NFATC2,9606.ENSP00000379330,0.5164668,-1
S100A14,9606.ENSP00000357691,0.5152215,-1
RAG2,9606.ENSP00000478672,0.515121,-1
FBP1,9606.ENSP00000408025,0.5148437,-1
HHIPL1,9606.ENSP00000330601,0.51464456,-1
KRTAP29-1,9606.ENSP00000375148,0.5145106,-1
TTN,9606.ENSP00000467141,0.51341176,0
CAMK2N1,9606.ENSP00000364219,0.5118405,-1
TMPRSS12,9606.ENSP00000381476,0.5113398,-1
SLC45A3,9606.ENSP00000356113,0.5108172,-1
OR51V1,9606.ENSP00000321729,0.51053184,-1
NBPF9,9606.ENSP00000477979,0.51046985,-1
KRT76,9606.ENSP00000330101,0.5098031,-1
PLA2G4E,9606.ENSP00000382434,0.5082403,-1
TAFA2,9606.ENSP00000393987,0.5081042,-1
SSTR1,9606.ENSP00000267377,0.5080154,-1
FCRL4,9606.ENSP00000271532,0.50750726,-1
TMCO5A,9606.ENSP00000327234,0.5068248,-1
FOXD4L3,9606.ENSP00000341961,0.506396,-1
ADCY5,9606.ENSP00000419361,0.50258166,-1
ARHGAP20,9606.ENSP00000260283,0.50196284,-1
CPA5,9606.ENSP00000420237,0.5001486,-1
CERS3,9606.ENSP00000284382,0.49892712,-1
APOBEC3H,9606.ENSP00000385741,0.49873993,-1
MYF5,9606.ENSP00000228644,0.49849927,-1
KCNC1,9606.ENSP00000265969,0.4983433,-1
TLCD1,9606.ENSP00000292090,0.49828225,-1
RASGEF1A,9606.ENSP00000363583,0.49747425,-1
RNF14,9606.ENSP00000324956,0.49741027,-1
UGT1A1,9606.ENSP00000304845,0.49723908,-1
SDC2,9606.ENSP00000307046,0.4969436,-1
DYDC1,9606.ENSP00000361278,0.49674693,-1
ATG10,9606.ENSP00000282185,0.49637792,-1
HLA-DOA,9606.ENSP00000229829,0.4963217,-1
ALS2,9606.ENSP00000264276,0.49445888,-1
NRGN,9606.ENSP00000284292,0.4943253,-1
ACHE,9606.ENSP00000303211,0.49411285,-1
BMP10,9606.ENSP00000295379,0.4938895,-1
LCE3E,9606.ENSP00000357778,0.4937107,-1
AP1M1,9606.ENSP00000388996,0.49207854,-1
TTLL5,9606.ENSP00000298832,0.4920337,-1
ICA1L,9606.ENSP00000478645,0.49194065,-1
TAFA3,9606.ENSP00000358644,0.4904032,-1
SLFN5,9606.ENSP00000299977,0.4894738,-1
HMGCS2,9606.ENSP00000358414,0.48938558,-1
FNDC3B,9606.ENSP00000411242,0.48821187,-1
ALLC,9606.ENSP00000252505,0.48657268,-1
DIRAS3,9606.ENSP00000360020,0.48624688,-1
BSPRY,9606.ENSP00000363298,0.48554763,-1
JAM2,9606.ENSP00000383376,0.4851794,-1
OR52E2,9606.ENSP00000322088,0.48492184,-1
XPO1,9606.ENSP00000384863,0.4846431,0
GPR82,9606.ENSP00000303549,0.48424703,-1
SIRT6,9606.ENSP00000337332,0.48277244,-1
LINGO2,9606.ENSP00000369328,0.48245108,-1
ACCS,9606.ENSP00000263776,0.48037213,-1
ATP8A1,9606.ENSP00000371084,0.47967973,-1
TRPM2,9606.ENSP00000381026,0.47924724,-1
MXD4,9606.ENSP00000337889,0.4782895,-1
TMEM52,9606.ENSP00000311122,0.4780453,-1
TBXAS1,9606.ENSP00000389414,0.47772062,-1
SLC39A2,9606.ENSP00000298681,0.47750306,-1
SPATA9,9606.ENSP00000274432,0.47649375,-1
GPRC5B,9606.ENSP00000300571,0.47584966,-1
CAV3,9606.ENSP00000341940,0.47579885,-1
LRIG3,9606.ENSP00000326759,0.4756747,-1
SLC12A1,9606.ENSP00000495332,0.4751157,-1
PVALEF,9606.ENSP00000490956,0.4732128,-1
DPY19L2,9606.ENSP00000315988,0.47268015,-1
DNAJA3,9606.ENSP00000262375,0.4722389,1
SSMEM1,9606.ENSP00000297819,0.4715487,-1
CUX1,9606.ENSP00000353401,0.47084594,-1
CHRNA1,9606.ENSP00000261007,0.47071472,-1
TXNDC16,9606.ENSP00000281741,0.4704992,-1
LEUTX,9606.ENSP00000380053,0.46920902,-1
CHST1,9606.ENSP00000309270,0.46884042,-1
HSCB,9606.ENSP00000216027,0.4684753,-1
PCGF1,9606.ENSP00000233630,0.46805367,-1
NCSTN,9606.ENSP00000294785,0.46786153,-1
SPAAR,9606.ENSP00000490187,0.4672269,-1
MT-ATP8,9606.ENSP00000355265,0.46621263,-1
PYCR3,9606.ENSP00000220966,0.46496028,-1
CCDC28B,9606.ENSP00000413017,0.46251035,-1
TLN2,9606.ENSP00000453508,0.46227682,-1
PXK,9606.ENSP00000348472,0.46217948,-1
PKN3,9606.ENSP00000291906,0.4618361,-1
MCCC1,9606.ENSP00000265594,0.4609997,-1
LIX1,9606.ENSP00000274382,0.4609932,-1
SLC52A1,9606.ENSP00000399979,0.46060693,-1
PROCA1,9606.ENSP00000301039,0.46009877,-1
CST2,9606.ENSP00000307540,0.4599103,-1
MGAT4C,9606.ENSP00000481096,0.45871064,-1
FXYD2,9606.ENSP00000292079,0.45764497,-1
ELAPOR2,9606.ENSP00000413445,0.4556835,-1
MIB1,9606.ENSP00000261537,0.4554117,-1
POMT1,9606.ENSP00000361302,0.45522997,-1
SMAD4,9606.ENSP00000341551,0.4552055,1
KRT77,9606.ENSP00000342710,0.45413777,-1
SLC16A6,9606.ENSP00000319991,0.45408982,-1
ARHGEF33,9606.ENSP00000387020,0.4526309,-1
CXorf51A,9606.ENSP00000489806,0.45131847,-1
CEACAM4,9606.ENSP00000221954,0.45022932,-1
PHF24,9606.ENSP00000242315,0.450046,-1
GKN2,9606.ENSP00000329292,0.44990897,-1
FCRL6,9606.ENSP00000357086,0.4477996,-1
SPINK8,9606.ENSP00000407497,0.4473892,-1
LST1,9606.ENSP00000365261,0.447111,-1
CPXM1,9606.ENSP00000369979,0.44676518,-1
IGSF6,9606.ENSP00000268389,0.44502893,-1
RNASEH1,9606.ENSP00000313350,0.44406557,-1
TOX4,9606.ENSP00000477868,0.4436328,-1
MAS1L,9606.ENSP00000366331,0.44345555,-1
ERG28,9606.ENSP00000256319,0.44330198,-1
RIBC1,9606.ENSP00000364476,0.4429542,-1
NPY4R2,9606.ENSP00000490174,0.44145906,-1
SLC18A1,9606.ENSP00000387549,0.44130823,-1
CPNE2,9606.ENSP00000290776,0.44113067,-1
TPK1,9606.ENSP00000353165,0.44059384,-1
MAFG,9606.ENSP00000350369,0.44051638,-1
ZNF773,9606.ENSP00000282292,0.44050738,-1
SIM2,9606.ENSP00000290399,0.4396348,-1
MCHR2,9606.ENSP00000281806,0.4389782,-1
RWDD2B,9606.ENSP00000418693,0.43882564,-1
CHMP6,9606.ENSP00000317468,0.43828458,1
RNF41,9606.ENSP00000342755,0.43809518,-1
CRIP1,9606.ENSP00000332449,0.43758774,-1
UGT2B4,9606.ENSP00000305221,0.43609697,-1
CLBA1,9606.ENSP00000450114,0.43471697,-1
RLF,9606.ENSP00000361857,0.43465316,-1
UGT1A3,9606.ENSP00000418532,0.4343189,-1
PPP2R2C,9606.ENSP00000372042,0.4338137,-1
ESYT3,9606.ENSP00000374218,0.43195492,-1
TMEM35B,9606.ENSP00000362435,0.4314893,-1
CRTC2,9606.ENSP00000357622,0.43134856,-1
NOL4L,9606.ENSP00000483523,0.43126458,-1
SLC36A4,9606.ENSP00000317382,0.4308588,-1
SAG,9606.ENSP00000386444,0.43064815,-1
RHOA,9606.ENSP00000400175,0.4297508,1
TYRP1,9606.ENSP00000373570,0.42954102,-1
ELP3,9606.ENSP00000256398,0.42928004,-1
NPIPB5,9606.ENSP00000440703,0.4281598,-1
ZNF585A,9606.ENSP00000292841,0.42755398,-1
REX1BD,9606.ENSP00000351422,0.42596117,-1
TMTC4,9606.ENSP00000343871,0.42571154,-1
ZNF599,9606.ENSP00000333802,0.42507824,-1
NXNL2,9606.ENSP00000365014,0.42463747,-1
KIAA0040,9606.ENSP00000462172,0.42336497,-1
TGM6,9606.ENSP00000202625,0.42275405,-1
HRH1,9606.ENSP00000380247,0.42211303,-1
ARRB1,9606.ENSP00000409581,0.42177352,-1
OVCH2,9606.ENSP00000484497,0.4200797,-1
GAGE12B;,9606.ENSP00000371117,0.4199821,-1
CCDC179,9606.ENSP00000457511,0.41847107,-1
RFK,9606.ENSP00000365926,0.41842356,-1
ADCY2,9606.ENSP00000342952,0.41815564,-1
TLDC2,9606.ENSP00000217320,0.41780624,-1
SLC16A9,9606.ENSP00000378757,0.4174702,-1
STMN3,9606.ENSP00000359070,0.41585362,-1
PRKCE,9606.ENSP00000306124,0.41548175,0
LIPF,9606.ENSP00000377900,0.41468146,-1
CSTL1,9606.ENSP00000344907,0.41258082,-1
KCNG3,9606.ENSP00000304127,0.41231048,-1
TMEM171,9606.ENSP00000415030,0.41164288,-1
CNR2,9606.ENSP00000363596,0.41058382,-1
C14orf93,9606.ENSP00000299088,0.40997168,-1
EFCAB11,9606.ENSP00000326267,0.4090867,-1
PGAP2,9606.ENSP00000278243,0.40842128,-1
C9orf57,9606.ENSP00000366223,0.40743208,-1
TMEM74B,9606.ENSP00000371318,0.40735328,-1
TNFRSF13C,9606.ENSP00000291232,0.4073325,-1
FXYD7,9606.ENSP00000270310,0.4046873,-1
SLC66A1,9606.ENSP00000364295,0.40462935,-1
LIPK,9606.ENSP00000383900,0.4044863,-1
AGL,9606.ENSP00000294724,0.40412834,-1
CDC42EP5,9606.ENSP00000301200,0.40355384,-1
CA4,9606.ENSP00000300900,0.40136066,-1
RPS23,9606.ENSP00000296674,0.40065074,0
LUZP1,9606.ENSP00000303758,0.40035084,0
GPR142,9606.ENSP00000335158,0.39942902,-1
TMEM252,9606.ENSP00000366528,0.39902326,-1
DNAJC5G,9606.ENSP00000296097,0.39849952,-1
RNF170,9606.ENSP00000445725,0.3973782,-1
ENTPD6,9606.ENSP00000365840,0.39736855,-1
UGT1A7,9606.ENSP00000362525,0.3968961,-1
TMEM102,9606.ENSP00000315387,0.3927651,-1
NPW,9606.ENSP00000456974,0.39213094,-1
ZDHHC17,9606.ENSP00000403397,0.3918984,-1
HTR7,9606.ENSP00000337949,0.3918586,-1
HCAR3,9606.ENSP00000436714,0.39114112,-1
TAAR8,9606.ENSP00000275200,0.39094082,-1
ASAH2B,9606.ENSP00000495463,0.3901885,-1
LAMP5,9606.ENSP00000246070,0.3899908,-1
NDRG3,9606.ENSP00000345292,0.38974273,-1
SLC17A6,9606.ENSP00000263160,0.38944462,-1
ARRB2,9606.ENSP00000403701,0.38912773,-1
DOC2A,9606.ENSP00000482870,0.3880897,-1
ACSM5,9606.ENSP00000327916,0.38782898,-1
SFXN5,9606.ENSP00000272433,0.38759965,-1
DMRTA2,9606.ENSP00000383909,0.38721403,-1
CPEB2,9606.ENSP00000443985,0.3863867,-1
DRD5,9606.ENSP00000306129,0.38609958,-1
LRRC37A3,9606.ENSP00000464535,0.38566053,-1
SULT1B1,9606.ENSP00000308770,0.38493615,-1
TRDV1,9606.ENSP00000484940,0.38487834,-1
CFAP77,9606.ENSP00000343290,0.38482985,-1
NBEA,9606.ENSP00000383295,0.38424775,-1
KLHL10,9606.ENSP00000293303,0.3839517,-1
MAP2K3,9606.ENSP00000345083,0.38303217,-1
CDK1,9606.ENSP00000378699,0.38288417,1
MSGN1,9606.ENSP00000281047,0.38041866,-1
SLC35G4,9606.ENSP00000490812,0.38013983,-1
PDPR,9606.ENSP00000288050,0.37982416,-1
ZBED2,9606.ENSP00000321370,0.37893304,-1
NMRAL1,9606.ENSP00000458762,0.37731242,-1
UMAD1,9606.ENSP00000489648,0.37693372,-1
SHANK3,9606.ENSP00000489407,0.37658232,-1
ATP9A,9606.ENSP00000342481,0.3756566,-1
UGT1A4,9606.ENSP00000362508,0.37280267,-1
C1GALT1C1L,9606.ENSP00000489061,0.37262753,-1
GABBR1,9606.ENSP00000366233,0.37169778,-1
SBSPON,9606.ENSP00000297354,0.37016097,-1
BTBD9,9606.ENSP00000418751,0.3676792,-1
BLCAP,9606.ENSP00000397172,0.36758488,0
GALR2,9606.ENSP00000329684,0.3666579,-1
GCDH,9606.ENSP00000466845,0.36557028,-1
MEF2A,9606.ENSP00000453095,0.36540115,-1
GAGE13,9606.ENSP00000483811,0.36529264,-1
MORC4,9606.ENSP00000347821,0.3633445,-1
RBFOX2,9606.ENSP00000413035,0.36301312,-1
OR52B4,9606.ENSP00000485530,0.3628044,-1
SPANXN1,9606.ENSP00000359524,0.36245656,-1
MYO3A,9606.ENSP00000495965,0.36175928,-1
HPGDS,9606.ENSP00000295256,0.36137414,-1
RHBDL3,9606.ENSP00000269051,0.36084893,-1
KCNK10,9606.ENSP00000312811,0.3604397,-1
GAB4,9606.ENSP00000383431,0.36029366,-1
OR51L1,9606.ENSP00000493015,0.35974473,-1
ACSM2A,9606.ENSP00000459451,0.35974282,-1
CHD7,9606.ENSP00000392028,0.35706565,-1
SLC2A11,9606.ENSP00000483038,0.35679907,-1
PTPN22,9606.ENSP00000352833,0.3560827,-1
TMPRSS13,9606.ENSP00000434279,0.35469595,-1
FAT2,9606.ENSP00000261800,0.3539518,-1
FEZF2,9606.ENSP00000283268,0.35273713,-1
PRR7,9606.ENSP00000327168,0.35269916,1
ABCG5,9606.ENSP00000384513,0.35235474,-1
C9orf43,9606.ENSP00000288462,0.35052952,-1
CEBPG,9606.ENSP00000466022,0.35025516,-1
FABP4,9606.ENSP00000256104,0.35014257,-1
UPK3BL1,9606.ENSP00000342938,0.35004947,-1
CAPN13,9606.ENSP00000295055,0.349058,-1
GABRP,9606.ENSP00000430100,0.34859642,-1
MOG,9606.ENSP00000366091,0.34846562,-1
NPIPB11,9606.ENSP00000430853,0.34801206,-1
SRXN1,9606.ENSP00000371388,0.3467726,-1
SLC66A3,9606.ENSP00000295083,0.3449555,-1
GPR61,9606.ENSP00000432456,0.34493837,-1
MT1HL1,9606.ENSP00000476141,0.34312606,-1
GGT6,9606.ENSP00000370962,0.3426974,-1
NPBWR1,9606.ENSP00000330284,0.34255192,-1
TNNI2,9606.ENSP00000371336,0.34166726,-1
ACO2,9606.ENSP00000216254,0.3406403,-1
SDCBP2,9606.ENSP00000371233,0.34042266,-1
OR52N2,9606.ENSP00000322801,0.33992407,-1
ABRACL,9606.ENSP00000356632,0.3397558,-1
RAPGEF4,9606.ENSP00000380271,0.3391922,-1
CYP2A13,9606.ENSP00000332679,0.33900392,-1
NANP,9606.ENSP00000302441,0.3389823,-1
MIEN1,9606.ENSP00000462998,0.33835587,1
PSCA,9606.ENSP00000301258,0.3375424,-1
NXNL1,9606.ENSP00000305631,0.33676022,-1
SLC8A2,9606.ENSP00000236877,0.3367401,-1
TRIM39,9606.ENSP00000365844,0.33654246,1
GSTA5,9606.ENSP00000360028,0.3362575,-1
MESD,9606.ENSP00000261758,0.33606154,-1
RAB11FIP5,9606.ENSP00000258098,0.3358177,-1
EPCIP,9606.ENSP00000418653,0.33505428,-1
GRAMD1C,9606.ENSP00000350881,0.3332144,-1
CYSLTR2,9606.ENSP00000282018,0.3330679,-1
CLYBL,9606.ENSP00000365533,0.33282238,-1
KLF7,9606.ENSP00000309570,0.3325836,-1
SLC25A10,9606.ENSP00000461324,0.3323902,-1
CYP2R1,9606.ENSP00000334592,0.3323389,-1
TBC1D25,9606.ENSP00000365962,0.3317466,-1
HMSD,9606.ENSP00000386207,0.3313681,-1
TAAR1,9606.ENSP00000275216,0.33055803,-1
NR1D2,9606.ENSP00000310006,0.3303193,-1
PPP2R2A,9606.ENSP00000325074,0.3302003,0
DUSP18,9606.ENSP00000333917,0.32932705,-1
TRIM41,9606.ENSP00000320869,0.32931215,-1
FKBP2,9606.ENSP00000378046,0.32881215,-1
WDR5B,9606.ENSP00000330381,0.32814938,-1
LCE3D,9606.ENSP00000357776,0.32809255,-1
TMDD1,9606.ENSP00000493167,0.32769033,-1
CYTH2,9606.ENSP00000493357,0.32721448,-1
UBALD2,9606.ENSP00000331298,0.32682154,-1
RPS21,9606.ENSP00000345957,0.3265571,0
DDI2,9606.ENSP00000417748,0.32566518,-1
TWNK,9606.ENSP00000309595,0.325639,-1
SSU72L3,9606.ENSP00000491768,0.32549778,-1
MANBA,9606.ENSP00000495247,0.32542837,-1
TMPRSS11D,9606.ENSP00000283916,0.32509327,-1
SDR9C7,9606.ENSP00000293502,0.32472092,-1
MTRNR2L13,9606.ENSP00000474570,0.3246874,-1
OR51F2,9606.ENSP00000493050,0.32457986,-1
RUNX1,9606.ENSP00000300305,0.32365572,-1
RNASE10,9606.ENSP00000333358,0.32329455,-1
MYO5C,9606.ENSP00000261839,0.32306474,-1
GSG1L,9606.ENSP00000394954,0.32295874,-1
ADH1A,9606.ENSP00000209668,0.32287285,-1
TCHP,9606.ENSP00000324404,0.3221885,-1
JMJD4,9606.ENSP00000355720,0.32175115,-1
NIT2,9606.ENSP00000377696,0.3202153,-1
SULT2A1,9606.ENSP00000222002,0.31972346,-1
GPR31,9606.ENSP00000355799,0.3195684,-1
C1QTNF4,9606.ENSP00000302274,0.3181644,-1
KDSR,9606.ENSP00000494352,0.3179782,-1
S100A4,9606.ENSP00000357704,0.31723058,-1
CABYR,9606.ENSP00000483621,0.31697097,-1
CHRNA2,9606.ENSP00000385026,0.3168519,-1
COL4A2,9606.ENSP00000353654,0.31618506,-1
OR52J3,9606.ENSP00000369728,0.31520414,-1
IFITM5,9606.ENSP00000372059,0.31483763,-1
GNRH2,9606.ENSP00000245983,0.31349918,-1
AGXT2,9606.ENSP00000231420,0.31315365,-1
ADRA1A,9606.ENSP00000369960,0.31281626,-1
TACR3,9606.ENSP00000303325,0.31270626,-1
CHAC2,9606.ENSP00000295304,0.31160644,-1
LYPD6,9606.ENSP00000334463,0.3111248,-1
HS2ST1,9606.ENSP00000359581,0.31058645,-1
ERVFRD-1,9606.ENSP00000420174,0.3105054,-1
UGT2B10,9606.ENSP00000265403,0.31026208,-1
B3GALT5,9606.ENSP00000381699,0.3092522,-1
HTR1B,9606.ENSP00000358963,0.30795515,-1
GGTLC2,9606.ENSP00000415676,0.30753973,-1
KCNE3,9606.ENSP00000310557,0.30745614,-1
HCCS,9606.ENSP00000370139,0.30709732,-1
KY,9606.ENSP00000397598,0.30646953,-1
LRRC38,9606.ENSP00000365253,0.3056346,-1
NCOA7,9606.ENSP00000376269,0.3052094,-1
MPZL3,9606.ENSP00000278949,0.30495602,-1
CASS4,9606.ENSP00000353462,0.30468467,-1
SPRED1,9606.ENSP00000299084,0.304567,-1
JUN,9606.ENSP00000360266,0.30447984,1
OAZ3,9606.ENSP00000383784,0.3040733,-1
OR56A4,9606.ENSP00000328215,0.3029869,-1
SLC25A11,9606.ENSP00000225665,0.3026704,0
GPR101,9606.ENSP00000498972,0.30195656,-1
KCNG1,9606.ENSP00000360626,0.30142963,-1
OR51F1,9606.ENSP00000369744,0.30081338,-1
ENTPD5,9606.ENSP00000335246,0.3006067,-1
SCN4B,9606.ENSP00000322460,0.29994833,-1
AQP12B,9606.ENSP00000384894,0.2996286,-1
CNPY4,9606.ENSP00000262932,0.29924253,-1
CACHD1,9606.ENSP00000290039,0.29921457,-1
OR56A1,9606.ENSP00000321246,0.29919976,-1
GCSH,9606.ENSP00000319531,0.29813868,-1
C2orf68,9606.ENSP00000304410,0.29713798,-1
CPN1,9606.ENSP00000359446,0.29709816,-1
LACC1,9606.ENSP00000391747,0.2969007,-1
TMEM65,9606.ENSP00000297632,0.29498166,-1
AARD,9606.ENSP00000367528,0.2947346,-1
HTR1A,9606.ENSP00000316244,0.29360333,-1
RD3,9606.ENSP00000355969,0.2926406,-1
HAPLN2,9606.ENSP00000255039,0.29160625,-1
PRRG3,9606.ENSP00000359378,0.2902341,-1
NOTCH2NLR,9606.ENSP00000485259,0.28997955,-1
SLC6A16,9606.ENSP00000338627,0.28913444,-1
FRAT1,9606.ENSP00000360060,0.2885451,-1
C1QTNF7,9606.ENSP00000295297,0.28636354,-1
COQ9,9606.ENSP00000262507,0.28614283,-1
OR51E2,9606.ENSP00000380153,0.2847954,-1
ZNF84,9606.ENSP00000331465,0.28466758,-1
CD37,9606.ENSP00000325708,0.28406292,-1
OTOS,9606.ENSP00000375849,0.28265202,-1
ARL4C,9606.ENSP00000339754,0.28135747,-1
OPN1SW,9606.ENSP00000249389,0.28102908,-1
LRRC4C,9606.ENSP00000278198,0.2802029,-1
KAAG1,9606.ENSP00000274766,0.2801173,-1
CALCR,9606.ENSP00000352561,0.2797291,-1
HS3ST5,9606.ENSP00000427888,0.27889955,-1
ENPP7,9606.ENSP00000332656,0.27589113,-1
DCAF8L1,9606.ENSP00000405222,0.27559572,-1
SMYD3,9606.ENSP00000419184,0.27533975,-1
EIF6,9606.ENSP00000363559,0.2751874,-1
PRXL2B,9606.ENSP00000413218,0.27435577,-1
KISS1R,9606.ENSP00000234371,0.2741533,-1
TRIM33,9606.ENSP00000351250,0.27374017,-1
KRT4,9606.ENSP00000448220,0.27311283,-1
TMPRSS11A,9606.ENSP00000334611,0.27221796,-1
ISLR,9606.ENSP00000249842,0.272208,-1
ZAP70,9606.ENSP00000264972,0.2713378,-1
C7orf33,9606.ENSP00000304071,0.26906058,-1
PDE10A,9606.ENSP00000355847,0.26845697,-1
LZTFL1,9606.ENSP00000296135,0.26792306,-1
GRM3,9606.ENSP00000355316,0.2672003,-1
SLC26A7,9606.ENSP00000309504,0.2669029,-1
MINK1,9606.ENSP00000347427,0.2667961,-1
AXIN1,9606.ENSP00000262320,0.26528835,-1
REM2,9606.ENSP00000267396,0.265181,-1
COL4A4,9606.ENSP00000379866,0.26512972,-1
GRB14,9606.ENSP00000263915,0.26404223,-1
B3GALT1,9606.ENSP00000376456,0.26306203,-1
TSKS,9606.ENSP00000246801,0.26248306,-1
LGI1,9606.ENSP00000360472,0.26193857,-1
PDXDC1,9606.ENSP00000379691,0.26186872,-1
ZNF528,9606.ENSP00000353652,0.26180807,-1
FABP2,9606.ENSP00000274024,0.2616156,-1
VCF2,9606.ENSP00000397188,0.26107502,-1
ZNF177,9606.ENSP00000415070,0.2600767,-1
MYBPHL,9606.ENSP00000349678,0.25950715,-1
ADAMTS17,9606.ENSP00000268070,0.2573333,-1
CYP2U1,9606.ENSP00000333212,0.2564711,-1
MINPP1,9606.ENSP00000361064,0.25578734,-1
CIBAR1,9606.ENSP00000429367,0.25543565,-1
IPP,9606.ENSP00000379739,0.2549255,-1
PTCRA,9606.ENSP00000477815,0.25491318,1
FANCL,9606.ENSP00000385021,0.25445867,-1
C12orf76,9606.ENSP00000498468,0.25407836,-1
UBE3A,9606.ENSP00000497594,0.2533739,-1
APOBEC3G,9606.ENSP00000385057,0.25313511,-1
OR52L1,9606.ENSP00000330338,0.252715,-1
NSF,9606.ENSP00000381293,0.2526947,-1
UGT1A8,9606.ENSP00000362549,0.2525127,-1
GLOD5,9606.ENSP00000302552,0.25215912,-1
MROH2B,9606.ENSP00000382476,0.25150517,-1
KLF10,9606.ENSP00000285407,0.2508885,-1
GALNT14,9606.ENSP00000314500,0.25088015,-1
NTNG1,9606.ENSP00000359085,0.24995884,-1
SYT1,9606.ENSP00000261205,0.24988322,-1
RFC2,9606.ENSP00000055077,0.24926747,0
CEPT1,9606.ENSP00000441980,0.24914788,-1
MBOAT7,9606.ENSP00000245615,0.24871328,-1
NPBWR2,9606.ENSP00000358783,0.24783263,-1
SPACDR,9606.ENSP00000327732,0.24769284,-1
STXBP6,9606.ENSP00000324302,0.247533,-1
CORO2A,9606.ENSP00000343746,0.24742134,-1
TMEM116,9606.ENSP00000447731,0.24740194,-1
TTMP,9606.ENSP00000399392,0.24697407,-1
AQP6,9606.ENSP00000320247,0.2460057,-1
SNRPE,9606.ENSP00000400591,0.24563181,0
KRT84,9606.ENSP00000257951,0.24515247,-1
PRB2,9606.ENSP00000374013,0.24455151,-1
GPR68,9606.ENSP00000498702,0.2444478,-1
MAGEB18,9606.ENSP00000314543,0.2443278,-1
METRNL,9606.ENSP00000315731,0.2436168,-1
FXYD1,9606.ENSP00000481244,0.24345623,-1
SPANXC,9606.ENSP00000351884,0.24319975,-1
FAHD2A,9606.ENSP00000233379,0.24305142,-1
SLC6A7,9606.ENSP00000230671,0.24251567,-1
FUT6,9606.ENSP00000286955,0.24227096,-1
OR52A1,9606.ENSP00000369725,0.24220622,-1
FAM228B,9606.ENSP00000482482,0.24164163,-1
OR51A7,9606.ENSP00000493162,0.24160588,-1
KRTAP4-16,9606.ENSP00000411198,0.24098413,-1
TAFA1,9606.ENSP00000418575,0.24021646,-1
ADSL,9606.ENSP00000485525,0.23995532,-1
TNP1,9606.ENSP00000236979,0.23978037,-1
MYEOV,9606.ENSP00000412482,0.23937574,-1
OR4M1,9606.ENSP00000492985,0.23837681,-1
NPIPB12,9606.ENSP00000447597,0.23818901,-1
CNDP1,9606.ENSP00000351682,0.2372728,-1
TMEM18,9606.ENSP00000384347,0.23711883,-1
CREB5,9606.ENSP00000350359,0.23648308,-1
POU5F1B,9606.ENSP00000419298,0.23632722,-1
HSD17B3,9606.ENSP00000364412,0.23605241,-1
HHLA1,9606.ENSP00000500443,0.23595569,-1
SPRR2F,9606.ENSP00000418193,0.2357096,-1
TMEM52B,9606.ENSP00000371348,0.23561478,-1
ACSM2B,9606.ENSP00000327453,0.23546456,-1
RASA4,9606.ENSP00000262940,0.23522353,-1
SLC67A1,9606.ENSP00000369948,0.23496225,-1
OCM2,9606.ENSP00000257627,0.23487662,-1
ELF5,9606.ENSP00000311010,0.2346681,-1
MUC19,9606.ENSP00000495398,0.23457775,-1
PLEKHF2,9606.ENSP00000322373,0.23406588,-1
RIMS1,9606.ENSP00000428417,0.23365518,-1
FCRL3,9606.ENSP00000357169,0.23235044,-1
PGPEP1L,9606.ENSP00000368199,0.2322436,-1
MYG1,9606.ENSP00000267103,0.23223244,-1
SLC7A4,9606.ENSP00000372390,0.2319219,-1
NHLH2,9606.ENSP00000358519,0.23187524,-1
SUGCT,9606.ENSP00000486291,0.2314606,-1
PIP4K2A,9606.ENSP00000365757,0.23069255,-1
HBA1;,9606.ENSP00000251595,0.23041758,-1
APLNR,9606.ENSP00000475344,0.2301026,-1
MARK2,9606.ENSP00000385751,0.22990873,-1
USP9Y,9606.ENSP00000342812,0.22986785,-1
LINC02881,9606.ENSP00000479444,0.22878928,-1
GPR148,9606.ENSP00000308908,0.22863011,-1
CRYL1,9606.ENSP00000298248,0.22839856,-1
FOXD4L5,9606.ENSP00000366637,0.22809695,-1
NFIL3,9606.ENSP00000297689,0.22782579,-1
GCM2,9606.ENSP00000368805,0.22778589,-1
GNA11,9606.ENSP00000078429,0.22776301,-1
SCGB2B2,9606.ENSP00000469876,0.22775103,-1
SLC30A2,9606.ENSP00000363394,0.22719811,-1
FXYD4,9606.ENSP00000473361,0.22637415,-1
GPR174,9606.ENSP00000494310,0.22629477,-1
DNAJC4,9606.ENSP00000320548,0.22591075,0
TNPO1,9606.ENSP00000336712,0.22544307,-1
CADPS,9606.ENSP00000373215,0.22529316,-1
AKR7A3,9606.ENSP00000355377,0.22464325,-1
SMIM36,9606.ENSP00000490644,0.22450228,-1
PHGR1,9606.ENSP00000410024,0.2242634,-1
UGT8,9606.ENSP00000311648,0.22422898,-1
IZUMO1R,9606.ENSP00000332963,0.22415204,-1
OR52A5,9606.ENSP00000493298,0.22411849,-1
P2RY10,9606.ENSP00000171757,0.22403657,-1
HEATR5B,9606.ENSP00000233099,0.22357467,-1
HSD17B11,9606.ENSP00000351035,0.2230899,-1
ABCD2,9606.ENSP00000310688,0.22299679,-1
EPS8L1,9606.ENSP00000201647,0.22294019,-1
GFOD1,9606.ENSP00000368589,0.22236757,-1
GLT8D1,9606.ENSP00000266014,0.22225697,-1
PTGFRN,9606.ENSP00000376899,0.22184736,-1
SFTA2,9606.ENSP00000351989,0.22157796,-1
SPANXA1,9606.ENSP00000359549,0.22147866,-1
KCNK17,9606.ENSP00000362328,0.22092982,-1
DEFB133,9606.ENSP00000485031,0.22017908,-1
BRS3,9606.ENSP00000359682,0.2195581,-1
SYNGR3,9606.ENSP00000248121,0.21931167,-1
PPM1E,9606.ENSP00000312411,0.21894471,-1
CYP3A5,9606.ENSP00000222982,0.21853662,-1
CRHR1,9606.ENSP00000381333,0.21844894,-1
DAZ2,9606.ENSP00000371802,0.2180701,-1
OR52H1,9606.ENSP00000493308,0.21769312,-1
FER1L6,9606.ENSP00000428280,0.21762648,-1
ZNF134,9606.ENSP00000379464,0.21736437,-1
SCGB1D4,9606.ENSP00000351395,0.216985,-1
SLC25A43,9606.ENSP00000217909,0.21695165,-1
NR2C2,9606.ENSP00000483059,0.21675241,-1
KCNT1,9606.ENSP00000360822,0.21640986,-1
LY6H,9606.ENSP00000399485,0.21630998,-1
CHRNA3,9606.ENSP00000315602,0.21617784,-1
FRMD1,9606.ENSP00000283309,0.21612369,-1
MBD5,9606.ENSP00000386049,0.21611796,-1
SNPH,9606.ENSP00000371291,0.2155167,-1
SLC35F5,9606.ENSP00000245680,0.21511255,-1
FRMD8,9606.ENSP00000319726,0.21502762,-1
ACO1,9606.ENSP00000309477,0.21499431,-1
SERTAD1,9606.ENSP00000350633,0.21475823,-1
MIA3,9606.ENSP00000340900,0.2145967,-1
GPR18,9606.ENSP00000343428,0.2145493,-1
NXF2,9606.ENSP00000472530,0.21453522,-1
MARCHF6,9606.ENSP00000274140,0.21440394,-1
EXT2,9606.ENSP00000379032,0.21440017,-1
TRPC7,9606.ENSP00000426070,0.21408975,-1
B3GLCT,9606.ENSP00000343002,0.21374601,-1
CHST5,9606.ENSP00000338783,0.21324757,-1
OR52M1,9606.ENSP00000353343,0.21244231,-1
ADM5,9606.ENSP00000393631,0.21185556,-1
PCNX1,9606.ENSP00000304192,0.21092123,-1
TNNC2,9606.ENSP00000361636,0.21077019,-1
RAPH1,9606.ENSP00000316543,0.21051645,-1
CXorf66,9606.ENSP00000359571,0.21051422,-1
VCX,9606.ENSP00000370447,0.21044128,-1
CPEB1,9606.ENSP00000477715,0.21027452,-1
PABIR3,9606.ENSP00000359820,0.20998548,-1
CPM,9606.ENSP00000339157,0.20984657,-1
LRRC37A,9606.ENSP00000326324,0.20968439,-1
QDPR,9606.ENSP00000281243,0.2095349,-1
RAP1GDS1,9606.ENSP00000340454,0.20930849,-1
NRTN,9606.ENSP00000302648,0.20902033,-1
NXN,9606.ENSP00000337443,0.20872356,-1
OPLAH,9606.ENSP00000480476,0.20835367,-1
DMRTA1,9606.ENSP00000319651,0.20804176,-1
PPP1R17,9606.ENSP00000340125,0.20759572,-1
MTFR1,9606.ENSP00000262146,0.20746803,-1
POTEH,9606.ENSP00000340610,0.20675841,-1
NCMAP,9606.ENSP00000363513,0.2063922,-1
C8orf33,9606.ENSP00000330361,0.20612101,-1
SELENOI,9606.ENSP00000260585,0.20593199,-1
PKN1,9606.ENSP00000343325,0.20584664,-1
IFITM10,9606.ENSP00000344430,0.20543942,-1
HTR5A,9606.ENSP00000287907,0.20443274,-1
SPRR2E,9606.ENSP00000357740,0.20415598,-1
DGKQ,9606.ENSP00000273814,0.20409413,-1
HAGHL,9606.ENSP00000374353,0.20401543,-1
OR52B2,9606.ENSP00000432011,0.20383039,-1
LIMS3,9606.ENSP00000404432,0.20371363,-1
L3HYPDH,9606.ENSP00000247194,0.20357932,-1
PTPRM,9606.ENSP00000463325,0.20334369,-1
PRSS48,9606.ENSP00000401328,0.20237844,-1
IER5L,9606.ENSP00000361569,0.20201568,-1
ERC1,9606.ENSP00000354158,0.20192327,-1
NTNG2,9606.ENSP00000376921,0.2018048,-1
NTSR2,9606.ENSP00000303686,0.20080349,-1
GPA33,9606.ENSP00000356842,0.20057055,-1
COBL,9606.ENSP00000378912,0.20033042,-1
ATP6AP1L,9606.ENSP00000391381,0.20014994,-1
AWAT1,9606.ENSP00000363645,0.20006983,-1
UBASH3B,9606.ENSP00000284273,0.1989683,-1
NEURL2,9606.ENSP00000361596,0.19880211,-1
DHODH,9606.ENSP00000219240,0.19832458,-1
SCO2,9606.ENSP00000444433,0.19763744,-1
F2RL3,9606.ENSP00000248076,0.19757657,-1
OR4A16,9606.ENSP00000325128,0.19746566,-1
PEMT,9606.ENSP00000255389,0.19721875,-1
IRX2-DT,9606.ENSP00000334267,0.19634561,-1
DUSP12,9606.ENSP00000356920,0.19469997,-1
BARX2,9606.ENSP00000281437,0.19300237,-1
SORBS3,9606.ENSP00000240123,0.192959,-1
RNFT1,9606.ENSP00000304670,0.19242984,-1
GMIP,9606.ENSP00000203556,0.19219688,-1
STS,9606.ENSP00000217961,0.19197822,-1
GOLGA8S,9606.ENSP00000455298,0.19189796,-1
SEC16A,9606.ENSP00000325827,0.19145183,-1
DUOXA1,9606.ENSP00000267803,0.19082989,-1
OR4K1,9606.ENSP00000493205,0.19048679,-1
RANBP17,9606.ENSP00000427975,0.18995328,-1
ADAMTS9,9606.ENSP00000418735,0.18962845,-1
FABP5,9606.ENSP00000297258,0.1895241,-1
NEUROG1,9606.ENSP00000317580,0.18943445,0
TSKU,9606.ENSP00000434847,0.18919194,-1
MT-ND3,9606.ENSP00000355206,0.18904072,-1
FAM86C1P,9606.ENSP00000352182,0.18867147,-1
SPINT3,9606.ENSP00000217428,0.18782648,-1
RNF222,9606.ENSP00000382330,0.18761787,-1
SLC30A4,9606.ENSP00000261867,0.18721269,-1
DGKI,9606.ENSP00000288490,0.1871118,-1
MYRFL,9606.ENSP00000448753,0.18694966,-1
MACROD2,9606.ENSP00000217246,0.18674932,-1
HES5,9606.ENSP00000367714,0.1866618,-1
PARP10,9606.ENSP00000434776,0.18661319,-1
ITPA,9606.ENSP00000369456,0.18632895,-1
PCSK7,9606.ENSP00000325917,0.18629675,0
ROBO4,9606.ENSP00000304945,0.18531936,-1
ATL1,9606.ENSP00000351155,0.18464266,-1
GSTM3,9606.ENSP00000354357,0.18449175,-1
APBB3,9606.ENSP00000346378,0.1844815,-1
LRRC3C,9606.ENSP00000367157,0.18367091,-1
SPSB4,9606.ENSP00000311609,0.18344001,-1
HELB,9606.ENSP00000247815,0.18298946,-1
TM4SF18,9606.ENSP00000296059,0.18282591,-1
C4orf36,9606.ENSP00000295898,0.18154317,-1
RPL10L,9606.ENSP00000298283,0.18147886,0
TNPO2,9606.ENSP00000407182,0.18117163,0
LIME1,9606.ENSP00000309521,0.1809111,-1
ANXA10,9606.ENSP00000352248,0.18061945,-1
OR56A5,9606.ENSP00000481594,0.18033874,-1
SYT15,9606.ENSP00000363441,0.18015423,-1
LRCH2,9606.ENSP00000325091,0.17992929,-1
MGST1,9606.ENSP00000379512,0.17986366,-1
OR52E5,9606.ENSP00000480583,0.17952213,-1
HNRNPCL2,9606.ENSP00000479203,0.17933019,-1
VAV3,9606.ENSP00000359073,0.17906192,-1
TMEM212,9606.ENSP00000334072,0.17897375,-1
MSMO1,9606.ENSP00000261507,0.17891411,-1
NPHS2,9606.ENSP00000356587,0.17889437,-1
RPL10,9606.ENSP00000413436,0.17859402,0
FABP7,9606.ENSP00000348931,0.1785754,-1
RS1,9606.ENSP00000369320,0.1781908,-1
TNNT3,9606.ENSP00000370975,0.17767517,-1
BST2,9606.ENSP00000252593,0.1773426,-1
FOSL2,9606.ENSP00000264716,0.1772148,-1
TCF24,9606.ENSP00000455444,0.17719287,-1
APOA1,9606.ENSP00000236850,0.17715766,-1
SLC6A20,9606.ENSP00000346298,0.17684087,-1
PDE1B,9606.ENSP00000243052,0.17602168,-1
ISM2,9606.ENSP00000341490,0.17557834,-1
RBFOX1,9606.ENSP00000391269,0.17527968,-1
EIF1AY,9606.ENSP00000354722,0.17473064,-1
DGAT2L6,9606.ENSP00000328036,0.1731367,-1
PARP12,9606.ENSP00000263549,0.17298704,-1
NBDY,9606.ENSP00000489583,0.17289807,-1
FXYD6,9606.ENSP00000442756,0.17228928,-1
MYLK,9606.ENSP00000353452,0.17222685,-1
SAXO4,9606.ENSP00000344140,0.17216107,-1
PTPN21,9606.ENSP00000452414,0.17213729,-1
OR56A3,9606.ENSP00000493319,0.17165613,-1
ZNF695,9606.ENSP00000341236,0.17104398,-1
SLC6A1,9606.ENSP00000494136,0.1706667,-1
C1orf54,9606.ENSP00000358098,0.17057374,-1
TBC1D1,9606.ENSP00000261439,0.17045154,-1
GIT2,9606.ENSP00000347464,0.17006512,-1
FAM3C,9606.ENSP00000353025,0.1696332,-1
SPRR2D,9606.ENSP00000357746,0.16925606,-1
SRRM5,9606.ENSP00000476253,0.16918042,-1
FNIP2,9606.ENSP00000264433,0.16897538,-1
PRR27,9606.ENSP00000343172,0.16895571,-1
LRFN3,9606.ENSP00000246529,0.16864625,-1
STMN4,9606.ENSP00000342538,0.16839598,-1
FTCDNL1,9606.ENSP00000482786,0.1679341,-1
ZNF567,9606.ENSP00000441838,0.16741592,-1
OR51M1,9606.ENSP00000493005,0.16721103,-1
TCP10L,9606.ENSP00000300258,0.16711344,-1
ARHGEF35,9606.ENSP00000367355,0.166788,-1
MT1H,9606.ENSP00000330587,0.16677095,-1
INF2,9606.ENSP00000376410,0.16642958,-1
CCDC197,9606.ENSP00000490086,0.16629454,-1
TXNRD2,9606.ENSP00000383365,0.16570069,-1
HTR1E,9606.ENSP00000307766,0.16555269,-1
NCBP3,9606.ENSP00000373657,0.16549599,-1
MSRB2,9606.ENSP00000365693,0.16537072,-1
FRMD5,9606.ENSP00000403067,0.16534166,-1
PPP1R14C,9606.ENSP00000355260,0.16526172,-1
TMEM132D,9606.ENSP00000408581,0.16519725,-1
CPXM2,9606.ENSP00000241305,0.16475327,-1
CACNA2D1,9606.ENSP00000349320,0.16460468,-1
PICK1,9606.ENSP00000385205,0.16417396,-1
MT-CO2,9606.ENSP00000354876,0.16403972,-1
HTR1F,9606.ENSP00000322924,0.16379087,-1
S100A3,9606.ENSP00000357702,0.16367997,-1
LGALSL,9606.ENSP00000238875,0.16367714,-1
BORCS7,9606.ENSP00000342331,0.16361697,0
TPBG,9606.ENSP00000358765,0.16341764,-1
DUSP9,9606.ENSP00000345853,0.16294019,-1
COQ7,9606.ENSP00000322316,0.16287705,-1
LDHAL6B,9606.ENSP00000302393,0.16189711,-1
GLA,9606.ENSP00000218516,0.16186547,-1
STAMBPL1,9606.ENSP00000360992,0.16140053,-1
CPHXL,9606.ENSP00000491599,0.16107741,-1
PLD1,9606.ENSP00000342793,0.16106114,-1
HEPN1,9606.ENSP00000386143,0.16093537,-1
NFATC3,9606.ENSP00000300659,0.16064733,-1
VSIG10L,9606.ENSP00000335623,0.16064633,-1
FOSB,9606.ENSP00000245919,0.16064234,-1
CNIH3,9606.ENSP00000272133,0.16047937,-1
EDDM3B,9606.ENSP00000314810,0.16029833,-1
CCDC167,9606.ENSP00000362507,0.16026431,-1
CERS4,9606.ENSP00000251363,0.16008694,-1
SNX5,9606.ENSP00000366998,0.15973163,-1
PRKAB2,9606.ENSP00000254101,0.15972793,-1
TNNC1,9606.ENSP00000232975,0.158634,-1
OR52B6,9606.ENSP00000341581,0.15861878,-1
MAGEB3,9606.ENSP00000355198,0.15801504,-1
TVP23C,9606.ENSP00000225576,0.15793477,-1
A4GALT,9606.ENSP00000384794,0.15745461,-1
ACAT1,9606.ENSP00000265838,0.15741648,-1
VHLL,9606.ENSP00000464258,0.1573415,-1
FAR1,9606.ENSP00000346874,0.15731272,-1
APELA,9606.ENSP00000484618,0.15724304,-1
ZNF57,9606.ENSP00000303696,0.15698038,-1
C11orf91,9606.ENSP00000368296,0.15642686,-1
OR2AP1,9606.ENSP00000493043,0.15633951,-1
CCDC71,9606.ENSP00000319006,0.15598865,-1
TMEM119,9606.ENSP00000376553,0.15521662,-1
MTARC2,9606.ENSP00000355880,0.15480791,-1
ZNF28,9606.ENSP00000397693,0.1547642,-1
UPRT,9606.ENSP00000362481,0.15468463,-1
PDE2A,9606.ENSP00000334910,0.15454283,-1
FNDC9,9606.ENSP00000310594,0.15446267,-1
KCNJ3,9606.ENSP00000295101,0.15441033,-1
SLC22A10,9606.ENSP00000327569,0.15370412,-1
NIPSNAP3B,9606.ENSP00000363894,0.15369596,-1
ALG10B,9606.ENSP00000310120,0.15348238,-1
TMEM94,9606.ENSP00000364397,0.15329914,-1
MEX3C,9606.ENSP00000385610,0.15264307,-1
SP110,9606.ENSP00000258381,0.15251473,-1
PYGB,9606.ENSP00000216962,0.15247905,-1
TLCD2,9606.ENSP00000331965,0.15194948,-1
GSC2,9606.ENSP00000086933,0.15103628,-1
FAM218A,9606.ENSP00000427428,0.15098119,-1
RBBP4,9606.ENSP00000362592,0.15063526,-1
SPIB,9606.ENSP00000471921,0.15056592,-1
OR13C3,9606.ENSP00000363913,0.15050638,-1
C1orf122,9606.ENSP00000362133,0.15028425,-1
GPC5,9606.ENSP00000366267,0.1500117,-1
OR2W3,9606.ENSP00000353516,0.14983124,-1
CBY2,9606.ENSP00000309189,0.14976865,-1
OR51B5,9606.ENSP00000300773,0.14937836,-1
CPSF4,9606.ENSP00000292476,0.14921251,-1
TMEM233,9606.ENSP00000403130,0.14918335,-1
TSPAN5,9606.ENSP00000307701,0.14907107,-1
SLC30A1,9606.ENSP00000355968,0.14893366,-1
LIPN,9606.ENSP00000383923,0.14891703,-1
NEXN,9606.ENSP00000333938,0.14843388,-1
MROH8,9606.ENSP00000339971,0.14833626,-1
KIRREL3,9606.ENSP00000435466,0.1479737,-1
TSPAN31,9606.ENSP00000257910,0.14771743,-1
CACNA2D4,9606.ENSP00000372169,0.14762549,-1
SOCS5,9606.ENSP00000305133,0.14739025,-1
CYP26A1,9606.ENSP00000224356,0.14689933,-1
NAGA,9606.ENSP00000379680,0.14673573,-1
CCDC54,9606.ENSP00000261058,0.1467328,-1
ARMCX6,9606.ENSP00000444537,0.1464927,-1
AMIGO1,9606.ENSP00000358880,0.14636517,-1
DPH3,9606.ENSP00000419599,0.14596769,-1
ZSWIM1,9606.ENSP00000361601,0.14575443,-1
GRIN1,9606.ENSP00000360608,0.14556485,-1
RPP21,9606.ENSP00000409799,0.1452996,-1
DBX1,9606.ENSP00000436881,0.14473762,-1
ECHDC1,9606.ENSP00000436585,0.14441691,-1
OR51Q1,9606.ENSP00000300778,0.14436778,-1
CBY3,9606.ENSP00000366173,0.14395848,-1
KLF2,9606.ENSP00000248071,0.14390165,-1
MAN2B1,9606.ENSP00000395473,0.14383994,-1
GJA5,9606.ENSP00000484552,0.14382282,-1
VWCE,9606.ENSP00000334186,0.14376487,-1
FOXD2,9606.ENSP00000335493,0.1434929,-1
OCC1,9606.ENSP00000448536,0.14346795,-1
SLC25A25,9606.ENSP00000362160,0.14329706,-1
SUDS3,9606.ENSP00000443988,0.14327456,-1
TBC1D3H,9606.ENSP00000482630,0.14313927,-1
SPDYE3,9606.ENSP00000329565,0.14309338,-1
OCLN,9606.ENSP00000347379,0.1429133,-1
GPR146,9606.ENSP00000380283,0.14275767,-1
ANXA2R,9606.ENSP00000315915,0.14275654,-1
DOCK11,9606.ENSP00000276202,0.14267123,-1
HSFX4,9606.ENSP00000489814,0.14245954,-1
PPP2R2D,9606.ENSP00000399970,0.14225571,0
PRR32,9606.ENSP00000360166,0.14217241,-1
ARHGEF18,9606.ENSP00000499655,0.14204301,-1
CNGA1,9606.ENSP00000384264,0.14201595,-1
SLC16A5,9606.ENSP00000390564,0.14157665,-1
CREM,9606.ENSP00000265372,0.14147224,-1
RNF208,9606.ENSP00000376572,0.14139909,-1
OR51D1,9606.ENSP00000492986,0.14092197,-1
OR52N4,9606.ENSP00000493338,0.14091371,-1
PREPL,9606.ENSP00000386543,0.14058228,-1
AGPS,9606.ENSP00000264167,0.14043279,-1
ISX,9606.ENSP00000311492,0.14040777,-1
NFAM1,9606.ENSP00000333680,0.14009455,-1
OR52E4,9606.ENSP00000493085,0.13982743,-1
S100A10,9606.ENSP00000357801,0.13974732,-1
GRIN3B,9606.ENSP00000234389,0.1387959,-1
SMIM44,9606.ENSP00000493273,0.13870235,-1
C9orf153,9606.ENSP00000344865,0.13847196,-1
CTSA,9606.ENSP00000361562,0.13820583,-1
HGD,9606.ENSP00000283871,0.13802439,-1
C11orf97,9606.ENSP00000490577,0.13787374,-1
PHKA1,9606.ENSP00000362643,0.13772066,-1
QRFPR,9606.ENSP00000377948,0.13754618,-1
HAS3,9606.ENSP00000304440,0.13680303,-1
RNF138,9606.ENSP00000261593,0.13609564,-1
LDOC1,9606.ENSP00000359557,0.13597345,-1
FOXD4L4,9606.ENSP00000366630,0.13593546,-1
SIT1,9606.ENSP00000259608,0.13581635,-1
SLC35G6,9606.ENSP00000396523,0.13570252,-1
ZFP37,9606.ENSP00000452552,0.13565044,-1
CLXN,9606.ENSP00000262103,0.13550285,-1
ZNF81,9606.ENSP00000366153,0.13546528,-1
PLAG1,9606.ENSP00000325546,0.13510144,-1
SRY,9606.ENSP00000372547,0.1350864,-1
PLIN1,9606.ENSP00000300055,0.1350841,-1
SPRR1B,9606.ENSP00000306461,0.13500933,-1
HNRNPCL1,9606.ENSP00000365370,0.13481045,-1
GPR139,9606.ENSP00000458791,0.13471577,-1
SNRPG,9606.ENSP00000393388,0.1343488,0
TBC1D3G,9606.ENSP00000456861,0.13416539,-1
NDFIP2,9606.ENSP00000480798,0.1340903,-1
KCNT2,9606.ENSP00000294725,0.13406368,-1
PDE4C,9606.ENSP00000347689,0.13384879,-1
ADAMTS6,9606.ENSP00000370443,0.13383839,-1
HSBP1L1,9606.ENSP00000414236,0.13371956,-1
CA12,9606.ENSP00000178638,0.13362737,-1
ZNF92,9606.ENSP00000332595,0.13358071,-1
PANK1,9606.ENSP00000302108,0.13340355,-1
DNAJC16,9606.ENSP00000365007,0.13332592,-1
ZNF544,9606.ENSP00000269829,0.13332026,-1
FOXK2,9606.ENSP00000335677,0.13327615,-1
HCAR1,9606.ENSP00000389255,0.13324605,-1
MINAR1,9606.ENSP00000307461,0.13273188,-1
FAM174B,9606.ENSP00000329040,0.13263035,-1
FAM118B,9606.ENSP00000433343,0.13257807,-1
B3GALT2,9606.ENSP00000356404,0.1325648,-1
PDE7B,9606.ENSP00000310661,0.13250859,-1
FOXL2NB,9606.ENSP00000372651,0.13213326,-1
SEMA6B,9606.ENSP00000467290,0.13208103,-1
CRCT1,9606.ENSP00000357779,0.13186459,-1
EIF1AX,9606.ENSP00000368927,0.13170841,0
TMEM219,9606.ENSP00000457492,0.13162555,0
OR4K15,9606.ENSP00000304077,0.13139926,-1
CLEC18A,9606.ENSP00000484176,0.1313277,-1
GPR87,9606.ENSP00000260843,0.13125761,-1
FETUB,9606.ENSP00000265029,0.13122329,-1
DHX9,9606.ENSP00000356520,0.13119191,-1
WDR38,9606.ENSP00000483312,0.13103305,-1
C1QL4,9606.ENSP00000335285,0.13094291,-1
MYLIP,9606.ENSP00000349298,0.13070449,-1
C17orf78,9606.ENSP00000478886,0.13031694,-1
C2CD2,9606.ENSP00000369853,0.13017923,-1
TBC1D3D,9606.ENSP00000478426,0.13014252,-1
ZBTB8B,9606.ENSP00000476499,0.13003734,-1
LORICRIN,9606.ENSP00000357731,0.12946054,-1
ZDHHC19,9606.ENSP00000296326,0.1293983,-1
PRR14L,9606.ENSP00000331845,0.12908436,-1
KPNA1,9606.ENSP00000343701,0.12904492,0
COMTD1,9606.ENSP00000361616,0.1283844,-1
OR51A2,9606.ENSP00000369729,0.12787648,-1
FABP12,9606.ENSP00000353650,0.12786978,-1
TNIK,9606.ENSP00000399511,0.12772314,-1
EPM2AIP1,9606.ENSP00000406027,0.12764356,0
AIRIM,9606.ENSP00000350704,0.12723827,-1
SUMF1,9606.ENSP00000272902,0.12711443,-1
STARD3NL,9606.ENSP00000009041,0.12708782,-1
SLC25A28,9606.ENSP00000359526,0.12704065,0
DRD4,9606.ENSP00000176183,0.12690218,-1
ZNF853,9606.ENSP00000455585,0.12685141,-1
ZDHHC4,9606.ENSP00000379934,0.1263831,-1
DHRS7B,9606.ENSP00000378887,0.125868,-1
METRN,9606.ENSP00000455068,0.125823,-1
NATD1,9606.ENSP00000478388,0.12577474,-1
CFAP107,9606.ENSP00000477802,0.12573661,-1
ARMCX1,9606.ENSP00000361917,0.1256145,-1
ENTREP2,9606.ENSP00000261275,0.12559615,-1
VWA2,9606.ENSP00000376708,0.12532425,-1
TECRL,9606.ENSP00000370607,0.12495668,-1
PRAC2,9606.ENSP00000484945,0.12470376,-1
TRIM24,9606.ENSP00000340507,0.12430721,-1
IMPG1,9606.ENSP00000358966,0.12413537,-1
P2RY6,9606.ENSP00000480966,0.12368821,-1
TRIM10,9606.ENSP00000397073,0.123374514,-1
TRPC4,9606.ENSP00000486109,0.123239025,-1
PCSK1N,9606.ENSP00000218230,0.12289564,-1
CALML3,9606.ENSP00000315299,0.122841,-1
ELL3,9606.ENSP00000320346,0.12256421,1
OR5D13,9606.ENSP00000485428,0.12242849,-1
CYB561A3,9606.ENSP00000389745,0.1221588,-1
WDR26,9606.ENSP00000498603,0.12170329,-1
KRTAP20-4,9606.ENSP00000372278,0.12133706,-1
ESRP1,9606.ENSP00000405738,0.12113618,-1
CTXN3,9606.ENSP00000368758,0.12067658,-1
NDRG2,9606.ENSP00000451712,0.12063541,-1
ELOVL4,9606.ENSP00000358831,0.12061609,-1
ESRP2,9606.ENSP00000418748,0.120524876,-1
ADAT2,9606.ENSP00000237283,0.12048208,-1
ZNF441,9606.ENSP00000350576,0.12002715,-1
PBX4,9606.ENSP00000251203,0.11987915,-1
ZCCHC14,9606.ENSP00000268616,0.1197714,-1
XAGE1A,9606.ENSP00000364752,0.11972614,-1
C11orf71,9606.ENSP00000325508,0.11951271,-1
CHKA,9606.ENSP00000265689,0.11933265,-1
CPNE5,9606.ENSP00000244751,0.11912678,-1
PTCHD4,9606.ENSP00000341914,0.119097576,-1
XRN1,9606.ENSP00000264951,0.11890871,-1
RNF186,9606.ENSP00000364263,0.11849963,-1
MAMDC4,9606.ENSP00000319388,0.11838802,-1
MMP15,9606.ENSP00000219271,0.11828692,-1
STPG2,9606.ENSP00000295268,0.1179195,-1
SMYD1,9606.ENSP00000393453,0.117539674,-1
WDSUB1,9606.ENSP00000387078,0.11752487,-1
HTR3D,9606.ENSP00000371929,0.11724645,-1
ZNF112,9606.ENSP00000337081,0.11721874,-1
OR52N1,9606.ENSP00000493272,0.1170622,-1
DENND5B,9606.ENSP00000444889,0.116907895,-1
ZNF420,9606.ENSP00000338770,0.11651151,-1
SLC16A12,9606.ENSP00000360855,0.116419636,-1
OR5T2,9606.ENSP00000323688,0.11609991,-1
PIGV,9606.ENSP00000363260,0.115662605,-1
ABCA5,9606.ENSP00000376443,0.115534954,-1
GNAI3,9606.ENSP00000358867,0.11525421,-1
ADPGK,9606.ENSP00000312250,0.114507735,-1
TIFA,9606.ENSP00000354911,0.11450111,-1
TRAPPC2L,9606.ENSP00000457728,0.114500485,-1
ZNF17,9606.ENSP00000302455,0.11423474,-1
SLC6A19,9606.ENSP00000305302,0.114150114,-1
PDILT,9606.ENSP00000305465,0.113879696,-1
CNOT6L,9606.ENSP00000424896,0.11381985,-1
TBC1D3K,9606.ENSP00000484181,0.11379348,-1
DCT,9606.ENSP00000392762,0.11340199,-1
RSC1A1,9606.ENSP00000341963,0.11318476,-1
TNFAIP8L1,9606.ENSP00000444215,0.113176234,-1
ETS2,9606.ENSP00000353344,0.11293539,-1
FLG2,9606.ENSP00000373370,0.1127072,-1
GPRIN3,9606.ENSP00000476603,0.112442456,-1
VEZT,9606.ENSP00000410083,0.112257294,-1
OR6C75,9606.ENSP00000493430,0.11219464,-1
PMS2P11,9606.ENSP00000334938,0.11197983,-1
LRRC7,9606.ENSP00000309245,0.11190461,-1
NOXO1,9606.ENSP00000380450,0.11187623,-1
OR6C1,9606.ENSP00000492978,0.11146222,-1
LRRC63,9606.ENSP00000469337,0.11073691,-1
DHRS13,9606.ENSP00000368173,0.11064314,-1
DPH5,9606.ENSP00000359127,0.11050227,-1
SLC44A3,9606.ENSP00000271227,0.11039184,-1
SPRR4,9606.ENSP00000332163,0.1103106,-1
STARD10,9606.ENSP00000335247,0.11019546,-1
LRFN2,9606.ENSP00000345985,0.11019514,-1
FUT3,9606.ENSP00000305603,0.10983438,-1
CFAP276,9606.ENSP00000358965,0.10973171,-1
KCNE5,9606.ENSP00000361173,0.10961706,-1
SPATA46,9606.ENSP00000356912,0.10959213,-1
ERLIN1,9606.ENSP00000410964,0.109471366,-1
SLC38A6,9606.ENSP00000346959,0.10892833,-1
SMIM3,9606.ENSP00000436897,0.10879825,-1
RTL6,9606.ENSP00000340434,0.108575314,-1
SPNS2,9606.ENSP00000333292,0.108468994,-1
ABLIM1,9606.ENSP00000277895,0.107834846,-1
SLC9A7,9606.ENSP00000480916,0.1074597,-1
KRT79,9606.ENSP00000328358,0.10738758,-1
ACP1,9606.ENSP00000272067,0.107290834,0
CPT1A,9606.ENSP00000265641,0.107147664,-1
MKRN2OS,9606.ENSP00000455385,0.10699811,-1
CLP1,9606.ENSP00000434995,0.1068867,-1
ACVR1B,9606.ENSP00000442656,0.1067291,0
MROH7,9606.ENSP00000396622,0.106676534,-1
NBPF15,9606.ENSP00000462600,0.10647432,-1
OR51G2,9606.ENSP00000493323,0.10629861,-1
GSTA4,9606.ENSP00000360002,0.10628591,-1
TMEM170A,9606.ENSP00000454404,0.10620176,-1
ZNF530,9606.ENSP00000332861,0.105358146,-1
AFTPH,9606.ENSP00000238855,0.104969114,-1
OR51A4,9606.ENSP00000492963,0.10493702,-1
USP26,9606.ENSP00000423390,0.10485105,0
CLDN11,9606.ENSP00000064724,0.10462865,-1
PAICS,9606.ENSP00000382595,0.10434485,0
GSTA1,9606.ENSP00000335620,0.10432535,-1
TP53AIP1,9606.ENSP00000432743,0.10406735,-1
CPTP,9606.ENSP00000343890,0.10380048,-1
KCNMB4,9606.ENSP00000258111,0.103592664,-1
MAGI1,9606.ENSP00000385450,0.10358834,-1
OR51B4,9606.ENSP00000369573,0.10350369,-1
RTL5,9606.ENSP00000476792,0.10349003,-1
GRAMD1B,9606.ENSP00000402457,0.103448704,-1
FAR2,9606.ENSP00000443291,0.103279814,-1
SPACA9,9606.ENSP00000361209,0.10327386,-1
KCT2,9606.ENSP00000231512,0.103157684,-1
OR4A5,9606.ENSP00000367664,0.103036806,-1
LYG1,9606.ENSP00000386923,0.10297531,-1
DMTF1,9606.ENSP00000378193,0.10268525,-1
ARHGAP45,9606.ENSP00000439601,0.1023933,-1
NT5C3A,9606.ENSP00000476480,0.10228293,-1
IGFL4,9606.ENSP00000366926,0.10224571,-1
OCM,9606.ENSP00000242104,0.10171375,-1
ACMSD,9606.ENSP00000348459,0.10099762,-1
CYP27A1,9606.ENSP00000258415,0.10092023,-1
LTB4R2,9606.ENSP00000445772,0.10088413,-1
SRD5A2,9606.ENSP00000477587,0.100687146,-1
ALPK1,9606.ENSP00000498374,0.10053615,-1
GIPC1,9606.ENSP00000376753,0.10028081,0
CANT1,9606.ENSP00000307674,0.100244425,-1
CACNB1,9606.ENSP00000377840,0.09999837,-1
LRRC17,9606.ENSP00000344242,0.09990822,-1
GXYLT1,9606.ENSP00000381666,0.09987874,-1
CSAG2,9606.ENSP00000492276,0.099745065,-1
ABR,9606.ENSP00000303909,0.09962173,-1
CLLU1-AS1,9606.ENSP00000367748,0.0994511,-1
KLF12,9606.ENSP00000366897,0.099163,-1
FAM170A,9606.ENSP00000482552,0.09885275,-1
FAM153B,9606.ENSP00000427684,0.09874303,-1
PDE4D,9606.ENSP00000345502,0.098693006,-1
FOXL3,9606.ENSP00000492766,0.09841344,-1
ASL,9606.ENSP00000307188,0.09838753,-1
OR52D1,9606.ENSP00000326232,0.09810976,-1
ADH1C,9606.ENSP00000426083,0.09807593,-1
GOLGA6L2,9606.ENSP00000454407,0.09807287,-1
LSS,9606.ENSP00000380837,0.09797569,-1
CD82,9606.ENSP00000227155,0.097822115,-1
RGS8,9606.ENSP00000258302,0.09780755,-1
LRRC55,9606.ENSP00000498533,0.09775102,-1
SLC4A7,9606.ENSP00000390394,0.09736789,-1
MT1X,9606.ENSP00000377995,0.09729475,-1
SLC10A6,9606.ENSP00000273905,0.09725522,-1
GJB2,9606.ENSP00000372295,0.0970929,-1
OR52N5,9606.ENSP00000493190,0.09695561,-1
SLC33A2,9606.ENSP00000301327,0.09693594,-1
PAFAH1B1,9606.ENSP00000380378,0.096528865,0
LRRC25,9606.ENSP00000340983,0.096460685,-1
KLHL41,9606.ENSP00000284669,0.09642435,-1
MBLAC2,9606.ENSP00000314776,0.09635069,-1
ARSJ,9606.ENSP00000320219,0.09629693,-1
TKFC,9606.ENSP00000378360,0.096150234,-1
TMEM150B,9606.ENSP00000320757,0.09612647,-1
MGAT2,9606.ENSP00000307423,0.09604161,-1
ECHS1,9606.ENSP00000357535,0.096019015,-1
TMEM35A,9606.ENSP00000362021,0.09587165,-1
CYP3A7,9606.ENSP00000337450,0.09574606,-1
C21orf140,9606.ENSP00000386791,0.095737524,-1
LRTM1,9606.ENSP00000273286,0.09548922,-1
DNASE2B,9606.ENSP00000359699,0.095468394,-1
BOLA2,9606.ENSP00000306752,0.09530832,-1
ARHGEF15,9606.ENSP00000355026,0.095293954,-1
PLN,9606.ENSP00000350132,0.095176116,-1
ARL13A,9606.ENSP00000398637,0.09498871,-1
LGALS3BP,9606.ENSP00000262776,0.09486756,-1
GABRB1,9606.ENSP00000295454,0.094823875,-1
OR52R1,9606.ENSP00000485292,0.09463056,-1
CLUH,9606.ENSP00000458986,0.09454707,-1
PLP1,9606.ENSP00000481006,0.09442925,-1
MBD3L4,9606.ENSP00000370801,0.09406904,-1
MTRNR2L10,9606.ENSP00000442159,0.09385438,-1
GPR88,9606.ENSP00000314223,0.09343877,-1
GCM1,9606.ENSP00000259803,0.09337675,-1
PAM16,9606.ENSP00000315693,0.09308653,0
TMCC3,9606.ENSP00000261226,0.09294119,-1
CASKIN2,9606.ENSP00000325355,0.092714205,-1
PPP1R14D,9606.ENSP00000398342,0.092668965,-1
ARHGAP33,9606.ENSP00000320038,0.09213122,-1
PALS1,9606.ENSP00000261681,0.09210338,-1
TMEM265,9606.ENSP00000477871,0.092077695,-1
HEYL,9606.ENSP00000361943,0.09204079,-1
ATAT1,9606.ENSP00000327832,0.09183812,-1
KPNA5,9606.ENSP00000357552,0.09179895,-1
RGL3,9606.ENSP00000377075,0.091774985,-1
PARP15,9606.ENSP00000417214,0.0915703,-1
OR51B2,9606.ENSP00000485407,0.09130992,-1
RRP15,9606.ENSP00000355899,0.09123159,-1
NPTX1,9606.ENSP00000307549,0.091061495,-1
ZNF121,9606.ENSP00000468643,0.09088282,-1
ZBED10P,9606.ENSP00000343242,0.09088069,-1
BMP1,9606.ENSP00000305714,0.09082546,-1
LRRC37A2,9606.ENSP00000459551,0.090745494,-1
ST20,9606.ENSP00000453502,0.09031998,-1
ZNF274,9606.ENSP00000484810,0.09019707,-1
ZNF606,9606.ENSP00000343617,0.09017462,-1
TICAM1,9606.ENSP00000248244,0.09009227,-1
NRK,9606.ENSP00000434830,0.08979947,-1
HIF1AN,9606.ENSP00000299163,0.089721866,-1
RPL15,9606.ENSP00000309334,0.089495175,0
KHDC1L,9606.ENSP00000359415,0.08930807,-1
SLC6A3,9606.ENSP00000270349,0.089238256,-1
MLX,9606.ENSP00000246912,0.08889064,-1
NIBAN3,9606.ENSP00000335040,0.08886105,-1
OR51G1,9606.ENSP00000485612,0.088786,-1
BAZ2B,9606.ENSP00000376534,0.08869918,-1
KCNA3,9606.ENSP00000358784,0.08853787,-1
LIPM,9606.ENSP00000383901,0.08846528,-1
ZNF551,9606.ENSP00000282296,0.08846516,-1
SLC25A45,9606.ENSP00000381782,0.08845133,-1
LHFPL7,9606.ENSP00000385494,0.088350356,-1
ASRGL1,9606.ENSP00000400057,0.0882905,-1
PPT2,9606.ENSP00000354608,0.08809555,-1
ADRA2B,9606.ENSP00000480573,0.08751398,-1
GDPD5,9606.ENSP00000337972,0.087406285,-1
C20orf204,9606.ENSP00000489747,0.08710442,-1
PLEKHA4,9606.ENSP00000263265,0.086774535,-1
ACTL7A,9606.ENSP00000334300,0.08658732,-1
GMDS,9606.ENSP00000370194,0.08641536,-1
ZNF79,9606.ENSP00000362446,0.08628296,-1
SLC6A13,9606.ENSP00000339260,0.085953094,-1
TSPAN14,9606.ENSP00000361231,0.0857348,-1
OR13H1,9606.ENSP00000340748,0.08542955,-1
TATDN3,9606.ENSP00000431376,0.08542208,-1
INSRR,9606.ENSP00000357178,0.08514918,-1
HYI,9606.ENSP00000361511,0.085053705,-1
NAPRT,9606.ENSP00000401508,0.08493821,-1
CYREN,9606.ENSP00000376823,0.084797665,-1
TAB3,9606.ENSP00000368215,0.084754415,-1
DUSP16,9606.ENSP00000298573,0.08474349,-1
GON7,9606.ENSP00000306320,0.084634334,-1
MAGEE2,9606.ENSP00000362457,0.08462824,-1
NPFFR1,9606.ENSP00000277942,0.08461289,-1
NDN,9606.ENSP00000497916,0.084455304,-1
OR9A4,9606.ENSP00000493151,0.08445167,-1
GPHN,9606.ENSP00000417901,0.08372161,-1
DCLK2,9606.ENSP00000303887,0.08367405,-1
GNAO1,9606.ENSP00000262494,0.08356905,-1
ACE,9606.ENSP00000290866,0.083422616,-1
TACR1,9606.ENSP00000303522,0.08310873,-1
MT1F,9606.ENSP00000334872,0.08282878,-1
LRRC24,9606.ENSP00000434849,0.08268333,-1
KCNK16,9606.ENSP00000391498,0.08245454,-1
TBL1XR1,9606.ENSP00000405574,0.08224992,0
RGS7BP,9606.ENSP00000334851,0.081829414,-1
TGDS,9606.ENSP00000261296,0.08172793,-1
ARMC6,9606.ENSP00000444156,0.08172332,-1
SARM1,9606.ENSP00000468032,0.08153297,-1
HOXA6,9606.ENSP00000222728,0.08151247,-1
TMEM217,9606.ENSP00000338164,0.0814525,-1
CACNA1G,9606.ENSP00000352011,0.08108236,-1
SCART1,9606.ENSP00000491516,0.08103498,-1
CFAP100,9606.ENSP00000344749,0.0808495,-1
RNF121,9606.ENSP00000354571,0.08078237,-1
NCEH1,9606.ENSP00000442464,0.08072436,-1
CADPS2,9606.ENSP00000398481,0.08050428,-1
DEGS2,9606.ENSP00000307126,0.08033668,-1
MT1G,9606.ENSP00000369139,0.08017734,-1
LSR,9606.ENSP00000480821,0.08012927,-1
DNASE1,9606.ENSP00000385905,0.08012191,-1
HOXB8,9606.ENSP00000239144,0.08009934,-1
GTF2IRD1,9606.ENSP00000397566,0.07996746,-1
GRPR,9606.ENSP00000369643,0.07982336,-1
SH2D1B,9606.ENSP00000356906,0.07981874,-1
GABRB2,9606.ENSP00000274547,0.07966119,-1
TAS2R42,9606.ENSP00000334050,0.07953472,-1
QSOX2,9606.ENSP00000351536,0.07950732,-1
PROX1,9606.ENSP00000355925,0.079357766,0
DBP,9606.ENSP00000222122,0.079302326,-1
CCDC85A,9606.ENSP00000384040,0.07921564,-1
PRSS36,9606.ENSP00000268281,0.07891494,-1
OR6C3,9606.ENSP00000493034,0.078817725,-1
C11orf21,9606.ENSP00000406541,0.078793965,-1
TPI1,9606.ENSP00000229270,0.07875435,0
ARSB,9606.ENSP00000264914,0.078632206,-1
SYT11,9606.ENSP00000357307,0.07855141,-1
SPDYE16,9606.ENSP00000487772,0.07841392,-1
OR52E6,9606.ENSP00000328878,0.07838729,-1
CYP4F12,9606.ENSP00000448998,0.07833419,-1
SLC36A2,9606.ENSP00000334223,0.07816721,-1
SLC6A9,9606.ENSP00000353791,0.07795501,-1
CES5A,9606.ENSP00000428864,0.0779429,-1
NOSTRIN,9606.ENSP00000394051,0.0778274,-1
NLK,9606.ENSP00000384625,0.07778611,-1
NPSR1,9606.ENSP00000370950,0.07776285,-1
USHBP1,9606.ENSP00000252597,0.077730425,-1
GABRQ,9606.ENSP00000469332,0.07759742,-1
GUCD1,9606.ENSP00000479370,0.07753035,-1
TRIOBP,9606.ENSP00000496394,0.07745232,-1
SLC45A1,9606.ENSP00000418096,0.07739291,-1
ANP32A,9606.ENSP00000417864,0.07732705,0
ATP8A2,9606.ENSP00000371070,0.07710848,-1
ANK1,9606.ENSP00000265709,0.07694464,-1
GLMP,9606.ENSP00000354553,0.07692785,-1
OR4F3;,9606.ENSP00000329982,0.07691007,-1
MEDAG,9606.ENSP00000369849,0.07678163,-1
THSD4,9606.ENSP00000347484,0.076769635,-1
HLA-E,9606.ENSP00000365817,0.07671808,0
C1orf232,9606.ENSP00000489320,0.07667773,-1
LY6D,9606.ENSP00000301263,0.07658412,-1
TP53TG3,9606.ENSP00000339405,0.0765401,-1
OR4K2,9606.ENSP00000493007,0.07651737,-1
IGIP,9606.ENSP00000327344,0.076436356,-1
GCKR,9606.ENSP00000264717,0.07617616,-1
NFXL1,9606.ENSP00000422037,0.07613224,-1
PON2,9606.ENSP00000488838,0.075973324,-1
ATP1B2,9606.ENSP00000250111,0.07592246,-1
C6orf141,9606.ENSP00000434602,0.075870216,-1
SLC68A1,9606.ENSP00000238936,0.07584092,-1
PPP2R2B,9606.ENSP00000377936,0.07575224,-1
TRIM29,9606.ENSP00000343129,0.075706385,-1
TFAP2E,9606.ENSP00000362332,0.07565162,-1
CLMP,9606.ENSP00000405577,0.07533977,-1
TRIM56,9606.ENSP00000305161,0.07529982,-1
CLCN4,9606.ENSP00000370213,0.07521865,-1
GRIN2C,9606.ENSP00000293190,0.07506286,-1
TAS2R38,9606.ENSP00000448219,0.07487947,-1
OR4L1,9606.ENSP00000319217,0.07483322,-1
GAPT,9606.ENSP00000379997,0.07477733,-1
KPNA7,9606.ENSP00000330878,0.074639685,-1
OR4D2,9606.ENSP00000493137,0.07461808,-1
SLC22A16,9606.ENSP00000357915,0.074328914,-1
CORO1C,9606.ENSP00000394496,0.074282736,-1
CARD19,9606.ENSP00000364613,0.07422907,-1
NTAN1,9606.ENSP00000287706,0.07409183,-1
CCDC196,9606.ENSP00000489898,0.074062385,-1
TPCN1,9606.ENSP00000448083,0.074056216,-1
OR52E8,9606.ENSP00000444054,0.07390841,-1
SYNJ2BP,9606.ENSP00000256366,0.07364789,-1
SLC18A2,9606.ENSP00000496339,0.07352978,-1
AEBP1,9606.ENSP00000223357,0.07351176,-1
EMB,9606.ENSP00000302289,0.073484026,-1
RTKN,9606.ENSP00000272430,0.07317962,0
N4BP3,9606.ENSP00000274605,0.072965495,-1
SMIM31,9606.ENSP00000490699,0.07294466,-1
CIMAP1D,9606.ENSP00000318029,0.072681315,-1
IQCF5,9606.ENSP00000394653,0.07267859,-1
GPSM3,9606.ENSP00000364183,0.07266713,-1
CCDC126,9606.ENSP00000304355,0.072665684,-1
PGK2,9606.ENSP00000305995,0.07225923,-1
LXN,9606.ENSP00000264265,0.0721165,-1
FOXH1,9606.ENSP00000366534,0.071933076,-1
ARMC12,9606.ENSP00000288065,0.07183909,-1
ACTRT2,9606.ENSP00000367658,0.07183038,-1
RHO,9606.ENSP00000296271,0.07177259,-1
SPSB1,9606.ENSP00000330221,0.07166908,-1
ADAMTSL1,9606.ENSP00000369921,0.07162303,-1
DCAF16,9606.ENSP00000371682,0.07148322,-1
SLC35E3,9606.ENSP00000381089,0.071433984,-1
SLC22A24,9606.ENSP00000480336,0.07136015,-1
TMEM68,9606.ENSP00000395204,0.071305536,-1
OR4K13,9606.ENSP00000493405,0.071249746,-1
PRM1,9606.ENSP00000310515,0.07120916,-1
ZNF3,9606.ENSP00000306372,0.07087157,-1
TMEM89,9606.ENSP00000329557,0.07082031,-1
GAN,9606.ENSP00000497351,0.070737086,-1
DPM1,9606.ENSP00000360638,0.07067355,0
SLC35B2,9606.ENSP00000377401,0.07057636,-1
CIMIP2A,9606.ENSP00000344729,0.07041872,-1
IDI1,9606.ENSP00000370748,0.07019192,-1
IGFN1,9606.ENSP00000334714,0.07008295,-1
CYP4A22,9606.ENSP00000360958,0.06993902,-1
CBR4,9606.ENSP00000303525,0.069925435,0
PSPH,9606.ENSP00000378854,0.06975033,-1
SLC8A1,9606.ENSP00000384763,0.069738805,-1
JAKMIP1,9606.ENSP00000386711,0.06937353,-1
LIN52,9606.ENSP00000451812,0.06912941,-1
KDM4F,9606.ENSP00000491279,0.06912425,-1
IL4I1,9606.ENSP00000472474,0.069088206,-1
ABHD12B,9606.ENSP00000336693,0.068956204,-1
ABCB4,9606.ENSP00000265723,0.06890649,-1
CD9,9606.ENSP00000371958,0.068846606,-1
OR5H6,9606.ENSP00000493340,0.06880772,-1
FOXI1,9606.ENSP00000304286,0.06864976,-1
ANKDD1A,9606.ENSP00000325895,0.06849109,-1
USP6,9606.ENSP00000460380,0.06845109,-1
SYT16,9606.ENSP00000478637,0.06839912,-1
UGCG,9606.ENSP00000363397,0.06801182,-1
CDRT15L2,9606.ENSP00000382000,0.06793935,-1
ADH6,9606.ENSP00000378359,0.06777479,-1
ATP2B2,9606.ENSP00000353414,0.06763408,-1
OR4C46,9606.ENSP00000329056,0.067509405,-1
RPTN,9606.ENSP00000317895,0.06748054,-1
KBTBD8,9606.ENSP00000401878,0.067402095,-1
RSAD2,9606.ENSP00000371471,0.067286596,-1
PLA2G7,9606.ENSP00000274793,0.06728553,-1
SAP30L,9606.ENSP00000297109,0.0672661,-1
INPP4A,9606.ENSP00000074304,0.06712767,-1
PRRG4,9606.ENSP00000257836,0.067067206,-1
OR52K1,9606.ENSP00000493011,0.066995636,-1
SUZ12,9606.ENSP00000316578,0.066994324,-1
FAM131B,9606.ENSP00000410603,0.06697924,-1
HSDL2,9606.ENSP00000381785,0.06688908,-1
PRICKLE1,9606.ENSP00000345064,0.066805445,0
TTC9C,9606.ENSP00000325266,0.06672277,-1
ARL11,9606.ENSP00000282026,0.06659407,-1
KCNK15,9606.ENSP00000361952,0.06655183,-1
GPR26,9606.ENSP00000284674,0.06645012,-1
PRDM8,9606.ENSP00000339764,0.066343576,-1
NRL,9606.ENSP00000454062,0.06627073,-1
PHKA2,9606.ENSP00000369274,0.06615198,-1
GABRA2,9606.ENSP00000427603,0.065899126,-1
PCP4L1,9606.ENSP00000426296,0.06577821,-1
OR4F5,9606.ENSP00000334393,0.065730415,-1
MAPKAPK5,9606.ENSP00000449381,0.06571443,-1
ZPLD1,9606.ENSP00000307801,0.06571205,-1
RNF145,9606.ENSP00000430955,0.065607734,-1
OR5P2,9606.ENSP00000331823,0.06549763,-1
GPRASP2,9606.ENSP00000437872,0.06510052,-1
P2RX4,9606.ENSP00000353032,0.0650858,-1
DTD2,9606.ENSP00000312224,0.065016165,-1
SDHAF3,9606.ENSP00000414066,0.064841926,-1
RNF152,9606.ENSP00000316628,0.06461048,-1
CATSPER4,9606.ENSP00000390423,0.064553194,-1
CST8,9606.ENSP00000246012,0.06445209,-1
H2AL3,9606.ENSP00000498087,0.064145416,-1
B3GNT4,9606.ENSP00000319636,0.064122126,-1
GPR107,9606.ENSP00000361483,0.064059794,-1
FIMP,9606.ENSP00000300575,0.06398006,-1
TOR2A,9606.ENSP00000362381,0.06397112,-1
STAC2,9606.ENSP00000327509,0.06392711,-1
SAMD12,9606.ENSP00000314173,0.06387082,-1
GPR34,9606.ENSP00000367384,0.063836165,-1
C2orf92,9606.ENSP00000490587,0.063733004,-1
APBA2,9606.ENSP00000453293,0.06368764,-1
DCHS2,9606.ENSP00000349768,0.06368435,-1
OR51I2,9606.ENSP00000493016,0.06356208,-1
OR8K5,9606.ENSP00000323853,0.063533,-1
ZSWIM7,9606.ENSP00000382218,0.063328125,-1
POT1,9606.ENSP00000350249,0.06332646,-1
WDR82,9606.ENSP00000296490,0.06331737,0
TECR,9606.ENSP00000215567,0.06322222,-1
LYPLA1,9606.ENSP00000320043,0.063211806,-1
OR6C70,9606.ENSP00000329153,0.06319381,-1
OR51B6,9606.ENSP00000369568,0.06292854,-1
PLPP1,9606.ENSP00000264775,0.06286056,-1
C4orf51,9606.ENSP00000391404,0.062749684,-1
MTCP1,9606.ENSP00000358488,0.06268437,-1
HS3ST2,9606.ENSP00000261374,0.062597215,-1
SLC37A3,9606.ENSP00000321498,0.062477753,-1
OR4C13,9606.ENSP00000452277,0.062339395,-1
ALKAL2,9606.ENSP00000384604,0.06227562,-1
OR4K5,9606.ENSP00000319511,0.062274795,-1
SH2D5,9606.ENSP00000406026,0.062165618,-1
RRAD,9606.ENSP00000388744,0.062123768,-1
OR8H1,9606.ENSP00000493316,0.062056422,-1
GNAT1,9606.ENSP00000232461,0.062018644,-1
UPP1,9606.ENSP00000330032,0.061933868,-1
RALY,9606.ENSP00000246194,0.061885953,0
TMEM174,9606.ENSP00000296776,0.06185778,-1
HDX,9606.ENSP00000362272,0.061716665,-1
MUC13,9606.ENSP00000485028,0.061648246,-1
OR4F17,9606.ENSP00000467301,0.061545882,-1
TMEM169,9606.ENSP00000412524,0.061324522,-1
MYADML2,9606.ENSP00000386702,0.06114249,-1
FEZF1,9606.ENSP00000411145,0.06078102,-1
CYLC2,9606.ENSP00000420256,0.060719408,-1
TGM7,9606.ENSP00000389466,0.06057261,-1
SLC30A10,9606.ENSP00000355893,0.060540512,-1
CASTOR3P,9606.ENSP00000389760,0.060449187,-1
TAS2R43,9606.ENSP00000431719,0.060389243,-1
ZNF330,9606.ENSP00000262990,0.06024085,0
PDZD4,9606.ENSP00000377355,0.060166832,-1
KCNK3,9606.ENSP00000306275,0.060162887,-1
SRMS,9606.ENSP00000217188,0.06003337,-1
SHISA7,9606.ENSP00000365503,0.060003527,-1
STOML1,9606.ENSP00000442478,0.059917986,-1
TMEM220,9606.ENSP00000339830,0.05990953,-1
NETO1,9606.ENSP00000313088,0.059837487,-1
MAST1,9606.ENSP00000251472,0.059812363,-1
MPST,9606.ENSP00000411719,0.059666846,-1
ZNF827,9606.ENSP00000421863,0.05949358,-1
CYP4F11,9606.ENSP00000384588,0.059381653,-1
PARD3B,9606.ENSP00000385848,0.059215166,-1
SGCB,9606.ENSP00000370839,0.059186853,-1
CCIN,9606.ENSP00000334996,0.05903872,-1
TXN2,9606.ENSP00000216185,0.0590099,0
ANKRD29,9606.ENSP00000468354,0.058980364,-1
NT5DC2,9606.ENSP00000406933,0.05894064,-1
STK26,9606.ENSP00000377867,0.05893003,-1
KMO,9606.ENSP00000355517,0.058877897,-1
GALNT15,9606.ENSP00000344260,0.058821004,-1
FAM120AOS,9606.ENSP00000364561,0.0587855,-1
GMEB2,9606.ENSP00000266068,0.05857063,-1
ARID3A,9606.ENSP00000263620,0.058551807,-1
DCLK3,9606.ENSP00000394484,0.05835201,-1
OR13C5,9606.ENSP00000363911,0.05827622,-1
FABP9,9606.ENSP00000368362,0.058173236,-1
RCOR2,9606.ENSP00000301459,0.058162827,-1
CHST15,9606.ENSP00000333947,0.05802741,-1
HDAC11,9606.ENSP00000295757,0.05781832,-1
TEX48,9606.ENSP00000490263,0.057641797,-1
FDCSP,9606.ENSP00000318437,0.05762393,-1
RIPK4,9606.ENSP00000332454,0.0575833,-1
CCDC80,9606.ENSP00000206423,0.05754216,-1
FAM216B,9606.ENSP00000445786,0.057532687,-1
SCRT1,9606.ENSP00000455711,0.057308897,-1
OR56B1,9606.ENSP00000322939,0.057287093,-1
TPRKB,9606.ENSP00000325398,0.057195436,-1
IDE,9606.ENSP00000265986,0.057110056,-1
AMIGO3,9606.ENSP00000323096,0.057076618,-1
TMEM270,9606.ENSP00000316775,0.057043146,-1
LRP2BP,9606.ENSP00000332681,0.056969915,-1
GARIN5A,9606.ENSP00000472421,0.05659598,-1
SLC37A2,9606.ENSP00000311833,0.05650236,-1
HSF2,9606.ENSP00000357440,0.056443177,-1
FOXE3,9606.ENSP00000334472,0.056127068,1
ELMO1,9606.ENSP00000312185,0.05609805,-1
ZNF587B,9606.ENSP00000392410,0.05603193,-1
ZNF71,9606.ENSP00000328245,0.056008156,-1
SLC35A3,9606.ENSP00000359172,0.055880345,-1
OR4C16,9606.ENSP00000485295,0.055839956,-1
AP3S2,9606.ENSP00000338777,0.055678304,0
ASIP,9606.ENSP00000454804,0.055601437,-1
IKZF3,9606.ENSP00000344544,0.055483468,-1
TGM3,9606.ENSP00000370867,0.055338737,-1
TAS2R46,9606.ENSP00000436450,0.055258404,-1
RFX4,9606.ENSP00000350552,0.054928746,-1
CFAP96,9606.ENSP00000368127,0.054867513,-1
TNNT2,9606.ENSP00000499593,0.05480015,-1
C2CD5,9606.ENSP00000443204,0.05466851,-1
SPOPL,9606.ENSP00000280098,0.054650582,-1
SIRT3,9606.ENSP00000372191,0.054594215,-1
OR4F4,9606.ENSP00000317482,0.054513104,-1
FNDC11,9606.ENSP00000480914,0.054493994,-1
PTPRO,9606.ENSP00000281171,0.054484077,-1
HSD17B2,9606.ENSP00000199936,0.05424918,-1
EBLN2,9606.ENSP00000432104,0.054234035,-1
IQGAP1,9606.ENSP00000268182,0.05416287,0
CAPN6,9606.ENSP00000317214,0.05402752,-1
ARC,9606.ENSP00000349022,0.054011032,-1
GMPR,9606.ENSP00000259727,0.05398895,-1
LEMD3,9606.ENSP00000308369,0.053974025,-1
UTS2R,9606.ENSP00000323516,0.053673454,-1
ZNF746,9606.ENSP00000493970,0.05354416,-1
AGAP5,9606.ENSP00000363207,0.053462107,-1
SYT6,9606.ENSP00000477344,0.05342105,-1
HADHB,9606.ENSP00000325136,0.0532153,-1
TATDN1,9606.ENSP00000276692,0.05312294,-1
HMHB1,9606.ENSP00000289448,0.053012334,-1
MTAP,9606.ENSP00000494373,0.05290247,-1
TMEM238L,9606.ENSP00000490566,0.052585594,-1
CASK,9606.ENSP00000494788,0.05255225,-1
WASHC2C,9606.ENSP00000485513,0.0524464,-1
OR51T1,9606.ENSP00000369738,0.052432735,-1
ABITRAM,9606.ENSP00000363753,0.052304175,-1
OLIG1,9606.ENSP00000371785,0.052207466,-1
C2orf76,9606.ENSP00000386302,0.05216483,-1
PKHD1L1,9606.ENSP00000367655,0.052145664,-1
NAALADL1,9606.ENSP00000351484,0.052094042,-1
HEBP2,9606.ENSP00000475750,0.05209273,-1
OR4F6,9606.ENSP00000327525,0.052074075,-1
ANAPC10,9606.ENSP00000478501,0.05204484,0
TEKT1,9606.ENSP00000341346,0.05202868,-1
ELF1,9606.ENSP00000239882,0.05200063,-1
MRTFA,9606.ENSP00000498671,0.051850107,-1
RGS11,9606.ENSP00000380876,0.051829275,-1
SLC5A6,9606.ENSP00000310208,0.051735688,-1
SLC22A7,9606.ENSP00000361666,0.051713023,-1
TBX6,9606.ENSP00000378650,0.05167957,-1
COX7C,9606.ENSP00000425759,0.05161486,0
EMSY,9606.ENSP00000433205,0.05154404,-1
ANKRD30B,9606.ENSP00000499676,0.051340286,-1
PLEKHB1,9606.ENSP00000346127,0.051296223,-1
CYP51A1,9606.ENSP00000003100,0.051287033,-1
RSU1,9606.ENSP00000367154,0.051267013,-1
FAM187A,9606.ENSP00000329499,0.05114334,-1
FAH,9606.ENSP00000385080,0.051137958,-1
OR51I1,9606.ENSP00000369559,0.051132407,-1
HIVEP3,9606.ENSP00000361664,0.051060908,-1
SPMIP10,9606.ENSP00000349669,0.0508745,-1
SLC25A3,9606.ENSP00000228318,0.050858565,0
GABRB3,9606.ENSP00000308725,0.050803747,-1
WDR5,9606.ENSP00000351446,0.05077292,0
GLYCTK,9606.ENSP00000389175,0.050654713,-1
CYP26C1,9606.ENSP00000498424,0.050554335,-1
CYLC1,9606.ENSP00000331556,0.05036735,-1
SLC2A9,9606.ENSP00000264784,0.050351974,-1
ASMT,9606.ENSP00000370639,0.050282717,-1
MYH8,9606.ENSP00000384330,0.050203994,-1
FRMPD4,9606.ENSP00000370057,0.050142776,-1
BOLA3,9606.ENSP00000331369,0.049980458,-1
H2AP,9606.ENSP00000339511,0.049978636,-1
ALOXE3,9606.ENSP00000314879,0.049974516,-1
STMN2,9606.ENSP00000429243,0.04991958,-1
CKB,9606.ENSP00000299198,0.049912237,-1
FRYL,9606.ENSP00000351113,0.049789015,-1
CA10,9606.ENSP00000405388,0.049705338,-1
STARD3,9606.ENSP00000337446,0.049696594,-1
SBNO2,9606.ENSP00000354733,0.04958228,-1
BTNL3,9606.ENSP00000341787,0.04956112,-1
OPRM1,9606.ENSP00000394624,0.04953344,-1
CKM,9606.ENSP00000221476,0.049521443,-1
FAM151A,9606.ENSP00000306888,0.049509797,-1
OXGR1,9606.ENSP00000298440,0.04946468,-1
OR5M3,9606.ENSP00000493070,0.049441747,-1
HOXB13,9606.ENSP00000290295,0.04942947,-1
SDR42E2,9606.ENSP00000473474,0.049414106,-1
OR4D11,9606.ENSP00000320077,0.049378224,-1
BPY2,9606.ENSP00000329106,0.049302306,-1
TXNL4B,9606.ENSP00000268483,0.049205437,-1
DLEU7,9606.ENSP00000427177,0.049155056,-1
PRDM6,9606.ENSP00000384725,0.048935816,-1
ADAM9,9606.ENSP00000419446,0.048772667,-1
TMEM229B,9606.ENSP00000350050,0.048692077,-1
NDST3,9606.ENSP00000296499,0.04857433,-1
RARRES1,9606.ENSP00000237696,0.048570585,-1
TMEM163,9606.ENSP00000281924,0.04853221,-1
LMTK3,9606.ENSP00000270238,0.048451662,-1
CHRNA7,9606.ENSP00000407546,0.048408702,-1
SNAP25,9606.ENSP00000254976,0.048358645,-1
TRIM4,9606.ENSP00000348216,0.04823523,-1
MCHR1,9606.ENSP00000249016,0.048168484,-1
OR13D1,9606.ENSP00000317357,0.04809197,-1
KCNN3,9606.ENSP00000481848,0.048070658,-1
OR10G8,9606.ENSP00000389072,0.047870163,-1
RIBC2,9606.ENSP00000483356,0.047852337,-1
TMEM260,9606.ENSP00000261556,0.04775916,-1
AP3S1,9606.ENSP00000325369,0.047727898,-1
MYL11,9606.ENSP00000325239,0.04767025,-1
NAA11,9606.ENSP00000286794,0.047611758,-1
CYSRT1,9606.ENSP00000386453,0.0476035,-1
KCNAB3,9606.ENSP00000302719,0.047527667,-1
ANKRD16,9606.ENSP00000369436,0.04745891,-1
ZDHHC11B,9606.ENSP00000442373,0.04743096,-1
SPDYE1,9606.ENSP00000258704,0.047424514,-1
SMG5,9606.ENSP00000355261,0.04734494,-1
CEL,9606.ENSP00000501111,0.04727361,-1
LHFPL2,9606.ENSP00000369702,0.047217734,-1
HNRNPCL3,9606.ENSP00000478017,0.047146246,-1
OR4D6,9606.ENSP00000300127,0.047076836,-1
CST5,9606.ENSP00000307132,0.047004513,-1
CLPB,9606.ENSP00000294053,0.04695936,-1
PSORS1C1,9606.ENSP00000259881,0.046938967,-1
C5orf67,9606.ENSP00000406718,0.04684836,-1
KIF7,9606.ENSP00000377934,0.0468107,-1
SOX5,9606.ENSP00000398273,0.046737,-1
MYH10,9606.ENSP00000353590,0.046693046,0
PGAP3,9606.ENSP00000300658,0.046665404,-1
ZNF676,9606.ENSP00000380310,0.046660017,-1
OR12D3,9606.ENSP00000380023,0.046592064,-1
DIP2C-AS1,9606.ENSP00000498998,0.04652804,-1
SPDYE2B,9606.ENSP00000424058,0.04649524,-1
SOX2,9606.ENSP00000323588,0.0464367,0
OR52W1,9606.ENSP00000309673,0.04632799,-1
IER5,9606.ENSP00000356549,0.046234336,-1
ART5,9606.ENSP00000352992,0.046181172,-1
SMPDL3B,9606.ENSP00000363001,0.04616249,-1
DNM1,9606.ENSP00000362014,0.046144165,-1
AKAIN1,9606.ENSP00000462259,0.046072092,-1
PARP6,9606.ENSP00000456348,0.045906276,-1
SPDYE6,9606.ENSP00000485230,0.045825765,-1
FUCA1,9606.ENSP00000363603,0.045586225,-1
DCAF7,9606.ENSP00000483236,0.045581326,-1
KBTBD13,9606.ENSP00000388723,0.045544554,-1
FIBIN,9606.ENSP00000321962,0.045498006,-1
GPR65,9606.ENSP00000267549,0.04545801,-1
NDOR1,9606.ENSP00000360576,0.045323953,-1
ZPBP,9606.ENSP00000046087,0.04528578,-1
OR56B4,9606.ENSP00000321196,0.045229465,-1
MIPEP,9606.ENSP00000371607,0.045112334,-1
PCDH15,9606.ENSP00000363068,0.044931173,-1
UCHL5,9606.ENSP00000356421,0.044920634,0
LPCAT1,9606.ENSP00000283415,0.04490288,-1
SMIM21,9606.ENSP00000462106,0.044804934,-1
HS3ST4,9606.ENSP00000330606,0.044799294,-1
SLC1A4,9606.ENSP00000234256,0.044787847,-1
ALG6,9606.ENSP00000263440,0.044720147,-1
TSPAN17,9606.ENSP00000309036,0.04465522,-1
PJA2,9606.ENSP00000354775,0.044574562,-1
CDK8,9606.ENSP00000370938,0.04452731,0
PCDH9,9606.ENSP00000367096,0.04449166,-1
OR2T4,9606.ENSP00000355431,0.044468194,-1
TCEAL5,9606.ENSP00000361765,0.044443734,-1
ZNF281,9606.ENSP00000294740,0.04443496,-1
TAS2R14,9606.ENSP00000441949,0.044416584,-1
OR4M2,9606.ENSP00000483239,0.044394255,-1
DUSP14,9606.ENSP00000477653,0.044375613,-1
SRI,9606.ENSP00000265729,0.044247244,-1
GSG1L2,9606.ENSP00000465978,0.044188455,-1
IGF2BP2,9606.ENSP00000410242,0.044148073,-1
GPR6,9606.ENSP00000406986,0.044136103,-1
CBLL2,9606.ENSP00000323348,0.0436477,-1
KCNG2,9606.ENSP00000315654,0.043578282,-1
SPRR2A,9606.ENSP00000357744,0.043565277,-1
IGSF11,9606.ENSP00000377370,0.0435134,-1
THAP10,9606.ENSP00000249861,0.04351034,-1
AK1,9606.ENSP00000223836,0.04348474,-1
PLSCR5,9606.ENSP00000390111,0.043478616,-1
POLR2I,9606.ENSP00000221859,0.043397505,0
SEC14L5,9606.ENSP00000251170,0.04333586,-1
TLE7,9606.ENSP00000492311,0.043323267,-1
RELL2,9606.ENSP00000297164,0.04330675,-1
TREH,9606.ENSP00000264029,0.043272108,-1
PRICKLE3,9606.ENSP00000470248,0.043214437,-1
HHATL,9606.ENSP00000405423,0.04317452,-1
PHF5A,9606.ENSP00000216252,0.04310734,0
CYP4A11,9606.ENSP00000311095,0.042915862,-1
ERN1,9606.ENSP00000401445,0.042848207,-1
B3GNT6,9606.ENSP00000484640,0.042829413,-1
HS1BP3,9606.ENSP00000305193,0.042757332,-1
ZNF579,9606.ENSP00000320188,0.04263993,-1
PPP1R1C,9606.ENSP00000280295,0.042605568,-1
CPXCR1,9606.ENSP00000276127,0.042576473,-1
FKBP3,9606.ENSP00000216330,0.042523816,-1
LYNX1,9606.ENSP00000477648,0.04241892,-1
ZNF160,9606.ENSP00000406201,0.042397738,-1
AGGF1,9606.ENSP00000316109,0.042389873,0
SLC24A2,9606.ENSP00000344801,0.04238113,-1
LHX8,9606.ENSP00000294638,0.042355623,-1
MTRNR2L5,9606.ENSP00000437910,0.042327046,-1
ZNF70,9606.ENSP00000339314,0.042320512,-1
OR2A4,9606.ENSP00000319546,0.042279802,0
OR6C65,9606.ENSP00000368986,0.042235386,-1
MOBP,9606.ENSP00000312293,0.04221409,-1
SLC6A8,9606.ENSP00000253122,0.04216905,-1
RHEX,9606.ENSP00000356093,0.04200516,-1
ADIG,9606.ENSP00000440331,0.041998252,-1
ATF1,9606.ENSP00000262053,0.04192114,-1
SRD5A1,9606.ENSP00000274192,0.041917183,-1
GAPDH,9606.ENSP00000380070,0.041877005,0
OCA2,9606.ENSP00000346659,0.041838057,-1
GPR173,9606.ENSP00000331600,0.04180443,-1
OR2A5,9606.ENSP00000493295,0.04179441,-1
ADGB,9606.ENSP00000381036,0.04168423,-1
OR6C76,9606.ENSP00000328402,0.04160036,-1
NIPSNAP3A,9606.ENSP00000363899,0.04149674,-1
OR52K2,9606.ENSP00000318956,0.04147849,-1
ARL15,9606.ENSP00000433427,0.041318957,-1
KCNV2,9606.ENSP00000371514,0.04131529,-1
STUM,9606.ENSP00000355752,0.04129556,-1
TMC2,9606.ENSP00000351732,0.041293006,-1
CACNB4,9606.ENSP00000438949,0.041130826,0
DNAJA4,9606.ENSP00000378324,0.04108989,-1
AGAP3,9606.ENSP00000380413,0.04089216,0
OR5H2,9606.ENSP00000347418,0.040879875,-1
PRELID3B,9606.ENSP00000348206,0.040869035,0
TSG101,9606.ENSP00000251968,0.04083343,0
OR2T11,9606.ENSP00000492951,0.0407867,-1
OR5T1,9606.ENSP00000493364,0.04071953,-1
HTR3B,9606.ENSP00000260191,0.0407101,-1
P2RY1,9606.ENSP00000304767,0.04065324,-1
PRCD,9606.ENSP00000467661,0.040645286,-1
RORB,9606.ENSP00000366093,0.040627055,-1
OR9A2,9606.ENSP00000316518,0.04058575,-1
LARS1,9606.ENSP00000377954,0.04058396,-1
TMEM192,9606.ENSP00000305069,0.040548503,-1
PCDH11X,9606.ENSP00000362186,0.04054188,-1
FAM76A,9606.ENSP00000010299,0.040509198,-1
CCER1,9606.ENSP00000351727,0.040470302,-1
OR5M9,9606.ENSP00000279791,0.040430367,-1
CXorf65,9606.ENSP00000363369,0.040339008,-1
PITPNM3,9606.ENSP00000262483,0.040267307,-1
GGPS1,9606.ENSP00000282841,0.04024855,-1
ZBTB20,9606.ENSP00000419153,0.040216498,-1
DRICH1,9606.ENSP00000316137,0.04018938,-1
LPXN,9606.ENSP00000431284,0.03998244,-1
NCKAP5,9606.ENSP00000387128,0.039967436,-1
KLHL8,9606.ENSP00000273963,0.03993532,-1
B3GNT5,9606.ENSP00000316173,0.03993452,-1
EEF1A2,9606.ENSP00000217182,0.03991327,1
HARBI1,9606.ENSP00000317743,0.039896656,-1
TGIF1,9606.ENSP00000327959,0.03986097,-1
SLC36A1,9606.ENSP00000243389,0.03985326,-1
REELD1,9606.ENSP00000490412,0.039821737,-1
OR6C6,9606.ENSP00000351211,0.03976958,-1
RAB3IL1,9606.ENSP00000378313,0.039752163,-1
SH3BGRL3,9606.ENSP00000270792,0.039665423,-1
SPANXB1,9606.ENSP00000405202,0.03950703,-1
TMEM256,9606.ENSP00000301939,0.039504822,0
TUBG2,9606.ENSP00000251412,0.0394358,0
STATH,9606.ENSP00000246895,0.03943074,-1
ZNF552,9606.ENSP00000375582,0.03940933,-1
PHF19,9606.ENSP00000483946,0.039387528,-1
APOBEC3A,9606.ENSP00000384359,0.039386068,-1
ALDH8A1,9606.ENSP00000265605,0.03932424,-1
BCAT2,9606.ENSP00000322991,0.039291315,-1
ABHD14B,9606.ENSP00000420065,0.039068837,-1
OR52I2,9606.ENSP00000308764,0.039027702,-1
NIPAL4,9606.ENSP00000311687,0.03902182,-1
LDHA,9606.ENSP00000445175,0.038951587,-1
VPS35L,9606.ENSP00000251143,0.038827162,-1
SRSF7,9606.ENSP00000325905,0.038818985,-1
CA5A,9606.ENSP00000498065,0.038804952,-1
FBXO3,9606.ENSP00000265651,0.03878211,-1
CAPS,9606.ENSP00000498855,0.038773257,-1
EPS15,9606.ENSP00000360798,0.038743623,-1
PLEKHS1,9606.ENSP00000358316,0.0387398,-1
GARIN6,9606.ENSP00000315247,0.038706306,-1
MTRNR2L8,9606.ENSP00000439666,0.038701434,-1
LRRC10,9606.ENSP00000355166,0.038658854,-1
SNTB1,9606.ENSP00000378965,0.038600925,-1
C2orf66,9606.ENSP00000500939,0.038593177,-1
MTRNR2L3,9606.ENSP00000443339,0.03854903,-1
GOLM1,9606.ENSP00000373364,0.038546804,-1
WDR72,9606.ENSP00000379619,0.03853507,-1
SAMHD1,9606.ENSP00000493536,0.03852938,-1
LRRC28,9606.ENSP00000304923,0.03851526,-1
OR4K14,9606.ENSP00000493106,0.038503706,-1
MSRB3,9606.ENSP00000347324,0.038498286,-1
TEX13C,9606.ENSP00000488022,0.038492013,-1
SMPD2,9606.ENSP00000258052,0.03847381,-1
TOX2,9606.ENSP00000344724,0.038464483,-1
ARAP1,9606.ENSP00000377233,0.038458873,-1
TMEM139,9606.ENSP00000352284,0.038373217,-1
SLC8A3,9606.ENSP00000370669,0.038333766,-1
POGLUT1,9606.ENSP00000295588,0.038331095,-1
CPOX,9606.ENSP00000497326,0.03829896,-1
MT2A,9606.ENSP00000245185,0.038272887,0
GPS1,9606.ENSP00000376167,0.038227737,-1
ATG4B,9606.ENSP00000384259,0.03821329,-1
OR5H1,9606.ENSP00000492953,0.038210206,-1
OSBPL7,9606.ENSP00000007414,0.03819647,-1
PPP1R27,9606.ENSP00000331065,0.038194507,-1
HLA-DPB1,9606.ENSP00000408146,0.03816157,-1
SMYD2,9606.ENSP00000355924,0.038093023,-1
NAA40,9606.ENSP00000367024,0.038072377,-1
CORO7,9606.ENSP00000251166,0.038028073,-1
PTGES3,9606.ENSP00000482075,0.03800682,0
STRIP1,9606.ENSP00000358810,0.037967537,-1
AP2B1,9606.ENSP00000483185,0.037958834,-1
STMP1,9606.ENSP00000425996,0.037923206,-1
KCNMB1,9606.ENSP00000274629,0.037895016,-1
SULT1C2,9606.ENSP00000319622,0.0378392,-1
GNPTAB,9606.ENSP00000299314,0.037794296,-1
OR14I1,9606.ENSP00000339726,0.037789512,-1
ANKMY2,9606.ENSP00000303570,0.037683837,-1
CATSPER2,9606.ENSP00000371180,0.037614297,-1
FOXN2,9606.ENSP00000343633,0.037516925,-1
C11orf42,9606.ENSP00000321021,0.037508562,-1
OR4P4,9606.ENSP00000493384,0.03744026,-1
IGSF23,9606.ENSP00000385592,0.037395384,-1
AHR,9606.ENSP00000242057,0.03729486,-1
OR6C74,9606.ENSP00000342836,0.037263423,-1
OR6C68,9606.ENSP00000448811,0.037256192,-1
ECHDC3,9606.ENSP00000368517,0.037227705,-1
SERF1A,9606.ENSP00000346892,0.037182353,-1
UBE2D4,9606.ENSP00000222402,0.037094273,-1
RGL4,9606.ENSP00000290691,0.037045874,-1
LY6L,9606.ENSP00000455811,0.03704064,-1
TMEM132B,9606.ENSP00000299308,0.036974218,-1
HTR4,9606.ENSP00000353915,0.03692633,-1
NIPAL2,9606.ENSP00000407087,0.036903482,-1
SAYSD1,9606.ENSP00000229903,0.03689375,-1
BBS5,9606.ENSP00000295240,0.036871962,-1
GPR4,9606.ENSP00000319744,0.036840353,-1
PRUNE2,9606.ENSP00000365908,0.036840025,-1
ACBD4,9606.ENSP00000405969,0.03682406,-1
OR4E1,9606.ENSP00000493111,0.03681145,-1
RAPGEF5,9606.ENSP00000343656,0.03676911,-1
OR5T3,9606.ENSP00000305403,0.036706507,-1
ZFP2,9606.ENSP00000354453,0.03665894,-1
ATP5PB,9606.ENSP00000358737,0.036658164,-1
NEK8,9606.ENSP00000268766,0.036649764,-1
GUSB,9606.ENSP00000302728,0.036610287,-1
DICER1,9606.ENSP00000437256,0.036582228,-1
TMSB15A,9606.ENSP00000289373,0.036574163,-1
SLC25A44,9606.ENSP00000407560,0.03649497,-1
DNAJC1,9606.ENSP00000366179,0.03645405,0
MRGPRE,9606.ENSP00000374482,0.03641613,-1
TLL1,9606.ENSP00000061240,0.036376845,-1
COX4I1,9606.ENSP00000457513,0.03629884,0
LY6G6D,9606.ENSP00000364985,0.036293183,-1
FARSB,9606.ENSP00000281828,0.036257293,-1
KCNA4,9606.ENSP00000328511,0.036252264,-1
PPIAL4C,9606.ENSP00000463057,0.036207307,-1
ZNF468,9606.ENSP00000470381,0.03619105,-1
SSTR3,9606.ENSP00000480971,0.03618352,-1
ARHGAP40,9606.ENSP00000362442,0.03614481,-1
MROH2A,9606.ENSP00000477597,0.035963546,-1
PEX10,9606.ENSP00000288774,0.0359548,-1
OR6C2,9606.ENSP00000493222,0.035943158,-1
PACSIN3,9606.ENSP00000440945,0.035935402,-1
SOBP,9606.ENSP00000318900,0.03590394,-1
GGNBP2,9606.ENSP00000478220,0.03589238,-1
MRGPRF,9606.ENSP00000403660,0.035798572,-1
MTRNR2L6,9606.ENSP00000473686,0.035758324,-1
CSNK1G3,9606.ENSP00000353904,0.035757218,-1
SSU72L4,9606.ENSP00000491663,0.0356984,-1
OR1L1,9606.ENSP00000310773,0.035691105,-1
PROM2,9606.ENSP00000318270,0.03567793,-1
FUNDC2,9606.ENSP00000358510,0.035657603,-1
KCNH2,9606.ENSP00000262186,0.03565216,-1
TSPAN15,9606.ENSP00000362387,0.035594862,-1
FANCE,9606.ENSP00000229769,0.035553515,-1
EEF1AKMT2,9606.ENSP00000357829,0.03555079,-1
DCUN1D4,9606.ENSP00000389900,0.0355209,-1
OR7D4,9606.ENSP00000493404,0.035470586,-1
TMEM200B,9606.ENSP00000428544,0.035370637,-1
EPRS1,9606.ENSP00000355890,0.035263035,-1
SCNN1D,9606.ENSP00000368411,0.035187252,-1
LYPD6B,9606.ENSP00000387077,0.035143923,-1
CERS6,9606.ENSP00000376453,0.035140473,-1
SLC17A9,9606.ENSP00000359376,0.03513917,-1
C16orf89,9606.ENSP00000324672,0.03506078,-1
METTL16,9606.ENSP00000263092,0.034974996,-1
NMBR,9606.ENSP00000258042,0.034888804,-1
PTDSS1,9606.ENSP00000430548,0.03487488,-1
SUSD2,9606.ENSP00000351075,0.034813732,0
GABBR2,9606.ENSP00000259455,0.03470425,-1
AADACL3,9606.ENSP00000352268,0.034698542,-1
HCRTR1,9606.ENSP00000384387,0.034696873,-1
OR5I1,9606.ENSP00000301532,0.03467849,-1
PREX2,9606.ENSP00000288368,0.034666993,-1
SUCO,9606.ENSP00000356696,0.03464648,-1
SLC22A13,9606.ENSP00000310241,0.034643184,-1
RPL6,9606.ENSP00000403172,0.034566052,-1
CD151,9606.ENSP00000324101,0.034537237,-1
TMEM150A,9606.ENSP00000387292,0.03450335,-1
TAS2R19,9606.ENSP00000375091,0.034475304,-1
MTX3,9606.ENSP00000424798,0.03443277,-1
PARD3,9606.ENSP00000363921,0.034410447,-1
CPQ,9606.ENSP00000220763,0.034377456,-1
OR4C5,9606.ENSP00000321338,0.034372583,-1
MT-CO3,9606.ENSP00000354982,0.03436127,-1
GLYATL1,9606.ENSP00000300079,0.034347277,-1
DPY19L3,9606.ENSP00000344937,0.03432071,-1
METTL24,9606.ENSP00000344071,0.03430044,-1
FAM107B,9606.ENSP00000181796,0.03429657,-1
RHOXF1,9606.ENSP00000217999,0.03421603,-1
CIB2,9606.ENSP00000258930,0.03420585,-1
EGR4,9606.ENSP00000445626,0.034190487,-1
GRID1,9606.ENSP00000330148,0.034155156,-1
TXNRD3,9606.ENSP00000430031,0.034117423,-1
C10orf143,9606.ENSP00000490233,0.034110777,-1
STARD13,9606.ENSP00000338785,0.034053292,-1
OR8B4,9606.ENSP00000348449,0.034026947,-1
OR5L1,9606.ENSP00000485319,0.033999667,-1
PRTG,9606.ENSP00000373937,0.03399897,-1
FA2H,9606.ENSP00000219368,0.033983625,-1
OR4F21,9606.ENSP00000318878,0.033966612,-1
HESX1,9606.ENSP00000498190,0.03393995,-1
KATNBL1,9606.ENSP00000256544,0.033895914,-1
TAS2R31,9606.ENSP00000375093,0.033858065,-1
KRTCAP2,9606.ENSP00000295682,0.033783216,0
C17orf107,9606.ENSP00000370770,0.033713073,-1
KCNK9,9606.ENSP00000498198,0.03363807,-1
SPMIP8,9606.ENSP00000290871,0.033596184,-1
TDO2,9606.ENSP00000444788,0.033465486,-1
ZNF395,9606.ENSP00000340494,0.033454135,0
PKD1L1,9606.ENSP00000289672,0.033432025,-1
TAS2R9,9606.ENSP00000240691,0.033390094,-1
OR8H2,9606.ENSP00000493031,0.03336308,-1
CEACAM18,9606.ENSP00000379738,0.033337507,-1
ZNF729,9606.ENSP00000469582,0.033328097,-1
HADH,9606.ENSP00000474560,0.03329348,-1
OR8S1,9606.ENSP00000310632,0.033286322,-1
ZNF658,9606.ENSP00000482540,0.03327608,-1
FAM76B,9606.ENSP00000351631,0.03319608,-1
LDAF1,9606.ENSP00000409879,0.0331191,-1
RBMS3,9606.ENSP00000373277,0.033099085,-1
RNF38,9606.ENSP00000259605,0.033052146,-1
FUT8,9606.ENSP00000353910,0.032996673,-1
LRSAM1,9606.ENSP00000322937,0.032964252,-1
OR8D4,9606.ENSP00000493391,0.032961857,-1
MB21D2,9606.ENSP00000376246,0.032908745,-1
OR14A2,9606.ENSP00000355441,0.032895535,-1
SSTR2,9606.ENSP00000350198,0.032821227,-1
HEXA,9606.ENSP00000455114,0.03276101,-1
STK32C,9606.ENSP00000298630,0.032751746,-1
OR4C11,9606.ENSP00000492971,0.032590408,-1
OSBPL8,9606.ENSP00000261183,0.03254499,-1
SCN1A,9606.ENSP00000303540,0.0325182,-1
LIPJ,9606.ENSP00000361007,0.032488316,-1
MYL1,9606.ENSP00000307280,0.03248763,-1
ADH5,9606.ENSP00000296412,0.032472268,0
TMEM92,9606.ENSP00000300433,0.032419,-1
TATDN2,9606.ENSP00000287652,0.03241802,0
ONECUT1,9606.ENSP00000302630,0.032394633,-1
OR6F1,9606.ENSP00000493342,0.032375813,-1
DDIT4L,9606.ENSP00000354830,0.032364808,-1
OR5M1,9606.ENSP00000493124,0.03234548,-1
EIF3E,9606.ENSP00000220849,0.03225824,0
OR13C9,9606.ENSP00000259362,0.03225421,-1
LSM2,9606.ENSP00000364813,0.032245833,0
COPS2,9606.ENSP00000299259,0.032232076,0
PDE8B,9606.ENSP00000264917,0.032200832,-1
RHOD,9606.ENSP00000308576,0.032048374,-1
MTRNR2L1,9606.ENSP00000439228,0.03202758,-1
MYO15A,9606.ENSP00000495481,0.031943455,-1
OR8G5,9606.ENSP00000477014,0.03193145,-1
FABP6,9606.ENSP00000377549,0.031926654,-1
CUL4B,9606.ENSP00000384109,0.03191264,0
OR8J3,9606.ENSP00000493166,0.03190708,-1
ALDH1A1,9606.ENSP00000297785,0.0319055,-1
TAS2R20,9606.ENSP00000441624,0.031878352,-1
PNP,9606.ENSP00000354532,0.031867485,-1
NKIRAS1,9606.ENSP00000393785,0.031843327,-1
TAS2R30,9606.ENSP00000444736,0.0318361,-1
ATG3,9606.ENSP00000283290,0.03180303,0
RHOV,9606.ENSP00000220507,0.03175385,-1
OR5M10,9606.ENSP00000436004,0.031686664,-1
OR4C12,9606.ENSP00000334418,0.031675816,-1
CHMP4B,9606.ENSP00000217402,0.03167318,0
ZNF534,9606.ENSP00000327538,0.03165652,-1
ZIK1,9606.ENSP00000472867,0.03164069,-1
MATCAP2,9606.ENSP00000297063,0.03163245,-1
SYNDIG1L,9606.ENSP00000331474,0.03160499,-1
CTNND1,9606.ENSP00000382004,0.031503193,-1
CYP2A7,9606.ENSP00000301146,0.03147841,-1
OR13C4,9606.ENSP00000277216,0.031471044,-1
IGSF9B,9606.ENSP00000436552,0.031449493,-1
PLEKHG3,9606.ENSP00000247226,0.03134316,-1
ABHD5,9606.ENSP00000495778,0.031332627,-1
CAMKV,9606.ENSP00000419195,0.03132144,-1
NLRP4,9606.ENSP00000301295,0.031303048,-1
GALR1,9606.ENSP00000299727,0.031296358,-1
SULT1E1,9606.ENSP00000226444,0.031275913,-1
PEBP4,9606.ENSP00000256404,0.031270538,-1
MAGEE1,9606.ENSP00000354912,0.031263728,-1
TRIM16,9606.ENSP00000497185,0.031239036,-1
CHST13,9606.ENSP00000317404,0.031219598,-1
RASGEF1C,9606.ENSP00000377037,0.031216899,-1
FREY1,9606.ENSP00000401498,0.031213293,-1
OR6K3,9606.ENSP00000357127,0.031180812,-1
GABRR3,9606.ENSP00000481321,0.031172363,-1
SP3,9606.ENSP00000310301,0.0311573,-1
GPR149,9606.ENSP00000374390,0.031126834,-1
TBL1X,9606.ENSP00000495556,0.031114588,-1
PSTPIP2,9606.ENSP00000387261,0.031042911,-1
STON2,9606.ENSP00000450857,0.03101268,-1
NBPF20,9606.ENSP00000479291,0.030981163,-1
MESP1,9606.ENSP00000300057,0.030925447,-1
SPATA3,9606.ENSP00000388895,0.03090623,-1
CD164L2,9606.ENSP00000363142,0.03085804,-1
TAS1R3,9606.ENSP00000344411,0.030857766,-1
SPDYE2,9606.ENSP00000421686,0.030832786,-1
DAZ1,9606.ENSP00000384573,0.030821137,-1
TMEM221,9606.ENSP00000342162,0.03079564,-1
SUMF2,9606.ENSP00000498402,0.030792428,-1
PXMP2,9606.ENSP00000321271,0.030766461,-1
FOXJ2,9606.ENSP00000162391,0.030745996,0
GDAP1,9606.ENSP00000220822,0.0305901,-1
SPRING1,9606.ENSP00000261318,0.030572783,-1
BTN3A2,9606.ENSP00000366937,0.030446157,-1
OR5H14,9606.ENSP00000493226,0.030381901,-1
SPSB2,9606.ENSP00000428338,0.030374978,-1
OR5F1,9606.ENSP00000278409,0.030283406,-1
KPNA6,9606.ENSP00000362728,0.030116409,0
UBIAD1,9606.ENSP00000366006,0.030081188,-1
MRI1,9606.ENSP00000040663,0.030060565,-1
SHLD1,9606.ENSP00000305875,0.030010253,-1
PSMC6,9606.ENSP00000484998,0.030007126,-1
MEGF8,9606.ENSP00000251268,0.029882645,-1
OR4D10,9606.ENSP00000436424,0.029868506,-1
SLC67A1-AS,9606.ENSP00000488024,0.029843273,-1
TMEM19,9606.ENSP00000266673,0.02982185,-1
MAT2B,9606.ENSP00000325425,0.029817114,-1
HTR3C,9606.ENSP00000322617,0.029799249,-1
VPS45,9606.ENSP00000495563,0.029795745,-1
S100A5,9606.ENSP00000357707,0.029701008,-1
ACTRT1,9606.ENSP00000360165,0.029648524,-1
GPD1,9606.ENSP00000301149,0.029587135,-1
PUDP,9606.ENSP00000396452,0.029544156,-1
IDI2,9606.ENSP00000277517,0.029510425,-1
CHRM5,9606.ENSP00000372750,0.02948971,-1
BDH1,9606.ENSP00000376184,0.029441318,-1
MCF2L,9606.ENSP00000440374,0.029436095,-1
CHSY1,9606.ENSP00000254190,0.029421924,-1
TAFA5,9606.ENSP00000383933,0.02940746,-1
ADH1B,9606.ENSP00000306606,0.029401371,-1
GJD3,9606.ENSP00000463752,0.029311173,-1
ZNF705G,9606.ENSP00000383020,0.029304227,-1
NTN5,9606.ENSP00000270235,0.029299058,-1
SCN5A,9606.ENSP00000328968,0.029294388,-1
OR8K1,9606.ENSP00000279783,0.029267399,-1
ERRFI1,9606.ENSP00000366702,0.029190196,-1
GNAI1,9606.ENSP00000497260,0.029186763,0
MT-ND4L,9606.ENSP00000354728,0.029133258,-1
ACSBG2,9606.ENSP00000465589,0.029120645,-1
SDF2,9606.ENSP00000247020,0.029083991,-1
OR2Z1,9606.ENSP00000493322,0.029076673,-1
RFPL4B,9606.ENSP00000423391,0.029063942,-1
DLGAP1,9606.ENSP00000316377,0.029063826,-1
PRPSAP2,9606.ENSP00000268835,0.029043954,-1
OR7G1,9606.ENSP00000444134,0.029009733,-1
EXTL1,9606.ENSP00000363398,0.028995795,-1
SERHL2,9606.ENSP00000331376,0.028988024,-1
FAM163A,9606.ENSP00000354891,0.028970992,-1
NSUN3,9606.ENSP00000318986,0.028965525,-1
FIGLA,9606.ENSP00000333097,0.028935038,-1
ERBIN,9606.ENSP00000426632,0.028932203,-1
TMIGD2,9606.ENSP00000301272,0.028917082,-1
GLT1D1,9606.ENSP00000281703,0.028914897,-1
ZBTB7C,9606.ENSP00000468782,0.028910292,-1
RASSF10,9606.ENSP00000485526,0.028874323,-1
WBP1,9606.ENSP00000233615,0.028791822,-1
CIMIP2C,9606.ENSP00000332875,0.028743984,-1
SSU72L6,9606.ENSP00000492512,0.028741082,-1
OR11H4,9606.ENSP00000318997,0.028693495,-1
OR10P1,9606.ENSP00000308082,0.028622592,-1
TNNT1,9606.ENSP00000467176,0.02859985,-1
SYNGR2,9606.ENSP00000467600,0.028561188,-1
MYH3,9606.ENSP00000464317,0.028542947,-1
NAB1,9606.ENSP00000336894,0.02852802,-1
RDH14,9606.ENSP00000370648,0.028516453,0
TEC,9606.ENSP00000370912,0.028467573,-1
SLC9A8,9606.ENSP00000416418,0.028465023,-1
DNAJC9,9606.ENSP00000362041,0.028456341,0
ANKRD12,9606.ENSP00000262126,0.028455768,-1
F11R,9606.ENSP00000357005,0.02843731,-1
LRRC31,9606.ENSP00000325978,0.028430238,-1
MTRNR2L7,9606.ENSP00000439985,0.028380157,-1
ATP1B3,9606.ENSP00000286371,0.028363585,-1
STMN1,9606.ENSP00000410452,0.028338242,0
HEATR9,9606.ENSP00000473941,0.028335422,-1
NAALADL2,9606.ENSP00000404705,0.028240139,-1
OR3A1,9606.ENSP00000313803,0.028236141,-1
C1orf210,9606.ENSP00000430918,0.028196292,-1
LIMA1,9606.ENSP00000378400,0.028178465,-1
TMEM41B,9606.ENSP00000433126,0.028155493,-1
SGMS1,9606.ENSP00000354829,0.028146999,-1
HMGA1,9606.ENSP00000399888,0.028136633,0
AP2A2,9606.ENSP00000327694,0.028129501,0
ST7,9606.ENSP00000265437,0.028089756,-1
CDC42EP1,9606.ENSP00000249014,0.028053276,-1
EHMT1,9606.ENSP00000417980,0.028005961,-1
GPR89A,9606.ENSP00000319673,0.027991999,-1
S100A6,9606.ENSP00000357709,0.027929934,0
MYH11,9606.ENSP00000379616,0.027913265,-1
PSAPL1,9606.ENSP00000317445,0.0279092,-1
HAS1,9606.ENSP00000222115,0.02784899,-1
CEACAM3,9606.ENSP00000349971,0.027811233,-1
OR13C2,9606.ENSP00000438815,0.027737973,-1
ZNF582,9606.ENSP00000301310,0.027707566,-1
VENTX,9606.ENSP00000357556,0.027687794,-1
NKAIN2,9606.ENSP00000357402,0.02764331,-1
FAM120B,9606.ENSP00000440125,0.027642094,-1
ZNF781,9606.ENSP00000351391,0.02757027,-1
RLBP1,9606.ENSP00000268125,0.02756026,-1
MARVELD1,9606.ENSP00000441365,0.02756025,-1
SPRR2G,9606.ENSP00000357737,0.027548786,-1
CD63,9606.ENSP00000447730,0.02753647,0
TAS2R50,9606.ENSP00000424040,0.027528644,-1
TMC5,9606.ENSP00000379531,0.027470931,-1
OR5H15,9606.ENSP00000493082,0.027443707,-1
ANKRD44,9606.ENSP00000282272,0.027421052,-1
GLUD1,9606.ENSP00000277865,0.02742053,-1
OR1L3,9606.ENSP00000302863,0.027414259,-1
OR52I1,9606.ENSP00000436453,0.027412632,-1
OR4K17,9606.ENSP00000319197,0.0273765,-1
NCF1,9606.ENSP00000289473,0.027347986,-1
GNMT,9606.ENSP00000361894,0.027333368,-1
PRB4,9606.ENSP00000279575,0.027326243,-1
IGF2BP3,9606.ENSP00000258729,0.02728859,-1
RTL4,9606.ENSP00000340590,0.0272474,-1
BATF2,9606.ENSP00000301887,0.027176129,-1
FKBP7,9606.ENSP00000413152,0.027155874,-1
CISH,9606.ENSP00000409346,0.027117923,-1
ZNF816,9606.ENSP00000350295,0.027117696,-1
CERS5,9606.ENSP00000325485,0.027074466,-1
OR5K3,9606.ENSP00000373194,0.02706644,-1
GJB1,9606.ENSP00000354900,0.027015325,-1
AAK1,9606.ENSP00000386456,0.026990738,-1
SRSF4,9606.ENSP00000362900,0.026989654,0
TNNI3,9606.ENSP00000341838,0.026961997,-1
NDRG4,9606.ENSP00000377823,0.026949445,-1
YPEL3,9606.ENSP00000381821,0.026940271,-1
SLC6A5,9606.ENSP00000434364,0.02693625,-1
PRB1,9606.ENSP00000420826,0.026926555,-1
OR4D5,9606.ENSP00000305970,0.026910068,-1
OR2A2,9606.ENSP00000386209,0.02687831,-1
GSG1,9606.ENSP00000405032,0.026874205,-1
ASPHD2,9606.ENSP00000215906,0.026828324,-1
ANKRD6,9606.ENSP00000345767,0.026805948,-1
GSTT2B,9606.ENSP00000290765,0.026788717,-1
CDCP2,9606.ENSP00000489959,0.026787797,-1
KCTD18,9606.ENSP00000352941,0.026777627,-1
OR3A2,9606.ENSP00000386180,0.026743295,-1
CAPN12,9606.ENSP00000331636,0.026735693,-1
CFAP20,9606.ENSP00000262498,0.026734903,-1
FUCA2,9606.ENSP00000002165,0.026687184,-1
MPDU1,9606.ENSP00000250124,0.026661292,-1
BUB3,9606.ENSP00000357858,0.026659856,0
MYH6,9606.ENSP00000386041,0.02665492,-1
PCNP,9606.ENSP00000265260,0.026613541,-1
ENTR1,9606.ENSP00000349929,0.026603986,0
FAM3B,9606.ENSP00000350673,0.026582502,-1
CPNE9,9606.ENSP00000373343,0.026557762,-1
OR4X1,9606.ENSP00000321506,0.026506567,-1
CYP24A1,9606.ENSP00000216862,0.026481211,-1
OR4S1,9606.ENSP00000321447,0.026471527,-1
KRTCAP3,9606.ENSP00000442400,0.026442947,-1
TLN1,9606.ENSP00000316029,0.026436713,-1
PIMREG,9606.ENSP00000250056,0.026434783,-1
PRSS50,9606.ENSP00000326598,0.0264084,-1
SPADH,9606.ENSP00000498797,0.026399028,-1
LDHAL6A,9606.ENSP00000280706,0.026393617,-1
ERICH2,9606.ENSP00000387298,0.02635013,-1
OR7D2,9606.ENSP00000493200,0.026339084,-1
NDUFS1,9606.ENSP00000392709,0.026334915,-1
SMIM14,9606.ENSP00000295958,0.026315868,-1
OR5J2,9606.ENSP00000310788,0.026265444,-1
YPEL1,9606.ENSP00000342832,0.026253546,-1
CYTL1,9606.ENSP00000303550,0.026235012,-1
CALD1,9606.ENSP00000354826,0.026227908,-1
RNH1,9606.ENSP00000433999,0.026223589,-1
CYP1A2,9606.ENSP00000342007,0.026219174,-1
GABRG1,9606.ENSP00000295452,0.026200473,-1
ZNF484,9606.ENSP00000378881,0.026194885,-1
NUDT3,9606.ENSP00000476119,0.026190842,-1
LRRC23,9606.ENSP00000390932,0.026173165,-1
MAGEC1,9606.ENSP00000285879,0.026134059,-1
ELOVL3,9606.ENSP00000359022,0.026123948,-1
OR5W2,9606.ENSP00000342448,0.026106836,-1
TMEM202,9606.ENSP00000340212,0.026100667,-1
HKDC1,9606.ENSP00000346643,0.02605645,-1
AKAP14,9606.ENSP00000360485,0.02605475,-1
GRWD1,9606.ENSP00000253237,0.026039107,-1
FAM237A,9606.ENSP00000490802,0.026017359,-1
KLF17,9606.ENSP00000361373,0.02601395,-1
VPS50,9606.ENSP00000307666,0.026012197,-1
POLB,9606.ENSP00000265421,0.026003487,-1
ZNF283,9606.ENSP00000484852,0.025991328,-1
PAQR6,9606.ENSP00000338330,0.025963325,-1
FAM153A,9606.ENSP00000411506,0.025956128,-1
ZFAND5,9606.ENSP00000366161,0.025946328,-1
FOXJ1,9606.ENSP00000323880,0.025945134,-1
ZFP62,9606.ENSP00000423820,0.025937472,-1
ZNF182,9606.ENSP00000380165,0.025889792,-1
FREM1,9606.ENSP00000412940,0.025835784,-1
TSPEAR,9606.ENSP00000321987,0.025804546,-1
TXNDC8,9606.ENSP00000363634,0.025723385,-1
OR2T3,9606.ENSP00000352604,0.025708387,-1
ARHGAP8,9606.ENSP00000374424,0.025680872,-1
PRPSAP1,9606.ENSP00000414624,0.025670493,0
TSPAN7,9606.ENSP00000367743,0.025664715,-1
GARIN2,9606.ENSP00000483154,0.025651567,-1
TRIM7,9606.ENSP00000274773,0.02563195,-1
GCSAML,9606.ENSP00000446460,0.025619859,-1
OR5AR1,9606.ENSP00000485240,0.025611894,-1
NUCB2,9606.ENSP00000436455,0.025587007,-1
AMER1,9606.ENSP00000364003,0.02558072,-1
ARAP3,9606.ENSP00000239440,0.025563346,-1
ETFBKMT,9606.ENSP00000350353,0.0255052,-1
VWC2L,9606.ENSP00000308976,0.025497586,-1
TARS2,9606.ENSP00000358060,0.02549033,-1
MID2,9606.ENSP00000262843,0.025472673,-1
EAF1,9606.ENSP00000380054,0.025462296,-1
MXI1,9606.ENSP00000331152,0.025456829,-1
TRIP13,9606.ENSP00000166345,0.025441881,0
SPACA6,9606.ENSP00000490829,0.025382727,-1
HTR1D,9606.ENSP00000363748,0.025372999,-1
ERAS,9606.ENSP00000339136,0.025358208,-1
BIN2,9606.ENSP00000498807,0.025355529,-1
NNT,9606.ENSP00000264663,0.025345648,-1
ZNF705A,9606.ENSP00000352233,0.025339343,-1
CACNB3,9606.ENSP00000301050,0.025283419,-1
EP300,9606.ENSP00000263253,0.025138099,-1
PPIAL4E,9606.ENSP00000463419,0.025130251,-1
MYL2,9606.ENSP00000228841,0.025124686,-1
CREBRF,9606.ENSP00000296953,0.025107335,-1
FAHD2B,9606.ENSP00000410470,0.025079062,-1
OR2J1,9606.ENSP00000493312,0.025064847,-1
UCHL3,9606.ENSP00000366819,0.025055813,-1
KCNJ9,9606.ENSP00000357067,0.025055498,-1
ZNF418,9606.ENSP00000407039,0.025036553,-1
MGST3,9606.ENSP00000356864,0.02503603,0
OR2T1,9606.ENSP00000355430,0.025035167,-1
SPDYE5,9606.ENSP00000485398,0.025002025,-1
OR6J1,9606.ENSP00000437629,0.024990097,-1
CEP15,9606.ENSP00000418086,0.024979444,-1
NDST4,9606.ENSP00000264363,0.024957886,-1
TRIM59,9606.ENSP00000311219,0.024903754,-1
SMIM38,9606.ENSP00000493332,0.024900999,-1
FADS6,9606.ENSP00000481684,0.024826657,-1
ZCCHC10,9606.ENSP00000423276,0.024806868,-1
OR2T35,9606.ENSP00000492995,0.024805998,-1
NRAP,9606.ENSP00000358365,0.024715569,-1
ZNF845,9606.ENSP00000388311,0.024696141,-1
MRAP,9606.ENSP00000382684,0.024662498,-1
OR2T2,9606.ENSP00000492947,0.024658978,-1
EIF1AD,9606.ENSP00000434056,0.02464788,-1
DDIT4,9606.ENSP00000307305,0.024637999,-1
SSU72L2,9606.ENSP00000491669,0.02463394,-1
ONECUT2,9606.ENSP00000419185,0.024619889,-1
GPR17,9606.ENSP00000442982,0.024612596,-1
CHCT1,9606.ENSP00000269127,0.024601016,-1
LUZP2,9606.ENSP00000336817,0.02459949,-1
ZNF559,9606.ENSP00000468153,0.024555324,-1
SSU72,9606.ENSP00000291386,0.024554271,0
SLC35C1,9606.ENSP00000313318,0.024519324,-1
JCHAIN,9606.ENSP00000440066,0.024509642,-1
OR4F15,9606.ENSP00000333184,0.024508081,-1
DESI1,9606.ENSP00000263256,0.024507644,0
OR5M11,9606.ENSP00000432417,0.024476262,-1
CCDC138,9606.ENSP00000295124,0.024470055,-1
NAA10,9606.ENSP00000417763,0.024455797,0
ACADS,9606.ENSP00000242592,0.024408005,-1
ARHGEF9,9606.ENSP00000490940,0.024377419,-1
IYD,9606.ENSP00000229447,0.024332566,-1
C10orf120,9606.ENSP00000331012,0.024325458,-1
ETV2,9606.ENSP00000384524,0.024308208,-1
ATRNL1,9606.ENSP00000347152,0.024304114,-1
VWA1,9606.ENSP00000417185,0.0243028,-1
OR14A16,9606.ENSP00000493024,0.024283225,-1
TET1,9606.ENSP00000362748,0.02427642,-1
HCRT,9606.ENSP00000293330,0.024261918,-1
ARID3B,9606.ENSP00000477878,0.024244357,-1
ZNF850,9606.ENSP00000464976,0.024236936,-1
SLC10A7,9606.ENSP00000421275,0.024183787,-1
SYT5,9606.ENSP00000346265,0.024148976,-1
ZNF536,9606.ENSP00000347730,0.024133092,-1
PATZ1,9606.ENSP00000266269,0.024130743,-1
OCIAD2,9606.ENSP00000423014,0.024120962,-1
NUDT10,9606.ENSP00000365174,0.024094826,-1
OR4D9,9606.ENSP00000493010,0.02407138,-1
ACYP2,9606.ENSP00000475986,0.024051841,-1
CEBPA,9606.ENSP00000427514,0.024031434,0
ANO10,9606.ENSP00000292246,0.024025248,-1
SLC41A1,9606.ENSP00000356105,0.024015581,-1
CCDC51,9606.ENSP00000379047,0.023980185,-1
TCEAL8,9606.ENSP00000361770,0.023954876,-1
SCMH1,9606.ENSP00000318094,0.02394411,-1
OR10J5,9606.ENSP00000334441,0.023911612,-1
DNAJC19,9606.ENSP00000372005,0.023910215,-1
OR2J3,9606.ENSP00000493439,0.023898896,-1
ZNF585B,9606.ENSP00000433773,0.023895836,-1
UBL3,9606.ENSP00000370055,0.02387438,0
ERC2,9606.ENSP00000288221,0.023874357,-1
NLRP13,9606.ENSP00000343891,0.023870513,-1
FERMT2,9606.ENSP00000342858,0.023843369,-1
DPPA3,9606.ENSP00000339250,0.023835395,-1
ABCG8,9606.ENSP00000272286,0.023774408,-1
CUL4A,9606.ENSP00000364589,0.023751378,0
OR2K2,9606.ENSP00000305055,0.023750523,-1
ACOT7,9606.ENSP00000367086,0.023740964,-1
RPS6KL1,9606.ENSP00000450567,0.023719048,-1
DUSP10,9606.ENSP00000355866,0.023697335,-1
OR5AN1,9606.ENSP00000492957,0.023694623,-1
LRRFIP2,9606.ENSP00000338727,0.023650717,-1
MT-ND6,9606.ENSP00000354665,0.023626018,-1
PCGF3,9606.ENSP00000354724,0.0236173,0
TMEM253,9606.ENSP00000453962,0.023607252,-1
ANK2,9606.ENSP00000349588,0.023584938,-1
RUBCNL,9606.ENSP00000396935,0.02356326,-1
CD302,9606.ENSP00000259053,0.023471257,-1
MED31,9606.ENSP00000225728,0.023463935,-1
TRIM58,9606.ENSP00000355437,0.02345463,-1
CLTB,9606.ENSP00000309415,0.02345072,-1
GPR3,9606.ENSP00000363136,0.023437016,0
DCTN5,9606.ENSP00000300087,0.023386428,-1
TMLHE,9606.ENSP00000335261,0.023352956,-1
REM1,9606.ENSP00000201979,0.023329878,-1
ADCY9,9606.ENSP00000294016,0.023326505,-1
TRIM48,9606.ENSP00000402414,0.023312485,-1
PPP1CA,9606.ENSP00000326031,0.023281842,1
COPS8,9606.ENSP00000346340,0.023265123,-1
OR7G3,9606.ENSP00000302867,0.023249926,-1
OR2M3,9606.ENSP00000492981,0.0232418,-1
C5orf24,9606.ENSP00000378427,0.023226874,-1
ZNF215,9606.ENSP00000278319,0.023226159,-1
TSPAN8,9606.ENSP00000377003,0.023222934,-1
NFILZ,9606.ENSP00000499970,0.02321171,-1
OR2T34,9606.ENSP00000330904,0.023208525,-1
KCNK1,9606.ENSP00000355580,0.023193851,-1
PSMD13,9606.ENSP00000396937,0.023158317,0
C5orf63,9606.ENSP00000454153,0.023099644,-1
PLCL1,9606.ENSP00000402861,0.023079446,-1
EPHX1,9606.ENSP00000480004,0.023078801,-1
OR4N2,9606.ENSP00000493327,0.023077415,-1
FAM156A,9606.ENSP00000469248,0.023062304,-1
OR4S2,9606.ENSP00000493389,0.023037294,-1
C1orf105,9606.ENSP00000356700,0.023003139,-1
HIVEP1,9606.ENSP00000368698,0.022994066,-1
TRIM16L,9606.ENSP00000379030,0.022992445,-1
MARVELD2,9606.ENSP00000323264,0.02296421,-1
PANK2,9606.ENSP00000313377,0.022962062,-1
ZNF717,9606.ENSP00000419377,0.022920726,-1
HDHD2,9606.ENSP00000300605,0.022913214,-1
OR4C6,9606.ENSP00000493334,0.022860482,-1
PTGR1,9606.ENSP00000385763,0.022815796,-1
OR4N5,9606.ENSP00000493307,0.022778062,-1
TCF20,9606.ENSP00000352463,0.022768354,-1
OR5K2,9606.ENSP00000393889,0.022763897,-1
SCARB1,9606.ENSP00000261693,0.022749413,-1
SSU72L5,9606.ENSP00000491949,0.022735497,-1
YDJC,9606.ENSP00000292778,0.02273036,-1
OR4E2,9606.ENSP00000493386,0.022712365,-1
TGIF2LY,9606.ENSP00000453750,0.022670379,-1
UBE2QL1,9606.ENSP00000382713,0.022638218,-1
PIP4K2C,9606.ENSP00000347032,0.022619674,-1
POMT2,9606.ENSP00000261534,0.022611214,-1
TPBGL,9606.ENSP00000474988,0.022603313,-1
PRY,9606.ENSP00000302319,0.022602018,-1
MCFD2,9606.ENSP00000386651,0.02257049,-1
EOGT,9606.ENSP00000373206,0.022564938,-1
SLC25A41,9606.ENSP00000322649,0.022529585,-1
OR2A14,9606.ENSP00000493353,0.022489678,-1
ARPC4,9606.ENSP00000388169,0.022471461,-1
CIMAP1A,9606.ENSP00000325868,0.02246893,-1
CCDC198,9606.ENSP00000392368,0.02245768,-1
TRERF1,9606.ENSP00000439689,0.022454591,-1
RHPN2,9606.ENSP00000254260,0.022436032,-1
ADK,9606.ENSP00000443965,0.022430774,-1
DOCK10,9606.ENSP00000493664,0.022398634,-1
OR2B2,9606.ENSP00000304419,0.022388851,-1
OR9G1,9606.ENSP00000493255,0.022373931,-1
OR5AK2,9606.ENSP00000322784,0.022310037,-1
CAPNS1,9606.ENSP00000464849,0.022305256,0
APBA1,9606.ENSP00000265381,0.022273837,-1
OR7G2,9606.ENSP00000303822,0.022265268,-1
ROM1,9606.ENSP00000278833,0.0222498,-1
TMEM39B,9606.ENSP00000338165,0.022248833,-1
OR8U3,9606.ENSP00000485324,0.0222192,-1
TOMT,9606.ENSP00000305742,0.022210598,-1
OR5AS1,9606.ENSP00000493325,0.02220057,-1
PSD4,9606.ENSP00000245796,0.022199629,-1
C1orf50,9606.ENSP00000361603,0.02214885,-1
TAS2R7,9606.ENSP00000240687,0.022145234,-1
OR8U1,9606.ENSP00000304188,0.022132898,-1
LAD1,9606.ENSP00000375829,0.022131486,-1
RTBDN,9606.ENSP00000326253,0.022114929,-1
OR4X2,9606.ENSP00000485431,0.022113485,-1
BTNL9,9606.ENSP00000330200,0.022083942,-1
CCDC70,9606.ENSP00000242819,0.02206275,-1
NFE4,9606.ENSP00000498569,0.022057462,-1
GSTZ1,9606.ENSP00000451976,0.022017147,-1
AGTPBP1,9606.ENSP00000338512,0.021980936,-1
OR5P3,9606.ENSP00000492944,0.021976812,-1
HK1,9606.ENSP00000494664,0.021952093,-1
OR5B12,9606.ENSP00000493263,0.021921672,-1
KANSL2,9606.ENSP00000415436,0.021913989,-1
OLAH,9606.ENSP00000367462,0.02191239,-1
OR8G1,9606.ENSP00000493289,0.021899503,-1
SLC35D3,9606.ENSP00000333591,0.021898001,-1
OR5AP2,9606.ENSP00000442701,0.021865679,-1
SYT14,9606.ENSP00000486230,0.021864241,-1
SPATC1L,9606.ENSP00000291672,0.021858124,-1
HSPA1L,9606.ENSP00000364805,0.021797119,-1
TAS2R8,9606.ENSP00000240615,0.0217732,-1
ROPN1L,9606.ENSP00000421405,0.021767449,-1
ATP6V1C1,9606.ENSP00000430282,0.021766607,-1
LINGO3,9606.ENSP00000467753,0.021729477,-1
OAF,9606.ENSP00000332613,0.021705149,-1
CHRM4,9606.ENSP00000409378,0.021674698,-1
MYOZ2,9606.ENSP00000306997,0.02167411,-1
OR2V1,9606.ENSP00000492958,0.021659454,-1
ACYP1,9606.ENSP00000450873,0.021627821,-1
ARHGAP22,9606.ENSP00000412461,0.021617724,-1
FBXO32,9606.ENSP00000428205,0.021610612,-1
GATM,9606.ENSP00000379895,0.021603586,-1
OR5B3,9606.ENSP00000493217,0.021581896,-1
KCNJ15,9606.ENSP00000381911,0.02153862,-1
MICAL2,9606.ENSP00000256194,0.021505604,-1
EIF3K,9606.ENSP00000248342,0.021490136,0
OR7A10,9606.ENSP00000493055,0.021487836,-1
PCSK6,9606.ENSP00000482760,0.021484774,-1
ZBTB8OS,9606.ENSP00000417677,0.021484377,-1
OR13F1,9606.ENSP00000334452,0.021457417,-1
C19orf53,9606.ENSP00000465432,0.021452896,-1
COQ8B,9606.ENSP00000315118,0.021439455,-1
HACD4,9606.ENSP00000419503,0.021430563,-1
SMCP,9606.ENSP00000357754,0.021421272,-1
ACADSB,9606.ENSP00000357873,0.021417893,-1
RPTOR,9606.ENSP00000307272,0.02141109,0
PHTF1,9606.ENSP00000358617,0.021408232,-1
SATL1,9606.ENSP00000425421,0.021396948,-1
TIPARP,9606.ENSP00000420612,0.021394018,-1
PYCR2,9606.ENSP00000342502,0.021342669,0
ZFAND2A,9606.ENSP00000314619,0.021342494,-1
HS3ST1,9606.ENSP00000002596,0.021303598,-1
OR2F1,9606.ENSP00000485483,0.021290889,-1
SYP,9606.ENSP00000263233,0.021284757,-1
OR2M4,9606.ENSP00000492992,0.021269208,-1
OR6K2,9606.ENSP00000352626,0.021259503,-1
A3GALT2,9606.ENSP00000475261,0.021257864,-1
CDC42EP2,9606.ENSP00000279249,0.021227598,-1
COPS7B,9606.ENSP00000386880,0.021205649,-1
SI,9606.ENSP00000264382,0.021202996,-1
HARS2,9606.ENSP00000494965,0.021192288,-1
ABO,9606.ENSP00000483018,0.021191726,-1
ID4,9606.ENSP00000367972,0.021167748,0
TMEM182,9606.ENSP00000394178,0.021164166,-1
SPECC1,9606.ENSP00000261503,0.021129543,-1
OR11H2,9606.ENSP00000492923,0.02110484,-1
OR5K1,9606.ENSP00000493267,0.021104604,-1
DLGAP3,9606.ENSP00000362444,0.021031346,-1
TMEM47,9606.ENSP00000275954,0.021026464,-1
SNRPD3,9606.ENSP00000215829,0.021011496,0
OR14C36,9606.ENSP00000324534,0.020981561,-1
OR7C1,9606.ENSP00000493026,0.020965267,-1
CRIPT,9606.ENSP00000238892,0.020961942,-1
PIERCE2,9606.ENSP00000456337,0.020922227,-1
AKAP13,9606.ENSP00000354718,0.020911321,-1
DYRK4,9606.ENSP00000441755,0.020910906,-1
OR11H1,9606.ENSP00000252835,0.020896163,-1
OR2T29,9606.ENSP00000492895,0.020891652,-1
GLTP,9606.ENSP00000315263,0.020885283,-1
KHDC1,9606.ENSP00000359411,0.020883633,-1
PHOX2B,9606.ENSP00000226382,0.020874077,0
SSUH2,9606.ENSP00000439378,0.020858768,-1
GNAT3,9606.ENSP00000381339,0.020851841,-1
GLUD2,9606.ENSP00000327589,0.020849602,-1
APOBEC3F,9606.ENSP00000309749,0.020811232,-1
MUC20,9606.ENSP00000414350,0.020800319,-1
PLSCR4,9606.ENSP00000347038,0.020776173,-1
OR10S1,9606.ENSP00000431914,0.020753222,-1
ARRDC1,9606.ENSP00000360475,0.02073849,-1
SCAMP5,9606.ENSP00000355387,0.02070096,-1
PSMD1,9606.ENSP00000309474,0.020691779,0
OR2B3,9606.ENSP00000366378,0.020633778,-1
OR10V1,9606.ENSP00000302199,0.020621033,-1
NAIF1,9606.ENSP00000362170,0.020620609,-1
INIP,9606.ENSP00000363360,0.020619137,0
CIMAP3,9606.ENSP00000358753,0.020610001,-1
DTX4,9606.ENSP00000227451,0.020602474,-1
CSTF1,9606.ENSP00000217109,0.020597404,-1
NREP,9606.ENSP00000378996,0.02053841,-1
RFPL2,9606.ENSP00000383096,0.020535374,-1
TRANK1,9606.ENSP00000494480,0.02052204,-1
OR5D16,9606.ENSP00000367649,0.0205053,-1
NPRL2,9606.ENSP00000232501,0.020496873,-1
OR2T5,9606.ENSP00000493066,0.020493416,-1
OR11H12,9606.ENSP00000449002,0.020460812,-1
MVB12B,9606.ENSP00000354772,0.020424193,-1
ELMO2,9606.ENSP00000290246,0.020421913,-1
PPIAL4A,9606.ENSP00000485206,0.02041785,-1
ZBED6,9606.ENSP00000447879,0.020401528,-1
OR6T1,9606.ENSP00000325203,0.020381544,-1
CDC16,9606.ENSP00000348554,0.02033888,0
OR4C15,9606.ENSP00000324958,0.020304788,-1
SBK1,9606.ENSP00000343248,0.02025911,-1
CSNK2A3,9606.ENSP00000473553,0.020238372,0
OR13C8,9606.ENSP00000334068,0.020236189,-1
SCRN3,9606.ENSP00000272732,0.020201748,-1
SLC35H1,9606.ENSP00000318960,0.020199616,-1
ERMAP,9606.ENSP00000361595,0.020189436,-1
PGBD4,9606.ENSP00000380872,0.020185338,-1
ZMAT4,9606.ENSP00000297737,0.020179262,-1
GOLT1B,9606.ENSP00000229314,0.020175971,-1
C11orf68,9606.ENSP00000398350,0.020175692,-1
NPM3,9606.ENSP00000359128,0.020148125,-1
MTRNR2L11,9606.ENSP00000474861,0.020142304,-1
ANKRD54,9606.ENSP00000215941,0.020090677,-1
OR2W1,9606.ENSP00000366380,0.020066444,-1
MYH7B,9606.ENSP00000483640,0.020045526,-1
NME9,9606.ENSP00000335444,0.02002803,-1
SMAD2,9606.ENSP00000262160,0.020011388,0
OR5A2,9606.ENSP00000492975,0.020003978,-1
SPTSSB,9606.ENSP00000352097,0.020003252,-1
RMC1,9606.ENSP00000269221,0.02000125,-1
CPAMD8,9606.ENSP00000498697,0.020001128,-1
OR4N4,9606.ENSP00000332500,0.019990811,-1
PECR,9606.ENSP00000265322,0.019971373,-1
FKBP9,9606.ENSP00000439250,0.01996796,-1
ESF1,9606.ENSP00000202816,0.019965146,-1
RGS9BP,9606.ENSP00000334134,0.019944638,-1
S1PR5,9606.ENSP00000328472,0.019944519,-1
OR4A15,9606.ENSP00000325065,0.019940782,-1
TMEM71,9606.ENSP00000349296,0.019919027,-1
OR10R2,9606.ENSP00000357134,0.019918643,-1
CHRNA10,9606.ENSP00000250699,0.01991119,-1
PNMT,9606.ENSP00000269582,0.019878026,-1
CHST6,9606.ENSP00000328983,0.019870462,-1
SAGE1,9606.ENSP00000323191,0.019867416,-1
ME3,9606.ENSP00000440246,0.019859059,-1
INTS9,9606.ENSP00000429065,0.019850256,-1
ZNF721,9606.ENSP00000428878,0.019809091,-1
HAL,9606.ENSP00000261208,0.019795941,-1
PPIAL4D,9606.ENSP00000439444,0.019785,-1
VN1R4,9606.ENSP00000310856,0.01974225,-1
MPZL2,9606.ENSP00000278937,0.019695591,-1
TMT1A,9606.ENSP00000448785,0.019672193,-1
MGST2,9606.ENSP00000482639,0.019660454,-1
SPATA25,9606.ENSP00000361597,0.01964849,-1
OR2T27,9606.ENSP00000493434,0.019634258,-1
DGCR2,9606.ENSP00000263196,0.019595228,-1
NAT2,9606.ENSP00000286479,0.019554531,-1
OR5B17,9606.ENSP00000349945,0.019539865,-1
ZFAND4,9606.ENSP00000339484,0.01953966,-1
TMEM63B,9606.ENSP00000259746,0.019538427,-1
TAFA4,9606.ENSP00000295569,0.01952628,-1
FOXG1,9606.ENSP00000339004,0.019494994,0
CLEC19A,9606.ENSP00000490375,0.019489598,-1
KCNQ1,9606.ENSP00000155840,0.019484714,-1
SPRR1A,9606.ENSP00000357751,0.019477556,-1
OR10G2,9606.ENSP00000445383,0.019452823,-1
OR4N4C,9606.ENSP00000485668,0.019413011,-1
OR14K1,9606.ENSP00000283225,0.019399347,-1
ZNF705EP,9606.ENSP00000492790,0.019376809,-1
TRIM31,9606.ENSP00000365924,0.019355992,-1
AKR7A2,9606.ENSP00000235835,0.019335782,0
C6orf62,9606.ENSP00000367359,0.019331964,-1
MID1,9606.ENSP00000414521,0.019300133,-1
C1GALT1C1,9606.ENSP00000304364,0.01929231,-1
C7orf25,9606.ENSP00000413029,0.019285742,-1
PAIP2B,9606.ENSP00000244221,0.01924664,-1
PRH1;,9606.ENSP00000379682,0.019234264,-1
OR8J1,9606.ENSP00000477259,0.019232491,-1
MAPT,9606.ENSP00000340820,0.019226398,-1
GCAT,9606.ENSP00000371110,0.019191569,-1
LRIG2,9606.ENSP00000355396,0.019191468,-1
OBSL1,9606.ENSP00000385636,0.019168237,0
OR5V1,9606.ENSP00000493269,0.019166537,-1
KLHL42,9606.ENSP00000370671,0.019133905,-1
CYP4F8,9606.ENSP00000477567,0.01910174,-1
OR6V1,9606.ENSP00000396085,0.019091817,-1
OR9G4,9606.ENSP00000307515,0.019029548,-1
CPS1,9606.ENSP00000402608,0.019011624,-1
RNF175,9606.ENSP00000340979,0.019008609,-1
FLG,9606.ENSP00000357789,0.018995183,-1
TMEM278,9606.ENSP00000455099,0.01899094,-1
TMOD2,9606.ENSP00000249700,0.018973457,-1
ZNF487,9606.ENSP00000498490,0.018969698,-1
TNPO3,9606.ENSP00000265388,0.018962916,-1
OR5D18,9606.ENSP00000335025,0.018951759,-1
GK3,9606.ENSP00000489687,0.018946776,-1
INPP5J,9606.ENSP00000333262,0.018928582,-1
CTSB,9606.ENSP00000345672,0.01892741,0
OR51S1,9606.ENSP00000322754,0.018911967,-1
GNPNAT1,9606.ENSP00000216410,0.018890554,-1
CDX4,9606.ENSP00000362613,0.01888483,-1
OPRD1,9606.ENSP00000234961,0.01886944,-1
SEH1L,9606.ENSP00000382779,0.018859556,0
FAM20C,9606.ENSP00000322323,0.01881704,-1
OR1D2,9606.ENSP00000493103,0.018814433,-1
ZNF678,9606.ENSP00000344828,0.018795606,-1
STK32B,9606.ENSP00000282908,0.018761827,-1
ETV4,9606.ENSP00000321835,0.018725008,-1
MAN2A1,9606.ENSP00000261483,0.018718043,-1
DBI,9606.ENSP00000486361,0.018705275,-1
PLEKHD1,9606.ENSP00000317175,0.018678444,-1
ZNF700,9606.ENSP00000479449,0.018664429,-1
STOML2,9606.ENSP00000348886,0.018661859,0
PPIAL4G,9606.ENSP00000393845,0.01861221,-1
ZNF267,9606.ENSP00000300870,0.018604469,-1
ACCSL,9606.ENSP00000368109,0.018594608,-1
ANP32D,9606.ENSP00000266594,0.018576879,-1
OR5AC2,9606.ENSP00000351466,0.018563125,-1
CYB561D2,9606.ENSP00000391209,0.018516239,-1
OR1M1,9606.ENSP00000493107,0.018512761,-1
STK32A,9606.ENSP00000381535,0.01850988,-1
OR3A3,9606.ENSP00000291231,0.01850461,-1
ARMCX2,9606.ENSP00000349281,0.018490903,-1
SSU72L1,9606.ENSP00000491894,0.01848526,-1
LOX,9606.ENSP00000231004,0.018464243,-1
OR2V2,9606.ENSP00000493207,0.018458664,-1
ZNF576,9606.ENSP00000337852,0.018422602,-1
FRMPD1,9606.ENSP00000444411,0.018405847,-1
OR7E24,9606.ENSP00000387523,0.018386602,-1
ARHGAP21,9606.ENSP00000379709,0.018382898,-1
OR11L1,9606.ENSP00000348033,0.01837749,-1
SLC22A23,9606.ENSP00000385028,0.018360263,-1
LYRM7,9606.ENSP00000368688,0.01835579,-1
ENY2,9606.ENSP00000429986,0.018338263,-1
GK,9606.ENSP00000401720,0.018330203,-1
EPOP,9606.ENSP00000484710,0.01832866,-1
ORAI2,9606.ENSP00000348752,0.018313855,-1
KREMEN2,9606.ENSP00000304422,0.018306863,-1
OR1L8,9606.ENSP00000493411,0.018290082,-1
UBE2D1,9606.ENSP00000363019,0.018289166,-1
ADAT1,9606.ENSP00000310015,0.018286726,-1
ZNF808,9606.ENSP00000352846,0.018280586,-1
PKDCC,9606.ENSP00000294964,0.018278904,-1
GDF7,9606.ENSP00000272224,0.018275548,-1
GPR157,9606.ENSP00000366628,0.018275432,-1
ZNF563,9606.ENSP00000293725,0.018275002,-1
PLEKHA5,9606.ENSP00000404296,0.018259766,-1
HUS1,9606.ENSP00000258774,0.018249374,0
TAS2R3,9606.ENSP00000247879,0.018223992,-1
OR10A3,9606.ENSP00000493303,0.018222267,-1
OR10G3,9606.ENSP00000492973,0.018186519,-1
CLEC16A,9606.ENSP00000387122,0.018185161,-1
DCAF8L2,9606.ENSP00000462745,0.01817946,-1
SMIM10L2A,9606.ENSP00000487709,0.018172262,-1
RAPGEF3,9606.ENSP00000395708,0.018147774,-1
OR2F2,9606.ENSP00000386222,0.018143024,-1
PLPP5,9606.ENSP00000392553,0.018142754,-1
ZNF714,9606.ENSP00000478345,0.018137796,-1
FABP3,9606.ENSP00000362817,0.018104717,-1
HNRNPC,9606.ENSP00000451291,0.018101744,0
DCX,9606.ENSP00000490614,0.018090995,-1
FAM241A,9606.ENSP00000310182,0.018058084,-1
ERICH5,9606.ENSP00000315614,0.01804439,-1
NPIPB8,9606.ENSP00000434399,0.018040588,-1
CCDC201,9606.ENSP00000489712,0.018019767,-1
DNASE2,9606.ENSP00000222219,0.018016867,0
OR2S2,9606.ENSP00000344040,0.018009787,-1
CAPZA3,9606.ENSP00000326238,0.01800773,-1
C1GALT1,9606.ENSP00000389176,0.018001713,-1
OR4D1,9606.ENSP00000493234,0.01799947,-1
OR6N2,9606.ENSP00000493148,0.017980812,-1
GALNT8,9606.ENSP00000252318,0.01796779,-1
SPMAP1,9606.ENSP00000479396,0.01796027,-1
GLOD4,9606.ENSP00000301329,0.01796018,-1
STK24,9606.ENSP00000365730,0.017953677,0
OR5M8,9606.ENSP00000323354,0.0179512,-1
NDUFS6,9606.ENSP00000274137,0.017948812,0
LEPROTL1,9606.ENSP00000428281,0.01794203,-1
HSPA6,9606.ENSP00000310219,0.01793183,-1
LDB2,9606.ENSP00000306772,0.017902248,-1
RRAGD,9606.ENSP00000358423,0.017895482,-1
C5orf52,9606.ENSP00000387027,0.017878236,-1
OR10A6,9606.ENSP00000492919,0.017856177,-1
YBX3,9606.ENSP00000228251,0.017852083,1
ZFHX4,9606.ENSP00000498627,0.017828422,-1
MAN2A2,9606.ENSP00000452948,0.017810894,-1
MEST,9606.ENSP00000223215,0.017796837,-1
SPATA18,9606.ENSP00000295213,0.017793052,-1
OR6C4,9606.ENSP00000493181,0.017791571,-1
CTAG1A,9606.ENSP00000332602,0.01778812,-1
CTTNBP2,9606.ENSP00000160373,0.017778117,-1
CDKN2C,9606.ENSP00000262662,0.01777541,0
PGM2,9606.ENSP00000371393,0.017773021,-1
SLC16A13,9606.ENSP00000309751,0.01776083,-1
ATP9B,9606.ENSP00000398076,0.017759616,-1
RAPGEF6,9606.ENSP00000296859,0.017757654,-1
SYT4,9606.ENSP00000255224,0.017756423,-1
WHR1,9606.ENSP00000364482,0.01775633,-1
OR7A5,9606.ENSP00000316955,0.01774449,-1
ARMC8,9606.ENSP00000419413,0.017719416,-1
LINC02914,9606.ENSP00000321360,0.01770594,-1
MRTO4,9606.ENSP00000364320,0.017693609,0
TASP1,9606.ENSP00000338624,0.017693063,-1
OR10AG1,9606.ENSP00000311477,0.017676685,-1
OR10H2,9606.ENSP00000306095,0.017655494,-1
GPR180,9606.ENSP00000366157,0.017655054,-1
STOM,9606.ENSP00000286713,0.017608786,-1
C22orf23,9606.ENSP00000384667,0.017607328,-1
OR2T8,9606.ENSP00000493286,0.017605925,-1
CCDC140,9606.ENSP00000295226,0.017593384,-1
PIERCE1,9606.ENSP00000395281,0.017576266,-1
UBE2V2,9606.ENSP00000428209,0.017570224,-1
IFT22,9606.ENSP00000320359,0.017567152,-1
B3GALT9,9606.ENSP00000491256,0.01753019,-1
OR2T33,9606.ENSP00000493437,0.01752003,-1
COX7A2,9606.ENSP00000359098,0.017514259,-1
JPT2,9606.ENSP00000248098,0.01751064,-1
SLC35B4,9606.ENSP00000367770,0.017494224,-1
SCEL,9606.ENSP00000302579,0.017489225,-1
ANKRD30BL,9606.ENSP00000386398,0.017487373,-1
GPR162,9606.ENSP00000311528,0.017467264,-1
MAP3K1,9606.ENSP00000382423,0.01745276,-1
CLRN1,9606.ENSP00000329158,0.01744376,-1
BCS1L,9606.ENSP00000413908,0.017438479,-1
FAM200C,9606.ENSP00000386184,0.017431568,-1
MRO,9606.ENSP00000397900,0.017408365,-1
SPTLC1,9606.ENSP00000262554,0.017403822,-1
CYP2W1,9606.ENSP00000310149,0.01739312,-1
TMEM9B,9606.ENSP00000433361,0.017384825,-1
ALAS1,9606.ENSP00000378416,0.01737936,-1
MOGAT3,9606.ENSP00000223114,0.017374989,-1
UQCRC2,9606.ENSP00000268379,0.017356934,-1
SLC12A6,9606.ENSP00000346112,0.017353477,-1
KCNH3,9606.ENSP00000257981,0.01733676,-1
CPNE8,9606.ENSP00000329748,0.017330619,-1
SLC6A18,9606.ENSP00000323549,0.017327828,-1
CALM1,9606.ENSP00000291295,0.017324049,0
C16orf74,9606.ENSP00000284245,0.017299106,-1
TRPV6,9606.ENSP00000352358,0.017253892,-1
OR2M5,9606.ENSP00000355432,0.017248508,-1
PLPP4,9606.ENSP00000381302,0.017237552,-1
ZNF529,9606.ENSP00000465578,0.017237334,-1
TGFB1I1,9606.ENSP00000378332,0.01723575,-1
DCDC2B,9606.ENSP00000386870,0.017211236,-1
OR12D2,9606.ENSP00000485112,0.017196314,-1
ELF3,9606.ENSP00000352673,0.017192267,-1
FUOM,9606.ENSP00000278025,0.017182056,-1
OSGIN1,9606.ENSP00000355374,0.017157834,-1
PPM1B,9606.ENSP00000282412,0.01712574,-1
OR5D14,9606.ENSP00000334456,0.017077496,-1
NEU2,9606.ENSP00000233840,0.017069686,-1
HK3,9606.ENSP00000292432,0.017067773,-1
RAB3IP,9606.ENSP00000447300,0.017060665,-1
ZNF709,9606.ENSP00000380840,0.017048227,-1
UBAC2,9606.ENSP00000383911,0.017036881,-1
FPGT,9606.ENSP00000359935,0.017020527,-1
RIT1,9606.ENSP00000357305,0.01701527,-1
SIX3,9606.ENSP00000260653,0.017011587,0
SSC5D,9606.ENSP00000374274,0.017008524,-1
POU2AF2,9606.ENSP00000489630,0.016989538,-1
PIGX,9606.ENSP00000296333,0.01698645,-1
HSD11B1L,9606.ENSP00000480443,0.016983606,-1
XPO6,9606.ENSP00000302790,0.01695567,-1
ZNRF1,9606.ENSP00000335091,0.016945152,-1
CIBAR2,9606.ENSP00000443411,0.016932487,-1
NANOG,9606.ENSP00000229307,0.016917441,-1
LRRC58,9606.ENSP00000295628,0.016908985,-1
RBMS1,9606.ENSP00000294904,0.016907858,-1
FRMD4B,9606.ENSP00000381549,0.016906587,-1
EHHADH,9606.ENSP00000231887,0.016905766,-1
ZNF665,9606.ENSP00000379702,0.01690521,-1
SLC6A2,9606.ENSP00000219833,0.016876578,-1
P2RY11,9606.ENSP00000323872,0.016852086,-1
UTF1,9606.ENSP00000305906,0.016839866,-1
OR8H3,9606.ENSP00000323928,0.016828362,-1
MRTFB,9606.ENSP00000459626,0.016826471,-1
MAFIP,9606.ENSP00000483280,0.016805537,-1
TTLL2,9606.ENSP00000239587,0.016786285,-1
ACTR3B,9606.ENSP00000256001,0.016772352,-1
INTS11,9606.ENSP00000445001,0.016771635,-1
CPHXL2,9606.ENSP00000491197,0.016739193,-1
ZNF888,9606.ENSP00000491567,0.01672723,-1
ZNF772,9606.ENSP00000341165,0.01671387,-1
OR10A7,9606.ENSP00000326718,0.01671156,-1
PPP1R1B,9606.ENSP00000254079,0.016708964,-1
CCDC28A-AS1,9606.ENSP00000493046,0.01670381,-1
TAB2,9606.ENSP00000356426,0.016702032,-1
OR1C1,9606.ENSP00000493457,0.016693547,-1
RPL38,9606.ENSP00000309830,0.016690072,0
CARMIL2,9606.ENSP00000334958,0.016686056,-1
CCSER2,9606.ENSP00000361160,0.0166831,-1
SERTAD2,9606.ENSP00000326933,0.01667733,-1
ZDHHC23,9606.ENSP00000498556,0.01665968,-1
TSBP1,9606.ENSP00000415517,0.016647529,-1
OR2L2,9606.ENSP00000493410,0.016638929,-1
OR5BS1,9606.ENSP00000494254,0.016629556,-1
PSMC4,9606.ENSP00000157812,0.016604401,-1
OR2AJ1,9606.ENSP00000325078,0.0165848,-1
OR6Q1,9606.ENSP00000307734,0.016576366,-1
CIMAP1C,9606.ENSP00000329584,0.016575633,-1
FASTKD2,9606.ENSP00000385990,0.016555259,-1
OR8D1,9606.ENSP00000493365,0.016550567,-1
PAX6,9606.ENSP00000492024,0.016550507,0
TRIM17,9606.ENSP00000355658,0.016548395,-1
TMEM240,9606.ENSP00000368007,0.01652737,-1
ZNF708,9606.ENSP00000349401,0.016518878,-1
OR4C3,9606.ENSP00000493096,0.016490443,-1
FAM167A,9606.ENSP00000284486,0.01646134,-1
ERMN,9606.ENSP00000380453,0.016458763,-1
ACTR6,9606.ENSP00000188312,0.016442059,-1
UBL5,9606.ENSP00000351492,0.016415548,0
CMTM2,9606.ENSP00000268595,0.016408665,-1
OR7C2,9606.ENSP00000248072,0.016406309,-1
DET1,9606.ENSP00000456340,0.016405864,-1
SULT1C3,9606.ENSP00000333310,0.016375298,-1
MANEA,9606.ENSP00000351669,0.01636742,-1
SNAP23,9606.ENSP00000249647,0.016340872,-1
TMEM208,9606.ENSP00000305892,0.016339315,0
GMPS,9606.ENSP00000419851,0.016336389,-1
MRLN,9606.ENSP00000488748,0.01632715,-1
PSD3,9606.ENSP00000324127,0.016324684,-1
C1QTNF3,9606.ENSP00000371497,0.01631934,-1
LRATD2,9606.ENSP00000302578,0.01631605,-1
BTN1A1,9606.ENSP00000244513,0.016296225,-1
MYL10,9606.ENSP00000223167,0.016292969,-1
OR1E1,9606.ENSP00000313384,0.01628982,-1
GTF2H2,9606.ENSP00000274400,0.016286764,-1
PSD,9606.ENSP00000384830,0.016250836,-1
ZNF596,9606.ENSP00000381613,0.016236404,-1
OR2T10,9606.ENSP00000493236,0.016213205,-1
OR2J2,9606.ENSP00000493401,0.016209273,-1
GLB1L3,9606.ENSP00000396615,0.016201563,-1
TBC1D22B,9606.ENSP00000362590,0.016199512,0
ZNF449,9606.ENSP00000339585,0.016199468,-1
DLL3,9606.ENSP00000205143,0.016191011,-1
SMAGP,9606.ENSP00000475068,0.016174098,-1
TBKBP1,9606.ENSP00000354777,0.016163696,-1
SMAP,9606.ENSP00000228136,0.016155388,-1
TANK,9606.ENSP00000259075,0.016130753,-1
LNPK,9606.ENSP00000440905,0.01611208,-1
NPIPB6,9606.ENSP00000431871,0.016110891,-1
SLC16A7,9606.ENSP00000448071,0.016108897,-1
IGFL2,9606.ENSP00000395219,0.016104002,-1
SPATA1,9606.ENSP00000492019,0.016097043,-1
FAM13A,9606.ENSP00000264344,0.016076561,-1
EPB41L4A,9606.ENSP00000482810,0.01606794,-1
OR11A1,9606.ENSP00000366354,0.0160572,-1
OR2M2,9606.ENSP00000492974,0.016056933,-1
ACP4,9606.ENSP00000270593,0.016054558,-1
SEC14L4,9606.ENSP00000255858,0.016052298,-1
OR5A1,9606.ENSP00000493195,0.016044864,-1
SEC23B,9606.ENSP00000338844,0.016028246,-1
PIPOX,9606.ENSP00000317721,0.016015645,-1
NDST2,9606.ENSP00000310657,0.0160147,-1
ARL9,9606.ENSP00000492671,0.016012738,-1
MARCKSL1,9606.ENSP00000362638,0.016008757,-1
DVL3,9606.ENSP00000316054,0.016005415,0
OR4B1,9606.ENSP00000311605,0.015962621,-1
NEU3,9606.ENSP00000294064,0.015958155,-1
HLA-B,9606.ENSP00000399168,0.015952175,0
OR8K3,9606.ENSP00000493271,0.015913231,-1
ZNF233,9606.ENSP00000375820,0.015906427,-1
ZNF91,9606.ENSP00000300619,0.015902068,-1
SUN5,9606.ENSP00000348496,0.015900375,-1
ZNF652,9606.ENSP00000354686,0.015892642,-1
OR10J1,9606.ENSP00000492902,0.015879327,-1
GPR12,9606.ENSP00000384932,0.015872331,-1
OR8I2,9606.ENSP00000303864,0.015838105,-1
CETN2,9606.ENSP00000359300,0.015836343,0
NEK7,9606.ENSP00000356355,0.01583167,0
OR7A17,9606.ENSP00000493283,0.01574511,-1
NCAN,9606.ENSP00000252575,0.015744917,-1
RP9,9606.ENSP00000297157,0.015698558,0
ETV7,9606.ENSP00000341843,0.015697682,-1
FBXO45,9606.ENSP00000310332,0.01569634,-1
SHISAL1,9606.ENSP00000370568,0.015695833,-1
ENKD1,9606.ENSP00000243878,0.015689645,0
OR1N1,9606.ENSP00000306974,0.015666163,-1
HPD,9606.ENSP00000289004,0.015656874,-1
OR10H3,9606.ENSP00000493287,0.015645992,-1
RPS24,9606.ENSP00000414321,0.015641063,0
NAAA,9606.ENSP00000286733,0.015617215,-1
OR6B3,9606.ENSP00000493035,0.015612825,-1
SLFNL1,9606.ENSP00000352299,0.015607343,-1
OR9K2,9606.ENSP00000307598,0.015594603,-1
DNAJB14,9606.ENSP00000404381,0.015593246,-1
TMCO1,9606.ENSP00000480514,0.015583142,0
OR10G4,9606.ENSP00000493354,0.015560687,-1
IFNA2,9606.ENSP00000369554,0.015542634,-1
OR2T6,9606.ENSP00000493366,0.015538754,-1
ABHD3,9606.ENSP00000289119,0.015537514,-1
TBX2,9606.ENSP00000240328,0.0155356815,0
CHRM3,9606.ENSP00000255380,0.015528682,-1
LCAT,9606.ENSP00000264005,0.015526707,-1
TMEM242,9606.ENSP00000383594,0.015520463,-1
MTMR12,9606.ENSP00000371577,0.015516472,-1
NAA20,9606.ENSP00000335636,0.015515925,-1
OR2A12,9606.ENSP00000493157,0.015508444,-1
SPATA20,9606.ENSP00000006658,0.015488415,-1
LDHC,9606.ENSP00000437783,0.015469507,-1
IFNA1,9606.ENSP00000276927,0.01546081,-1
CNIH1,9606.ENSP00000216416,0.015451007,-1
SCCPDH,9606.ENSP00000355467,0.015444277,-1
CYTH4,9606.ENSP00000248901,0.015438883,-1
PDSS1,9606.ENSP00000365388,0.015436361,-1
CYP3A4,9606.ENSP00000498939,0.015434919,-1
SH2B2,9606.ENSP00000440273,0.015433917,-1
PPP4R2,9606.ENSP00000349124,0.015418181,-1
GMCL1,9606.ENSP00000282570,0.015418093,-1
DDO,9606.ENSP00000357920,0.015410315,-1
CYP4X1,9606.ENSP00000360968,0.015405128,-1
ACTR3C,9606.ENSP00000252071,0.015400073,-1
TRIML1,9606.ENSP00000327738,0.01539184,-1
HDLBP,9606.ENSP00000375836,0.015353831,0
SMOC2,9606.ENSP00000346537,0.015349082,0
OR9Q1,9606.ENSP00000334934,0.015345645,-1
COLGALT2,9606.ENSP00000354960,0.015340948,-1
OR1L4,9606.ENSP00000259466,0.0153339915,-1
ACSF2,9606.ENSP00000401831,0.015331903,-1
SYT10,9606.ENSP00000228567,0.015330796,-1
MORF4L1,9606.ENSP00000331310,0.015327557,0
KPNB1,9606.ENSP00000290158,0.015324598,0
INS-IGF2,9606.ENSP00000380440,0.015322965,-1
FAM193A,9606.ENSP00000324587,0.0153199015,-1
PFDN6,9606.ENSP00000378563,0.015273933,-1
TRAFD1,9606.ENSP00000257604,0.015269852,-1
OR2G2,9606.ENSP00000326349,0.015269127,-1
TMEM61,9606.ENSP00000360315,0.015268612,-1
BEX1,9606.ENSP00000361813,0.015257675,-1
OR6S1,9606.ENSP00000313110,0.01525592,-1
ANKRD13D,9606.ENSP00000427130,0.015229545,-1
RGS20,9606.ENSP00000297313,0.015210206,-1
SF1,9606.ENSP00000366604,0.015206905,0
FAM107A,9606.ENSP00000419124,0.015206299,0
CREG2,9606.ENSP00000315203,0.015186425,-1
SLC31A1,9606.ENSP00000363329,0.015183536,-1
ZNF607,9606.ENSP00000347338,0.015181876,-1
KIF6,9606.ENSP00000287152,0.015180599,-1
ARHGAP4,9606.ENSP00000359045,0.0151794525,-1
OR6P1,9606.ENSP00000492936,0.015178739,-1
OR1A1,9606.ENSP00000493179,0.015175632,-1
SLC25A38,9606.ENSP00000497532,0.015168064,0
ACTR3,9606.ENSP00000263238,0.015151653,0
TUBG1,9606.ENSP00000251413,0.015143147,0
FAM217B,9606.ENSP00000351040,0.015140595,-1
PTS,9606.ENSP00000280362,0.015099594,-1
GOPC,9606.ENSP00000357484,0.015083703,-1
TYMP,9606.ENSP00000379038,0.015065296,-1
MMP23B,9606.ENSP00000348308,0.015064482,-1
HM13,9606.ENSP00000381237,0.015057409,-1
APMAP,9606.ENSP00000217456,0.015053444,-1
KRABD5,9606.ENSP00000319222,0.015045144,-1
CYP46A1,9606.ENSP00000261835,0.014994558,-1
ZNRF2,9606.ENSP00000323879,0.01499186,-1
ACP6,9606.ENSP00000463574,0.014988826,-1
FOXRED1,9606.ENSP00000263578,0.014973761,-1
KCNC2,9606.ENSP00000449253,0.014968851,-1
OR2M7,9606.ENSP00000324557,0.014964704,-1
SPDYE4,9606.ENSP00000329522,0.014957585,-1
ODAPH,9606.ENSP00000406925,0.014948757,-1
PPCDC,9606.ENSP00000343190,0.014938363,-1
MAGEH1,9606.ENSP00000343706,0.014917306,-1
TEAD4,9606.ENSP00000352926,0.014912632,-1
LENEP,9606.ENSP00000376278,0.014902906,-1
TMEM273,9606.ENSP00000363268,0.014890631,-1
APOO,9606.ENSP00000368528,0.014877593,-1
STK16,9606.ENSP00000379964,0.014875335,-1
NXT2,9606.ENSP00000218004,0.014834918,-1
IMMP2L,9606.ENSP00000384966,0.014808396,-1
B3GAT1,9606.ENSP00000433847,0.014806943,-1
FAM221A,9606.ENSP00000342576,0.0147943925,-1
OR10X1,9606.ENSP00000485609,0.014784685,-1
NUDT2,9606.ENSP00000368452,0.014777339,-1
SLC25A24,9606.ENSP00000457733,0.01477634,-1
TTLL11,9606.ENSP00000321346,0.01477371,-1
TEAD1,9606.ENSP00000435233,0.0147595145,-1
QTGAL,9606.ENSP00000319979,0.014758752,-1
GFOD2,9606.ENSP00000268797,0.014758606,-1
THOC7,9606.ENSP00000295899,0.014755072,0
MTF1,9606.ENSP00000362127,0.014742093,-1
HMGXB4,9606.ENSP00000216106,0.0147414,-1
GNAS,9606.ENSP00000360141,0.014722914,-1
KIAA0319L,9606.ENSP00000318406,0.014702722,0
SH3TC2,9606.ENSP00000423660,0.014689377,-1
TEX13A,9606.ENSP00000471604,0.014680068,-1
PDCL2,9606.ENSP00000295645,0.014675523,-1
NKIRAS2,9606.ENSP00000303580,0.014675228,-1
MDP1,9606.ENSP00000288087,0.014661408,-1
C2CD4B,9606.ENSP00000369755,0.014658703,-1
CHPT1,9606.ENSP00000229266,0.01465694,-1
PGAM2,9606.ENSP00000297283,0.014644981,-1
OR2H2,9606.ENSP00000492959,0.014641527,-1
UBE2A,9606.ENSP00000360613,0.014635641,0
ADRA2A,9606.ENSP00000280155,0.014619282,-1
KRT9,9606.ENSP00000246662,0.014614413,-1
ATP5F1A,9606.ENSP00000381736,0.014609634,-1
LYPLA2,9606.ENSP00000363638,0.014601495,-1
ETV1,9606.ENSP00000405327,0.0145932445,-1
LAMTOR3,9606.ENSP00000424183,0.014580456,-1
OR10H5,9606.ENSP00000493242,0.014573502,-1
OR6M1,9606.ENSP00000311038,0.0145698525,-1
NAGLU,9606.ENSP00000225927,0.01456324,-1
VSTM4,9606.ENSP00000331062,0.014560766,-1
RPL18,9606.ENSP00000447001,0.014558555,0
RPL24,9606.ENSP00000377640,0.014557501,0
LONRF3,9606.ENSP00000360690,0.014555805,-1
ZSCAN26,9606.ENSP00000485228,0.014543668,-1
OR2G3,9606.ENSP00000326301,0.014542111,-1
DNAJB1,9606.ENSP00000254322,0.014512402,-1
OR8D2,9606.ENSP00000485661,0.014502892,-1
MARCHF2,9606.ENSP00000471536,0.014502545,-1
RALYL,9606.ENSP00000430128,0.01448598,-1
SBK2,9606.ENSP00000389015,0.014484985,-1
POU5F2,9606.ENSP00000489796,0.014483923,-1
SRP14,9606.ENSP00000267884,0.014476391,0
HDDC3,9606.ENSP00000377814,0.014469053,-1
OR13J1,9606.ENSP00000367219,0.014464342,-1
PYGM,9606.ENSP00000164139,0.014443087,-1
IMPA1,9606.ENSP00000408526,0.014438228,-1
FAM204A,9606.ENSP00000358183,0.014428752,-1
ZNF208,9606.ENSP00000380315,0.01442282,-1
WBP1L,9606.ENSP00000414721,0.014419411,-1
ALG1L2,9606.ENSP00000479850,0.014412737,-1
ONECUT3,9606.ENSP00000371786,0.014399169,-1
PLCB1,9606.ENSP00000338185,0.014352921,0
CYP4V2,9606.ENSP00000368079,0.014352207,-1
SMR3B,9606.ENSP00000481313,0.01432237,-1
PTGER1,9606.ENSP00000292513,0.014321507,-1
POLR1B,9606.ENSP00000444136,0.014317462,-1
SLC9C2,9606.ENSP00000356687,0.014315619,-1
DPY19L4,9606.ENSP00000389630,0.014315039,-1
CCDC192,9606.ENSP00000490579,0.0143115,-1
OR2L8,9606.ENSP00000485287,0.0142982695,-1
METTL13,9606.ENSP00000354920,0.014283397,-1
ATP8B1,9606.ENSP00000497896,0.014277948,-1
ZNF99,9606.ENSP00000472969,0.014262727,-1
FAM228A,9606.ENSP00000295150,0.014260336,-1
TRIM47,9606.ENSP00000254816,0.014255221,-1
SLC4A10,9606.ENSP00000393066,0.0142541155,-1
SLC75A1,9606.ENSP00000332646,0.01424897,-1
OR4A47,9606.ENSP00000412752,0.01424798,-1
TMED2,9606.ENSP00000262225,0.014243306,0
JKAMP,9606.ENSP00000450749,0.014240797,-1
OR11H6,9606.ENSP00000319071,0.014240734,-1
RIT2,9606.ENSP00000321805,0.014225228,-1
MOCS3,9606.ENSP00000244051,0.014224338,-1
NPIPB15,9606.ENSP00000411140,0.01422272,-1
CLCN7,9606.ENSP00000372193,0.014218755,-1
AP2A1,9606.ENSP00000351926,0.014213799,0
OR10T2,9606.ENSP00000334115,0.014205555,-1
PSMG1,9606.ENSP00000329915,0.014192366,-1
TCEAL1,9606.ENSP00000361708,0.014175438,-1
INKA2,9606.ENSP00000349805,0.014159528,-1
ZNF770,9606.ENSP00000348673,0.014140198,-1
GARRE1,9606.ENSP00000299505,0.014139561,-1
RBKS,9606.ENSP00000306817,0.014133359,-1
OR8B8,9606.ENSP00000493014,0.014127057,-1
LRRC1,9606.ENSP00000359925,0.01412592,-1
TAL1,9606.ENSP00000294339,0.014124565,0
SPANXN2,9606.ENSP00000470584,0.014113129,-1
SMIM13,9606.ENSP00000451866,0.014109912,-1
TMEM170B,9606.ENSP00000368737,0.014101066,-1
RNF187,9606.ENSP00000306396,0.01409846,0
DPH6,9606.ENSP00000256538,0.014095624,-1
COX10,9606.ENSP00000261643,0.014082568,-1
OR2T12,9606.ENSP00000493000,0.014044004,-1
TM2D2,9606.ENSP00000416050,0.014040664,-1
GPR37L1,9606.ENSP00000356251,0.014035582,-1
GRTP1,9606.ENSP00000364579,0.014034006,-1
ATG13,9606.ENSP00000432412,0.0140262535,-1
SETD7,9606.ENSP00000274031,0.014013263,-1
CARMIL1,9606.ENSP00000331983,0.01401064,-1
ZNF527,9606.ENSP00000390179,0.014010396,-1
ARB2A,9606.ENSP00000379294,0.013996111,-1
ALG10,9606.ENSP00000266483,0.013986162,-1
CDRT15,9606.ENSP00000402355,0.013981632,-1
TSPAN6,9606.ENSP00000362111,0.013970619,-1
WNK2,9606.ENSP00000297954,0.0139693525,-1
DCP2,9606.ENSP00000373715,0.013962405,-1
OR1E2,9606.ENSP00000248384,0.013955093,-1
ARHGEF17,9606.ENSP00000263674,0.013940752,-1
ZNF460,9606.ENSP00000353491,0.013936773,-1
RNPEPL1,9606.ENSP00000270357,0.01392789,-1
TMOD1,9606.ENSP00000259365,0.013917442,-1
ZNF600,9606.ENSP00000344791,0.01391493,-1
ANKRD13B,9606.ENSP00000378328,0.013911082,-1
MRGPRG,9606.ENSP00000330612,0.013902823,-1
ZBTB25,9606.ENSP00000476746,0.013888183,-1
GOLGA7B,9606.ENSP00000359634,0.013879094,-1
GLRA2,9606.ENSP00000218075,0.013860526,-1
TGM1,9606.ENSP00000206765,0.013839204,0
FBXO8,9606.ENSP00000377280,0.013835203,-1
RGS17,9606.ENSP00000206262,0.013832756,-1
OR10D3,9606.ENSP00000493231,0.013831039,-1
COX19,9606.ENSP00000342015,0.013828562,-1
TADA2B,9606.ENSP00000308022,0.013825479,0
POM121L12,9606.ENSP00000386133,0.013825109,-1
ZNF211,9606.ENSP00000299871,0.013823978,-1
GM2A,9606.ENSP00000349687,0.013819505,-1
OR1Q1,9606.ENSP00000297913,0.013814685,-1
OR10G7,9606.ENSP00000492905,0.013808288,-1
C1orf159,9606.ENSP00000368644,0.013767395,-1
CHODL,9606.ENSP00000299295,0.01376292,-1
KCNMB2,9606.ENSP00000407592,0.013759161,-1
TSPAN4,9606.ENSP00000380553,0.0137512935,-1
MBD3L2,9606.ENSP00000370800,0.01375105,-1
USP46,9606.ENSP00000407818,0.013731306,-1
ZNF512B,9606.ENSP00000358904,0.013731287,-1
GALNT6,9606.ENSP00000348668,0.013727588,-1
PDE6H,9606.ENSP00000266395,0.013719215,-1
APPBP2,9606.ENSP00000083182,0.01371488,-1
OR8A1,9606.ENSP00000492999,0.013713546,-1
NDUFA6,9606.ENSP00000482543,0.013713075,-1
CCDC124,9606.ENSP00000471455,0.013711013,0
ZCCHC3,9606.ENSP00000484056,0.013702097,-1
FNBP1L,9606.ENSP00000271234,0.013701303,-1
GOLT1A,9606.ENSP00000308535,0.01369548,-1
LRRN2,9606.ENSP00000356143,0.013693065,-1
CXCR5,9606.ENSP00000292174,0.013691654,0
LMOD1,9606.ENSP00000356257,0.013689034,-1
PHF11,9606.ENSP00000367570,0.013684934,-1
GCHFR,9606.ENSP00000260447,0.013675334,-1
SPATA13,9606.ENSP00000398560,0.013673957,-1
ATP1B1,9606.ENSP00000356790,0.013672067,-1
OR6B1,9606.ENSP00000492907,0.013668968,-1
OR9I1,9606.ENSP00000493370,0.013658891,-1
RTL8B,9606.ENSP00000375268,0.01365776,-1
SPAG11A,9606.ENSP00000316012,0.0136576975,-1
TAS2R10,9606.ENSP00000240619,0.013656014,-1
BHLHE40,9606.ENSP00000256495,0.013653329,-1
ASB9,9606.ENSP00000369855,0.0136428075,-1
TPPP2,9606.ENSP00000317595,0.0136220725,-1
APOBR,9606.ENSP00000457539,0.013621899,-1
RIMS3,9606.ENSP00000361769,0.01361976,-1
ASCL3,9606.ENSP00000435770,0.013600932,-1
ENSA,9606.ENSP00000341743,0.013581165,0
KCNJ8,9606.ENSP00000499300,0.013574148,-1
SLC24A3,9606.ENSP00000333519,0.013569028,-1
STARD7,9606.ENSP00000338030,0.013567317,-1
FAM227A,9606.ENSP00000348086,0.013551323,-1
POMP,9606.ENSP00000370222,0.013546962,-1
PCCA,9606.ENSP00000365462,0.013538294,-1
MCTP2,9606.ENSP00000350377,0.013534931,-1
VSTM5,9606.ENSP00000386607,0.013521796,-1
PISD,9606.ENSP00000391739,0.013515355,-1
OR10C1,9606.ENSP00000419119,0.013510601,-1
OR1A2,9606.ENSP00000371377,0.0135081615,0
LIX1L,9606.ENSP00000474487,0.013491218,-1
LSM3,9606.ENSP00000302160,0.013490005,0
VAT1L,9606.ENSP00000303129,0.013487689,-1
SLC2A4RG,9606.ENSP00000266077,0.013480764,-1
RNLS,9606.ENSP00000332530,0.013475868,-1
OR8B3,9606.ENSP00000493120,0.013471019,-1
OR2G6,9606.ENSP00000493355,0.01347041,-1
OR6N1,9606.ENSP00000493254,0.013467415,-1
GOLGA8H,9606.ENSP00000456894,0.013458548,-1
STX3,9606.ENSP00000338562,0.01344827,-1
GLI1,9606.ENSP00000228682,0.013438683,0
ZNF433,9606.ENSP00000339767,0.013437974,-1
OR10H4,9606.ENSP00000318834,0.013435591,-1
SLC25A42,9606.ENSP00000326693,0.013432438,-1
GOLGA6L9,9606.ENSP00000481078,0.013431907,-1
EVA1B,9606.ENSP00000270824,0.013431332,-1
PLOD2,9606.ENSP00000282903,0.0133906,-1
TRAPPC13,9606.ENSP00000409231,0.013385845,-1
ANKRD13C,9606.ENSP00000359982,0.013380342,-1
SALL2,9606.ENSP00000483562,0.013376347,-1
RTL8C,9606.ENSP00000257013,0.013372075,0
LBH,9606.ENSP00000378733,0.013360383,-1
NAALAD2,9606.ENSP00000432481,0.013355243,-1
TLCD3B,9606.ENSP00000369863,0.013339945,-1
SPIN2A,9606.ENSP00000364043,0.013338715,-1
ZBTB46,9606.ENSP00000378536,0.013335165,-1
OR8B12,9606.ENSP00000307159,0.01333448,-1
NIPSNAP2,9606.ENSP00000313050,0.013325223,-1
MRGPRD,9606.ENSP00000310631,0.013323989,-1
IFNA14,9606.ENSP00000369571,0.013323456,-1
OR1I1,9606.ENSP00000493393,0.013322065,-1
MYL6B,9606.ENSP00000450385,0.013319419,-1
KLHL4,9606.ENSP00000362206,0.013312277,-1
COMMD1,9606.ENSP00000308236,0.013307361,-1
SMIM33,9606.ENSP00000490796,0.0132976165,-1
CCKBR,9606.ENSP00000435534,0.013277192,-1
SLC12A2,9606.ENSP00000262461,0.013265084,0
ARHGAP12,9606.ENSP00000345808,0.013259601,-1
SLC2A10,9606.ENSP00000352216,0.01324977,-1
OR2B11,9606.ENSP00000492892,0.013243998,-1
NUMBL,9606.ENSP00000252891,0.013226126,-1
SCARA3,9606.ENSP00000301904,0.01321853,-1
TRIM15,9606.ENSP00000365884,0.013213251,-1
SAAL1,9606.ENSP00000432487,0.013212107,-1
MLYCD,9606.ENSP00000262430,0.013205302,-1
TRIM5,9606.ENSP00000369373,0.013189627,-1
WIPI1,9606.ENSP00000262139,0.013185233,-1
OR1N2,9606.ENSP00000483293,0.013181443,-1
GLS,9606.ENSP00000317379,0.013175899,-1
ZNF416,9606.ENSP00000196489,0.013161826,-1
PRR22,9606.ENSP00000407653,0.013161647,-1
FER,9606.ENSP00000281092,0.013160129,-1
NRAC,9606.ENSP00000333041,0.013158408,-1
KLHL29,9606.ENSP00000420659,0.0131512955,-1
SCN9A,9606.ENSP00000386306,0.013151197,-1
GASK1B,9606.ENSP00000377396,0.013150979,-1
GPD1L,9606.ENSP00000282541,0.013149773,-1
GSTO2,9606.ENSP00000345023,0.013145652,-1
KCTD7,9606.ENSP00000492240,0.013143586,-1
CA11,9606.ENSP00000084798,0.01314123,-1
RHEB,9606.ENSP00000262187,0.013129376,0
ANAPC15,9606.ENSP00000437360,0.013129054,0
NUDT16L1,9606.ENSP00000306670,0.013126694,0
CBLL1,9606.ENSP00000401277,0.013118362,-1
CYP4F22,9606.ENSP00000269703,0.01311619,-1
OR2B6,9606.ENSP00000244623,0.013105054,-1
LEMD1,9606.ENSP00000356121,0.013102736,-1
SPRR3,9606.ENSP00000330391,0.013088279,-1
EIF3L,9606.ENSP00000499067,0.013078962,-1
OR4Q3,9606.ENSP00000330049,0.013078125,-1
TES,9606.ENSP00000350937,0.013077184,-1
DENND2B,9606.ENSP00000433528,0.013068737,-1
OR10Z1,9606.ENSP00000493003,0.013055822,-1
ACADVL,9606.ENSP00000438689,0.013028016,-1
TENT5A,9606.ENSP00000318298,0.013026571,-1
NT5C1A,9606.ENSP00000235628,0.013019853,-1
C20orf141,9606.ENSP00000369963,0.012997923,-1
TMEM151B,9606.ENSP00000393161,0.012996233,-1
NUDT4B,9606.ENSP00000338352,0.012995512,-1
TLE2,9606.ENSP00000466542,0.012983773,-1
ZNF197,9606.ENSP00000345809,0.012978056,-1
OR14J1,9606.ENSP00000492893,0.012968713,-1
RD3L,9606.ENSP00000455434,0.012968324,-1
ZNF33A,9606.ENSP00000304268,0.012951709,-1
SPMIP6,9606.ENSP00000297623,0.012951483,-1
OR5B21,9606.ENSP00000353537,0.012936397,-1
CELF4,9606.ENSP00000410584,0.012935697,-1
PROSER1,9606.ENSP00000332034,0.012920662,-1
KANK1,9606.ENSP00000477725,0.012920023,-1
MPND,9606.ENSP00000471735,0.012916527,-1
BORCS8,9606.ENSP00000425864,0.01290585,-1
ALOX15B,9606.ENSP00000369530,0.012901471,0
MMGT1,9606.ENSP00000306220,0.012896378,-1
TMEM255A,9606.ENSP00000310110,0.012894712,-1
SPTA1,9606.ENSP00000495214,0.012883975,-1
SHISA2,9606.ENSP00000313079,0.012844821,-1
MYH7,9606.ENSP00000347507,0.012838668,-1
CD81,9606.ENSP00000263645,0.01283827,0
ZNF337,9606.ENSP00000252979,0.012831635,-1
VN1R1,9606.ENSP00000322339,0.012824027,-1
BRD3OS,9606.ENSP00000490916,0.01281316,-1
TBX10,9606.ENSP00000335191,0.012792501,-1
SLC35E2A,9606.ENSP00000495949,0.012791832,-1
ZNF728,9606.ENSP00000471593,0.012789984,-1
DYDC2,9606.ENSP00000361272,0.012786919,-1
MAFK,9606.ENSP00000344903,0.012771555,0
ATP2B3,9606.ENSP00000263519,0.012767598,-1
OR6K6,9606.ENSP00000357126,0.012767456,-1
OR2Y1,9606.ENSP00000312403,0.012758865,-1
SCYL1,9606.ENSP00000270176,0.012754792,0
OR6B2,9606.ENSP00000384563,0.012754154,-1
PDIA2,9606.ENSP00000219406,0.012748501,-1
ZNF875,9606.ENSP00000315505,0.012736755,-1
OR1J1,9606.ENSP00000259357,0.012723787,-1
OR2A25,9606.ENSP00000493343,0.012718642,-1
TTLL4,9606.ENSP00000375951,0.012707779,-1
AS3MT,9606.ENSP00000358896,0.012703671,-1
DDX60L,9606.ENSP00000260184,0.012702726,-1
OR10G6,9606.ENSP00000477445,0.012700925,-1
NFKBIB,9606.ENSP00000312988,0.012691816,-1
OR6Y1,9606.ENSP00000492894,0.012683585,-1
ZNF780A,9606.ENSP00000400997,0.01268045,-1
RAD54L2,9606.ENSP00000386520,0.012663096,-1
SLC10A5,9606.ENSP00000428612,0.012662792,-1
C8orf48,9606.ENSP00000297324,0.012660331,-1
OSTM1,9606.ENSP00000193322,0.012655206,-1
MYL4,9606.ENSP00000347055,0.012653484,-1
ZNF782,9606.ENSP00000419397,0.012649749,-1
TSPAN18,9606.ENSP00000429993,0.0126346545,-1
ILF2,9606.ENSP00000355011,0.012633059,0
TRIM27,9606.ENSP00000366404,0.012630355,-1
MYLK3,9606.ENSP00000378288,0.012625377,-1
RPL28,9606.ENSP00000452763,0.012617226,0
CHN1,9606.ENSP00000386741,0.0126155075,-1
OR2AG1,9606.ENSP00000493074,0.012611856,-1
GALNT17,9606.ENSP00000329654,0.012605194,-1
SMTNL1,9606.ENSP00000432651,0.012591475,-1
APRT,9606.ENSP00000367615,0.012582248,0
MPP4,9606.ENSP00000387278,0.012565783,-1
HSD17B4,9606.ENSP00000411960,0.01255849,-1
HOXC6,9606.ENSP00000243108,0.01255002,-1
GP1BB,9606.ENSP00000383382,0.012542977,-1
AIF1,9606.ENSP00000365227,0.012536459,0
LNX1,9606.ENSP00000263925,0.012534175,-1
ACBD7,9606.ENSP00000367453,0.012531661,-1
YPEL2,9606.ENSP00000312272,0.012522353,-1
OSBPL2,9606.ENSP00000316649,0.0125202425,-1
OR2A7,9606.ENSP00000493320,0.01251571,-1
OXNAD1,9606.ENSP00000487136,0.0125129055,-1
OR9Q2,9606.ENSP00000492924,0.012508888,-1
MND1,9606.ENSP00000240488,0.012497765,0
XAF1,9606.ENSP00000354822,0.012492182,-1
CPNE3,9606.ENSP00000477590,0.012491605,-1
SNRNP25,9606.ENSP00000372482,0.012486941,-1
NPR2,9606.ENSP00000341083,0.012486083,0
ZNF7,9606.ENSP00000393260,0.012481329,-1
ERG,9606.ENSP00000414150,0.012477243,-1
CYP4F3,9606.ENSP00000221307,0.012476868,-1
OR10G9,9606.ENSP00000364164,0.012470073,-1
TET2,9606.ENSP00000442788,0.012457102,-1
ZNF705B,9606.ENSP00000382987,0.01245237,-1
PTPRN2,9606.ENSP00000374069,0.012450456,-1
OR10K1,9606.ENSP00000493023,0.012432553,-1
SLC18A3,9606.ENSP00000363229,0.012426454,-1
PRRT3,9606.ENSP00000392511,0.012419293,-1
OR1K1,9606.ENSP00000277309,0.012411266,-1
ATXN7,9606.ENSP00000295900,0.012408577,-1
SYT7,9606.ENSP00000444201,0.012408477,-1
MYO5B,9606.ENSP00000285039,0.012400266,-1
CTAG2,9606.ENSP00000247306,0.012398607,-1
OR5K4,9606.ENSP00000347003,0.012397457,-1
ERGIC1,9606.ENSP00000377374,0.012393879,0
SH3GL3,9606.ENSP00000320092,0.012393792,-1
PFKFB1,9606.ENSP00000364145,0.012393749,-1
PPP4R1,9606.ENSP00000383402,0.012393225,-1
NPIPB9,9606.ENSP00000446902,0.012391772,-1
OPN1MW2,9606.ENSP00000358945,0.012388404,0
PNMA6E,9606.ENSP00000488404,0.012383947,-1
ACTL9,9606.ENSP00000316674,0.012381306,-1
HS6ST3,9606.ENSP00000365895,0.012376288,-1
DENND1A,9606.ENSP00000362727,0.012365767,-1
SLC35A1,9606.ENSP00000358565,0.012364781,0
SLC6A15,9606.ENSP00000266682,0.012353997,-1
DLG1,9606.ENSP00000345731,0.012350891,0
TSEN15,9606.ENSP00000355299,0.012347133,-1
SMIM20,9606.ENSP00000427407,0.0123459175,-1
ZNF345,9606.ENSP00000431202,0.0123456335,-1
SLC10A4,9606.ENSP00000273861,0.012345341,-1
OR2A1;,9606.ENSP00000493333,0.0123368325,-1
ATAD2B,9606.ENSP00000238789,0.012335318,-1
MYOZ3,9606.ENSP00000297130,0.012326488,-1
APOC2,9606.ENSP00000466775,0.012325172,-1
EXT1,9606.ENSP00000367446,0.0123197045,-1
ZNF443,9606.ENSP00000301547,0.012313661,-1
RSRC1,9606.ENSP00000481697,0.012308779,-1
SPG21,9606.ENSP00000204566,0.012299043,-1
GAL3ST4,9606.ENSP00000353142,0.012298846,-1
KHDRBS2,9606.ENSP00000281156,0.012296512,-1
TSPAN11,9606.ENSP00000261177,0.012289986,-1
AMOTL2,9606.ENSP00000424765,0.012288342,-1
OR2AG2,9606.ENSP00000493362,0.012280654,-1
PPP1R3C,9606.ENSP00000238994,0.012276925,-1
GP9,9606.ENSP00000303942,0.012261853,-1
KCNN1,9606.ENSP00000476519,0.012259636,-1
HSPA13,9606.ENSP00000285667,0.012256355,-1
HCRTR2,9606.ENSP00000477548,0.012254405,-1
PCBD2,9606.ENSP00000421544,0.012250135,-1
RALA,9606.ENSP00000005257,0.012240233,0
MGP,9606.ENSP00000228938,0.012236093,-1
AUP1,9606.ENSP00000366748,0.012235897,-1
VCPIP1,9606.ENSP00000309031,0.012235293,-1
R3HDM1,9606.ENSP00000387010,0.012234336,-1
CRYBG3,9606.ENSP00000374273,0.012229071,-1
SLC19A4P,9606.ENSP00000493351,0.012227641,-1
FNTA,9606.ENSP00000303423,0.012221653,-1
SLC22A11,9606.ENSP00000301891,0.0122142695,-1
GALNT18,9606.ENSP00000227756,0.012205466,-1
POTEI,9606.ENSP00000392718,0.012196155,-1
OR1D5,9606.ENSP00000459028,0.012187117,-1
OR10Q1,9606.ENSP00000314324,0.012185796,-1
ABCE1,9606.ENSP00000296577,0.012183007,0
CATSPER3,9606.ENSP00000282611,0.012179375,-1
FKTN,9606.ENSP00000223528,0.01217719,-1
MARCHF10,9606.ENSP00000463080,0.012164267,-1
B3GALT4,9606.ENSP00000390784,0.012153271,-1
PAGE1,9606.ENSP00000365320,0.012150751,-1
PSME3IP1,9606.ENSP00000335808,0.012145689,-1
SLC35D2,9606.ENSP00000253270,0.012140506,-1
ISOC2,9606.ENSP00000085068,0.012135698,0
FBXO22,9606.ENSP00000307833,0.012134166,-1
L3MBTL2,9606.ENSP00000216237,0.012131787,-1
TTC39B,9606.ENSP00000422496,0.012122386,-1
ERO1B,9606.ENSP00000346635,0.012119816,-1
GPR137C,9606.ENSP00000315106,0.012113606,-1
RASAL1,9606.ENSP00000450244,0.012107615,-1
RTL8A,9606.ENSP00000375267,0.012098711,0
ZNF30,9606.ENSP00000403441,0.012096607,-1
BHLHE23,9606.ENSP00000480998,0.012090911,-1
RND1,9606.ENSP00000308461,0.012085911,-1
SHOC2,9606.ENSP00000358464,0.012083662,-1
PPCS,9606.ENSP00000361642,0.012080555,-1
PTCH1,9606.ENSP00000332353,0.0120787,0
TOMM34,9606.ENSP00000361900,0.012062966,-1
OR1B1,9606.ENSP00000485577,0.012051032,-1
ARHGEF26,9606.ENSP00000348828,0.012050855,-1
ZNF821,9606.ENSP00000398089,0.012036933,-1
PDGFA,9606.ENSP00000346508,0.012036933,-1
ZNF627,9606.ENSP00000354414,0.012036121,-1
IFNA8,9606.ENSP00000369553,0.012032963,-1
MEGF9,9606.ENSP00000363040,0.012019394,-1
HPRT1,9606.ENSP00000298556,0.012016791,-1
ABCB11,9606.ENSP00000497931,0.01201224,-1
CDKN2B,9606.ENSP00000276925,0.012011448,0
SPOP,9606.ENSP00000377001,0.012011017,-1
IFNA4,9606.ENSP00000412897,0.0120040765,-1
FREM2,9606.ENSP00000280481,0.012003439,-1
OR13G1,9606.ENSP00000493110,0.012002407,-1
SDF2L1,9606.ENSP00000248958,0.012002407,-1
ZNF347,9606.ENSP00000405218,0.011996584,-1
SLC45A4,9606.ENSP00000428137,0.011993873,-1
GRHL3,9606.ENSP00000288955,0.01199072,-1
OTOR,9606.ENSP00000246081,0.011982057,-1
CIZ1,9606.ENSP00000439244,0.011967186,-1
RTP2,9606.ENSP00000350976,0.011964351,-1
SPECC1L,9606.ENSP00000325785,0.011961825,-1
EIF3J,9606.ENSP00000261868,0.011958336,0
STRBP,9606.ENSP00000321347,0.011954771,-1
ANXA7,9606.ENSP00000362010,0.011945449,-1
HRH3,9606.ENSP00000342560,0.011940536,-1
LINC03042,9606.ENSP00000350856,0.011937138,-1
TANGO2,9606.ENSP00000403645,0.01193608,-1
ZNF248,9606.ENSP00000379208,0.01193512,-1
BEND3,9606.ENSP00000411268,0.011929076,-1
LSM4,9606.ENSP00000469468,0.011927081,0
KCNK13,9606.ENSP00000282146,0.011922059,-1
C20orf203,9606.ENSP00000495424,0.011912097,-1
RBMS2,9606.ENSP00000262031,0.011910812,-1
FEM1C,9606.ENSP00000274457,0.011901298,-1
LY6E,9606.ENSP00000428572,0.011899718,0
VSIG2,9606.ENSP00000318684,0.011895451,-1
LRP5,9606.ENSP00000294304,0.011895378,0
OR10A2,9606.ENSP00000493131,0.011895333,-1
BRMS1L,9606.ENSP00000216807,0.011887832,0
OR1F1,9606.ENSP00000305424,0.011877116,-1
C15orf40,9606.ENSP00000403987,0.01184617,-1
PPL,9606.ENSP00000340510,0.011844071,-1
RPGR,9606.ENSP00000495537,0.011838152,-1
ARHGAP23,9606.ENSP00000481862,0.011834192,-1
RGS7,9606.ENSP00000355523,0.011833349,-1
SLC35B1,9606.ENSP00000497423,0.011826671,-1
PRR15,9606.ENSP00000317836,0.011825329,-1
NBPF3,9606.ENSP00000316782,0.011812303,-1
HNRNPF,9606.ENSP00000400433,0.011812008,-1
TBCA,9606.ENSP00000306362,0.011805993,0
FOXJ3,9606.ENSP00000361653,0.011802255,0
GJB7,9606.ENSP00000435355,0.011793676,-1
GABRG2,9606.ENSP00000410732,0.01179321,-1
IFNA17,9606.ENSP00000411940,0.0117913475,-1
OR2AK2,9606.ENSP00000493202,0.011789175,-1
SCN10A,9606.ENSP00000390600,0.011789126,-1
ZNF100,9606.ENSP00000351042,0.011786777,-1
TMEM126B,9606.ENSP00000351737,0.011784238,-1
LDAH,9606.ENSP00000237822,0.01177418,-1
ALX3,9606.ENSP00000497310,0.011760756,-1
DACH1,9606.ENSP00000482245,0.011745044,0
UPK1A,9606.ENSP00000478942,0.011733222,-1
LRRC74B,9606.ENSP00000394078,0.011732287,-1
TEX55,9606.ENSP00000295622,0.011727074,-1
OR10W1,9606.ENSP00000378516,0.011724638,-1
ECE1,9606.ENSP00000364028,0.011717772,-1
EHMT2,9606.ENSP00000379078,0.011717236,0
ZNF705D,9606.ENSP00000382957,0.011717005,-1
EVI5L,9606.ENSP00000445905,0.011708692,-1
SLC6A11,9606.ENSP00000254488,0.011703209,-1
CELF5,9606.ENSP00000292672,0.011694801,-1
OR10H1,9606.ENSP00000493436,0.011694673,-1
OR6X1,9606.ENSP00000333724,0.011688906,-1
CCDC200,9606.ENSP00000490609,0.011688585,-1
LIPA,9606.ENSP00000337354,0.011680189,0
MYL12B,9606.ENSP00000463559,0.011678482,0
DMRT1,9606.ENSP00000371711,0.01167616,0
THEM4,9606.ENSP00000357804,0.011667216,-1
TMOD3,9606.ENSP00000308753,0.011666622,0
ARL14,9606.ENSP00000323847,0.011665924,-1
GRAP,9606.ENSP00000284154,0.011657609,-1
ADCK1,9606.ENSP00000238561,0.011656136,-1
MGAM2,9606.ENSP00000420449,0.011653753,-1
SPATS1,9606.ENSP00000501191,0.011639338,-1
SLC15A4,9606.ENSP00000266771,0.011632801,-1
MVK,9606.ENSP00000228510,0.011620582,-1
TLE4,9606.ENSP00000365720,0.011612043,-1
AKAP3,9606.ENSP00000228850,0.011604816,-1
CSAG1,9606.ENSP00000359310,0.011602928,0
KRT78,9606.ENSP00000306261,0.011600467,-1
IFNA13,9606.ENSP00000480467,0.011588007,-1
DUSP11,9606.ENSP00000272444,0.01157506,0
ASCC2,9606.ENSP00000380877,0.011569743,-1
CWC25,9606.ENSP00000478070,0.01156953,-1
GRXCR2,9606.ENSP00000367214,0.011561069,-1
CYP4F2,9606.ENSP00000221700,0.011554902,-1
ZNF432,9606.ENSP00000221315,0.01154665,-1
ISOC1,9606.ENSP00000173527,0.0115465075,-1
SLC22A12,9606.ENSP00000366797,0.011539915,-1
OR5AU1,9606.ENSP00000493431,0.011539121,-1
ZNF451,9606.ENSP00000359740,0.011518868,-1
AUH,9606.ENSP00000364883,0.011518699,-1
SENP3,9606.ENSP00000314029,0.0115058115,-1
L1TD1,9606.ENSP00000419901,0.011502927,-1
ZDHHC8,9606.ENSP00000384716,0.01150006,-1
APOBEC3D,9606.ENSP00000216099,0.011499365,-1
ETHE1,9606.ENSP00000292147,0.0114853885,-1
ALPI,9606.ENSP00000295463,0.011484924,-1
SLC35A2,9606.ENSP00000416002,0.011483008,-1
SUB1,9606.ENSP00000265073,0.011480009,0
PPIL3,9606.ENSP00000286175,0.011476211,-1
MYH14,9606.ENSP00000493594,0.011474713,0
GPR27,9606.ENSP00000303149,0.011474567,-1
LUC7L2,9606.ENSP00000347005,0.011465688,-1
RPF2,9606.ENSP00000402338,0.011454069,-1
OR2AE1,9606.ENSP00000313936,0.011446249,-1
ZNF317,9606.ENSP00000247956,0.011439732,-1
ZNF454,9606.ENSP00000326249,0.011437037,-1
OSBPL1A,9606.ENSP00000320291,0.011423168,-1
PLEC,9606.ENSP00000323856,0.011410682,0
AMN,9606.ENSP00000299155,0.011408047,-1
BTN3A1,9606.ENSP00000289361,0.011399962,-1
COX7A1,9606.ENSP00000292907,0.011396168,-1
WASHC2A,9606.ENSP00000282633,0.011394277,-1
FAAH,9606.ENSP00000243167,0.011388693,-1
MMUT,9606.ENSP00000274813,0.0113817,-1
RASGRP3,9606.ENSP00000385886,0.011372646,-1
MIIP,9606.ENSP00000235332,0.011372566,0
ZNF675,9606.ENSP00000352836,0.011365782,-1
SNAPC5,9606.ENSP00000319597,0.011363446,-1
AMY2B,9606.ENSP00000354610,0.011361795,-1
NOVA1,9606.ENSP00000438875,0.011355235,-1
EIF4E,9606.ENSP00000425561,0.011350318,0
TRIM77,9606.ENSP00000474003,0.011345556,-1
ZNF555,9606.ENSP00000334853,0.011345319,-1
USP17L23,9606.ENSP00000424077,0.011344481,-1
CHEK2,9606.ENSP00000372023,0.011325996,0
GPR150,9606.ENSP00000369344,0.011312047,-1
KIAA1143,9606.ENSP00000296121,0.011309243,-1
CERS2,9606.ENSP00000271688,0.011306055,0
LACTB2,9606.ENSP00000276590,0.011302399,-1
TSPAN1,9606.ENSP00000361072,0.011288957,-1
AP1B1,9606.ENSP00000350199,0.0112827225,-1
WLS,9606.ENSP00000346829,0.011273987,-1
GDPGP1,9606.ENSP00000452793,0.01126602,-1
PNMA8B,9606.ENSP00000473036,0.011261798,-1
IFNA16,9606.ENSP00000369564,0.011253555,-1
MME,9606.ENSP00000418525,0.011247399,0
AOX1,9606.ENSP00000363832,0.011247096,-1
HLA-A,9606.ENSP00000379873,0.011242552,0
EFTUD2,9606.ENSP00000392094,0.011242546,-1
PLD4,9606.ENSP00000438677,0.011241253,-1
ADCK5,9606.ENSP00000310547,0.011223978,-1
TASL,9606.ENSP00000368245,0.011219904,-1
NLN,9606.ENSP00000370372,0.011216964,-1
ANKRD66,9606.ENSP00000454770,0.011215673,-1
SULT1C4,9606.ENSP00000272452,0.011208473,-1
GAP43,9606.ENSP00000377372,0.011191363,-1
CCDC127,9606.ENSP00000296824,0.011190656,-1
ZBTB47,9606.ENSP00000232974,0.011186141,-1
KLHL24,9606.ENSP00000395012,0.011185618,-1
RBX1,9606.ENSP00000216225,0.011183598,0
CYB5R1,9606.ENSP00000356218,0.011177219,0
MFF,9606.ENSP00000302037,0.011176161,-1
USP36,9606.ENSP00000441214,0.011174454,-1
RO60,9606.ENSP00000356416,0.011162389,-1
NT5DC3,9606.ENSP00000376615,0.011160989,-1
SMG1,9606.ENSP00000402515,0.011154992,-1
ZNF148,9606.ENSP00000353863,0.01113708,-1
GPR153,9606.ENSP00000367125,0.011111389,-1
VPS28,9606.ENSP00000366565,0.011110508,0
GPR62,9606.ENSP00000319250,0.011109806,-1
TESK1,9606.ENSP00000338127,0.011109801,-1
PPFIA4,9606.ENSP00000402576,0.011108726,-1
APTX,9606.ENSP00000369145,0.011104506,-1
MYO1B,9606.ENSP00000376132,0.011103207,-1
ZNF229,9606.ENSP00000479884,0.011100145,-1
FKBP1B,9606.ENSP00000370373,0.011098905,-1
ABHD17B,9606.ENSP00000366240,0.011094509,-1
MYL5,9606.ENSP00000383023,0.011092165,-1
POLE2,9606.ENSP00000216367,0.011091998,-1
LDB1,9606.ENSP00000501277,0.011084469,0
CYP17A1,9606.ENSP00000358903,0.0110808,-1
PEAK1,9606.ENSP00000452796,0.011071456,-1
SMIM10L1,9606.ENSP00000488907,0.011070542,-1
SSTR4,9606.ENSP00000255008,0.011069268,-1
OSBPL10,9606.ENSP00000379804,0.011067421,-1
NAA16,9606.ENSP00000368716,0.011057248,-1
IBTK,9606.ENSP00000305721,0.011056456,-1
CAD,9606.ENSP00000264705,0.011047738,-1
ZNF33B,9606.ENSP00000352444,0.011040794,-1
BEAN1,9606.ENSP00000442793,0.011038816,-1
IFNA10,9606.ENSP00000369566,0.011036942,-1
FKBP11,9606.ENSP00000449751,0.0110339755,-1
NXT1,9606.ENSP00000254998,0.011031771,-1
LUC7L,9606.ENSP00000293872,0.011021978,-1
ARL8A,9606.ENSP00000272217,0.011019728,0
PLEKHG1,9606.ENSP00000351318,0.011011655,-1
ZNF671,9606.ENSP00000321848,0.0109972395,-1
RBMXL3,9606.ENSP00000417451,0.010989866,-1
KCNU1,9606.ENSP00000382770,0.010989621,-1
COPS4,9606.ENSP00000424655,0.010985295,0
PARS2,9606.ENSP00000360327,0.010965077,-1
TMEM87B,9606.ENSP00000283206,0.010963939,-1
PLCL2,9606.ENSP00000478458,0.010957969,-1
RNF103,9606.ENSP00000237455,0.010956161,-1
CDKL5,9606.ENSP00000369325,0.0109466985,0
MRPL35,9606.ENSP00000338389,0.0109369615,-1
OR11G2,9606.ENSP00000349930,0.01093596,-1
ARMH2,9606.ENSP00000454913,0.01093346,-1
ANKRD50,9606.ENSP00000425658,0.01093195,-1
SGTB,9606.ENSP00000370395,0.010929402,-1
SAMD3,9606.ENSP00000402092,0.010925856,-1
TMEM254,9606.ENSP00000361355,0.010923335,-1
PRDX6,9606.ENSP00000342026,0.010910594,0
BRINP1,9606.ENSP00000265922,0.0109064365,0
OR1L6,9606.ENSP00000304235,0.010904703,-1
SGPP2,9606.ENSP00000315137,0.010892732,-1
MRGPRX3,9606.ENSP00000379571,0.010888242,-1
ARID3C,9606.ENSP00000368189,0.01088778,-1
ASCL5,9606.ENSP00000472681,0.010882354,-1
ABCC11,9606.ENSP00000378230,0.010879172,-1
TLL2,9606.ENSP00000350630,0.010871473,-1
RNF6,9606.ENSP00000371000,0.010870775,0
ZNF674,9606.ENSP00000429148,0.010869669,-1
DSEL,9606.ENSP00000310565,0.010862904,-1
ID2,9606.ENSP00000234091,0.010862862,0
C8orf82,9606.ENSP00000436621,0.010844162,-1
YARS1,9606.ENSP00000362576,0.010842714,-1
NAPB,9606.ENSP00000482826,0.010839942,-1
TRIM46,9606.ENSP00000334657,0.010829661,-1
SARDH,9606.ENSP00000360938,0.010829507,-1
MFNG,9606.ENSP00000349490,0.010813296,-1
TMEM53,9606.ENSP00000361311,0.010808248,-1
SLC35D4,9606.ENSP00000372720,0.010802708,-1
ZNF727,9606.ENSP00000485448,0.010802097,-1
MEX3D,9606.ENSP00000384398,0.0107946545,-1
BLOC1S5,9606.ENSP00000380598,0.0107763605,-1
GPS2,9606.ENSP00000379841,0.01077415,-1
PDE11A,9606.ENSP00000286063,0.010759385,-1
NPIPA1,9606.ENSP00000331843,0.010756116,0
TM4SF20,9606.ENSP00000303028,0.010754697,-1
NANOS1,9606.ENSP00000393275,0.010751968,-1
GTF2H2C;,9606.ENSP00000422907,0.01075147,-1
IFNW1,9606.ENSP00000369578,0.010746638,0
ZNF83,9606.ENSP00000472619,0.010746152,-1
SCN4A,9606.ENSP00000396320,0.010743,-1
ETFRF1,9606.ENSP00000450584,0.010735719,-1
SPMIP2,9606.ENSP00000412215,0.010727326,-1
VPS29,9606.ENSP00000480853,0.010724422,0
ZNF285,9606.ENSP00000464788,0.010721858,-1
ZNF322,9606.ENSP00000482607,0.010716239,-1
LMO4,9606.ENSP00000359575,0.0107157035,0
ZBTB43,9606.ENSP00000362563,0.010693759,-1
GIPC3,9606.ENSP00000493901,0.010692941,-1
KLC1,9606.ENSP00000414982,0.010689935,-1
FAM163B,9606.ENSP00000501259,0.010687973,-1
OR13A1,9606.ENSP00000363522,0.010687726,-1
OR2L5,9606.ENSP00000347428,0.010685417,-1
PEF1,9606.ENSP00000362807,0.010684974,0
THAP9,9606.ENSP00000305533,0.0106725,-1
ING1,9606.ENSP00000364929,0.010671796,-1
PLOD1,9606.ENSP00000196061,0.010670471,0
GTF2B,9606.ENSP00000359531,0.010669097,0
ARMC9,9606.ENSP00000484804,0.010665102,-1
ZNF195,9606.ENSP00000382511,0.010663035,-1
TRIM25,9606.ENSP00000323889,0.010661942,-1
KCNAB2,9606.ENSP00000367323,0.010652541,-1
SYT17,9606.ENSP00000347538,0.010652451,-1
ZNF614,9606.ENSP00000270649,0.01064124,-1
ZNF385D,9606.ENSP00000281523,0.010638368,-1
TMEM72,9606.ENSP00000374234,0.0106378775,-1
HHIPL2,9606.ENSP00000342118,0.010636422,-1
SEC23A,9606.ENSP00000306881,0.010636,-1
RPS6KA5,9606.ENSP00000479667,0.0106358295,0
OR10AD1,9606.ENSP00000308689,0.010633064,-1
BCAP29,9606.ENSP00000368414,0.010632809,-1
OR10K2,9606.ENSP00000493297,0.01062805,-1
DBNL,9606.ENSP00000417653,0.010623142,-1
OR2H1,9606.ENSP00000366340,0.010613263,-1
CNOT6,9606.ENSP00000481893,0.010608678,-1
LRP5L,9606.ENSP00000482378,0.010607137,-1
FBXO2,9606.ENSP00000346240,0.010606802,-1
ZNF479,9606.ENSP00000333776,0.0106032,-1
MAP2K2,9606.ENSP00000262948,0.010602394,0
SLC35E2B,9606.ENSP00000481694,0.010597622,-1
USP12,9606.ENSP00000282344,0.010597363,0
PMM2,9606.ENSP00000268261,0.010587888,-1
EFHD2,9606.ENSP00000365147,0.010581451,-1
GJD2,9606.ENSP00000290374,0.010569163,-1
MKLN1,9606.ENSP00000323527,0.010551804,-1
APC2,9606.ENSP00000442954,0.010550708,-1
NANS,9606.ENSP00000210444,0.010549619,-1
GABARAPL2,9606.ENSP00000037243,0.010546562,0
AMY2A,9606.ENSP00000481450,0.010544785,-1
TTC38,9606.ENSP00000370419,0.010543174,-1
CREG1,9606.ENSP00000359540,0.010531094,0
UGT3A1,9606.ENSP00000274278,0.0105280075,-1
CDRT4,9606.ENSP00000482523,0.010523504,-1
PRRC1,9606.ENSP00000421965,0.010523315,-1
FOLH1,9606.ENSP00000256999,0.010513424,-1
ERCC1,9606.ENSP00000013807,0.010509788,0
IFNA7,9606.ENSP00000239347,0.010507459,-1
ZFYVE9,9606.ENSP00000287727,0.010496043,-1
THYN1,9606.ENSP00000341657,0.010488685,-1
SLC38A2,9606.ENSP00000256689,0.010485261,0
PRDX4,9606.ENSP00000368646,0.0104738185,0
TRIML2,9606.ENSP00000422581,0.01047203,-1
CDNF,9606.ENSP00000419395,0.010469169,-1
SULT6B1,9606.ENSP00000384950,0.010464118,-1
VN1R2,9606.ENSP00000351244,0.010463391,-1
KLC2,9606.ENSP00000399403,0.010461413,-1
DLAT,9606.ENSP00000280346,0.010453606,-1
TEX47,9606.ENSP00000297203,0.010451169,-1
OR2C3,9606.ENSP00000479757,0.0104491385,-1
EFNA5,9606.ENSP00000328777,0.010448881,0
C5orf47,9606.ENSP00000340887,0.010441558,-1
CACNB2,9606.ENSP00000320025,0.010432818,-1
TRMT9B,9606.ENSP00000432695,0.010432172,-1
CTNNAL1,9606.ENSP00000320434,0.010430135,-1
TOB1,9606.ENSP00000427695,0.010428195,-1
CPSF3,9606.ENSP00000238112,0.010427693,0
ZNF578,9606.ENSP00000459216,0.010427132,-1
CPT2,9606.ENSP00000360541,0.010407421,-1
RAP2A,9606.ENSP00000245304,0.010402373,-1
PPP4C,9606.ENSP00000279387,0.010395493,-1
IFNA6,9606.ENSP00000369558,0.010388335,-1
USP9X,9606.ENSP00000316357,0.010380542,0
UBE2W,9606.ENSP00000498255,0.010374989,-1
C22orf42,9606.ENSP00000371529,0.010374715,-1
TMEM39A,9606.ENSP00000326063,0.010374582,-1
CAMKMT,9606.ENSP00000367755,0.010370662,-1
ARL5C,9606.ENSP00000269586,0.01036079,-1
HOXC8,9606.ENSP00000040584,0.010351515,-1
OR1G1,9606.ENSP00000331545,0.010348643,-1
OPN1LW,9606.ENSP00000358967,0.010346545,0
KATNAL1,9606.ENSP00000369989,0.0103436,-1
C3orf22,9606.ENSP00000316644,0.010341506,-1
ZNF169,9606.ENSP00000378792,0.010340861,-1
PLBD2,9606.ENSP00000280800,0.01033912,-1
SMURF1,9606.ENSP00000354621,0.010338705,0
MOGS,9606.ENSP00000410992,0.010336275,-1
PPIAL4H,9606.ENSP00000464619,0.010333866,-1
PELO,9606.ENSP00000274311,0.010330737,-1
AGBL4,9606.ENSP00000360905,0.010324079,-1
EGLN2,9606.ENSP00000469686,0.010322438,0
TYMS,9606.ENSP00000315644,0.010315282,-1
HNRNPL,9606.ENSP00000221419,0.010309984,-1
OR2L3,9606.ENSP00000493020,0.010305381,-1
PRXL2A,9606.ENSP00000482445,0.010296918,-1
C3orf80,9606.ENSP00000313324,0.010288146,-1
SNRPN,9606.ENSP00000494831,0.010287184,-1
IFNA5,9606.ENSP00000484479,0.01028571,-1
MX1,9606.ENSP00000381601,0.010281467,-1
ATP4B,9606.ENSP00000334216,0.010276674,-1
SLC71A3P,9606.ENSP00000473444,0.010270629,-1
DUSP21,9606.ENSP00000343244,0.010267716,-1
FURIN,9606.ENSP00000483552,0.010261147,0
TMEM145,9606.ENSP00000301204,0.010261137,-1
WDR88,9606.ENSP00000348129,0.010260502,-1
RBM24,9606.ENSP00000368341,0.010257801,-1
UBE2L6,9606.ENSP00000287156,0.010252192,-1
MS4A14,9606.ENSP00000433761,0.010250686,-1
IQCC,9606.ENSP00000442291,0.010248815,-1
DUSP29,9606.ENSP00000340609,0.010247102,-1
C12orf42,9606.ENSP00000367353,0.010246613,-1
KBTBD3,9606.ENSP00000432163,0.010242737,-1
ADSS1,9606.ENSP00000333019,0.010240184,-1
ZNF14,9606.ENSP00000340514,0.010236922,-1
BTN3A3,9606.ENSP00000244519,0.010236807,-1
LRRC3B,9606.ENSP00000379880,0.010233676,-1
POU2AF3,9606.ENSP00000484135,0.01022134,-1
PRDX1,9606.ENSP00000262746,0.0102211945,0
RCN2,9606.ENSP00000319739,0.010216767,-1
TCIM,9606.ENSP00000319914,0.010206328,0
UBXN7,9606.ENSP00000296328,0.0102031585,-1
RXFP3,9606.ENSP00000328708,0.010196982,0
ZNF670,9606.ENSP00000355459,0.010192161,-1
TRIM60,9606.ENSP00000497401,0.010188212,-1
KBTBD6,9606.ENSP00000368799,0.010183745,-1
TXNDC2,9606.ENSP00000304908,0.010181785,-1
RRAS,9606.ENSP00000246792,0.010181678,-1
ARHGAP19,9606.ENSP00000351333,0.010179728,-1
STK10,9606.ENSP00000176763,0.010178023,-1
SPRED2,9606.ENSP00000348753,0.010174863,-1
DVL1,9606.ENSP00000368166,0.010172793,0
NAA15,9606.ENSP00000296543,0.010161204,-1
SHLD3,9606.ENSP00000424007,0.010158821,-1
BDH2,9606.ENSP00000296424,0.010152459,0
BEND4,9606.ENSP00000421169,0.010144144,-1
PAQR5,9606.ENSP00000378803,0.010133921,-1
TMPRSS11B,9606.ENSP00000330475,0.010130406,-1
ADSS2,9606.ENSP00000355493,0.010119611,-1
MSRA,9606.ENSP00000313921,0.010115972,-1
CEMP1,9606.ENSP00000457380,0.010106931,-1
FBXO41,9606.ENSP00000428646,0.010105115,-1
GEMIN7,9606.ENSP00000270257,0.010101081,-1
IFNA21,9606.ENSP00000369574,0.010091992,-1
TRIM49C,9606.ENSP00000388299,0.010088858,-1
GMPPB,9606.ENSP00000309092,0.010086963,-1
PHYKPL,9606.ENSP00000310978,0.010079058,-1
APOBEC3B,9606.ENSP00000327459,0.010078566,-1
ABHD17C,9606.ENSP00000258884,0.010076617,-1
NIPA2,9606.ENSP00000337618,0.01007521,-1
C6orf52,9606.ENSP00000259983,0.010074829,-1
ARHGAP44,9606.ENSP00000368994,0.010068857,-1
SH2D3A,9606.ENSP00000245908,0.010065796,-1
DOLPP1,9606.ENSP00000361625,0.010065778,-1
ILDR2,9606.ENSP00000271417,0.010064496,-1
CMC4,9606.ENSP00000358496,0.010063174,-1
NFKBID,9606.ENSP00000380109,0.010060268,-1
SUPT20H,9606.ENSP00000417510,0.010058773,-1
SYT3,9606.ENSP00000340914,0.010056056,-1
PPOX,9606.ENSP00000356978,0.010045562,-1
PPP1CB,9606.ENSP00000378769,0.010043874,-1
GGACT,9606.ENSP00000365426,0.010043561,-1
TMEM128,9606.ENSP00000372201,0.01004093,-1
DYNLT1,9606.ENSP00000356056,0.010034879,0
TEX36,9606.ENSP00000357811,0.010025395,-1
ARHGEF37,9606.ENSP00000328083,0.010022656,-1
NPIPA5,9606.ENSP00000433597,0.010021392,-1
MYL9,9606.ENSP00000279022,0.010018909,-1
TMEM185B,9606.ENSP00000453399,0.010014412,-1
TCF23,9606.ENSP00000296096,0.010013439,-1
MAP1B,9606.ENSP00000296755,0.010009885,-1
KATNIP,9606.ENSP00000261588,0.010001789,-1
PPP1R1A,9606.ENSP00000257905,0.009999083,-1
ELAPOR1,9606.ENSP00000358955,0.009992505,-1
TEAD2,9606.ENSP00000472109,0.009992453,-1
MRPS18C,9606.ENSP00000295491,0.009991199,0
MAPKAPK3,9606.ENSP00000396467,0.009990935,-1
KLHL28,9606.ENSP00000347193,0.0099872425,-1
PRSS53,9606.ENSP00000280606,0.009985738,-1
HIC1,9606.ENSP00000314080,0.00998023,-1
MYO1F,9606.ENSP00000494550,0.009972914,-1
CCDC25,9606.ENSP00000348933,0.00996101,-1
TRIP10,9606.ENSP00000320117,0.009954335,-1
PPP2CB,9606.ENSP00000221138,0.009952782,0
KCNA7,9606.ENSP00000221444,0.009947524,-1
NXF5,9606.ENSP00000426978,0.009946246,-1
TMCO4,9606.ENSP00000294543,0.009938839,-1
CHKB,9606.ENSP00000384400,0.009936719,-1
HADHA,9606.ENSP00000370023,0.009929844,0
CXXC1,9606.ENSP00000390475,0.00992438,-1
CABLES2,9606.ENSP00000279101,0.009919227,0
GGH,9606.ENSP00000260118,0.009916685,-1
MAPRE3,9606.ENSP00000233121,0.009912242,0
CHRFAM7A,9606.ENSP00000299847,0.009909988,-1
ZNF41,9606.ENSP00000366265,0.009907718,-1
ACADM,9606.ENSP00000359871,0.00990733,-1
ABHD11,9606.ENSP00000222800,0.00990385,-1
LUC7L3,9606.ENSP00000376919,0.009902617,0
NRG4,9606.ENSP00000378367,0.0099003585,-1
ANHX,9606.ENSP00000409950,0.00989285,-1
ACTR1A,9606.ENSP00000358921,0.009890122,0
THRSP,9606.ENSP00000281030,0.009882934,-1
OR2D3,9606.ENSP00000320560,0.009882091,-1
ZSCAN16,9606.ENSP00000366527,0.00987883,-1
KCTD4,9606.ENSP00000368402,0.009871831,-1
DOC2B,9606.ENSP00000482950,0.009868471,-1
BEX3,9606.ENSP00000361728,0.009868304,-1
PDE6G,9606.ENSP00000328412,0.009849583,-1
INTS3,9606.ENSP00000318641,0.009848261,0
HIVEP2,9606.ENSP00000356576,0.009847898,-1
TSHZ1,9606.ENSP00000464391,0.00984721,-1
TRAM2,9606.ENSP00000182527,0.009845171,-1
ARPC1A,9606.ENSP00000262942,0.009835746,0
IVD,9606.ENSP00000499074,0.009835371,-1
HLA-C,9606.ENSP00000365402,0.009824464,0
PPP2CA,9606.ENSP00000418447,0.009818246,0
CREBZF,9606.ENSP00000433459,0.009813875,-1
TP53I3,9606.ENSP00000238721,0.009813728,-1
C5orf46,9606.ENSP00000315370,0.009804817,-1
C16orf87,9606.ENSP00000285697,0.0098014325,-1
GALR3,9606.ENSP00000249041,0.009800932,-1
TTC39A,9606.ENSP00000393952,0.009795201,-1
OR2L13,9606.ENSP00000493075,0.009793411,-1
ENTREP3,9606.ENSP00000354958,0.00978718,-1
SALL1,9606.ENSP00000251020,0.009781054,-1
RGS9,9606.ENSP00000262406,0.009776579,-1
ACOXL,9606.ENSP00000407761,0.009776419,-1
ADRA2C,9606.ENSP00000386069,0.009772698,-1
HIBADH,9606.ENSP00000265395,0.009771337,-1
TIMM9,9606.ENSP00000378588,0.009767767,-1
YWHAQ,9606.ENSP00000371267,0.009766365,0
GCK,9606.ENSP00000223366,0.009764833,-1
UBC,9606.ENSP00000441543,0.009764335,0
C1orf141,9606.ENSP00000360046,0.009761939,-1
PCSK2,9606.ENSP00000262545,0.009761625,-1
ZSCAN4,9606.ENSP00000321963,0.009760436,-1
RSL24D1,9606.ENSP00000260443,0.009758511,0
PDZD11,9606.ENSP00000239666,0.009758252,0
SLC35D1,9606.ENSP00000235345,0.009757603,-1
GLB1L,9606.ENSP00000295759,0.009756233,-1
HMBS,9606.ENSP00000498786,0.009745303,-1
SAP30,9606.ENSP00000296504,0.009741094,0
DERA,9606.ENSP00000416583,0.009731973,-1
URAD,9606.ENSP00000333490,0.009720183,-1
UGP2,9606.ENSP00000338703,0.009718659,0
PTOV1,9606.ENSP00000375717,0.009718003,-1
TBPL2,9606.ENSP00000247219,0.009716874,-1
CLVS1,9606.ENSP00000428402,0.009713723,-1
PARPBP,9606.ENSP00000440850,0.009706965,-1
VPS35,9606.ENSP00000299138,0.0097068865,-1
GPR132,9606.ENSP00000328818,0.009700485,0
PRRG1,9606.ENSP00000444278,0.009698496,-1
CILP2,9606.ENSP00000291495,0.009698067,-1
EXOC1,9606.ENSP00000370695,0.009671218,0
AMMECR1,9606.ENSP00000262844,0.0096703805,-1
RNF223,9606.ENSP00000410533,0.009668482,-1
PAFAH1B3,9606.ENSP00000444935,0.009666363,-1
MED22,9606.ENSP00000482438,0.009661424,-1
CAPZB,9606.ENSP00000401010,0.009660265,-1
RPL11,9606.ENSP00000496250,0.009659116,0
SLX4IP,9606.ENSP00000335557,0.009655591,-1
UROC1,9606.ENSP00000373073,0.009649086,-1
HS3ST3B1,9606.ENSP00000354213,0.009648285,-1
ANK3,9606.ENSP00000280772,0.009642874,0
PSMD11,9606.ENSP00000261712,0.009642677,0
ZNF257,9606.ENSP00000470209,0.009637047,-1
CUL5,9606.ENSP00000376808,0.009635977,0
XKR6,9606.ENSP00000416707,0.009634198,-1
TAS2R13,9606.ENSP00000375095,0.009632083,0
MVP,9606.ENSP00000378760,0.009631105,-1
D2HGDH,9606.ENSP00000315351,0.009621521,-1
ARHGEF11,9606.ENSP00000357177,0.009605895,-1
SRGAP1,9606.ENSP00000347198,0.009604997,-1
ZNF706,9606.ENSP00000430823,0.009603006,0
AGXT,9606.ENSP00000302620,0.009590357,-1
PSMB3,9606.ENSP00000483688,0.009585724,0
DCPS,9606.ENSP00000263579,0.009575042,-1
KCNAB1,9606.ENSP00000419952,0.009572456,-1
ZNF679,9606.ENSP00000416809,0.009565333,-1
MPPED2,9606.ENSP00000350833,0.009562415,-1
CATSPER1,9606.ENSP00000309052,0.009558352,-1
EIF3I,9606.ENSP00000362688,0.009557549,0
NIPAL3,9606.ENSP00000363520,0.009555193,-1
ZNF385C,9606.ENSP00000480744,0.009551764,-1
RRAGA,9606.ENSP00000369899,0.009551429,0
RBIS,9606.ENSP00000484492,0.009544476,-1
SIRPD,9606.ENSP00000371036,0.009543736,-1
NADK,9606.ENSP00000367890,0.009541128,-1
RIOX2,9606.ENSP00000328251,0.009538167,-1
MARS1,9606.ENSP00000262027,0.009536194,-1
CIMIP6,9606.ENSP00000381631,0.00953605,-1
NHSL1,9606.ENSP00000394546,0.00953248,-1
PTDSS2,9606.ENSP00000308258,0.009529675,0
ACTRT3,9606.ENSP00000333037,0.009523443,-1
NALF1,9606.ENSP00000365080,0.009521088,-1
FAM114A2,9606.ENSP00000341597,0.009519522,-1
DERL2,9606.ENSP00000158771,0.009519355,-1
CAPN5,9606.ENSP00000498132,0.009517849,-1
DOCK4,9606.ENSP00000410746,0.009516344,-1
LELP1,9606.ENSP00000357736,0.009515971,-1
CNGA2,9606.ENSP00000328478,0.009512741,-1
ABI2,9606.ENSP00000295851,0.009510718,-1
TBP,9606.ENSP00000230354,0.009503894,-1
DYRK1B,9606.ENSP00000469863,0.009502421,-1
PWWP2A,9606.ENSP00000305151,0.009497539,-1
KLLN,9606.ENSP00000392204,0.009486305,-1
FBRSL1,9606.ENSP00000396160,0.009486134,-1
MN1,9606.ENSP00000304956,0.00948392,0
BTN2A1,9606.ENSP00000312158,0.009482014,-1
GRAP2,9606.ENSP00000339186,0.009478995,-1
ADPRM,9606.ENSP00000369099,0.009474796,-1
ADGRD2,9606.ENSP00000335156,0.00946984,-1
OR8B2,9606.ENSP00000493235,0.009465492,-1
GMCL2,9606.ENSP00000497178,0.009463834,-1
DBN1,9606.ENSP00000377195,0.009463235,-1
CCNDBP1,9606.ENSP00000300213,0.009459736,-1
PLPP2,9606.ENSP00000329697,0.009459317,-1
CCT8,9606.ENSP00000286788,0.009454622,-1
OR5C1,9606.ENSP00000362784,0.009453416,-1
CNKSR3,9606.ENSP00000475915,0.009452185,-1
RGL1,9606.ENSP00000303192,0.009451832,-1
GPC6,9606.ENSP00000366246,0.009446671,-1
SMUG1,9606.ENSP00000424191,0.009442005,-1
UBE2C,9606.ENSP00000348838,0.009441167,0
KCTD9,9606.ENSP00000221200,0.009440954,0
DHX58,9606.ENSP00000251642,0.009440552,-1
ARF5,9606.ENSP00000000233,0.009433812,0
GLRB,9606.ENSP00000264428,0.0094337305,-1
DIO3,9606.ENSP00000427336,0.009433669,-1
FKBP10,9606.ENSP00000317232,0.009428867,-1
KLHL25,9606.ENSP00000336800,0.009428349,-1
CCDC32,9606.ENSP00000452773,0.009426882,-1
FBP2,9606.ENSP00000364486,0.009425892,-1
PRXL2C,9606.ENSP00000364382,0.009425119,-1
MSRB1,9606.ENSP00000355084,0.009423444,-1
RRAGB,9606.ENSP00000262850,0.009423382,-1
CSNK1A1L,9606.ENSP00000369126,0.009420836,-1
NIF3L1,9606.ENSP00000498853,0.009419355,-1
ACTN3,9606.ENSP00000422007,0.009412261,-1
TRPC5,9606.ENSP00000262839,0.009410602,-1
OR10A4,9606.ENSP00000369157,0.009408328,-1
SPATA31D3,9606.ENSP00000488117,0.009406394,-1
FNBP1,9606.ENSP00000413625,0.009403889,-1
AANAT,9606.ENSP00000250615,0.009397858,-1
ELOVL2,9606.ENSP00000346693,0.00939516,-1
SHISA8,9606.ENSP00000481203,0.009394671,-1
TRIM51G,9606.ENSP00000497716,0.009393145,-1
AMOTL1,9606.ENSP00000387739,0.009390771,-1
BEST3,9606.ENSP00000332413,0.00938057,-1
NUDT18,9606.ENSP00000480722,0.009379918,-1
SSTR5,9606.ENSP00000293897,0.009379861,0
KDM4E,9606.ENSP00000397239,0.009379488,-1
SYT8,9606.ENSP00000371394,0.0093779685,-1
TCEAL3,9606.ENSP00000361711,0.009376095,-1
CACNA1C,9606.ENSP00000266376,0.00937451,-1
MYH9,9606.ENSP00000216181,0.0093735,0
PFKFB2,9606.ENSP00000356047,0.0093734525,-1
UNK,9606.ENSP00000464893,0.009373395,-1
ZNF235,9606.ENSP00000291182,0.009364494,-1
ZNF354C,9606.ENSP00000324064,0.009349515,-1
OSBPL6,9606.ENSP00000376293,0.009345868,-1
JCAD,9606.ENSP00000364526,0.009344287,-1
ZNF736,9606.ENSP00000400852,0.009339495,-1
MYL6,9606.ENSP00000446955,0.009338427,0
CYRIB,9606.ENSP00000429150,0.009334934,-1
SAP30BP,9606.ENSP00000462116,0.009332306,-1
MSANTD4,9606.ENSP00000304713,0.0093290005,-1
DTD1,9606.ENSP00000482916,0.009328366,0
TP73,9606.ENSP00000367545,0.009318087,0
CYBA,9606.ENSP00000261623,0.009313043,-1
DBNDD1,9606.ENSP00000457625,0.009306377,-1
PIGU,9606.ENSP00000217446,0.009306139,-1
FHDC1,9606.ENSP00000427567,0.0093033165,-1
LRRC66,9606.ENSP00000341944,0.0093025705,-1
FN3KRP,9606.ENSP00000269373,0.009301041,0
PDE6B,9606.ENSP00000420295,0.009297815,-1
ZNF491,9606.ENSP00000313443,0.009296411,-1
SRSF8,9606.ENSP00000480140,0.009295826,-1
COP1,9606.ENSP00000356641,0.009291165,-1
PEX11B,9606.ENSP00000358312,0.009289685,-1
ZNF587,9606.ENSP00000345479,0.0092855785,-1
ZNF586,9606.ENSP00000379458,0.009284877,-1
ACSS3,9606.ENSP00000449535,0.009280526,-1
MGLL,9606.ENSP00000265052,0.009280194,-1
SMCO4,9606.ENSP00000298966,0.009276713,-1
ATP2B1,9606.ENSP00000392043,0.009272008,-1
SYNGR1,9606.ENSP00000332287,0.009271586,-1
ZBTB12,9606.ENSP00000364677,0.0092670405,-1
TMEM9,9606.ENSP00000356301,0.009265859,0
SNRPB,9606.ENSP00000412566,0.009258097,0
ALG12,9606.ENSP00000333813,0.009258076,-1
ERV3-1,9606.ENSP00000391594,0.009256077,-1
MGAT4A,9606.ENSP00000264968,0.009253033,-1
FBXL18,9606.ENSP00000371805,0.009253033,-1
RPL14,9606.ENSP00000379506,0.00924178,0
TAF2,9606.ENSP00000367406,0.009241697,0
FILIP1,9606.ENSP00000237172,0.009237575,-1
MTHFR,9606.ENSP00000365770,0.009229686,-1
FITM1,9606.ENSP00000267426,0.009228551,-1
PGD,9606.ENSP00000270776,0.009228115,-1
PDHX,9606.ENSP00000227868,0.009228011,-1
NME4,9606.ENSP00000219479,0.009226219,-1
TMA16,9606.ENSP00000351380,0.009226172,-1
SYNPR,9606.ENSP00000418994,0.009222945,-1
SUCLG2,9606.ENSP00000419325,0.009222493,-1
SERF2,9606.ENSP00000387187,0.009221513,0
ACADL,9606.ENSP00000233710,0.009219743,-1
HMG20B,9606.ENSP00000328269,0.009217945,-1
STX2,9606.ENSP00000376178,0.00921004,-1
KCTD16,9606.ENSP00000426548,0.009210002,-1
GRK3,9606.ENSP00000317578,0.009207734,-1
GALNT9,9606.ENSP00000329846,0.009203489,-1
CCDC160,9606.ENSP00000427951,0.009192331,-1
RALB,9606.ENSP00000272519,0.0091869645,-1
GNE,9606.ENSP00000379839,0.00918364,-1
GLB1L2,9606.ENSP00000444628,0.009182052,-1
PCED1A,9606.ENSP00000353868,0.009181193,-1
SCAPER,9606.ENSP00000454973,0.009177064,-1
TCL1B,9606.ENSP00000343223,0.009176969,-1
TTPAL,9606.ENSP00000361995,0.009174341,-1
NANOGNB,9606.ENSP00000371553,0.009168471,-1
MDFIC2,9606.ENSP00000490638,0.009167448,-1
FLI1,9606.ENSP00000433488,0.009159031,-1
DPY19L1,9606.ENSP00000308695,0.009153387,-1
OR2I1,9606.ENSP00000493715,0.009150882,-1
C2CD4D,9606.ENSP00000389554,0.009139467,-1
NETO2,9606.ENSP00000455169,0.009137048,-1
MRPS7,9606.ENSP00000245539,0.009135465,0
NLRP2,9606.ENSP00000445135,0.009132401,0
ZFP1,9606.ENSP00000457044,0.009118345,-1
AK5,9606.ENSP00000346577,0.009116519,-1
EDNRA,9606.ENSP00000315011,0.0091147,0
ALG8,9606.ENSP00000299626,0.009113271,-1
CCDC71L,9606.ENSP00000430897,0.009113211,-1
COX18,9606.ENSP00000425261,0.009111299,-1
MAPKAPK2,9606.ENSP00000356070,0.009108871,0
AKAP10,9606.ENSP00000225737,0.009102292,0
KCNRG,9606.ENSP00000324191,0.009101807,-1
SAMD8,9606.ENSP00000500411,0.009098789,-1
GPR25,9606.ENSP00000301917,0.009098359,-1
CEBPD,9606.ENSP00000386165,0.0090975845,-1
FUS,9606.ENSP00000254108,0.009091878,-1
GAMT,9606.ENSP00000403536,0.009087918,-1
ECH1,9606.ENSP00000221418,0.009080347,0
ADAMTS16,9606.ENSP00000274181,0.009077231,-1
TMEM185A,9606.ENSP00000471932,0.009077043,-1
ZNF844,9606.ENSP00000392024,0.0090744095,-1
COX15,9606.ENSP00000016171,0.009057348,0
CLK2,9606.ENSP00000357345,0.009055897,-1
B3GAT2,9606.ENSP00000230053,0.009050704,-1
ZNF556,9606.ENSP00000302603,0.009046267,-1
GOLGA8Q,9606.ENSP00000457904,0.009038976,-1
LRRC52,9606.ENSP00000294818,0.009038882,-1
TIMM17A,9606.ENSP00000356256,0.009033827,0
USP19,9606.ENSP00000401197,0.00903104,0
TEAD3,9606.ENSP00000345772,0.009028505,-1
SPATA31D4,9606.ENSP00000488251,0.009027972,-1
MAB21L2,9606.ENSP00000324701,0.0090274345,-1
SEPHS2,9606.ENSP00000418669,0.009023289,-1
SSX5,9606.ENSP00000312415,0.00902204,-1
PGAM4,9606.ENSP00000412189,0.0090213455,-1
PPP2R5D,9606.ENSP00000417963,0.009009741,0
TMED3,9606.ENSP00000299705,0.009009033,-1
UFL1,9606.ENSP00000358283,0.009007361,0
ETFDH,9606.ENSP00000426638,0.009001101,-1
KMT5B,9606.ENSP00000305899,0.008998695,-1
GDPD2,9606.ENSP00000414019,0.008993992,-1
ACTR1B,9606.ENSP00000289228,0.008993487,0
FAM162B,9606.ENSP00000357545,0.008989477,-1
YAE1,9606.ENSP00000223273,0.008984842,-1
TMEM181,9606.ENSP00000356057,0.008979354,-1
PDE1C,9606.ENSP00000379496,0.008976805,-1
SLCO1B7,9606.ENSP00000394168,0.008972793,-1
OR5B2,9606.ENSP00000493419,0.008969838,-1
RPLP2,9606.ENSP00000431240,0.008969707,0
USF1,9606.ENSP00000357000,0.00896885,-1
RNF44,9606.ENSP00000274811,0.008966134,0
DENND2C,9606.ENSP00000376955,0.008957059,-1
CELF2,9606.ENSP00000488422,0.008956229,-1
DNAAF9,9606.ENSP00000252032,0.008955078,-1
ACOT13,9606.ENSP00000230048,0.008947957,-1
MBD3,9606.ENSP00000412302,0.008947125,-1
SLC2A6,9606.ENSP00000360966,0.008944461,-1
RRAGC,9606.ENSP00000362092,0.008938343,0
SLC25A12,9606.ENSP00000388658,0.008937605,-1
MICOS13,9606.ENSP00000468723,0.008933632,-1
PTPN20,9606.ENSP00000363459,0.008931368,-1
BEX4,9606.ENSP00000361780,0.008931301,0
DDI1,9606.ENSP00000302805,0.008930676,-1
ARMC7,9606.ENSP00000245543,0.008925127,-1
MYL12A,9606.ENSP00000464359,0.008923723,0
PITPNM2,9606.ENSP00000322218,0.008920454,-1
METAP2,9606.ENSP00000325312,0.0089167,-1
SKI,9606.ENSP00000367797,0.008909307,-1
NT5C2,9606.ENSP00000339479,0.008906113,0
CLIC1,9606.ENSP00000364935,0.008904984,-1
GDI2,9606.ENSP00000369538,0.008895874,0
TMEM38A,9606.ENSP00000187762,0.008891932,-1
DIMT1,9606.ENSP00000199320,0.008891511,0
ATXN7L3B,9606.ENSP00000430000,0.008888482,0
EPHX4,9606.ENSP00000359410,0.0088878395,-1
PTPRT,9606.ENSP00000362294,0.008887343,-1
SIPA1L3,9606.ENSP00000222345,0.008884265,-1
ASB3,9606.ENSP00000499751,0.00887995,-1
EIF4B,9606.ENSP00000388806,0.008877076,0
HK2,9606.ENSP00000290573,0.008873414,-1
ZNF114,9606.ENSP00000469998,0.008873184,-1
PHKB,9606.ENSP00000313504,0.008867566,-1
OR2C1,9606.ENSP00000307726,0.008860541,-1
SLC35G2,9606.ENSP00000400839,0.008854901,-1
SPRYD4,9606.ENSP00000338034,0.008852224,-1
KARS1,9606.ENSP00000325448,0.008849843,-1
SPMIP9,9606.ENSP00000307142,0.008848944,-1
CTSZ,9606.ENSP00000217131,0.008846494,0
LYL1,9606.ENSP00000264824,0.008840921,-1
ATP2C2,9606.ENSP00000397925,0.008837827,-1
LIF,9606.ENSP00000249075,0.008835555,0
DOCK9,9606.ENSP00000365643,0.008834895,-1
NCBP1,9606.ENSP00000364289,0.008833896,0
TNFAIP8L3,9606.ENSP00000328016,0.008831199,-1
GTF2H5,9606.ENSP00000476100,0.008829026,-1
GCNT2,9606.ENSP00000419411,0.008827532,-1
ARL4D,9606.ENSP00000322628,0.008823912,-1
ZNF726,9606.ENSP00000471516,0.00882306,-1
CFAP144,9606.ENSP00000334415,0.008822276,-1
HSD3B7,9606.ENSP00000297679,0.008813088,-1
OR2AT4,9606.ENSP00000493299,0.008809494,-1
CLCN5,9606.ENSP00000365256,0.008806485,-1
FEM1A,9606.ENSP00000269856,0.008806371,-1
KIF12,9606.ENSP00000363232,0.008805322,-1
GTF2A2,9606.ENSP00000379372,0.0088041285,-1
TRIM44,9606.ENSP00000299413,0.008802551,-1
HIBCH,9606.ENSP00000352706,0.008800645,-1
UQCRC1,9606.ENSP00000203407,0.008800022,-1
NUTF2,9606.ENSP00000219169,0.008796737,0
HSD17B13,9606.ENSP00000333300,0.008786223,-1
CCDC190,9606.ENSP00000356886,0.0087861745,-1
GAL3ST3,9606.ENSP00000308591,0.008785739,-1
ARL2BP,9606.ENSP00000219204,0.008784633,0
THAP3,9606.ENSP00000054650,0.008776454,-1
SLC16A1,9606.ENSP00000441065,0.008773537,0
RBMX,9606.ENSP00000359645,0.008770138,0
OR10A5,9606.ENSP00000299454,0.008767837,-1
CIRBP,9606.ENSP00000466025,0.008766436,0
REEP5,9606.ENSP00000368959,0.008765579,0
SSNA1,9606.ENSP00000313752,0.008765261,0
TIMM50,9606.ENSP00000445806,0.008765074,-1
ZFY,9606.ENSP00000155093,0.008759856,-1
ZNF430,9606.ENSP00000261560,0.008755414,-1
SPDYE11,9606.ENSP00000498510,0.008755099,-1
MLLT6,9606.ENSP00000479910,0.008750457,-1
PSENEN,9606.ENSP00000468411,0.008748948,-1
KCTD17,9606.ENSP00000385096,0.0087459255,-1
ZNF48,9606.ENSP00000324056,0.008742466,-1
PPP1R13L,9606.ENSP00000354218,0.00874023,-1
HNMT,9606.ENSP00000280097,0.008740164,-1
PDE4B,9606.ENSP00000342637,0.0087365145,-1
GJB4,9606.ENSP00000345868,0.008736249,-1
FBXO11,9606.ENSP00000384823,0.008736055,-1
PRR23E,9606.ENSP00000493276,0.008734969,-1
HEXB,9606.ENSP00000261416,0.008734841,-1
HSFX1,9606.ENSP00000359444,0.008729282,-1
CHD1L,9606.ENSP00000358262,0.008727063,-1
OR1J2,9606.ENSP00000335575,0.008726876,-1
TBC1D23,9606.ENSP00000377700,0.008722319,-1
HMGCL,9606.ENSP00000363614,0.008715183,-1
EXOC6,9606.ENSP00000260762,0.008705252,0
HOMER3,9606.ENSP00000439937,0.008705235,-1
TMEM117,9606.ENSP00000266534,0.008703399,-1
ILF3,9606.ENSP00000404121,0.008702779,0
RBMXL1,9606.ENSP00000446099,0.008702535,-1
CELF3,9606.ENSP00000290583,0.008699332,-1
DLST,9606.ENSP00000335304,0.008699163,0
ZFP82,9606.ENSP00000431265,0.008693688,-1
OR1S2,9606.ENSP00000305469,0.008689998,-1
TREX2,9606.ENSP00000333441,0.008688568,-1
RGS21,9606.ENSP00000428343,0.008685747,-1
SPTLC2,9606.ENSP00000216484,0.008685317,-1
NTPCR,9606.ENSP00000355587,0.008685211,-1
SPANXN3,9606.ENSP00000359534,0.008682657,-1
STX7,9606.ENSP00000356918,0.008680116,-1
PLEKHG4,9606.ENSP00000353646,0.008679325,-1
TRIM11,9606.ENSP00000284551,0.008672836,-1
SYNPO2,9606.ENSP00000306015,0.0086715985,-1
MRGPRX2,9606.ENSP00000333800,0.008670295,0
SMDT1,9606.ENSP00000327467,0.008670115,0
TCF12,9606.ENSP00000388940,0.008667943,-1
SCAMP3,9606.ENSP00000307275,0.008667042,0
GALNT16,9606.ENSP00000336729,0.008663478,-1
POTEJ,9606.ENSP00000387176,0.008661083,-1
ZNF37A,9606.ENSP00000354377,0.008659756,-1
P4HA3,9606.ENSP00000401749,0.008659704,-1
HARS1,9606.ENSP00000425634,0.008656346,-1
CIMAP2,9606.ENSP00000360320,0.0086558275,-1
PRICKLE4,9606.ENSP00000404911,0.008653916,-1
SNX16,9606.ENSP00000379621,0.008653254,-1
PHTF2,9606.ENSP00000403042,0.008652755,-1
ZNF346,9606.ENSP00000424495,0.008652404,-1
DRC4,9606.ENSP00000268699,0.008651675,-1
PHRF1,9606.ENSP00000264555,0.00864372,0
TUNAR,9606.ENSP00000489624,0.008642919,-1
ZFP36L2,9606.ENSP00000282388,0.008642796,0
PPP2R3A,9606.ENSP00000264977,0.008640599,-1
TMEM156,9606.ENSP00000371364,0.0086299535,-1
CYYR1,9606.ENSP00000299340,0.008628578,-1
MFSD6L,9606.ENSP00000330051,0.008625062,-1
ATP11C,9606.ENSP00000332756,0.008624313,-1
XKR4,9606.ENSP00000328326,0.008620363,-1
SLBP,9606.ENSP00000417686,0.00861943,0
ZNF429,9606.ENSP00000351280,0.008618424,-1
MRGPRX4,9606.ENSP00000314042,0.008609941,-1
FAM78A,9606.ENSP00000361345,0.008597856,-1
SH3YL1,9606.ENSP00000348471,0.008596484,-1
NEDD4L,9606.ENSP00000383199,0.008595801,-1
ZSCAN9,9606.ENSP00000404074,0.008592535,-1
FRS2,9606.ENSP00000447241,0.008592454,-1
PSD2,9606.ENSP00000274710,0.00859134,-1
NXPE3,9606.ENSP00000273347,0.008590272,-1
FAM9B,9606.ENSP00000318716,0.008589829,0
METTL26,9606.ENSP00000440765,0.008587841,0
STK38,9606.ENSP00000229812,0.008586484,0
SYPL2,9606.ENSP00000358888,0.0085807955,-1
XPOT,9606.ENSP00000327821,0.008579781,0
CRIP2,9606.ENSP00000426119,0.008579009,-1
TFCP2L1,9606.ENSP00000263707,0.008576674,-1
ZFTA,9606.ENSP00000482180,0.008576585,-1
ABCB1,9606.ENSP00000478255,0.008575239,0
BPNT1,9606.ENSP00000446828,0.0085745575,-1
MAOA,9606.ENSP00000340684,0.008571835,-1
ZBTB37,9606.ENSP00000356674,0.008560666,-1
ZNF846,9606.ENSP00000380999,0.008560261,-1
ZNF140,9606.ENSP00000347755,0.008557389,-1
PTBP3,9606.ENSP00000414921,0.0085548395,-1
SNRPB2,9606.ENSP00000246071,0.008554192,-1
NAT16,9606.ENSP00000300303,0.008553828,-1
SLC7A1,9606.ENSP00000370128,0.008548597,0
ORAI1,9606.ENSP00000482568,0.008548371,-1
KLHL14,9606.ENSP00000352314,0.008544646,-1
ZSCAN29,9606.ENSP00000380174,0.008543789,-1
ZNF681,9606.ENSP00000384000,0.00854202,-1
LITAF,9606.ENSP00000459533,0.00853875,-1
SNURF,9606.ENSP00000463201,0.008532938,-1
POLR2H,9606.ENSP00000415536,0.008531345,-1
ABHD17A,9606.ENSP00000250974,0.008530309,0
EPHX3,9606.ENSP00000221730,0.008524138,-1
CFAP161,9606.ENSP00000286732,0.008520329,-1
ABCG4,9606.ENSP00000481728,0.008519971,-1
LASP1,9606.ENSP00000325240,0.008517817,0
SUPT7L,9606.ENSP00000336750,0.008515562,-1
ELAC2,9606.ENSP00000337445,0.008506709,-1
CTXN1,9606.ENSP00000313226,0.008503509,-1
SELENON,9606.ENSP00000355141,0.008498834,-1
RHPN1,9606.ENSP00000289013,0.008498412,-1
UBP1,9606.ENSP00000283629,0.008496909,0
POPDC3,9606.ENSP00000254765,0.008496463,-1
FKBP1A,9606.ENSP00000383003,0.008494596,0
OR1S1,9606.ENSP00000485156,0.008491362,-1
LRRC61,9606.ENSP00000352642,0.008490244,-1
UBE2E1,9606.ENSP00000303709,0.008477788,-1
PKN2,9606.ENSP00000359552,0.008475484,0
TMEM31,9606.ENSP00000316940,0.008468518,-1
TRIM54,9606.ENSP00000296098,0.008466553,-1
GLYR1,9606.ENSP00000322716,0.008463735,-1
WWC3,9606.ENSP00000370242,0.008463492,-1
IQCF3,9606.ENSP00000409373,0.008462775,-1
NAA30,9606.ENSP00000452521,0.008462031,-1
PRR16,9606.ENSP00000385118,0.008458615,-1
CCM2L,9606.ENSP00000262659,0.008455897,-1
FUT7,9606.ENSP00000318142,0.0084497025,-1
BTRC,9606.ENSP00000359206,0.00844535,0
RTN4IP1,9606.ENSP00000358059,0.00844128,-1
MYL3,9606.ENSP00000499406,0.008440195,-1
NLRP7,9606.ENSP00000467123,0.008439104,0
CSNK1G2,9606.ENSP00000255641,0.008438142,0
KCNS1,9606.ENSP00000445595,0.008438119,-1
UHMK1,9606.ENSP00000420270,0.008435921,0
TMED8,9606.ENSP00000216468,0.008432488,-1
EBAG9,9606.ENSP00000337675,0.008430188,0
TXNDC15,9606.ENSP00000351157,0.008428112,-1
ZNF701,9606.ENSP00000444339,0.0084272,-1
MMP21,9606.ENSP00000357798,0.008425227,-1
STXBP2,9606.ENSP00000413606,0.008424943,-1
TBC1D7,9606.ENSP00000475727,0.008423876,-1
ZNF616,9606.ENSP00000471000,0.0084190825,-1
RFX1,9606.ENSP00000254325,0.008416532,-1
CACYBP,9606.ENSP00000356652,0.008416383,-1
CYP26B1,9606.ENSP00000001146,0.008415349,0
PPP1R37,9606.ENSP00000221462,0.008408424,0
AADAC,9606.ENSP00000232892,0.008407796,-1
SEC24D,9606.ENSP00000280551,0.00840708,-1
CACFD1,9606.ENSP00000440832,0.008405026,-1
FRG2B,9606.ENSP00000401310,0.008404199,-1
SLC22A15,9606.ENSP00000358515,0.008403345,-1
OR1J4,9606.ENSP00000343521,0.008403182,-1
FN3K,9606.ENSP00000300784,0.0084013585,-1
TMEM229A,9606.ENSP00000395244,0.008401061,-1
SLC25A13,9606.ENSP00000400101,0.008384949,-1
CCDC122,9606.ENSP00000407763,0.008382725,-1
ARHGEF38,9606.ENSP00000416125,0.008382403,-1
ZNF608,9606.ENSP00000307746,0.008375284,-1
THG1L,9606.ENSP00000231198,0.008371467,-1
ZNF471,9606.ENSP00000309161,0.008370268,-1
KLHL3,9606.ENSP00000312397,0.008368005,-1
TRIM64B,9606.ENSP00000332969,0.008363486,-1
SPMIP7,9606.ENSP00000297001,0.008361787,-1
NACC1,9606.ENSP00000292431,0.008359714,0
ZNF85,9606.ENSP00000329793,0.008356605,-1
MAU2,9606.ENSP00000262815,0.008356261,0
ZNF865,9606.ENSP00000457715,0.008352784,0
DUSP23,9606.ENSP00000357087,0.008346026,-1
ACTL7B,9606.ENSP00000363799,0.008345524,-1
RCBTB2,9606.ENSP00000389910,0.008344305,-1
NKAIN1,9606.ENSP00000362841,0.008340171,-1
SLC14A1,9606.ENSP00000390637,0.008338183,-1
OR6A2,9606.ENSP00000492990,0.0083357785,-1
IGF2BP1,9606.ENSP00000290341,0.008333067,-1
SEC61A1,9606.ENSP00000243253,0.008331421,-1
ABCG1,9606.ENSP00000354995,0.008328269,-1
SUMO4,9606.ENSP00000318635,0.008327087,-1
PMM1,9606.ENSP00000216259,0.008322686,0
DCDC2C,9606.ENSP00000382097,0.008320157,-1
UBQLNL,9606.ENSP00000369531,0.008317438,-1
SMIM15,9606.ENSP00000339324,0.008314929,-1
USP30,9606.ENSP00000257548,0.0083145555,-1
C2orf80,9606.ENSP00000343171,0.008313639,-1
EIF4E1B,9606.ENSP00000497422,0.008310369,-1
METTL27,9606.ENSP00000297873,0.008309843,-1
USP39,9606.ENSP00000312981,0.008306354,0
CYSTM1,9606.ENSP00000261811,0.008305766,-1
SUMO2,9606.ENSP00000405965,0.008305263,0
BASP1,9606.ENSP00000319281,0.008302651,-1
CARS2,9606.ENSP00000257347,0.00830216,-1
UBE2J2,9606.ENSP00000383719,0.008300677,-1
ZNF131,9606.ENSP00000426504,0.008300241,-1
CSNK1G1,9606.ENSP00000475724,0.008300157,-1
MAST3,9606.ENSP00000262811,0.00829014,-1
TENT5C,9606.ENSP00000358458,0.008287654,-1
RHOBTB1,9606.ENSP00000338671,0.00828564,-1
ZNF595,9606.ENSP00000477392,0.008283665,-1
ADAMTS19,9606.ENSP00000274487,0.008282303,-1
FNDC3A,9606.ENSP00000441831,0.008278919,-1
PGGHG,9606.ENSP00000387185,0.008278833,-1
SPIN2B,9606.ENSP00000335008,0.008278321,-1
PRSS35,9606.ENSP00000358714,0.008269158,-1
GAB1,9606.ENSP00000262995,0.008263986,-1
HS6ST2,9606.ENSP00000429473,0.008263383,-1
KCTD15,9606.ENSP00000394390,0.008260821,-1
COX14,9606.ENSP00000326052,0.008260032,-1
ARL5B,9606.ENSP00000366487,0.0082598515,-1
STX1B,9606.ENSP00000215095,0.008259661,-1
ARHGAP27,9606.ENSP00000403323,0.0082585355,-1
LLCFC1,9606.ENSP00000386450,0.008255593,-1
FDPS,9606.ENSP00000349078,0.008248977,-1
DLGAP4,9606.ENSP00000363023,0.008246325,0
KIAA1217,9606.ENSP00000365637,0.008243261,-1
RPEL1,9606.ENSP00000476672,0.008240508,-1
ORAI3,9606.ENSP00000322249,0.008238896,-1
DPRX,9606.ENSP00000365838,0.008237703,-1
MYOG,9606.ENSP00000241651,0.0082375705,0
MRGPRX1,9606.ENSP00000305766,0.008234342,-1
DQX1,9606.ENSP00000384621,0.008233508,-1
MIER1,9606.ENSP00000383820,0.008232788,-1
SPDYE13,9606.ENSP00000498497,0.008229557,-1
MAML2,9606.ENSP00000434552,0.00822471,-1
DDA1,9606.ENSP00000352928,0.008223768,0
RESP18,9606.ENSP00000330269,0.008223371,-1
NUBP2,9606.ENSP00000262302,0.008218582,-1
RBFOX3,9606.ENSP00000463653,0.008207396,-1
CERT1,9606.ENSP00000383996,0.008199349,-1
ZNF136,9606.ENSP00000344162,0.008196818,-1
RGS10,9606.ENSP00000358099,0.008195179,-1
ZNF45,9606.ENSP00000269973,0.008194318,-1
BCL7C,9606.ENSP00000369674,0.008194093,0
CYP3A43,9606.ENSP00000222382,0.008187895,-1
C1D,9606.ENSP00000348107,0.008187576,-1
CDADC1,9606.ENSP00000251108,0.008180146,-1
CLVS2,9606.ENSP00000275162,0.008179047,-1
KLF16,9606.ENSP00000250916,0.008179033,-1
AP4E1,9606.ENSP00000261842,0.008178111,-1
MXRA8,9606.ENSP00000399229,0.008177105,-1
BRPF3,9606.ENSP00000350267,0.008175373,-1
ACAP3,9606.ENSP00000346733,0.008174082,-1
PPP2R5E,9606.ENSP00000337641,0.008173703,0
ZNF611,9606.ENSP00000437616,0.008170442,-1
POTEM,9606.ENSP00000448062,0.008162855,-1
B9D2,9606.ENSP00000243578,0.008161991,-1
SPAG4,9606.ENSP00000363391,0.008158467,-1
MYO5A,9606.ENSP00000382177,0.008158344,-1
USP22,9606.ENSP00000261497,0.008157893,0
GIPC2,9606.ENSP00000359795,0.008157781,-1
BPHL,9606.ENSP00000369739,0.008155736,-1
OR2D2,9606.ENSP00000299459,0.008154289,-1
NEDD8,9606.ENSP00000250495,0.00815395,0
YWHAB,9606.ENSP00000361930,0.0081530865,0
RBM4,9606.ENSP00000386894,0.008151579,0
CEFIP,9606.ENSP00000363259,0.008148172,-1
SLC6A4,9606.ENSP00000261707,0.008143587,0
HTN1,9606.ENSP00000424501,0.008143294,-1
PSMC2,9606.ENSP00000391211,0.008142119,-1
NPIPA3,9606.ENSP00000446882,0.008140806,-1
EMC8,9606.ENSP00000253457,0.008135329,0
FBXO10,9606.ENSP00000403802,0.008132948,-1
GORAB,9606.ENSP00000356737,0.008132783,-1
TMEM243,9606.ENSP00000398083,0.008132199,-1
PPP1R9A,9606.ENSP00000405514,0.008130621,-1
ALYREF,9606.ENSP00000421592,0.008129736,-1
MAN2B2,9606.ENSP00000285599,0.008129064,-1
TIMM17B,9606.ENSP00000379999,0.008123824,0
FAM181B,9606.ENSP00000365295,0.008123348,-1
GALNS,9606.ENSP00000268695,0.008122645,-1
GPR15LG,9606.ENSP00000361199,0.0081190765,0
SH3BGRL,9606.ENSP00000362308,0.008113121,0
CARMIL3,9606.ENSP00000340467,0.008105683,-1
ST13,9606.ENSP00000216218,0.00810167,0
BROX,9606.ENSP00000343742,0.00810098,0
FNDC8,9606.ENSP00000158009,0.008099447,-1
ZNF735,9606.ENSP00000485547,0.008093295,-1
ZNF724,9606.ENSP00000413411,0.008090355,-1
MYO10,9606.ENSP00000421280,0.008089884,-1
RASAL3,9606.ENSP00000341905,0.008088877,-1
ICMT,9606.ENSP00000343552,0.008085855,0
SOX13,9606.ENSP00000356172,0.008083076,-1
TRIM68,9606.ENSP00000300747,0.008082189,-1
TRIM64,9606.ENSP00000483764,0.008073004,-1
SNN,9606.ENSP00000329287,0.008072214,-1
KCTD1,9606.ENSP00000384367,0.008069801,-1
AMZ2,9606.ENSP00000464635,0.00806669,-1
ARF3,9606.ENSP00000256682,0.008065515,0
SMIM11,9606.ENSP00000485484,0.008065447,-1
PRR3,9606.ENSP00000365744,0.008064272,-1
UBE2E3,9606.ENSP00000473623,0.008061398,-1
GAB2,9606.ENSP00000354952,0.008056388,-1
CFAP141,9606.ENSP00000357511,0.008050591,-1
NPC2,9606.ENSP00000451206,0.008049479,0
CT62,9606.ENSP00000399356,0.008038726,-1
CBX8,9606.ENSP00000269385,0.008035061,-1
MICOS10,9606.ENSP00000325562,0.008033784,-1
FES,9606.ENSP00000331504,0.008030372,0
MED7,9606.ENSP00000286317,0.008030258,-1
VAMP4,9606.ENSP00000236192,0.008029947,-1
ZFX,9606.ENSP00000368486,0.008026673,-1
BEX2,9606.ENSP00000442521,0.008025553,0
BRSK2,9606.ENSP00000371614,0.0080250185,0
ZNF880,9606.ENSP00000406318,0.008021875,-1
ARL8B,9606.ENSP00000479202,0.008015894,0
SPRN,9606.ENSP00000433712,0.008015473,-1
TFCP2,9606.ENSP00000257915,0.008007557,-1
FGD4,9606.ENSP00000433666,0.0080012875,-1
ZNF189,9606.ENSP00000342019,0.008000712,-1
MRPS10,9606.ENSP00000053468,0.0079990355,0
TM4SF5,9606.ENSP00000270560,0.007998938,0
TSPAN13,9606.ENSP00000262067,0.007997901,-1
ABHD15,9606.ENSP00000302657,0.007993128,-1
TANC2,9606.ENSP00000387593,0.007989771,-1
EIF2B4,9606.ENSP00000429323,0.007987881,-1
TRIM69,9606.ENSP00000453177,0.007986635,-1
MTMR7,9606.ENSP00000180173,0.007985312,-1
COMMD6,9606.ENSP00000348054,0.007984912,0
CATSPERG,9606.ENSP00000386962,0.007984632,-1
CACNA1D,9606.ENSP00000288139,0.007982695,-1
EGLN1,9606.ENSP00000355601,0.007979252,-1
BEST1,9606.ENSP00000399709,0.007978999,-1
MTUS2,9606.ENSP00000498251,0.007977452,-1
FADS2,9606.ENSP00000278840,0.0079733785,-1
STX6,9606.ENSP00000258301,0.007973295,-1
UBE2E2,9606.ENSP00000379931,0.0079707075,0
HNRNPLL,9606.ENSP00000390625,0.007970277,-1
FKBPL,9606.ENSP00000364298,0.007968875,-1
CFAP45,9606.ENSP00000357079,0.00796479,-1
ARFIP1,9606.ENSP00000296557,0.007962233,-1
SEC14L6,9606.ENSP00000385695,0.007961762,-1
LSP1,9606.ENSP00000371194,0.007960428,-1
SASH1,9606.ENSP00000356437,0.007955204,-1
RFX8,9606.ENSP00000401536,0.0079522,-1
CDYL,9606.ENSP00000380718,0.007944061,-1
LRRD1,9606.ENSP00000405987,0.007938624,-1
TMEM138,9606.ENSP00000278826,0.00793683,-1
ZDHHC9,9606.ENSP00000349689,0.007933869,-1
TRIM22,9606.ENSP00000369299,0.007931989,-1
ADAP2,9606.ENSP00000464121,0.007931222,-1
LRRC57,9606.ENSP00000326817,0.00793006,-1
ATP8B3,9606.ENSP00000311336,0.007925477,-1
FANCD2OS,9606.ENSP00000429608,0.007919309,-1
SLC35G1,9606.ENSP00000400932,0.007918851,-1
PRSS23,9606.ENSP00000280258,0.007918071,-1
GET1,9606.ENSP00000496813,0.007917691,-1
PPP6C,9606.ENSP00000392147,0.007912185,0
ZNF354A,9606.ENSP00000337122,0.007910935,-1
TRIM49B,9606.ENSP00000481457,0.007909514,-1
GLRA1,9606.ENSP00000411593,0.007909487,-1
TRIM34,9606.ENSP00000346916,0.007908227,-1
TMEM129,9606.ENSP00000372394,0.007907759,-1
CETN1,9606.ENSP00000319052,0.007904266,0
BBS7,9606.ENSP00000264499,0.007904135,-1
SNRPA,9606.ENSP00000243563,0.0079021165,0
CTU1,9606.ENSP00000390011,0.007899702,-1
SLC16A8,9606.ENSP00000321735,0.007898282,-1
ACAD10,9606.ENSP00000389813,0.007896716,-1
EBF1,9606.ENSP00000322898,0.007892768,-1
RPE,9606.ENSP00000352401,0.0078887595,-1
HELZ,9606.ENSP00000464512,0.007886095,-1
NUDT11,9606.ENSP00000365160,0.007875768,-1
STK38L,9606.ENSP00000373684,0.007875461,-1
BEST2,9606.ENSP00000448310,0.007873714,-1
PSMD3,9606.ENSP00000264639,0.007870665,0
PLAC8L1,9606.ENSP00000309087,0.007865889,-1
SLAIN1,9606.ENSP00000400921,0.007864028,-1
PSMD4,9606.ENSP00000357876,0.007861325,0
TGFA,9606.ENSP00000404131,0.007857654,0
FBXL20,9606.ENSP00000264658,0.007857197,-1
RFNG,9606.ENSP00000307971,0.007854076,-1
SPIC,9606.ENSP00000448580,0.007847843,-1
ARSL,9606.ENSP00000500220,0.007844246,-1
ZNF732,9606.ENSP00000415774,0.007843879,-1
PWWP4,9606.ENSP00000498408,0.007842802,-1
HIPK1,9606.ENSP00000407442,0.0078427065,0
PCNX2,9606.ENSP00000258229,0.0078360895,-1
C1orf174,9606.ENSP00000355306,0.007834474,-1
CISD3,9606.ENSP00000483781,0.007833981,-1
ZNF519,9606.ENSP00000464872,0.007828924,-1
KLHL12,9606.ENSP00000356230,0.007825139,-1
MRPS5,9606.ENSP00000272418,0.007823155,0
FARP1,9606.ENSP00000486285,0.007822089,-1
OGFOD2,9606.ENSP00000228922,0.007821042,-1
PSMD9,9606.ENSP00000440485,0.0078208335,-1
RGS13,9606.ENSP00000442837,0.007816193,-1
HNRNPA1L2,9606.ENSP00000350090,0.0078153005,-1
ELMO3,9606.ENSP00000498602,0.007814106,-1
RANBP9,9606.ENSP00000011619,0.007814033,0
GID4,9606.ENSP00000268719,0.007812976,-1
SORCS2,9606.ENSP00000422185,0.007808401,-1
POLR3H,9606.ENSP00000347345,0.0078055947,-1
CLNK,9606.ENSP00000226951,0.007805161,-1
KBTBD7,9606.ENSP00000368797,0.007804227,-1
DBT,9606.ENSP00000359151,0.0078039765,-1
TSGA13,9606.ENSP00000406047,0.007799008,-1
NUP62CL,9606.ENSP00000361544,0.007797595,-1
SPTSSA,9606.ENSP00000298130,0.00779758,0
SPTLC3,9606.ENSP00000381968,0.0077958205,-1
TRIM43,9606.ENSP00000272395,0.0077953115,-1
GATD3,9606.ENSP00000291577,0.007791584,-1
PGAM1,9606.ENSP00000359991,0.0077875853,0
ASB5,9606.ENSP00000296525,0.0077863624,-1
MTERF1,9606.ENSP00000248643,0.0077858055,-1
IGDCC3,9606.ENSP00000332773,0.007783242,-1
PFKM,9606.ENSP00000496597,0.007780794,-1
RLIM,9606.ENSP00000328059,0.007780444,-1
HOXC10,9606.ENSP00000307321,0.007777618,0
UBE2L5,9606.ENSP00000490225,0.0077767046,-1
RAB5IF,9606.ENSP00000454021,0.0077760606,-1
ZNF207,9606.ENSP00000378165,0.0077736257,0
LYRM2,9606.ENSP00000430025,0.007772089,-1
ANKRD63,9606.ENSP00000399547,0.007771978,-1
GDF1,9606.ENSP00000247005,0.007769136,-1
ZNF334,9606.ENSP00000473194,0.0077602025,-1
DNAJB4,9606.ENSP00000359799,0.007759001,-1
MEIS3,9606.ENSP00000453307,0.007757581,-1
DRC2,9606.ENSP00000312706,0.0077512227,-1
ECE2,9606.ENSP00000350066,0.007749572,-1
CUTC,9606.ENSP00000359507,0.00774782,0
MCCD1,9606.ENSP00000365362,0.0077471086,-1
TRABD2B,9606.ENSP00000476820,0.007746706,-1
LRRC51,9606.ENSP00000496019,0.0077463393,-1
SPZ1,9606.ENSP00000369611,0.0077446057,-1
RBPJL,9606.ENSP00000341243,0.0077437307,-1
CENPV,9606.ENSP00000299736,0.007742293,0
ACAD9,9606.ENSP00000312618,0.0077395034,0
DIPK1C,9606.ENSP00000344331,0.007738954,-1
SELENOK,9606.ENSP00000418813,0.0077371853,0
HOATZ,9606.ENSP00000333845,0.0077367243,-1
CYP21A2,9606.ENSP00000496625,0.0077356664,-1
MOCS1,9606.ENSP00000344794,0.007735567,-1
AMMECR1L,9606.ENSP00000272647,0.007733243,-1
GPBAR1,9606.ENSP00000430886,0.0077328263,-1
ZNF699,9606.ENSP00000467723,0.0077325776,-1
NAPA,9606.ENSP00000263354,0.007732329,0
NEK6,9606.ENSP00000362702,0.0077256104,0
IGF2,9606.ENSP00000391826,0.0077245324,0
DNPH1,9606.ENSP00000230431,0.0077234698,0
FBXO6,9606.ENSP00000365944,0.0077225044,0
USF2,9606.ENSP00000222305,0.00772128,0
CBX6,9606.ENSP00000384490,0.0077191694,-1
ZNF98,9606.ENSP00000350418,0.0077185924,-1
MCOLN2,9606.ENSP00000359640,0.007714438,-1
TBC1D17,9606.ENSP00000221543,0.0077108457,-1
ELOVL7,9606.ENSP00000424123,0.0077092918,-1
ANXA11,9606.ENSP00000398610,0.0077076117,0
RBM18,9606.ENSP00000409315,0.007706437,-1
TM4SF4,9606.ENSP00000305852,0.007704078,-1
SURF4,9606.ENSP00000361057,0.007701479,0
SNX18,9606.ENSP00000342276,0.007699919,0
NHLRC3,9606.ENSP00000368920,0.0076993257,-1
ADCY6,9606.ENSP00000311405,0.007695279,-1
TKTL1,9606.ENSP00000358931,0.0076946085,-1
CFAP298,9606.ENSP00000290155,0.0076945764,-1
MLH1,9606.ENSP00000231790,0.007691817,0
WIPI2,9606.ENSP00000288828,0.007686039,0
ELOVL5,9606.ENSP00000359956,0.0076829786,-1
ZMPSTE24,9606.ENSP00000361845,0.0076799905,0
EWSR1,9606.ENSP00000400142,0.0076795034,0
SPRYD7,9606.ENSP00000354774,0.0076781446,-1
ZMAT5,9606.ENSP00000344241,0.0076781306,-1
NEK5,9606.ENSP00000347767,0.007677905,-1
UBE2D2,9606.ENSP00000381717,0.0076773483,0
SDCBP,9606.ENSP00000428184,0.007675765,0
RND2,9606.ENSP00000466680,0.0076753767,-1
KCNJ12,9606.ENSP00000463778,0.007675304,-1
TRIM49,9606.ENSP00000327604,0.007671703,-1
AK6,9606.ENSP00000370201,0.0076704314,-1
ARL13B,9606.ENSP00000377769,0.007668966,-1
GML,9606.ENSP00000220940,0.0076682325,-1
AKT1S1,9606.ENSP00000375711,0.0076674055,-1
PRR20A,9606.ENSP00000367163,0.0076656346,-1
NPIPA7,9606.ENSP00000431814,0.0076641734,-1
NME3,9606.ENSP00000219302,0.007661487,-1
ZNF841,9606.ENSP00000470746,0.007655782,-1
ARF6,9606.ENSP00000298316,0.0076521034,0
SFN,9606.ENSP00000340989,0.007651835,0
ZNF564,9606.ENSP00000340004,0.0076511977,-1
RFC3,9606.ENSP00000369411,0.007650126,0
ATXN7L3,9606.ENSP00000397259,0.0076454505,-1
VASP,9606.ENSP00000245932,0.007643092,-1
UEVLD,9606.ENSP00000379500,0.0076376623,-1
CHMP4A,9606.ENSP00000476412,0.007635978,0
TEX10,9606.ENSP00000364037,0.00763579,-1
RANBP10,9606.ENSP00000316589,0.007625333,0
SUCLG1,9606.ENSP00000377446,0.007620932,-1
TSPAN9,9606.ENSP00000011898,0.0076207053,-1
PLIN5,9606.ENSP00000371272,0.0076165483,-1
PAFAH1B2,9606.ENSP00000435289,0.0076147895,0
SEC24A,9606.ENSP00000381823,0.0076109637,-1
MIF4GD,9606.ENSP00000463334,0.0076095597,-1
ZDHHC11,9606.ENSP00000283441,0.007607183,-1
B4GALT4,9606.ENSP00000420161,0.007605808,-1
PKP4,9606.ENSP00000374409,0.007603016,0
ZNF836,9606.ENSP00000470239,0.007599178,-1
HNRNPH1,9606.ENSP00000349168,0.007596758,-1
SCN8A,9606.ENSP00000346534,0.0075967475,-1
ARMH1,9606.ENSP00000420716,0.007596456,-1
ATP8B2,9606.ENSP00000500034,0.007594479,-1
ARHGEF19,9606.ENSP00000270747,0.007593926,-1
TMPPE,9606.ENSP00000343398,0.0075908005,-1
SNRPD1,9606.ENSP00000300413,0.0075890687,0
OGFOD3,9606.ENSP00000330075,0.007589058,-1
SSR3,9606.ENSP00000420641,0.0075878045,0
RBM38,9606.ENSP00000348538,0.0075873015,0
STIM1,9606.ENSP00000478059,0.0075859088,0
FCF1,9606.ENSP00000344393,0.007585083,0
GNAL,9606.ENSP00000334051,0.0075850044,-1
DVL2,9606.ENSP00000005340,0.007583709,0
GREB1,9606.ENSP00000370896,0.007583547,-1
MID1IP1,9606.ENSP00000483547,0.007582772,-1
PHYHIPL,9606.ENSP00000362987,0.0075806193,-1
NOMO1,9606.ENSP00000287667,0.0075784894,0
HSPA2,9606.ENSP00000378199,0.0075751906,0
RALGAPB,9606.ENSP00000262879,0.0075725634,-1
GTF2E2,9606.ENSP00000348168,0.007572466,0
SNAP29,9606.ENSP00000215730,0.007569629,0
MBNL1,9606.ENSP00000282486,0.00756917,-1
CST3,9606.ENSP00000381448,0.0075644217,0
TMSB10,9606.ENSP00000233143,0.0075594196,0
ZNF823,9606.ENSP00000340683,0.0075561684,-1
ABLIM3,9606.ENSP00000425394,0.0075516747,-1
C9orf152,9606.ENSP00000383456,0.007546251,-1
ZNF415,9606.ENSP00000439435,0.0075451625,-1
PSAP,9606.ENSP00000378394,0.00754311,0
SLC38A4,9606.ENSP00000266579,0.007538149,-1
TRIM51,9606.ENSP00000395086,0.0075372434,-1
MICAL3,9606.ENSP00000416015,0.007536084,-1
PNPO,9606.ENSP00000493302,0.007532922,-1
WDR1,9606.ENSP00000427687,0.0075282487,-1
ATOH8,9606.ENSP00000304676,0.007525411,-1
SRRM4,9606.ENSP00000267260,0.0075248866,-1
CSNK1D,9606.ENSP00000381531,0.007524122,0
MRPS21,9606.ENSP00000461930,0.007522298,-1
SVIP,9606.ENSP00000346130,0.007521971,-1
GOSR1,9606.ENSP00000225724,0.0075143636,-1
PTK6,9606.ENSP00000442460,0.007511242,0
PADI4,9606.ENSP00000364597,0.007510837,-1
CNGA3,9606.ENSP00000272602,0.007508961,-1
RSBN1L,9606.ENSP00000334040,0.0075083277,-1
EDDM3A,9606.ENSP00000315098,0.0075071487,-1
IMPACT,9606.ENSP00000284202,0.007506367,-1
XPO4,9606.ENSP00000255305,0.0075061144,-1
MCCC2,9606.ENSP00000343657,0.007505933,0
E2F5,9606.ENSP00000398124,0.0075052055,-1
SPATA31D1,9606.ENSP00000341988,0.007496547,-1
GNG2,9606.ENSP00000334448,0.0074962564,-1
DHDDS,9606.ENSP00000353104,0.0074902126,-1
MYH2,9606.ENSP00000380367,0.007488143,-1
TAGAP,9606.ENSP00000356033,0.007482383,-1
VPS13B,9606.ENSP00000351346,0.0074805566,-1
OSTF1,9606.ENSP00000340836,0.007473154,-1
BMP2K,9606.ENSP00000334836,0.007468532,-1
AGPAT5,9606.ENSP00000285518,0.0074683307,-1
ECI2,9606.ENSP00000369461,0.0074647977,-1
KLF15,9606.ENSP00000296233,0.007463917,-1
RAP2C,9606.ENSP00000359911,0.007461134,-1
GTPBP1,9606.ENSP00000216044,0.007460262,0
GABARAP,9606.ENSP00000306866,0.0074567995,0
UBE2K,9606.ENSP00000261427,0.0074567115,0
CYP27B1,9606.ENSP00000228606,0.0074556665,0
TMED7,9606.ENSP00000405926,0.0074524386,0
CELF1,9606.ENSP00000436864,0.007451112,0
LMNTD1,9606.ENSP00000407353,0.0074510598,-1
POTEE,9606.ENSP00000439189,0.007449113,-1
USP53,9606.ENSP00000409906,0.007448835,-1
DND1,9606.ENSP00000445366,0.007448105,-1
YARS2,9606.ENSP00000320658,0.007447214,-1
ARL17A,9606.ENSP00000337478,0.0074464413,-1
TRIM3,9606.ENSP00000433102,0.00744457,-1
ARF1,9606.ENSP00000440005,0.0074378606,0
PPP1CC,9606.ENSP00000341779,0.0074348804,0
MYO6,9606.ENSP00000358994,0.007430901,-1
TSC2,9606.ENSP00000219476,0.0074308445,0
KTI12,9606.ENSP00000360676,0.007428292,-1
GSTT4,9606.ENSP00000492273,0.0074242107,-1
CUX2,9606.ENSP00000261726,0.0074234065,-1
ZDHHC22,9606.ENSP00000318222,0.007420624,-1
PHPT1,9606.ENSP00000247665,0.0074196476,-1
TAF15,9606.ENSP00000474096,0.007416123,-1
CLRN2,9606.ENSP00000424711,0.0074138697,-1
ACOT11,9606.ENSP00000360366,0.007412783,-1
PRODH2,9606.ENSP00000301175,0.007412105,-1
RAP1B,9606.ENSP00000250559,0.007411506,-1
BLTP1,9606.ENSP00000264501,0.007410621,-1
SMOX,9606.ENSP00000478305,0.0074076434,-1
RNF4,9606.ENSP00000426503,0.0074075493,0
NUDT14,9606.ENSP00000376349,0.0074035227,-1
HOMER2,9606.ENSP00000305632,0.0073989085,-1
KHDRBS3,9606.ENSP00000348108,0.007396948,-1
RELL1,9606.ENSP00000398778,0.0073960903,-1
GPSM2,9606.ENSP00000385510,0.0073941126,0
PLSCR1,9606.ENSP00000345494,0.00739323,0
WTIP,9606.ENSP00000466953,0.007392286,-1
FAM83B,9606.ENSP00000304078,0.0073907813,-1
FAM86B2,9606.ENSP00000262365,0.007389833,-1
DHX33,9606.ENSP00000225296,0.00738983,-1
SSBP1,9606.ENSP00000419665,0.0073887594,0
ZNF273,9606.ENSP00000418719,0.0073849936,-1
ENC1,9606.ENSP00000499185,0.0073834914,-1
MVD,9606.ENSP00000301012,0.007381143,-1
MOCS2,9606.ENSP00000380157,0.007378296,-1
GGCX,9606.ENSP00000233838,0.0073766275,-1
PABIR1,9606.ENSP00000377807,0.0073766033,0
PTRHD1,9606.ENSP00000330389,0.0073749837,-1
FAM241B,9606.ENSP00000362376,0.007374973,-1
ZNF226,9606.ENSP00000465121,0.0073734648,-1
CLIC5,9606.ENSP00000185206,0.00737045,-1
SH2D4B,9606.ENSP00000345295,0.0073681516,-1
NABP2,9606.ENSP00000369545,0.007364738,0
MAPK6,9606.ENSP00000261845,0.007364602,-1
KCNB1,9606.ENSP00000360806,0.0073558264,-1
NOVA2,9606.ENSP00000263257,0.0073525473,-1
PACRGL,9606.ENSP00000423881,0.0073515447,-1
GOLGA8K,9606.ENSP00000426691,0.007346358,-1
SLC6A6,9606.ENSP00000481625,0.007343038,-1
NHLRC4,9606.ENSP00000410858,0.0073416797,-1
PLEKHO2,9606.ENSP00000326706,0.0073397644,-1
KCNA1,9606.ENSP00000371985,0.0073332787,-1
ANAPC13,9606.ENSP00000421842,0.007333083,0
SHROOM1,9606.ENSP00000367950,0.0073328135,-1
FGFR1,9606.ENSP00000393312,0.0073310365,0
SPATA19,9606.ENSP00000299140,0.0073303697,-1
ARCN1,9606.ENSP00000264028,0.0073302,0
RPL23,9606.ENSP00000420311,0.0073296134,0
TGIF2LX,9606.ENSP00000453704,0.0073269014,-1
NOL10,9606.ENSP00000371101,0.007326187,-1
SH3GL2,9606.ENSP00000369981,0.0073253647,-1
COX6A1,9606.ENSP00000229379,0.00732378,0
ETFB,9606.ENSP00000346173,0.0073236832,0
ACAD8,9606.ENSP00000281182,0.0073227296,-1
ANKRD53,9606.ENSP00000353796,0.0073211114,0
FNDC4,9606.ENSP00000264703,0.0073210667,-1
SCRG1,9606.ENSP00000296506,0.0073198294,-1
SHISA3,9606.ENSP00000326445,0.007317785,-1
C14orf132,9606.ENSP00000490925,0.007313789,-1
SEC14L3,9606.ENSP00000215812,0.0073133945,-1
ZNF565,9606.ENSP00000376013,0.007312945,-1
HOGA1,9606.ENSP00000359680,0.0073122727,-1
FAM168A,9606.ENSP00000064778,0.007307063,0
ARL5A,9606.ENSP00000295087,0.007306398,0
ATP6V1F,9606.ENSP00000417378,0.007303902,0
YWHAG,9606.ENSP00000306330,0.0073031406,0
GKN1,9606.ENSP00000501093,0.0073018065,-1
MACROH2A2,9606.ENSP00000362352,0.0073011294,-1
SLC38A8,9606.ENSP00000299709,0.007301032,-1
RHOH,9606.ENSP00000371219,0.0072965305,-1
TSPAN3,9606.ENSP00000267970,0.007295349,0
DARS1,9606.ENSP00000264161,0.0072950213,-1
TRIM43B,9606.ENSP00000492719,0.007294162,-1
RLIG1,9606.ENSP00000349358,0.0072933296,-1
BEND5,9606.ENSP00000360899,0.0072919144,-1
WDR54,9606.ENSP00000006526,0.007286356,-1
CTNND2,9606.ENSP00000307134,0.007284411,-1
HNRNPH2,9606.ENSP00000361927,0.007278954,0
KRABD4,9606.ENSP00000345797,0.0072764354,-1
TIMM23,9606.ENSP00000464522,0.007274931,-1
CCT2,9606.ENSP00000299300,0.007274181,0
TPRA1,9606.ENSP00000498161,0.007272301,0
SNX12,9606.ENSP00000481314,0.0072692707,0
CAB39L,9606.ENSP00000479669,0.0072691753,-1
VMP1,9606.ENSP00000262291,0.007268635,-1
RIF1,9606.ENSP00000243326,0.007268098,-1
RTN1,9606.ENSP00000267484,0.0072676716,-1
ZNF723,9606.ENSP00000494306,0.007265577,-1
FBXO27,9606.ENSP00000292853,0.007265535,-1
MRPS14,9606.ENSP00000420714,0.007263692,0
ZBTB14,9606.ENSP00000349503,0.0072635477,-1
MAP3K3,9606.ENSP00000354927,0.007261347,0
ZNF789,9606.ENSP00000331927,0.0072609833,-1
FAM72A,9606.ENSP00000356096,0.007259883,-1
SCN3A,9606.ENSP00000283254,0.007257953,-1
PPP2R5C,9606.ENSP00000412324,0.0072549633,0
PMS1,9606.ENSP00000406490,0.0072544143,0
C2CD4A,9606.ENSP00000347712,0.0072526876,-1
ZNF557,9606.ENSP00000252840,0.007246911,-1
LPCAT4,9606.ENSP00000317300,0.0072465683,-1
RHOG,9606.ENSP00000339467,0.007244832,-1
ARL6IP6,9606.ENSP00000315357,0.0072445273,-1
ZNF480,9606.ENSP00000471754,0.007242288,-1
PKIA,9606.ENSP00000379696,0.00724198,0
PTPN6,9606.ENSP00000391592,0.007240441,0
EFR3B,9606.ENSP00000384081,0.0072316816,-1
ATP2B4,9606.ENSP00000350310,0.007231162,0
CHST4,9606.ENSP00000341206,0.007227123,-1
RERE,9606.ENSP00000338629,0.0072265454,0
MRPL13,9606.ENSP00000306548,0.0072262203,-1
MPP1,9606.ENSP00000358547,0.00722517,-1
ZNF254,9606.ENSP00000349494,0.0072207623,-1
ZNF43,9606.ENSP00000350085,0.0072184457,-1
RRP7A,9606.ENSP00000321449,0.0072183465,0
PIGM,9606.ENSP00000357069,0.0072149746,-1
SCAMP4,9606.ENSP00000316007,0.007213946,-1
SNAP91,9606.ENSP00000400459,0.0072132056,-1
EBLN1,9606.ENSP00000473842,0.0072117443,-1
ISG20L2,9606.ENSP00000323424,0.0072084465,-1
VPS9D1,9606.ENSP00000374037,0.007206573,-1
BAIAP2L2,9606.ENSP00000371085,0.0072058537,-1
CYP1A1,9606.ENSP00000378488,0.007204578,0
SEC61A2,9606.ENSP00000298428,0.007203159,-1
ARPP19,9606.ENSP00000454341,0.0072016316,0
BTF3,9606.ENSP00000369965,0.0072016283,0
ARHGAP6,9606.ENSP00000338967,0.007198462,-1
ABHD12,9606.ENSP00000365725,0.007194745,0
TRMU,9606.ENSP00000496496,0.007194735,-1
FBXW11,9606.ENSP00000265094,0.007194027,0
ZFAND3,9606.ENSP00000287218,0.007192436,0
RPS27A,9606.ENSP00000272317,0.0071924287,0
ZNF101,9606.ENSP00000468049,0.0071892934,-1
KLHL5,9606.ENSP00000423897,0.007189042,-1
ZNF75A,9606.ENSP00000459566,0.007188021,-1
ETS1,9606.ENSP00000376436,0.007187695,0
TRAM1,9606.ENSP00000262213,0.007187048,0
CCDC73,9606.ENSP00000335325,0.0071863397,-1
ZFP91,9606.ENSP00000339030,0.007184752,0
UFSP1,9606.ENSP00000373413,0.007184367,-1
TMCC2,9606.ENSP00000350718,0.0071834563,-1
CSNK1E,9606.ENSP00000380044,0.007182551,-1
LRP3,9606.ENSP00000253193,0.007180763,-1
FBXL2,9606.ENSP00000417601,0.0071798894,-1
ARHGEF10,9606.ENSP00000431012,0.007179482,0
FAM86B1,9606.ENSP00000407067,0.0071785804,-1
A1CF,9606.ENSP00000378868,0.007173638,-1
GOLGA8J,9606.ENSP00000456401,0.0071723335,-1
SND1,9606.ENSP00000346762,0.0071719643,0
ZNF718,9606.ENSP00000480556,0.0071706604,-1
ATP5ME,9606.ENSP00000306003,0.007168291,0
PHACTR4,9606.ENSP00000362942,0.0071593304,0
NME1,9606.ENSP00000337060,0.007159263,0
UQCRH,9606.ENSP00000309565,0.0071580014,0
ARL2,9606.ENSP00000246747,0.0071551013,0
MBD3L1,9606.ENSP00000471575,0.0071540102,-1
BAHCC1,9606.ENSP00000462154,0.007151796,-1
ATIC,9606.ENSP00000236959,0.007148933,-1
USP3,9606.ENSP00000369681,0.007145116,-1
NAGS,9606.ENSP00000293404,0.007143922,-1
CALU,9606.ENSP00000438248,0.0071405233,-1
CAMTA2,9606.ENSP00000412886,0.007139783,-1
TMEM179B,9606.ENSP00000333697,0.007139205,-1
TPPP3,9606.ENSP00000462435,0.0071321856,-1
CNNM4,9606.ENSP00000366275,0.0071291467,-1
P4HA1,9606.ENSP00000263556,0.007129056,-1
CD59,9606.ENSP00000498879,0.00712889,0
SHROOM3,9606.ENSP00000296043,0.0071278648,-1
PMIS2,9606.ENSP00000492557,0.0071264813,-1
DNAJB7,9606.ENSP00000307197,0.0071207746,-1
PCBD1,9606.ENSP00000299299,0.007120232,0
RTP1,9606.ENSP00000311712,0.0071186335,-1
SACS,9606.ENSP00000371729,0.0071115163,-1
OTOP3,9606.ENSP00000464577,0.0071094627,-1
LINGO4,9606.ENSP00000357810,0.0071092537,-1
NT5C,9606.ENSP00000245552,0.0071071405,-1
PPP1R2B,9606.ENSP00000490297,0.0071066227,-1
MGAT4B,9606.ENSP00000338487,0.0071053775,-1
RXRB,9606.ENSP00000363817,0.0071016713,0
LTAP1,9606.ENSP00000357507,0.0070997146,-1
THAP4,9606.ENSP00000385006,0.0070989826,0
PTPRH,9606.ENSP00000365528,0.007098001,-1
CUL1,9606.ENSP00000326804,0.0070963847,0
TAF8,9606.ENSP00000362068,0.007087516,-1
MRPL23,9606.ENSP00000380466,0.007087007,0
CMYA5,9606.ENSP00000394770,0.0070865173,-1
DOLK,9606.ENSP00000361667,0.007085839,-1
HMGN4,9606.ENSP00000366798,0.0070852223,0
UQCR10,9606.ENSP00000332887,0.007084826,0
TAP2,9606.ENSP00000364032,0.0070828884,-1
SPAG6,9606.ENSP00000365811,0.007081553,-1
ZDHHC18,9606.ENSP00000363257,0.0070796623,-1
ADCY3,9606.ENSP00000384484,0.0070781307,-1
FAM120C,9606.ENSP00000364324,0.0070780134,-1
ZNF90,9606.ENSP00000410466,0.0070741405,-1
CBX7,9606.ENSP00000216133,0.007073969,-1
NXF1,9606.ENSP00000436679,0.007066515,0
ABI1,9606.ENSP00000365312,0.0070650764,-1
SAE1,9606.ENSP00000270225,0.0070634605,-1
XKR7,9606.ENSP00000477059,0.007059642,-1
EEF1AKMT4-ECE2,9606.ENSP00000384223,0.007054881,-1
TSPAN2,9606.ENSP00000358529,0.0070529175,-1
GOLGA8M,9606.ENSP00000456927,0.0070524467,-1
PTPN11,9606.ENSP00000489597,0.0070517682,0
LRRC40,9606.ENSP00000359990,0.007050574,-1
GOLGA7,9606.ENSP00000350378,0.007049562,-1
TPST2,9606.ENSP00000339813,0.007049538,-1
RSPH14,9606.ENSP00000216036,0.0070486036,-1
DRD3,9606.ENSP00000373169,0.007043566,0
NOXRED1,9606.ENSP00000370215,0.007042333,-1
HCFC1R1,9606.ENSP00000248089,0.007040816,-1
KLHL40,9606.ENSP00000287777,0.0070406757,-1
CDS2,9606.ENSP00000419879,0.007040239,0
ZNF93,9606.ENSP00000342002,0.007038419,-1
ESX1,9606.ENSP00000361669,0.007037796,0
HBS1L,9606.ENSP00000356811,0.0070375386,-1
EIF3A,9606.ENSP00000358140,0.0070359334,0
EXOSC8,9606.ENSP00000374354,0.0070337616,0
TMEM106A,9606.ENSP00000483246,0.007033582,-1
HNRNPU,9606.ENSP00000491215,0.0070298463,0
CDC123,9606.ENSP00000281141,0.00702576,0
NMRK2,9606.ENSP00000480091,0.0070251343,-1
MCTP1,9606.ENSP00000424126,0.007024702,-1
TTC23,9606.ENSP00000377690,0.007021756,-1
MAP2K6,9606.ENSP00000468348,0.007020519,0
CNPY1,9606.ENSP00000317439,0.007017847,-1
POFUT1,9606.ENSP00000364902,0.0070157936,0
LHPP,9606.ENSP00000357835,0.0070154946,-1
PTBP1,9606.ENSP00000349428,0.007014107,-1
ZNF180,9606.ENSP00000221327,0.0070131836,-1
PDE12,9606.ENSP00000309142,0.0070120012,-1
MRPL2,9606.ENSP00000373404,0.00701153,-1
CYP20A1,9606.ENSP00000348380,0.0070100487,-1
GSTO1,9606.ENSP00000358727,0.007008801,0
FAM13B,9606.ENSP00000033079,0.0070050457,-1
GJB5,9606.ENSP00000340811,0.007004479,-1
AUTS2,9606.ENSP00000344087,0.007003858,-1
DNMT3A,9606.ENSP00000264709,0.0070030955,-1
ATP8B4,9606.ENSP00000284509,0.007003016,-1
SPATA31H1,9606.ENSP00000386190,0.0070027774,-1
RFPL4AL1,9606.ENSP00000345151,0.00699928,-1
MTMR1,9606.ENSP00000414178,0.006997825,-1
NSMCE3,9606.ENSP00000330694,0.006994515,-1
HMGN3,9606.ENSP00000482613,0.006994261,0
AKAP17A,9606.ENSP00000324827,0.0069907247,-1
ZNF141,9606.ENSP00000240499,0.006989708,-1
MRPL32,9606.ENSP00000223324,0.006989579,0
STRIP2,9606.ENSP00000249344,0.0069878516,-1
PLA2G15,9606.ENSP00000219345,0.006986959,0
ZNF558,9606.ENSP00000471277,0.006986959,-1
PTBP2,9606.ENSP00000359216,0.0069864495,-1
SMKR1,9606.ENSP00000454370,0.006986105,-1
FRG2,9606.ENSP00000424015,0.0069853505,-1
ZNF525,9606.ENSP00000417696,0.006983519,-1
COPB1,9606.ENSP00000249923,0.0069821766,-1
HES1,9606.ENSP00000232424,0.006979003,0
ARNT,9606.ENSP00000351407,0.0069737975,0
DECR2,9606.ENSP00000219481,0.0069715483,-1
ST7L,9606.ENSP00000350734,0.0069698617,-1
HVCN1,9606.ENSP00000349181,0.00696911,-1
MYH4,9606.ENSP00000255381,0.006967879,-1
PCGF5,9606.ENSP00000337500,0.0069668656,0
METTL9,9606.ENSP00000350874,0.0069631655,0
ATXN7L1,9606.ENSP00000410759,0.0069612404,-1
KALRN,9606.ENSP00000240874,0.0069603967,-1
ARV1,9606.ENSP00000312458,0.0069576083,-1
AEBP2,9606.ENSP00000381840,0.006957477,-1
DARS2,9606.ENSP00000497569,0.006951708,-1
ZFP90,9606.ENSP00000460547,0.0069495253,-1
RFXAP,9606.ENSP00000255476,0.006946949,-1
R3HCC1L,9606.ENSP00000483494,0.006944811,-1
DDX53,9606.ENSP00000368667,0.006943477,-1
ABCC12,9606.ENSP00000311030,0.0069417735,-1
ILK,9606.ENSP00000379975,0.0069413655,0
DCTPP1,9606.ENSP00000322524,0.0069404063,0
PACSIN1,9606.ENSP00000484060,0.006939585,-1
TM4SF1,9606.ENSP00000304277,0.0069379485,-1
C16orf46,9606.ENSP00000299578,0.0069373176,-1
ARL10,9606.ENSP00000308496,0.0069358684,-1
MYH1,9606.ENSP00000226207,0.006935025,-1
UBE2N,9606.ENSP00000316176,0.0069342833,-1
JPT1,9606.ENSP00000348316,0.0069315843,0
CNN2,9606.ENSP00000456436,0.006930396,-1
RIOK3,9606.ENSP00000341874,0.0069292346,0
PM20D2,9606.ENSP00000275072,0.0069289557,-1
GLRA3,9606.ENSP00000274093,0.006927591,-1
DEGS1,9606.ENSP00000316476,0.006926902,0
CCDC43,9606.ENSP00000323782,0.0069266,-1
STK11,9606.ENSP00000324856,0.006918847,0
TTLL9,9606.ENSP00000442515,0.0069185984,-1
TYW3,9606.ENSP00000359904,0.0069126934,-1
RHOC,9606.ENSP00000285735,0.0069109425,0
SPMIP1,9606.ENSP00000490280,0.006910811,-1
RBM12B,9606.ENSP00000382239,0.0068985145,-1
AKIRIN1,9606.ENSP00000392678,0.0068972046,0
AARS2,9606.ENSP00000244571,0.0068967603,-1
ZNF133,9606.ENSP00000439427,0.0068962257,-1
ZNF34,9606.ENSP00000341528,0.006894791,-1
TLE3,9606.ENSP00000452871,0.006894625,0
KXD1,9606.ENSP00000472836,0.006887181,0
ZNF878,9606.ENSP00000447931,0.006883034,-1
ALG14,9606.ENSP00000359224,0.0068826852,-1
ZNF436,9606.ENSP00000313582,0.00688159,-1
VSTM2B,9606.ENSP00000335038,0.0068777725,-1
GLRX3,9606.ENSP00000357633,0.0068761962,0
EDRF1,9606.ENSP00000349244,0.0068756263,-1
NUP98,9606.ENSP00000316032,0.006874125,0
AKAP7,9606.ENSP00000405252,0.0068731746,-1
ARHGAP1,9606.ENSP00000310491,0.006870779,0
DNAAF19,9606.ENSP00000391692,0.0068683526,-1
ZNF514,9606.ENSP00000295208,0.006867965,-1
ABCA2,9606.ENSP00000344155,0.0068660234,-1
NEURL4,9606.ENSP00000382390,0.006865517,-1
TOMM40L,9606.ENSP00000356967,0.006863651,-1
MAP4K5,9606.ENSP00000013125,0.0068634884,-1
RBMY1A1,9606.ENSP00000372154,0.0068632704,-1
OCRL,9606.ENSP00000360154,0.00686187,-1
CWC15,9606.ENSP00000475615,0.0068613724,-1
GPALPP1,9606.ENSP00000368447,0.0068571074,-1
JAGN1,9606.ENSP00000496942,0.0068559353,0
SP4,9606.ENSP00000222584,0.006855721,-1
HINT2,9606.ENSP00000259667,0.006855601,0
ARL16,9606.ENSP00000380635,0.0068541593,-1
ELAVL2,9606.ENSP00000369453,0.00685415,-1
KCNC4,9606.ENSP00000358802,0.006849798,-1
PHOSPHO2,9606.ENSP00000481046,0.0068496815,-1
PRPF4,9606.ENSP00000363313,0.006848741,-1
SPPL3,9606.ENSP00000288680,0.006847395,0
KLHL38,9606.ENSP00000321475,0.0068468926,-1
TARDBP,9606.ENSP00000240185,0.006840877,0
HINT3,9606.ENSP00000229633,0.0068401066,0
GTF2A1,9606.ENSP00000452454,0.0068400903,-1
ETV3L,9606.ENSP00000430271,0.006839543,-1
SH3D19,9606.ENSP00000302913,0.0068394393,-1
BARGIN,9606.ENSP00000401076,0.0068379426,-1
UBE2U,9606.ENSP00000360116,0.006836974,-1
LKAAEAR1,9606.ENSP00000310801,0.006836181,-1
MFHAS1,9606.ENSP00000276282,0.0068357605,-1
CDS1,9606.ENSP00000295887,0.006835444,-1
SHB,9606.ENSP00000366936,0.0068332814,0
SEC14L2,9606.ENSP00000478755,0.0068265926,-1
RPS4Y1,9606.ENSP00000250784,0.00682645,-1
TAPT1,9606.ENSP00000385347,0.006824911,0
DUSP19,9606.ENSP00000346160,0.006819015,-1
USP17L4,9606.ENSP00000485243,0.0068183406,-1
ARRDC2,9606.ENSP00000222250,0.006817853,-1
GABRG3,9606.ENSP00000479113,0.0068176757,-1
RASSF1,9606.ENSP00000349547,0.006815403,0
USP43,9606.ENSP00000285199,0.0068143955,-1
NRM,9606.ENSP00000259953,0.00681322,-1
KLHL7,9606.ENSP00000343273,0.0068114586,-1
ZNF571,9606.ENSP00000333660,0.0068102796,-1
HOXD10,9606.ENSP00000249501,0.006809053,0
NRIP2,9606.ENSP00000337501,0.0068078567,-1
ZNF286A,9606.ENSP00000464218,0.0068042506,-1
C1orf21,9606.ENSP00000235307,0.0068042213,-1
CARNMT1,9606.ENSP00000366030,0.006801982,-1
COPS7A,9606.ENSP00000446039,0.0067996923,-1
KLHL22,9606.ENSP00000331682,0.0067992923,0
CLIC3,9606.ENSP00000419378,0.0067971074,-1
ZFP92,9606.ENSP00000462054,0.0067967335,-1
GHDC,9606.ENSP00000301671,0.00679636,-1
DUSP13B,9606.ENSP00000475626,0.00679413,0
CCDC6,9606.ENSP00000263102,0.006793235,-1
ENPP4,9606.ENSP00000318066,0.0067904782,-1
BCR,9606.ENSP00000303507,0.0067883953,0
KLHL33,9606.ENSP00000341549,0.0067875073,-1
SMTNL2,9606.ENSP00000373964,0.0067872056,-1
ZNF423,9606.ENSP00000455426,0.006782964,-1
THTPA,9606.ENSP00000288014,0.006782848,-1
TRPS1,9606.ENSP00000379065,0.0067814025,-1
RCE1,9606.ENSP00000309163,0.0067788917,-1
SETD3,9606.ENSP00000327436,0.00677851,0
CLPTM1L,9606.ENSP00000313854,0.0067784716,0
SCD5,9606.ENSP00000316329,0.00677685,-1
CZIB,9606.ENSP00000294360,0.006774238,-1
FAM9C,9606.ENSP00000334430,0.0067723193,0
CCDC117,9606.ENSP00000249064,0.006771973,-1
DNLZ,9606.ENSP00000360803,0.0067698597,0
HPS4,9606.ENSP00000381213,0.0067692925,-1
PSMA5,9606.ENSP00000271308,0.006768241,0
UBE2S,9606.ENSP00000264552,0.0067674466,0
TMOD4,9606.ENSP00000295314,0.006766764,-1
SERINC1,9606.ENSP00000342962,0.0067647453,0
RAB23,9606.ENSP00000417610,0.0067629996,-1
EOLA2,9606.ENSP00000359434,0.006762102,-1
MAP4K3,9606.ENSP00000263881,0.0067596943,-1
BOD1L2,9606.ENSP00000467843,0.006759547,-1
SLA,9606.ENSP00000394049,0.0067562433,-1
ARL14EPL,9606.ENSP00000472409,0.006754458,-1
GPATCH2,9606.ENSP00000355902,0.0067526572,-1
ARHGAP18,9606.ENSP00000357131,0.0067513175,-1
RNF215,9606.ENSP00000371800,0.0067506847,-1
ZNF852,9606.ENSP00000389841,0.0067506847,-1
CMC1,9606.ENSP00000418348,0.0067503587,-1
RPS4Y2,9606.ENSP00000486252,0.006748249,-1
SLC5A4,9606.ENSP00000266086,0.006747763,-1
MT-CYB,9606.ENSP00000354554,0.0067472514,-1
ZNF485,9606.ENSP00000363558,0.006745954,-1
EIPR1,9606.ENSP00000381652,0.0067438744,-1
SMPX,9606.ENSP00000368808,0.006742728,-1
IARS1,9606.ENSP00000364794,0.0067425976,-1
ZC2HC1B,9606.ENSP00000237275,0.0067421887,-1
DENND6B,9606.ENSP00000391524,0.0067405826,-1
ZMYM2,9606.ENSP00000479904,0.0067391456,-1
AIF1L,9606.ENSP00000361383,0.0067376103,-1
ERI1,9606.ENSP00000250263,0.006737282,-1
LRRC8D,9606.ENSP00000338887,0.0067349114,-1
INO80C,9606.ENSP00000391457,0.006734456,0
RWDD1,9606.ENSP00000420357,0.006734341,-1
ROMO1,9606.ENSP00000363191,0.0067313714,0
SAMD10,9606.ENSP00000358902,0.006730158,-1
FRRS1L,9606.ENSP00000477141,0.006729769,-1
HOXB2,9606.ENSP00000331741,0.0067269197,-1
SLC35E1,9606.ENSP00000470652,0.0067260023,0
DMRT2,9606.ENSP00000371686,0.006723269,-1
TAF12,9606.ENSP00000263974,0.0067228684,-1
ZNF80,9606.ENSP00000417192,0.0067215916,-1
CNOT9,9606.ENSP00000486540,0.0067213303,0
MTHFD1L,9606.ENSP00000478253,0.006720484,-1
ZNF623,9606.ENSP00000445979,0.006719156,-1
B3GALT6,9606.ENSP00000368496,0.0067189275,-1
FBL,9606.ENSP00000221801,0.006717183,0
SNRPC,9606.ENSP00000244520,0.006716834,0
CALY,9606.ENSP00000252939,0.006716687,-1
KLHL31,9606.ENSP00000359942,0.0067139203,-1
LYPLAL1,9606.ENSP00000355895,0.006713631,-1
FH,9606.ENSP00000355518,0.006709304,-1
ZNF543,9606.ENSP00000322545,0.006704558,-1
PCMTD1,9606.ENSP00000353739,0.006704555,-1
ITSN1,9606.ENSP00000370719,0.006700876,-1
ACTN2,9606.ENSP00000355537,0.006700407,-1
APOBEC3C,9606.ENSP00000355340,0.006697081,-1
THOC3,9606.ENSP00000265097,0.006695467,-1
ZNF589,9606.ENSP00000346729,0.006694461,-1
ZNF175,9606.ENSP00000262259,0.0066937828,-1
MFSD6,9606.ENSP00000376141,0.006691552,-1
B4GALT3,9606.ENSP00000480428,0.0066915033,0
YWHAH,9606.ENSP00000248975,0.006691079,-1
DRD2,9606.ENSP00000354859,0.006690322,0
MTA2,9606.ENSP00000278823,0.0066899983,-1
STX1A,9606.ENSP00000222812,0.006689555,-1
DIP2B,9606.ENSP00000301180,0.0066881673,-1
ZNF584,9606.ENSP00000306756,0.006688015,-1
GOLGA8T,9606.ENSP00000455826,0.0066832146,-1
EBF4,9606.ENSP00000370022,0.0066812397,-1
CCNC,9606.ENSP00000428982,0.0066790753,0
PIGBOS1,9606.ENSP00000484893,0.006678936,-1
HP1BP3,9606.ENSP00000403039,0.006677355,0
SCD,9606.ENSP00000359380,0.0066746734,-1
VGLL3,9606.ENSP00000381436,0.006672037,-1
GOLGA8N,9606.ENSP00000398454,0.006669658,-1
ZNF792,9606.ENSP00000385099,0.0066686277,-1
GIT1,9606.ENSP00000378338,0.0066682203,0
CAMTA1,9606.ENSP00000306522,0.0066680936,0
CRTAC1,9606.ENSP00000359629,0.006666262,-1
YIPF5,9606.ENSP00000274496,0.0066653974,-1
SLC39A13,9606.ENSP00000354689,0.0066649113,0
COX7B,9606.ENSP00000497474,0.0066647725,0
TSPAN10,9606.ENSP00000480492,0.006664526,-1
DNAJC28,9606.ENSP00000479716,0.006664293,-1
MAPK11,9606.ENSP00000333685,0.0066632256,-1
ENO4,9606.ENSP00000345555,0.0066614873,-1
MYH13,9606.ENSP00000404570,0.0066605182,-1
RPS19,9606.ENSP00000470972,0.00666002,0
EPB41L3,9606.ENSP00000343158,0.0066587934,-1
TMEM51,9606.ENSP00000365176,0.006655415,-1
ZNF550,9606.ENSP00000446224,0.0066549117,-1
CACNA1H,9606.ENSP00000334198,0.006651864,-1
IQCJ-SCHIP1,9606.ENSP00000420182,0.0066476273,-1
ZFP3,9606.ENSP00000320347,0.0066447244,-1
TPCN2,9606.ENSP00000294309,0.0066436795,-1
AP4B1,9606.ENSP00000358582,0.0066423807,-1
DSTN,9606.ENSP00000246069,0.006642125,-1
EID2B,9606.ENSP00000317564,0.0066400366,-1
ZNF711,9606.ENSP00000353922,0.0066389358,-1
ZNF703,9606.ENSP00000332325,0.0066383258,0
CAVIN1,9606.ENSP00000349541,0.006637949,-1
PPP1R16A,9606.ENSP00000292539,0.006637402,-1
ACTL10,9606.ENSP00000329647,0.006637251,-1
KLRG2,9606.ENSP00000339356,0.006635176,-1
FUBP3,9606.ENSP00000318177,0.00663461,0
TOMM70,9606.ENSP00000284320,0.0066339765,0
ZNF813,9606.ENSP00000379684,0.0066326847,-1
GET3,9606.ENSP00000466379,0.006632216,-1
LYRM1,9606.ENSP00000379367,0.00663062,-1
TPM2,9606.ENSP00000496494,0.0066302493,-1
IGDCC4,9606.ENSP00000319623,0.0066297096,-1
AADACL4,9606.ENSP00000365395,0.0066281585,-1
CRIP3,9606.ENSP00000361650,0.006627029,-1
VPS4B,9606.ENSP00000238497,0.0066269278,0
USP2,9606.ENSP00000260187,0.0066263564,0
GRK2,9606.ENSP00000312262,0.0066236896,0
VEZF1,9606.ENSP00000462337,0.006623645,0
FAM131A,9606.ENSP00000373360,0.0066226353,-1
TRAPPC4,9606.ENSP00000436005,0.0066225603,-1
DERL1,9606.ENSP00000259512,0.00661953,0
GNG5,9606.ENSP00000359675,0.0066194483,-1
SOX12,9606.ENSP00000347646,0.006619423,-1
FAM72B,9606.ENSP00000358397,0.0066192104,-1
CIRSR,9606.ENSP00000339723,0.006619085,-1
MORF4L2,9606.ENSP00000394417,0.0066173575,0
ORC5,9606.ENSP00000297431,0.0066171815,0
INSYN1,9606.ENSP00000457205,0.0066166082,-1
PLOD3,9606.ENSP00000223127,0.006613782,0
ZNF135,9606.ENSP00000441410,0.0066136373,-1
UQCRFS1,9606.ENSP00000306397,0.006609197,-1
FSIP1,9606.ENSP00000280236,0.006608678,-1
PDHA2,9606.ENSP00000295266,0.006605473,-1
ERVMER34-1,9606.ENSP00000460602,0.0066054035,-1
BLTP3B,9606.ENSP00000279907,0.0066048787,-1
DGKA,9606.ENSP00000377703,0.0066048033,-1
OGFRL1,9606.ENSP00000359464,0.0066020316,-1
FUBP1,9606.ENSP00000359804,0.0066019446,0
CHN2,9606.ENSP00000222792,0.0066009033,-1
PAQR9,9606.ENSP00000341564,0.006599862,-1
LRRC20,9606.ENSP00000348043,0.0065960363,-1
DNAJC21,9606.ENSP00000371451,0.006595624,-1
NAV1,9606.ENSP00000356265,0.0065955142,-1
CLASP2,9606.ENSP00000327760,0.006594531,0
KCNC3,9606.ENSP00000434241,0.006594197,-1
MRPL14,9606.ENSP00000361084,0.006594034,0
KLHL2,9606.ENSP00000424198,0.0065925033,-1
ZNRF4,9606.ENSP00000222033,0.006592419,0
GTPBP2,9606.ENSP00000303997,0.006591258,-1
NMRK1,9606.ENSP00000366007,0.006586925,-1
NUDT5,9606.ENSP00000419628,0.0065862327,-1
NPM2,9606.ENSP00000381032,0.006581757,0
LUZP4,9606.ENSP00000360988,0.006576656,-1
H3-5,9606.ENSP00000339835,0.00657634,0
MYT1,9606.ENSP00000498616,0.006575491,-1
SCP2,9606.ENSP00000360569,0.0065743322,-1
ASDURF,9606.ENSP00000475224,0.0065740263,-1
MPPED1,9606.ENSP00000388137,0.0065734847,-1
H3Y2,9606.ENSP00000497053,0.0065707327,0
ZNF492,9606.ENSP00000413660,0.0065693446,-1
ZBTB7B,9606.ENSP00000406286,0.006569223,-1
HMGB3,9606.ENSP00000359393,0.0065688873,0
ANP32E,9606.ENSP00000463154,0.0065662186,0
ZSCAN2,9606.ENSP00000410198,0.0065661464,-1
TUBGCP3,9606.ENSP00000261965,0.0065624397,0
FJX1,9606.ENSP00000400223,0.0065595554,-1
PPM1H,9606.ENSP00000228705,0.0065577067,-1
MRPL20,9606.ENSP00000341082,0.0065568965,0
RMP24,9606.ENSP00000465517,0.006555163,-1
SLC22A31,9606.ENSP00000474621,0.0065545044,-1
TOMM20L,9606.ENSP00000354204,0.006554225,-1
ZBTB10,9606.ENSP00000387462,0.0065532844,-1
EDEM1,9606.ENSP00000256497,0.006551345,-1
VSTM2A,9606.ENSP00000303108,0.0065511335,-1
RASD2,9606.ENSP00000216127,0.0065498925,-1
KCNJ2,9606.ENSP00000243457,0.00654742,-1
BICC1,9606.ENSP00000362993,0.0065458417,-1
ZSWIM3,9606.ENSP00000255152,0.006545438,-1
ANKRA2,9606.ENSP00000296785,0.006543318,-1
BTBD3,9606.ENSP00000384545,0.006542859,-1
KPNA4,9606.ENSP00000334373,0.006541855,0
VAMP2,9606.ENSP00000418572,0.006540752,0
SMR3A,9606.ENSP00000226460,0.0065365885,-1
KCTD20,9606.ENSP00000362836,0.006535914,0
TMEM232,9606.ENSP00000401477,0.0065356265,-1
ATF7,9606.ENSP00000399465,0.0065338826,-1
EDEM3,9606.ENSP00000318147,0.006533271,-1
MAPK13,9606.ENSP00000211287,0.006532893,-1
SLFN12L,9606.ENSP00000354412,0.006530071,-1
PPP1R2C,9606.ENSP00000490336,0.006529805,-1
IKZF2,9606.ENSP00000412869,0.00652957,-1
TMEM41A,9606.ENSP00000406885,0.0065292637,0
OVCA2,9606.ENSP00000461388,0.0065272194,0
QTRT1,9606.ENSP00000250237,0.0065269717,-1
UBE2H,9606.ENSP00000347836,0.006525747,0
CAB39,9606.ENSP00000258418,0.0065236217,0
LAPTM4B,9606.ENSP00000402301,0.006523071,-1
RNF19B,9606.ENSP00000362555,0.006522935,-1
JADE3,9606.ENSP00000481850,0.006521427,0
KLHL13,9606.ENSP00000419803,0.006519472,0
SLC4A5,9606.ENSP00000251768,0.006518493,-1
PLD5,9606.ENSP00000440896,0.006516813,-1
ZNF19,9606.ENSP00000288177,0.006516289,-1
MAX,9606.ENSP00000351490,0.0065162824,0
RNF113B,9606.ENSP00000267291,0.006515338,-1
FHIT,9606.ENSP00000418582,0.0065151765,-1
PFKFB3,9606.ENSP00000492001,0.0065148096,-1
PDE1A,9606.ENSP00000410309,0.0065137763,-1
SEM1,9606.ENSP00000481021,0.0065129097,0
DCTN6,9606.ENSP00000221114,0.006511413,0
C4orf17,9606.ENSP00000322582,0.0065101422,-1
CDPF1,9606.ENSP00000325301,0.0065099075,-1
MTHFD1,9606.ENSP00000498336,0.0065089827,-1
KHDRBS1,9606.ENSP00000313829,0.0065079867,0
ECRG4,9606.ENSP00000238044,0.0065079285,0
ZSCAN12,9606.ENSP00000354305,0.006506566,-1
HEATR5A,9606.ENSP00000437968,0.006505829,-1
FAM83G,9606.ENSP00000373647,0.0065046973,-1
CCDC107,9606.ENSP00000414964,0.006504396,-1
DTX3L,9606.ENSP00000296161,0.0065033548,0
STAM,9606.ENSP00000366746,0.0065030833,-1
OVOL2,9606.ENSP00000278780,0.006503029,0
MTPN,9606.ENSP00000376800,0.0065021506,0
EHD4,9606.ENSP00000220325,0.006499271,-1
HOMEZ,9606.ENSP00000350049,0.006497602,-1
NMT1,9606.ENSP00000468424,0.00649687,0
ZNF879,9606.ENSP00000414887,0.006494398,-1
ACTN1,9606.ENSP00000377941,0.0064938874,-1
RASGRP4,9606.ENSP00000479844,0.0064868676,-1
VRK2,9606.ENSP00000408002,0.0064843884,-1
ZMYM5,9606.ENSP00000372361,0.0064834114,-1
FLOT1,9606.ENSP00000365569,0.0064824563,-1
DNAL4,9606.ENSP00000216068,0.0064819595,-1
ZNF577,9606.ENSP00000301399,0.006481271,-1
DRC8,9606.ENSP00000355480,0.0064812284,-1
MED11,9606.ENSP00000293777,0.00648102,0
LIN28B,9606.ENSP00000344401,0.006479469,-1
COX20,9606.ENSP00000355486,0.006478005,-1
MSANTD3,9606.ENSP00000480445,0.006477069,-1
RBP7,9606.ENSP00000294435,0.006475979,-1
ATP10A,9606.ENSP00000450480,0.0064755753,-1
CHD9,9606.ENSP00000396345,0.006475532,-1
ZCRB1,9606.ENSP00000266529,0.0064743115,0
COX6A2,9606.ENSP00000287490,0.006473556,-1
TMEM42,9606.ENSP00000306564,0.006470408,0
NUDT15,9606.ENSP00000258662,0.0064678793,0
FBXL14,9606.ENSP00000344855,0.006466418,-1
SPIN1,9606.ENSP00000365019,0.0064652753,0
RPL23A,9606.ENSP00000389103,0.006464553,0
CIAO3,9606.ENSP00000251588,0.006464044,-1
NAGPA,9606.ENSP00000310998,0.00646244,-1
SEC23IP,9606.ENSP00000358071,0.00646187,-1
PFDN1,9606.ENSP00000261813,0.0064615207,0
BBS4,9606.ENSP00000268057,0.006460903,0
PCMT1,9606.ENSP00000497225,0.0064601195,0
ZNF124,9606.ENSP00000440365,0.006459743,-1
PIP5K1B,9606.ENSP00000265382,0.0064584697,-1
RRAS2,9606.ENSP00000256196,0.006457396,-1
ASB14,9606.ENSP00000419199,0.0064572305,-1
RASL10B,9606.ENSP00000474230,0.0064570284,-1
AADACL2,9606.ENSP00000348911,0.0064541665,-1
MAMLD1,9606.ENSP00000414517,0.0064540408,-1
SLC30A3,9606.ENSP00000233535,0.006451311,-1
NKPD1,9606.ENSP00000321976,0.006446453,-1
KBTBD12,9606.ENSP00000385957,0.0064435643,-1
CFAP97D1,9606.ENSP00000415662,0.006443418,-1
EVA1C,9606.ENSP00000300255,0.00644217,-1
MAP3K19,9606.ENSP00000376647,0.0064419624,-1
HS3ST3A1,9606.ENSP00000284110,0.006441642,-1
STOML3,9606.ENSP00000368952,0.0064387918,-1
SNF8,9606.ENSP00000421380,0.006438512,0
DNAJC18,9606.ENSP00000302843,0.0064370227,-1
EID1,9606.ENSP00000431162,0.006436419,0
SHPRH,9606.ENSP00000275233,0.0064361873,-1
VOPP1,9606.ENSP00000285279,0.0064353584,-1
TMEM250,9606.ENSP00000453019,0.006435041,-1
BRSK1,9606.ENSP00000310649,0.0064341202,0
DHRS7,9606.ENSP00000216500,0.006433353,-1
ZNF417,9606.ENSP00000311319,0.0064333277,-1
YPEL4,9606.ENSP00000432648,0.0064305156,-1
CNN1,9606.ENSP00000252456,0.0064291237,-1
EXTL3,9606.ENSP00000220562,0.0064270156,-1
ZNF780B,9606.ENSP00000391641,0.006426988,-1
WSCD1,9606.ENSP00000460825,0.006424635,-1
CT47B1,9606.ENSP00000360360,0.0064221425,-1
LIN9,9606.ENSP00000329102,0.0064213723,0
TSTD3,9606.ENSP00000489733,0.0064191944,-1
SPINK13,9606.ENSP00000421048,0.0064191674,-1
ZBTB2,9606.ENSP00000323183,0.006418045,-1
H3-3A,9606.ENSP00000254810,0.0064168074,0
CTBP1,9606.ENSP00000290921,0.006415662,0
SMIM7,9606.ENSP00000486146,0.0064125443,-1
SNX10,9606.ENSP00000395474,0.0064123007,-1
ZNF385B,9606.ENSP00000386845,0.006411077,-1
GLMN,9606.ENSP00000359385,0.0064094705,-1
SRARP,9606.ENSP00000332162,0.006408729,-1
PKP3,9606.ENSP00000331678,0.006407248,0
ZNF546,9606.ENSP00000339823,0.006406349,-1
DCPH1,9606.ENSP00000356263,0.0064061303,-1
RBM4B,9606.ENSP00000433071,0.0064049345,-1
ATP6V0C,9606.ENSP00000329757,0.0064036115,0
DNAJC6,9606.ENSP00000360108,0.0064032506,-1
GRHL1,9606.ENSP00000324693,0.006402526,-1
MRPL22,9606.ENSP00000431040,0.006397753,0
NDUFAF6,9606.ENSP00000379430,0.0063947286,-1
ATXN7L2,9606.ENSP00000358886,0.0063895015,-1
PPME1,9606.ENSP00000381461,0.0063882573,0
MBNL3,9606.ENSP00000359890,0.0063880696,-1
GLRX2,9606.ENSP00000356410,0.0063863476,0
ZNF573,9606.ENSP00000440464,0.006383943,-1
UQCRQ,9606.ENSP00000367939,0.006383335,0
PSMA2,9606.ENSP00000223321,0.0063815475,0
POLD4,9606.ENSP00000311368,0.0063795256,-1
RASA3,9606.ENSP00000335029,0.00637899,-1
NOSIP,9606.ENSP00000343497,0.0063746185,0
ZNF684,9606.ENSP00000497154,0.0063709375,-1
MBNL2,9606.ENSP00000365861,0.0063706813,-1
PSRC1,9606.ENSP00000358925,0.006366264,0
VAMP8,9606.ENSP00000263864,0.006364062,-1
MSL2,9606.ENSP00000311827,0.0063639027,0
MORN4,9606.ENSP00000307636,0.006363513,-1
RHOJ,9606.ENSP00000316729,0.0063633863,-1
USP21,9606.ENSP00000356981,0.0063613188,-1
KLHL36,9606.ENSP00000456743,0.006360797,-1
NIPSNAP1,9606.ENSP00000216121,0.006359969,-1
CTBP2,9606.ENSP00000311825,0.0063598356,-1
MYO19,9606.ENSP00000479518,0.0063592386,0
CDK3,9606.ENSP00000410561,0.006358387,0
ARL1,9606.ENSP00000261636,0.006358342,0
NUDCD1,9606.ENSP00000239690,0.0063575828,-1
SLAIN2,9606.ENSP00000264313,0.00635674,-1
RPS4X,9606.ENSP00000362744,0.0063555585,0
ARPC3,9606.ENSP00000228825,0.006354908,0
TMA7B,9606.ENSP00000491117,0.0063546007,-1
PPIH,9606.ENSP00000306614,0.006354119,0
SH3GL1,9606.ENSP00000269886,0.006353601,0
PHYHIP,9606.ENSP00000320017,0.006350935,-1
LLGL1,9606.ENSP00000321537,0.0063504926,0
PRR33,9606.ENSP00000491327,0.006349653,-1
TPP2,9606.ENSP00000365220,0.0063494304,0
GRHL2,9606.ENSP00000495564,0.00634562,-1
ZNF682,9606.ENSP00000380351,0.006345277,-1
RIOK1,9606.ENSP00000369162,0.0063446276,-1
PPM1A,9606.ENSP00000327255,0.006343831,0
CNNM3,9606.ENSP00000305449,0.0063383984,-1
PSMC3,9606.ENSP00000481029,0.006337432,0
TNKS,9606.ENSP00000311579,0.0063353367,0
NAT14,9606.ENSP00000205194,0.006328694,-1
ZNF251,9606.ENSP00000292562,0.006328457,0
FSCB,9606.ENSP00000344579,0.00632843,-1
ACTL6B,9606.ENSP00000160382,0.006328331,0
TMEM141,9606.ENSP00000290079,0.006326781,-1
SLC35E4,9606.ENSP00000339626,0.006324461,-1
FAM72C,9606.ENSP00000463032,0.0063244193,-1
MTA1,9606.ENSP00000333633,0.0063221063,-1
C21orf58,9606.ENSP00000291691,0.0063203843,-1
MRPL16,9606.ENSP00000300151,0.0063201026,0
IQCF2,9606.ENSP00000329904,0.0063185305,-1
KHSRP,9606.ENSP00000381216,0.006314479,0
ARHGAP29,9606.ENSP00000260526,0.006314412,-1
YKT6,9606.ENSP00000223369,0.006312534,0
PLEKHA6,9606.ENSP00000272203,0.0063090357,-1
SRP72,9606.ENSP00000495128,0.0063089672,-1
SLC38A7,9606.ENSP00000454646,0.0063089463,-1
PEG10,9606.ENSP00000418944,0.0063079773,-1
SLC16A3,9606.ENSP00000463978,0.0063067516,-1
MRPS16,9606.ENSP00000362036,0.006305452,0
SAR1A,9606.ENSP00000362339,0.0063038296,0
DNM3,9606.ENSP00000347457,0.0063032145,-1
ACOT12,9606.ENSP00000303246,0.0063029695,-1
PRPF40B,9606.ENSP00000448073,0.006300958,-1
PLPPR2,9606.ENSP00000466898,0.0063006827,-1
INPP4B,9606.ENSP00000422793,0.0062997206,-1
ITM2A,9606.ENSP00000362395,0.0062983837,-1
DNAJC24,9606.ENSP00000417548,0.006295398,-1
TCFL5,9606.ENSP00000334294,0.006292871,-1
NAP1L2,9606.ENSP00000362616,0.006292853,-1
CASKIN1,9606.ENSP00000345436,0.006292242,-1
LMAN1L,9606.ENSP00000310431,0.0062912074,-1
SNX14,9606.ENSP00000313121,0.0062898546,-1
CDKAL1,9606.ENSP00000274695,0.0062881797,-1
PEDS1,9606.ENSP00000360715,0.0062880516,-1
KPNA2,9606.ENSP00000438483,0.0062873513,0
CRKL,9606.ENSP00000346300,0.0062872535,0
SPATA16,9606.ENSP00000341765,0.0062859515,-1
FAAP24,9606.ENSP00000466121,0.006285689,-1
SKP1,9606.ENSP00000231487,0.006284332,0
ZNF653,9606.ENSP00000293771,0.006283923,-1
PRPF18,9606.ENSP00000367835,0.006282842,0
PIGL,9606.ENSP00000225609,0.006282842,-1
DROSHA,9606.ENSP00000425979,0.006279509,-1
XPO7,9606.ENSP00000252512,0.0062790574,-1
EZH2,9606.ENSP00000320147,0.0062779323,0
INAFM1,9606.ENSP00000447679,0.006276588,-1
TRABD2A,9606.ENSP00000387075,0.00627582,-1
EOLA1,9606.ENSP00000423099,0.0062757283,-1
POTEG,9606.ENSP00000450853,0.0062754517,-1
POTEB3,9606.ENSP00000483103,0.006274509,-1
MDH1B,9606.ENSP00000363533,0.006272592,-1
ZDHHC12,9606.ENSP00000361748,0.0062712096,-1
NFYB,9606.ENSP00000240055,0.006270684,0
ANKRD37,9606.ENSP00000335147,0.006270595,-1
FAM167B,9606.ENSP00000362684,0.0062689018,-1
PHOSPHO1,9606.ENSP00000406909,0.006267244,-1
UBA52,9606.ENSP00000388107,0.0062669176,0
ARLN,9606.ENSP00000382026,0.0062637883,-1
DUSP22,9606.ENSP00000397459,0.006263711,0
ZNF382,9606.ENSP00000292928,0.0062621087,-1
SCO1,9606.ENSP00000255390,0.006261284,-1
PI4KB,9606.ENSP00000357869,0.0062601063,-1
ZNF214,9606.ENSP00000278314,0.0062577836,-1
LAPTM4A,9606.ENSP00000175091,0.0062574334,0
ATXN3,9606.ENSP00000496695,0.006254511,-1
ALDH4A1,9606.ENSP00000364490,0.0062536746,-1
RAP1A,9606.ENSP00000358723,0.0062535005,0
ADI1,9606.ENSP00000333666,0.0062524895,0
SLC2A8,9606.ENSP00000362469,0.0062519624,0
CILK1,9606.ENSP00000349458,0.0062513524,-1
DPF3,9606.ENSP00000479526,0.0062506055,0
PBX3,9606.ENSP00000362588,0.006250517,-1
POU6F1,9606.ENSP00000330190,0.0062501025,-1
DGKB,9606.ENSP00000385780,0.0062490897,-1
UBLCP1,9606.ENSP00000296786,0.006248782,-1
COX16,9606.ENSP00000374562,0.006246887,-1
STXBP5,9606.ENSP00000321826,0.006246712,-1
RNF130,9606.ENSP00000430237,0.0062459577,-1
VTI1A,9606.ENSP00000376792,0.006243945,-1
EXOC6B,9606.ENSP00000489442,0.006242708,0
VAC14,9606.ENSP00000261776,0.00624267,-1
DUS2,9606.ENSP00000455229,0.006242055,-1
CDH16,9606.ENSP00000299752,0.006240692,-1
ELAVL3,9606.ENSP00000352162,0.006239541,-1
CCNJ,9606.ENSP00000435373,0.006239207,0
LIN28A,9606.ENSP00000363314,0.006237632,-1
EXOSC7,9606.ENSP00000265564,0.0062375516,-1
PRCP,9606.ENSP00000377055,0.0062354472,0
SMIM19,9606.ENSP00000391549,0.0062352675,0
TRIM6,9606.ENSP00000369440,0.0062331785,-1
SCYL2,9606.ENSP00000489123,0.0062324107,0
GNG13,9606.ENSP00000248150,0.0062299604,-1
PEX11G,9606.ENSP00000221480,0.006229783,-1
CACNA1F,9606.ENSP00000365441,0.0062287143,-1
CPA6,9606.ENSP00000297770,0.0062285843,-1
SOS1,9606.ENSP00000384675,0.0062283627,-1
ZNF804B,9606.ENSP00000329638,0.006227103,-1
DNAJC22,9606.ENSP00000446830,0.0062261466,-1
ELK3,9606.ENSP00000228741,0.006226017,-1
MACO1,9606.ENSP00000363463,0.006224386,-1
TDG,9606.ENSP00000376611,0.0062219473,-1
SPIN3,9606.ENSP00000492795,0.0062216055,-1
PXDC1,9606.ENSP00000369636,0.0062206206,-1
SENP8,9606.ENSP00000340505,0.006220213,-1
MRAS,9606.ENSP00000289104,0.0062186755,-1
NSA2,9606.ENSP00000483484,0.006218027,0
MYB,9606.ENSP00000339992,0.0062167393,0
PHF13,9606.ENSP00000366876,0.0062161502,0
COLGALT1,9606.ENSP00000252599,0.006215329,-1
CDC42SE2,9606.ENSP00000427421,0.006214097,-1
TRIM71,9606.ENSP00000373272,0.0062137377,0
ATXN1L,9606.ENSP00000415822,0.006211489,-1
ZNF626,9606.ENSP00000469958,0.006211053,-1
PURG,9606.ENSP00000418721,0.006210548,-1
CDK5RAP3,9606.ENSP00000438886,0.006209858,0
H2BC21,9606.ENSP00000358151,0.0062094587,-1
CT47A1,9606.ENSP00000389513,0.0062081134,-1
ZNF625,9606.ENSP00000394380,0.006207622,-1
THAP8,9606.ENSP00000292894,0.0062063546,-1
PRPS1,9606.ENSP00000361512,0.0062044845,0
ABLIM2,9606.ENSP00000393511,0.006202318,-1
EEF1AKMT4,9606.ENSP00000314295,0.0062014214,-1
TBC1D10C,9606.ENSP00000443654,0.006198269,-1
GLYATL2,9606.ENSP00000287275,0.006196977,-1
ITIH6,9606.ENSP00000218436,0.0061961077,-1
DTWD1,9606.ENSP00000251250,0.0061942525,-1
KCNN4,9606.ENSP00000496939,0.0061934213,-1
PC,9606.ENSP00000498994,0.006191898,-1
PASD1,9606.ENSP00000359382,0.0061917305,-1
FBXL17,9606.ENSP00000437464,0.0061914083,-1
GALNT13,9606.ENSP00000387239,0.006189519,-1
ZSCAN5B,9606.ENSP00000466072,0.0061888713,-1
SH3BP1,9606.ENSP00000497104,0.006188267,-1
VAMP7,9606.ENSP00000262640,0.00618819,-1
SYPL1,9606.ENSP00000011473,0.006188,0
ATF7IP,9606.ENSP00000440440,0.006187003,-1
ZNF502,9606.ENSP00000296091,0.0061864518,-1
RAD51AP2,9606.ENSP00000382030,0.0061846785,-1
H3C1,9606.ENSP00000352252,0.006183506,-1
PREP,9606.ENSP00000499089,0.006183357,0
TPM3,9606.ENSP00000498577,0.0061829495,0
SNRNP200,9606.ENSP00000317123,0.0061828676,-1
DIAPH2,9606.ENSP00000321348,0.006181171,-1
TM9SF1,9606.ENSP00000261789,0.0061808927,-1
SNX27,9606.ENSP00000400333,0.006180451,0
ZCCHC13,9606.ENSP00000345633,0.006180243,-1
ZNF25,9606.ENSP00000302222,0.006178846,-1
RAB4B,9606.ENSP00000470246,0.0061781784,-1
TRIM75,9606.ENSP00000491320,0.0061766645,0
TFG,9606.ENSP00000240851,0.006173949,0
MTMR8,9606.ENSP00000363985,0.0061734347,-1
UBR2,9606.ENSP00000361990,0.0061726794,0
KCNA2,9606.ENSP00000487785,0.0061696144,-1
NAT8L,9606.ENSP00000413064,0.0061695212,-1
ALX1,9606.ENSP00000315417,0.0061686877,-1
STX10,9606.ENSP00000466298,0.006168539,-1
KPNA3,9606.ENSP00000261667,0.0061662183,0
NIPA1,9606.ENSP00000337452,0.0061649852,-1
BTN2A2,9606.ENSP00000349143,0.006164866,0
CHST14,9606.ENSP00000307297,0.006163887,-1
TMPRSS9,9606.ENSP00000497651,0.0061636125,-1
SLC14A2,9606.ENSP00000255226,0.006159078,-1
CDKN3,9606.ENSP00000335357,0.006158818,0
ZMYND19,9606.ENSP00000298585,0.0061562383,0
ANKRD36,9606.ENSP00000498611,0.0061550657,-1
MAPKBP1,9606.ENSP00000393099,0.0061533917,-1
MSLNL,9606.ENSP00000441381,0.006153021,-1
KLHDC8B,9606.ENSP00000327468,0.0061511057,0
ZNF266,9606.ENSP00000498589,0.0061508054,-1
SSR2,9606.ENSP00000295702,0.0061506503,0
NOMO2,9606.ENSP00000477502,0.0061487104,-1
HDAC8,9606.ENSP00000362674,0.00614825,0
SPATS2L,9606.ENSP00000482515,0.006145657,-1
SCNM1,9606.ENSP00000357901,0.0061452063,-1
SUMO1,9606.ENSP00000376077,0.0061450223,0
MIOX,9606.ENSP00000216075,0.0061439266,-1
LANCL3,9606.ENSP00000367882,0.0061422097,-1
MPC2,9606.ENSP00000271373,0.0061409054,0
SPTB,9606.ENSP00000495909,0.0061408184,-1
CDIP1,9606.ENSP00000382508,0.0061405185,-1
PHC2,9606.ENSP00000257118,0.006140152,-1
ARK2C,9606.ENSP00000269439,0.0061395844,-1
ACTR2,9606.ENSP00000367220,0.006139294,0
HACD3,9606.ENSP00000261875,0.0061384323,-1
GFER,9606.ENSP00000248114,0.0061377287,-1
STX17,9606.ENSP00000259400,0.006135161,-1
MOS,9606.ENSP00000310722,0.0061349254,0
RASAL2,9606.ENSP00000356621,0.006132245,0
RALGAPA2,9606.ENSP00000202677,0.006132039,-1
TPM1,9606.ENSP00000351022,0.006130147,-1
MINDY1,9606.ENSP00000354669,0.006129613,-1
LSM8,9606.ENSP00000249299,0.0061295545,-1
RFXANK,9606.ENSP00000305071,0.006129438,-1
MTX1,9606.ENSP00000357360,0.006129392,-1
XPA,9606.ENSP00000364270,0.006129282,-1
SDHAF1,9606.ENSP00000368165,0.0061290376,0
ARHGEF4,9606.ENSP00000316845,0.0061274176,-1
MRPL41,9606.ENSP00000360498,0.0061239214,0
ZNF287,9606.ENSP00000379169,0.0061232075,-1
SMIM8,9606.ENSP00000376603,0.0061230743,-1
APEX1,9606.ENSP00000216714,0.006118149,-1
SRGAP2C,9606.ENSP00000478290,0.0061180275,-1
NFX1,9606.ENSP00000368856,0.0061172964,0
ZNF630,9606.ENSP00000354683,0.0061164037,-1
CETN3,9606.ENSP00000428259,0.0061158706,0
HDDC2,9606.ENSP00000381220,0.0061155288,0
POGLUT3,9606.ENSP00000315386,0.006112162,-1
OTOP2,9606.ENSP00000332528,0.006111886,-1
MAD2L2,9606.ENSP00000235310,0.0061104726,0
VTI1B,9606.ENSP00000450731,0.0061102128,0
B3GNT8,9606.ENSP00000312700,0.0061101457,-1
NUDT8,9606.ENSP00000365883,0.006110105,-1
ZMYM4,9606.ENSP00000322915,0.0061091264,-1
ZNF605,9606.ENSP00000376135,0.0061088717,-1
CACNG8,9606.ENSP00000270458,0.0061086984,-1
ZNF740,9606.ENSP00000409463,0.0061077974,-1
HELT,9606.ENSP00000426033,0.0061061913,-1
H3C15,9606.ENSP00000333277,0.0061059133,-1
CHID1,9606.ENSP00000398722,0.006104299,0
MEAF6,9606.ENSP00000362166,0.0061038015,0
RPS25,9606.ENSP00000435096,0.0061012655,0
PTPDC1,9606.ENSP00000477817,0.0061011002,-1
SGPP1,9606.ENSP00000247225,0.0060991687,-1
STT3A,9606.ENSP00000376472,0.0060991463,-1
NUDT1,9606.ENSP00000380241,0.006098172,-1
DUXA,9606.ENSP00000452398,0.006097753,-1
RNF39,9606.ENSP00000244360,0.006096519,-1
PSMB4,9606.ENSP00000290541,0.006094118,0
ENDOV,9606.ENSP00000429190,0.0060926746,-1
RAP2B,9606.ENSP00000319096,0.006092669,-1
SCP2D1,9606.ENSP00000366645,0.0060883765,-1
ARHGAP11B,9606.ENSP00000392760,0.0060883043,-1
QNG1,9606.ENSP00000365522,0.0060882494,-1
STX16,9606.ENSP00000360183,0.006086712,-1
IPO7,9606.ENSP00000369042,0.006085062,0
VASH2,9606.ENSP00000428324,0.006083165,-1
UCK1,9606.ENSP00000361285,0.0060825595,-1
CSNK1A1,9606.ENSP00000261798,0.006082179,0
CIMIP5,9606.ENSP00000370997,0.0060821148,-1
SCRN2,9606.ENSP00000290216,0.0060811928,-1
C1orf226,9606.ENSP00000413150,0.0060810167,-1
MTM1,9606.ENSP00000359423,0.0060784067,-1
ZNF506,9606.ENSP00000393835,0.006078363,-1
MED15,9606.ENSP00000263205,0.006075984,-1
JAZF1,9606.ENSP00000283928,0.006075653,-1
MAP1A,9606.ENSP00000300231,0.0060747,-1
DMAC1,9606.ENSP00000350961,0.00607432,0
PKD2L1,9606.ENSP00000325296,0.0060717757,-1
TBC1D12,9606.ENSP00000225235,0.0060713324,-1
CLK4,9606.ENSP00000316948,0.006071183,-1
SYS1,9606.ENSP00000243918,0.0060699685,0
LANCL1,9606.ENSP00000388713,0.0060687256,-1
FAM72D,9606.ENSP00000383682,0.0060684495,-1
CAND1,9606.ENSP00000442318,0.006068343,0
ZNF391,9606.ENSP00000244576,0.006067992,-1
EHF,9606.ENSP00000435835,0.0060677654,-1
PPIC,9606.ENSP00000303057,0.0060673943,-1
CHMP4C,9606.ENSP00000297265,0.006067012,0
EMC6,9606.ENSP00000380322,0.006065575,0
AGPAT4,9606.ENSP00000314036,0.006064689,-1
ZNF713,9606.ENSP00000416662,0.0060638096,-1
TEX13D,9606.ENSP00000488696,0.006063568,-1
MAPRE1,9606.ENSP00000364721,0.0060633896,0
PIKFYVE,9606.ENSP00000264380,0.0060621863,-1
TBC1D16,9606.ENSP00000309794,0.006059443,-1
TMEM204,9606.ENSP00000454945,0.0060580303,-1
RREB1,9606.ENSP00000369270,0.0060579637,-1
CELF6,9606.ENSP00000287202,0.006056939,-1
FRMD4A,9606.ENSP00000350032,0.0060568876,-1
NDUFS4,9606.ENSP00000296684,0.006056107,-1
TMEM186,9606.ENSP00000331640,0.0060559544,-1
NLRP5,9606.ENSP00000375063,0.0060559064,0
SYMPK,9606.ENSP00000245934,0.0060550505,-1
RBMXL2,9606.ENSP00000304139,0.0060548894,-1
NDUFS5,9606.ENSP00000362058,0.0060520777,-1
COMT,9606.ENSP00000354511,0.0060509713,0
TDRKH,9606.ENSP00000357812,0.006050105,0
ELAVL1,9606.ENSP00000385269,0.006049726,0
EID2,9606.ENSP00000375073,0.0060463557,0
ZNF566,9606.ENSP00000376010,0.0060460293,-1
CLK3,9606.ENSP00000378505,0.006045909,-1
ANKDD1B,9606.ENSP00000471417,0.006045783,-1
FOXR2,9606.ENSP00000427329,0.0060456223,-1
ZC3H15,9606.ENSP00000338788,0.0060448493,0
RNF11,9606.ENSP00000242719,0.0060437024,0
RNF126,9606.ENSP00000292363,0.00604252,0
RALGPS1,9606.ENSP00000259351,0.006041458,-1
UQCC5,9606.ENSP00000417806,0.006040054,-1
SOHLH2,9606.ENSP00000369210,0.006039476,-1
OXLD1,9606.ENSP00000363873,0.0060394253,-1
CYB5R2,9606.ENSP00000437041,0.006039001,-1
QTRT2,9606.ENSP00000420682,0.0060369493,-1
SNX13,9606.ENSP00000398789,0.0060363337,-1
ATP5MJ,9606.ENSP00000401770,0.0060346923,-1
MTA3,9606.ENSP00000385823,0.0060346667,0
PKLR,9606.ENSP00000339933,0.006034604,-1
GGA3,9606.ENSP00000438085,0.006033537,-1
EVI5,9606.ENSP00000440826,0.006032616,-1
HSPA4,9606.ENSP00000302961,0.0060321246,0
PPP2R5A,9606.ENSP00000261461,0.0060308655,0
MSI1,9606.ENSP00000257552,0.006029863,-1
EDF1,9606.ENSP00000224073,0.006029552,0
EDEM2,9606.ENSP00000363616,0.0060275,-1
CHI3L2,9606.ENSP00000437082,0.0060269316,-1
MKNK2,9606.ENSP00000250896,0.0060267774,-1
BLTP3A,9606.ENSP00000192788,0.0060255947,-1
MAPK3,9606.ENSP00000263025,0.006024901,0
KCTD11,9606.ENSP00000495203,0.0060243416,-1
LZTR1,9606.ENSP00000496779,0.006023656,-1
PBX1,9606.ENSP00000405890,0.0060215807,0
ING3,9606.ENSP00000320566,0.006021446,0
BZW1,9606.ENSP00000394316,0.0060204016,0
SANBR,9606.ENSP00000385579,0.0060201143,-1
CRBN,9606.ENSP00000231948,0.006018194,-1
VAMP3,9606.ENSP00000054666,0.006017281,0
PRPS1L1,9606.ENSP00000424595,0.006016822,-1
ZBTB7A,9606.ENSP00000323670,0.006015365,0
LYSMD1,9606.ENSP00000357904,0.0060141818,-1
ATP5MC2,9606.ENSP00000499883,0.006013791,-1
LLPH,9606.ENSP00000266604,0.006011888,-1
GDI1,9606.ENSP00000394071,0.006011663,0
CCDC121,9606.ENSP00000412150,0.006010289,-1
RPL27,9606.ENSP00000464813,0.0060090814,0
ZNF284,9606.ENSP00000411032,0.006008868,-1
SGTA,9606.ENSP00000221566,0.0060083214,0
NACA2,9606.ENSP00000427802,0.0060081333,-1
SLC16A11,9606.ENSP00000310490,0.0060076267,-1
CCDC85C,9606.ENSP00000369592,0.0060070455,-1
ZACN,9606.ENSP00000334854,0.0060064476,-1
NAB2,9606.ENSP00000300131,0.0060059726,-1
ARID1B,9606.ENSP00000490491,0.006005511,0
GFI1B,9606.ENSP00000344782,0.006005298,0
PURA,9606.ENSP00000332706,0.0060019856,0
HSD17B12,9606.ENSP00000278353,0.006001417,0
CDKL3,9606.ENSP00000265334,0.005999829,0
ZNF883,9606.ENSP00000490059,0.0059994715,-1
IRF2BPL,9606.ENSP00000238647,0.0059993574,0
PLEKHM2,9606.ENSP00000364956,0.0059985677,-1
SS18,9606.ENSP00000414516,0.0059979986,0
L3MBTL4,9606.ENSP00000382976,0.0059976056,-1
MPG,9606.ENSP00000219431,0.0059973216,-1
GJA1,9606.ENSP00000282561,0.005995852,0
IPO13,9606.ENSP00000361418,0.005995358,0
RBMY1D,9606.ENSP00000372127,0.0059946384,-1
GUF1,9606.ENSP00000281543,0.00599423,-1
KCNN2,9606.ENSP00000264773,0.0059940536,-1
NNAT,9606.ENSP00000497164,0.0059898677,-1
CACNA1S,9606.ENSP00000355192,0.0059894705,-1
PEBP1,9606.ENSP00000261313,0.0059877154,0
VGLL4,9606.ENSP00000404251,0.005987199,-1
GSTK1,9606.ENSP00000431049,0.0059870007,0
HAGH,9606.ENSP00000380514,0.0059868614,0
RFX7,9606.ENSP00000501317,0.005986504,-1
UQCRHL,9606.ENSP00000485401,0.005986356,-1
TCEAL7,9606.ENSP00000329794,0.005985094,-1
SPON2,9606.ENSP00000483599,0.005985046,-1
ZNF230,9606.ENSP00000409318,0.005983134,-1
RPP14,9606.ENSP00000412894,0.0059807976,-1
MAML3,9606.ENSP00000421180,0.005978572,-1
TNKS2,9606.ENSP00000360689,0.0059782695,0
ODC1,9606.ENSP00000234111,0.0059781903,0
ZNF730,9606.ENSP00000472959,0.005977726,-1
JUNB,9606.ENSP00000303315,0.0059775985,0
JUND,9606.ENSP00000252818,0.005977445,0
MPZL1,9606.ENSP00000352513,0.0059770537,0
NDUFA5,9606.ENSP00000417142,0.005976691,0
PANK4,9606.ENSP00000498888,0.0059751873,-1
IMPDH1,9606.ENSP00000345096,0.005973916,-1
MAPK14,9606.ENSP00000229795,0.0059720105,0
ANKS1A,9606.ENSP00000353518,0.0059716827,0
ZNF117,9606.ENSP00000282869,0.005971164,-1
POFUT2,9606.ENSP00000339613,0.0059710564,-1
EMC3,9606.ENSP00000245046,0.0059710066,0
ARID1A,9606.ENSP00000320485,0.005968612,0
CYP4B1,9606.ENSP00000360991,0.005968473,-1
TMC7,9606.ENSP00000455041,0.005968075,-1
CMPK1,9606.ENSP00000360939,0.0059670955,0
PFDN2,9606.ENSP00000356989,0.0059664226,0
RBM3,9606.ENSP00000365950,0.0059662643,-1
GJB3,9606.ENSP00000362464,0.005966044,-1
MPC1,9606.ENSP00000354223,0.005964463,-1
HNRNPA1,9606.ENSP00000341826,0.0059641665,0
LONRF1,9606.ENSP00000381298,0.005963482,-1
DMRTB1,9606.ENSP00000360500,0.0059596533,-1
SSBP3,9606.ENSP00000360371,0.0059579387,-1
MEIS2,9606.ENSP00000453793,0.005957532,0
MAP6,9606.ENSP00000307093,0.005957258,-1
ERI2,9606.ENSP00000350651,0.0059570265,-1
COPS9,9606.ENSP00000304147,0.0059566232,-1
FBLL1,9606.ENSP00000473383,0.0059565436,-1
H2BC12,9606.ENSP00000349430,0.005956349,0
USH1G,9606.ENSP00000480279,0.005955606,-1
DIRAS2,9606.ENSP00000364919,0.0059551834,-1
NCKIPSD,9606.ENSP00000294129,0.005954943,-1
SPATA12,9606.ENSP00000335392,0.005954726,-1
EFCAB9,9606.ENSP00000381247,0.0059543992,-1
CHCHD3,9606.ENSP00000389297,0.0059531736,-1
ZNF503,9606.ENSP00000361602,0.005953027,0
EZH1,9606.ENSP00000404658,0.005952615,-1
ATP1B4,9606.ENSP00000218008,0.005952567,-1
CYP19A1,9606.ENSP00000379683,0.0059516532,-1
UBL4B,9606.ENSP00000334044,0.0059515685,-1
CLPP,9606.ENSP00000245816,0.0059515145,0
TPM4,9606.ENSP00000494125,0.005950437,0
FBXW10,9606.ENSP00000379025,0.005950144,-1
COPB2,9606.ENSP00000329419,0.0059497207,0
ZNF774,9606.ENSP00000346348,0.0059492695,-1
VAT1,9606.ENSP00000347872,0.005946515,0
UGGT1,9606.ENSP00000259253,0.005944917,-1
ZNF10,9606.ENSP00000248211,0.005944444,-1
HEATR6,9606.ENSP00000184956,0.0059443964,-1
PDS5A,9606.ENSP00000303427,0.0059434352,0
ZNF260,9606.ENSP00000429803,0.00594328,-1
FAM221B,9606.ENSP00000415299,0.0059422967,-1
RPL7,9606.ENSP00000339795,0.005941263,0
H2BK1,9606.ENSP00000495192,0.005939903,-1
ZNF569,9606.ENSP00000325018,0.0059393262,-1
FAM174C,9606.ENSP00000386557,0.0059392783,-1
GPAT2,9606.ENSP00000389395,0.005939056,-1
DOCK2,9606.ENSP00000429283,0.005938034,-1
ITGB1BP1,9606.ENSP00000353850,0.005937449,-1
GOLGA8CP,9606.ENSP00000454322,0.0059365146,-1
MYOT,9606.ENSP00000239926,0.0059355353,-1
ZNF200,9606.ENSP00000395723,0.0059352536,-1
LINC02898,9606.ENSP00000497028,0.0059339595,-1
NXF3,9606.ENSP00000378504,0.0059331954,-1
RRP9,9606.ENSP00000232888,0.005932745,0
BTG4,9606.ENSP00000348300,0.00593274,0
ZNF524,9606.ENSP00000466907,0.0059311423,-1
ARL17B,9606.ENSP00000460539,0.0059304563,-1
KCNA6,9606.ENSP00000280684,0.005928708,-1
H2BC12L,9606.ENSP00000481622,0.005928593,-1
ZNF354B,9606.ENSP00000327143,0.0059273336,-1
ZNF680,9606.ENSP00000309330,0.0059271343,-1
FAM83F,9606.ENSP00000330432,0.00592639,-1
GJB6,9606.ENSP00000494468,0.005925904,-1
TCEANC,9606.ENSP00000440038,0.0059249997,-1
SLC36A3,9606.ENSP00000366942,0.005924758,-1
STX12,9606.ENSP00000363054,0.005924455,0
NR1H2,9606.ENSP00000499121,0.0059241406,0
FAM110D,9606.ENSP00000363386,0.005923902,-1
CEBPZOS,9606.ENSP00000384331,0.0059235394,0
ZNF568,9606.ENSP00000334685,0.005922523,-1
ZDHHC16,9606.ENSP00000377357,0.005919868,-1
MRPL17,9606.ENSP00000288937,0.0059192446,0
ATF2,9606.ENSP00000264110,0.005916782,0
SPATA24,9606.ENSP00000414920,0.0059147016,-1
CMC2,9606.ENSP00000219400,0.005913781,-1
HMGN2,9606.ENSP00000355228,0.0059128064,0
PLEKHB2,9606.ENSP00000385892,0.005909578,-1
RMDN1,9606.ENSP00000385927,0.005909214,0
DBR1,9606.ENSP00000260803,0.0059075616,-1
HMGN1,9606.ENSP00000370125,0.0059070713,-1
ARHGAP30,9606.ENSP00000356992,0.0059067607,-1
HECA,9606.ENSP00000356630,0.005904289,0
TMEM209,9606.ENSP00000380747,0.005903212,-1
YIPF6,9606.ENSP00000417573,0.0059030326,0
EIF2S2,9606.ENSP00000364119,0.0058997544,0
TMEM165,9606.ENSP00000370736,0.005899536,0
VAMP1,9606.ENSP00000379602,0.0058989427,-1
HES3,9606.ENSP00000367130,0.0058966675,-1
PARD6A,9606.ENSP00000219255,0.005896013,0
WASL,9606.ENSP00000223023,0.0058958405,0
NSMAF,9606.ENSP00000411012,0.005894879,-1
HAT1,9606.ENSP00000264108,0.005894695,0
AAMP,9606.ENSP00000403343,0.0058940514,0
PSTK,9606.ENSP00000384653,0.0058930237,-1
INPP5K,9606.ENSP00000413937,0.0058923755,0
ELK4,9606.ENSP00000350681,0.0058921827,-1
TMEM213,9606.ENSP00000390407,0.005891543,-1
ELAVL4,9606.ENSP00000349594,0.0058884025,-1
AMZ1,9606.ENSP00000308149,0.0058876625,-1
ZNHIT1,9606.ENSP00000304593,0.005887236,0
SLC41A3,9606.ENSP00000326070,0.0058865296,0
RIMBP2,9606.ENSP00000261655,0.005885525,-1
MBD4,9606.ENSP00000249910,0.0058831037,-1
ERI3,9606.ENSP00000361331,0.0058830315,0
CNGA4,9606.ENSP00000369268,0.005882898,-1
NEK10,9606.ENSP00000343847,0.0058822446,0
USP17L7,9606.ENSP00000485337,0.0058821617,-1
SMIM1,9606.ENSP00000457386,0.0058818934,-1
PEX19,9606.ENSP00000357051,0.0058813975,-1
MARCHF11,9606.ENSP00000333181,0.0058811796,-1
HMBOX1,9606.ENSP00000430110,0.005880215,-1
TSPAN33,9606.ENSP00000483872,0.005877167,-1
KCNH8,9606.ENSP00000328813,0.0058753225,-1
IK,9606.ENSP00000396301,0.005872602,0
CCDC38,9606.ENSP00000345470,0.00587248,-1
GALNT5,9606.ENSP00000259056,0.005872132,-1
TOMM20,9606.ENSP00000355566,0.005870448,0
ZBED1,9606.ENSP00000370621,0.0058662505,-1
H3-7,9606.ENSP00000499501,0.005865294,0
PRPS2,9606.ENSP00000381504,0.005865007,-1
BEND7,9606.ENSP00000345773,0.0058629867,-1
ZNF716,9606.ENSP00000394248,0.0058616083,-1
RPIA,9606.ENSP00000283646,0.005860947,0
H2BC3,9606.ENSP00000482674,0.0058593573,-1
CSTF2,9606.ENSP00000387996,0.0058583077,-1
YWHAE,9606.ENSP00000264335,0.0058575473,0
TRIM21,9606.ENSP00000254436,0.00585516,0
ZNF341,9606.ENSP00000364346,0.0058547296,-1
LMNB1,9606.ENSP00000261366,0.0058538057,0
PIGP,9606.ENSP00000420037,0.0058529894,-1
ZNF439,9606.ENSP00000305077,0.005852962,-1
HNRNPUL1,9606.ENSP00000375863,0.0058516106,0
TCF4,9606.ENSP00000381382,0.0058507514,-1
LRRC72,9606.ENSP00000384971,0.0058497046,-1
KDM5B,9606.ENSP00000356233,0.005849114,-1
IBA57,9606.ENSP00000355672,0.005848782,-1
SHFL,9606.ENSP00000253110,0.005848169,-1
GJA9,9606.ENSP00000350415,0.005846511,-1
UBE2I,9606.ENSP00000348056,0.0058463067,0
ZSCAN5A,9606.ENSP00000375593,0.005846168,-1
MAPK1,9606.ENSP00000215832,0.005845201,0
H2BW1,9606.ENSP00000354723,0.0058447216,0
P4HB,9606.ENSP00000327801,0.0058440454,0
ZMIZ2,9606.ENSP00000311778,0.005841049,-1
NUDT16,9606.ENSP00000422375,0.0058407993,0
UBA7,9606.ENSP00000333266,0.005840085,-1
CAPZA1,9606.ENSP00000263168,0.005838798,0
RTP5,9606.ENSP00000345374,0.005837934,-1
PFN1,9606.ENSP00000225655,0.005837625,0
IMMP1L,9606.ENSP00000278200,0.0058368277,-1
MXD3,9606.ENSP00000401867,0.0058362414,0
TRNAU1AP,9606.ENSP00000362936,0.0058361944,-1
SKIDA1,9606.ENSP00000410041,0.005835757,-1
PARP11,9606.ENSP00000228820,0.005835237,-1
MAPK12,9606.ENSP00000215659,0.005835187,0
NOMO3,9606.ENSP00000382274,0.0058347,-1
CNOT7,9606.ENSP00000355279,0.0058346195,0
OTULINL,9606.ENSP00000274217,0.0058332505,-1
RPAIN,9606.ENSP00000385814,0.005831434,-1
KMT5A,9606.ENSP00000384629,0.0058311964,0
MTHFD2L,9606.ENSP00000379108,0.0058293864,-1
ZNF799,9606.ENSP00000411084,0.0058284635,-1
NDUFAF3,9606.ENSP00000323076,0.0058281817,0
MARK3,9606.ENSP00000411397,0.0058268337,0
YY2,9606.ENSP00000389381,0.0058259717,-1
TBK1,9606.ENSP00000329967,0.0058246544,0
LSMEM2,9606.ENSP00000315081,0.0058229566,-1
DPAGT1,9606.ENSP00000386597,0.0058220425,-1
AZIN1,9606.ENSP00000337180,0.005820815,0
APH1B,9606.ENSP00000261879,0.0058202627,-1
C3orf18,9606.ENSP00000349732,0.0058201584,-1
RABL2B,9606.ENSP00000378958,0.005819576,-1
FSD1L,9606.ENSP00000417492,0.005819146,-1
RHOBTB2,9606.ENSP00000427926,0.0058182543,-1
TEX52,9606.ENSP00000489863,0.0058167214,-1
TIMM13,9606.ENSP00000215570,0.005814461,0
OXSR1,9606.ENSP00000311713,0.0058143116,0
KCNA10,9606.ENSP00000358786,0.0058139674,-1
CLPX,9606.ENSP00000300107,0.0058138925,0
CCDC169,9606.ENSP00000426174,0.0058138925,-1
ZNF442,9606.ENSP00000242804,0.0058138017,-1
RPL13A,9606.ENSP00000375730,0.0058120685,0
FBXO4,9606.ENSP00000281623,0.0058118314,0
BAIAP2,9606.ENSP00000316338,0.0058112005,-1
CYTIP,9606.ENSP00000264192,0.005810917,-1
TM2D1,9606.ENSP00000475700,0.005810823,-1
CHST7,9606.ENSP00000276055,0.005810691,-1
MACROH2A1,9606.ENSP00000423563,0.005810515,0
TMEM187,9606.ENSP00000358999,0.0058102333,-1
SIDT1,9606.ENSP00000377416,0.005809865,-1
ZBTB5,9606.ENSP00000307604,0.0058038086,-1
ZNF583,9606.ENSP00000388502,0.005802659,-1
ZNF860,9606.ENSP00000373274,0.0058023557,-1
RP1L1,9606.ENSP00000371923,0.0057998835,-1
TTC9,9606.ENSP00000256367,0.0057970267,-1
SPPL2C,9606.ENSP00000332488,0.0057966374,-1
RASL10A,9606.ENSP00000216101,0.0057964385,-1
CMBL,9606.ENSP00000296658,0.00579567,-1
ARHGAP24,9606.ENSP00000378611,0.0057948623,-1
SRSF2,9606.ENSP00000376276,0.0057943123,0
ODAD2,9606.ENSP00000306410,0.0057928297,-1
NDUFC2,9606.ENSP00000281031,0.005792736,0
NCOA3,9606.ENSP00000361066,0.005792407,-1
KLHL1,9606.ENSP00000367075,0.0057921903,-1
CBFB,9606.ENSP00000415151,0.00579101,-1
H2BC26,9606.ENSP00000479284,0.0057896394,-1
HDGFL1,9606.ENSP00000442129,0.005787367,-1
ZNF641,9606.ENSP00000437832,0.00578672,-1
RAD1,9606.ENSP00000371469,0.005783451,0
ZNF572,9606.ENSP00000319305,0.0057832533,-1
PGLYRP2,9606.ENSP00000292609,0.0057831113,-1
KSR2,9606.ENSP00000389715,0.0057830117,-1
ZNF146,9606.ENSP00000400391,0.0057826554,0
ASB8,9606.ENSP00000445622,0.0057818852,-1
ZMIZ1,9606.ENSP00000334474,0.0057799094,0
SRM,9606.ENSP00000366156,0.0057780924,0
PIP5K1A,9606.ENSP00000357883,0.0057775234,-1
DMD,9606.ENSP00000354923,0.005777038,0
UNC13D,9606.ENSP00000207549,0.0057749734,-1
SPAG7,9606.ENSP00000206020,0.005774787,0
ZNF275,9606.ENSP00000359271,0.0057735117,-1
MCRS1,9606.ENSP00000349640,0.00577326,0
UBE2F,9606.ENSP00000478474,0.0057725427,0
WASF2,9606.ENSP00000483313,0.005771041,-1
COQ5,9606.ENSP00000288532,0.0057704854,0
QKI,9606.ENSP00000355094,0.0057680476,-1
EIF4H,9606.ENSP00000265753,0.005766514,0
MORN2,9606.ENSP00000386563,0.005765864,-1
FAM47C,9606.ENSP00000367913,0.0057636253,-1
ADHFE1,9606.ENSP00000379865,0.0057626944,-1
ATPAF2,9606.ENSP00000417190,0.005762631,-1
RSPH9,9606.ENSP00000361238,0.005761885,-1
ZNF184,9606.ENSP00000211936,0.0057606446,-1
SLCO5A1,9606.ENSP00000260126,0.005759406,-1
NCL,9606.ENSP00000318195,0.0057592746,0
GCNT7,9606.ENSP00000482600,0.0057587014,-1
PPIL1,9606.ENSP00000362803,0.0057566096,-1
CPSF6,9606.ENSP00000266679,0.005756386,-1
TBC1D14,9606.ENSP00000386921,0.005756348,-1
TPRN,9606.ENSP00000387100,0.005754362,-1
ZDHHC14,9606.ENSP00000352821,0.005753693,-1
NDST1,9606.ENSP00000261797,0.005753494,0
PDK4,9606.ENSP00000005178,0.005751241,-1
H2BC13,9606.ENSP00000366618,0.0057500475,-1
REXO2,9606.ENSP00000480535,0.005749922,-1
NCOR2,9606.ENSP00000384018,0.005749742,-1
C9orf40,9606.ENSP00000366050,0.005748744,-1
TSGA10IP,9606.ENSP00000484252,0.0057485867,-1
ICA1,9606.ENSP00000403982,0.0057476596,-1
MTSS2,9606.ENSP00000341171,0.005747505,-1
TUSC3,9606.ENSP00000424544,0.005747477,-1
SDHD,9606.ENSP00000364699,0.005745982,0
ZFP36,9606.ENSP00000471239,0.0057458673,-1
NHP2,9606.ENSP00000274606,0.005745614,0
CYB5R3,9606.ENSP00000354468,0.0057452465,0
COX17,9606.ENSP00000261070,0.005745066,0
LMO7,9606.ENSP00000366757,0.005744734,-1
POTEC,9606.ENSP00000351856,0.005744113,-1
RGS14,9606.ENSP00000386229,0.00574328,0
LNX2,9606.ENSP00000325929,0.005742893,-1
INTS6,9606.ENSP00000310260,0.005742384,-1
EIF4EBP1,9606.ENSP00000340691,0.005741804,0
TLK2,9606.ENSP00000316512,0.005739692,0
DNAJC27,9606.ENSP00000264711,0.005739235,-1
DEPP1,9606.ENSP00000298295,0.005738778,-1
MBD2,9606.ENSP00000256429,0.0057383915,0
C1orf216,9606.ENSP00000425166,0.005737679,-1
CPPED1,9606.ENSP00000371193,0.0057372977,-1
RPL35A,9606.ENSP00000495672,0.005737266,0
CNNM2,9606.ENSP00000358894,0.0057332194,-1
BPIFB3,9606.ENSP00000364643,0.005733187,-1
CNOT3,9606.ENSP00000351159,0.00573248,-1
OXA1L,9606.ENSP00000285848,0.0057322187,-1
SNRNP70,9606.ENSP00000472998,0.0057314145,0
GNGT2,9606.ENSP00000421710,0.0057311975,-1
RNF125,9606.ENSP00000217740,0.0057311757,-1
MGRN1,9606.ENSP00000262370,0.005729877,0
FSD1,9606.ENSP00000221856,0.005729614,0
ACOT6,9606.ENSP00000370531,0.0057284324,-1
EEFSEC,9606.ENSP00000254730,0.0057273377,0
SSBP4,9606.ENSP00000270061,0.0057270336,-1
RBMY1B,9606.ENSP00000372484,0.005726477,-1
DCAF8,9606.ENSP00000357052,0.005725679,-1
AP1G1,9606.ENSP00000377148,0.005725014,0
ZNF593,9606.ENSP00000363384,0.0057239686,0
GPN3,9606.ENSP00000442770,0.005721359,0
INO80E,9606.ENSP00000457016,0.0057213483,0
ZNF738,9606.ENSP00000311957,0.0057213265,-1
TCEAL9,9606.ENSP00000496422,0.0057211746,-1
AGPAT1,9606.ENSP00000378877,0.005719363,0
SLC30A6,9606.ENSP00000368648,0.005718313,-1
ZNF843,9606.ENSP00000322899,0.005718216,-1
KLHL23,9606.ENSP00000376419,0.0057163397,-1
RABL2A,9606.ENSP00000387229,0.005716181,-1
RNF166,9606.ENSP00000326095,0.005715552,-1
ZC3H10,9606.ENSP00000257940,0.005715327,-1
SGSH,9606.ENSP00000314606,0.0057147983,-1
ZNF790,9606.ENSP00000349161,0.0057146247,-1
KLHL26,9606.ENSP00000300976,0.0057127397,-1
ZNF69,9606.ENSP00000467286,0.0057122842,-1
ZNF440,9606.ENSP00000305373,0.00571203,-1
ZNF655,9606.ENSP00000393876,0.0057114586,0
COX7A2L,9606.ENSP00000367938,0.005711055,0
FBXO47,9606.ENSP00000367319,0.0057108547,-1
HAPLN4,9606.ENSP00000291481,0.0057102265,-1
DAO,9606.ENSP00000228476,0.005709753,-1
CHCHD2,9606.ENSP00000378812,0.005709214,0
TSPY1,9606.ENSP00000403304,0.00570916,-1
ITFG1,9606.ENSP00000319918,0.0057083205,-1
PSMD12,9606.ENSP00000348442,0.0057070157,0
H2BC11,9606.ENSP00000476136,0.005706686,-1
EPN2,9606.ENSP00000320543,0.0057054716,-1
RASA2,9606.ENSP00000286364,0.00570534,-1
ARMC1,9606.ENSP00000276569,0.0057052206,0
PBK,9606.ENSP00000428489,0.0057041575,0
ZNF44,9606.ENSP00000348419,0.0057039927,-1
EIF2B2,9606.ENSP00000266126,0.0057038064,-1
FARSA,9606.ENSP00000320309,0.0057037435,0
LIN54,9606.ENSP00000341947,0.005702965,-1
RASSF7,9606.ENSP00000380713,0.0057023964,-1
IQSEC3,9606.ENSP00000437554,0.0057022776,-1
ALDH6A1,9606.ENSP00000450436,0.0057020965,-1
PPFIA2,9606.ENSP00000450337,0.0057019372,-1
BAIAP2L1,9606.ENSP00000005260,0.005701886,-1
FAM20A,9606.ENSP00000468308,0.0057017263,-1
UROS,9606.ENSP00000357787,0.005701505,-1
LRTM3,9606.ENSP00000320232,0.005701237,-1
NRSN1,9606.ENSP00000367739,0.005699478,-1
RPS27L,9606.ENSP00000331019,0.005699175,0
CCDC39,9606.ENSP00000417960,0.005699089,-1
SSX4,9606.ENSP00000469011,0.005698489,-1
WDR37,9606.ENSP00000263150,0.005697495,-1
ZNF181,9606.ENSP00000420727,0.005697138,-1
TUBB,9606.ENSP00000339001,0.005696879,0
NDUFB5,9606.ENSP00000259037,0.0056968085,-1
DAZL,9606.ENSP00000250863,0.0056961174,0
TPMT,9606.ENSP00000312304,0.0056959684,-1
PDAP1,9606.ENSP00000222968,0.0056955013,0
PNRC1,9606.ENSP00000336931,0.0056914794,-1
PUM2,9606.ENSP00000338173,0.005691032,0
AKTIP,9606.ENSP00000300245,0.0056903297,-1
DTWD2,9606.ENSP00000425048,0.0056896335,-1
RCC2,9606.ENSP00000364585,0.005689537,0
KAT6A,9606.ENSP00000265713,0.0056842705,-1
AP1G2,9606.ENSP00000312442,0.0056832903,-1
PYGO1,9606.ENSP00000302327,0.005683001,-1
FKRP,9606.ENSP00000326570,0.005681873,-1
LRRC30,9606.ENSP00000372959,0.0056805583,-1
CCDC112,9606.ENSP00000368931,0.005680364,-1
ATP5MF,9606.ENSP00000292475,0.0056786328,0
HS6ST1,9606.ENSP00000259241,0.0056774593,-1
ERVV-2,9606.ENSP00000472919,0.0056773676,-1
ZFP14,9606.ENSP00000270001,0.005677098,-1
NAA25,9606.ENSP00000261745,0.0056767236,-1
TAX1BP3,9606.ENSP00000225525,0.005675608,0
PHACTR3,9606.ENSP00000360054,0.005675505,-1
PAN3,9606.ENSP00000370345,0.0056748614,-1
UBE2M,9606.ENSP00000253023,0.0056745256,0
PDCD6IP,9606.ENSP00000411825,0.005674353,0
CPZ,9606.ENSP00000354255,0.005673874,-1
CCDC90B,9606.ENSP00000434724,0.0056735785,-1
MAN1B1,9606.ENSP00000360645,0.0056734765,-1
TEX15,9606.ENSP00000493555,0.0056732376,0
FAM161B,9606.ENSP00000499021,0.005670196,-1
TMEM190,9606.ENSP00000291934,0.0056700287,-1
DUSP26,9606.ENSP00000256261,0.0056695202,-1
PANX2,9606.ENSP00000379183,0.0056693996,-1
DCAF12L2,9606.ENSP00000353128,0.005669357,-1
PRADC1,9606.ENSP00000258083,0.0056686094,0
PPM1F,9606.ENSP00000263212,0.005666465,-1
PLAGL1,9606.ENSP00000353734,0.00566639,0
GPRIN1,9606.ENSP00000305839,0.0056640534,-1
H3Y1,9606.ENSP00000496014,0.0056639626,0
AOPEP,9606.ENSP00000364464,0.0056638224,-1
ERICH6B,9606.ENSP00000298738,0.0056620236,-1
DUSP2,9606.ENSP00000288943,0.005660343,-1
BNIP5,9606.ENSP00000418983,0.005659527,-1
YBX1,9606.ENSP00000361626,0.005659398,0
IQCF1,9606.ENSP00000307958,0.0056591355,-1
EFHB,9606.ENSP00000295824,0.005658733,-1
CRB2,9606.ENSP00000362734,0.0056582014,-1
FOXS1,9606.ENSP00000365145,0.0056568473,-1
H2BC5,9606.ENSP00000289316,0.00565575,-1
CDC37L1,9606.ENSP00000371278,0.00565501,0
RBM15,9606.ENSP00000358799,0.005654935,-1
PSMB2,9606.ENSP00000362334,0.0056543425,0
JARID2,9606.ENSP00000341280,0.005653739,-1
THOC5,9606.ENSP00000420306,0.0056531443,-1
TRA2B,9606.ENSP00000416959,0.005653053,0
METTL5,9606.ENSP00000260953,0.0056528817,-1
PLPPR3,9606.ENSP00000352962,0.0056522517,-1
DAW1,9606.ENSP00000311899,0.0056520244,-1
PNPLA1,9606.ENSP00000378072,0.0056516384,-1
AARSD1,9606.ENSP00000400870,0.0056509334,0
REP15,9606.ENSP00000310335,0.005650673,-1
TMEM205,9606.ENSP00000346954,0.0056504114,0
ASB7,9606.ENSP00000328327,0.0056499983,0
BPGM,9606.ENSP00000376840,0.0056499555,0
SF3B5,9606.ENSP00000356541,0.0056498805,0
CENPM,9606.ENSP00000215980,0.005649779,0
ZNF697,9606.ENSP00000396857,0.005649725,-1
NUDT9,9606.ENSP00000303575,0.00564962,0
MYO9B,9606.ENSP00000471457,0.0056490554,-1
KLHL17,9606.ENSP00000343930,0.0056489054,-1
SMARCE1,9606.ENSP00000323967,0.005647216,0
ADCYAP1,9606.ENSP00000462647,0.005646305,0
H2BW2,9606.ENSP00000347119,0.0056445147,-1
BIN3,9606.ENSP00000276416,0.005644215,0
KLHL9,9606.ENSP00000351933,0.005643947,0
CACNA1I,9606.ENSP00000385019,0.0056416783,-1
BRD1,9606.ENSP00000410042,0.0056413338,-1
H2BC4,9606.ENSP00000321744,0.005640916,-1
NT5C1B,9606.ENSP00000352904,0.0056400476,-1
EPHX2,9606.ENSP00000430269,0.0056396513,-1
RBBP9,9606.ENSP00000336866,0.0056391135,-1
NDUFS8,9606.ENSP00000315774,0.005637945,0
KCNJ16,9606.ENSP00000465295,0.005636897,-1
DIRAS1,9606.ENSP00000325836,0.0056367265,-1
ERVV-1,9606.ENSP00000473153,0.005636288,-1
SRPRB,9606.ENSP00000418401,0.005633921,0
KLHDC8A,9606.ENSP00000356124,0.0056337984,-1
MAGED4,9606.ENSP00000421861,0.005632375,-1
GASK1A,9606.ENSP00000407301,0.005630722,-1
RGP1,9606.ENSP00000367318,0.0056299,0
ZNF660,9606.ENSP00000324605,0.00562975,-1
PRR23B,9606.ENSP00000328768,0.005628551,-1
ESYT2,9606.ENSP00000499020,0.005628357,0
TFB1M,9606.ENSP00000356134,0.005627676,-1
PCNX4,9606.ENSP00000384801,0.005627407,-1
INSYN2A,9606.ENSP00000429763,0.0056268647,-1
PEX39,9606.ENSP00000386146,0.005626577,-1
NPAS3,9606.ENSP00000348460,0.0056265527,-1
H2BC15,9606.ENSP00000483903,0.005625587,-1
GNG12,9606.ENSP00000360021,0.0056240587,-1
UCKL1,9606.ENSP00000346155,0.0056226645,-1
RAB6D,9606.ENSP00000490038,0.0056225844,-1
PNRC2,9606.ENSP00000497590,0.0056213504,0
HNRNPD,9606.ENSP00000313199,0.005620745,0
STRN,9606.ENSP00000263918,0.0056206603,-1
SNX11,9606.ENSP00000377059,0.0056198738,-1
DPPA5,9606.ENSP00000359396,0.0056194337,-1
RABGEF1,9606.ENSP00000370208,0.00561864,-1
CSE1L,9606.ENSP00000262982,0.005616936,0
H2BC18,9606.ENSP00000445831,0.005615958,-1
AP1AR,9606.ENSP00000274000,0.005615412,-1
ARL4A,9606.ENSP00000379898,0.0056151566,-1
LAMP1,9606.ENSP00000333298,0.0056127612,0
ERLN,9606.ENSP00000463361,0.0056127505,-1
ZNF765,9606.ENSP00000379689,0.005612151,-1
JRK,9606.ENSP00000482410,0.005612085,-1
KMT5C,9606.ENSP00000255613,0.00561094,-1
LLGL2,9606.ENSP00000376333,0.0056104036,0
FBRS,9606.ENSP00000348489,0.0056086695,0
NARS2,9606.ENSP00000281038,0.0056082862,-1
VKORC1,9606.ENSP00000378426,0.0056073316,0
ZNF793,9606.ENSP00000487183,0.0056066858,-1
FER1L5,9606.ENSP00000485238,0.0056062285,-1
SUCLA2,9606.ENSP00000494360,0.005605926,-1
KCNH4,9606.ENSP00000264661,0.005605872,-1
H2BC17,9606.ENSP00000477527,0.0056056646,-1
RCOR3,9606.ENSP00000413929,0.0056037433,-1
DEXI,9606.ENSP00000493467,0.0056026382,0
KIRREL1,9606.ENSP00000352138,0.005601639,-1
ZNF461,9606.ENSP00000467931,0.005601631,-1
DOHH,9606.ENSP00000398882,0.0056015598,-1
ATN1,9606.ENSP00000379915,0.0056011328,0
KAZN,9606.ENSP00000365198,0.0056011085,-1
SFT2D2,9606.ENSP00000271375,0.0055998047,-1
WAS,9606.ENSP00000365891,0.0055974633,-1
TALDO1,9606.ENSP00000321259,0.005596885,0
H2BC9,9606.ENSP00000479169,0.005596316,-1
RBMY1F,9606.ENSP00000250831,0.005595582,-1
CDK7,9606.ENSP00000256443,0.005594481,0
MYCL,9606.ENSP00000380494,0.005592953,-1
PSME4,9606.ENSP00000384211,0.005591808,-1
EXOSC2,9606.ENSP00000361433,0.00559159,-1
AOAH,9606.ENSP00000479664,0.005590514,-1
ACTL8,9606.ENSP00000364555,0.005589226,-1
NAT1,9606.ENSP00000443194,0.0055882186,-1
AKIRIN2,9606.ENSP00000257787,0.005584494,0
MRPL28,9606.ENSP00000497004,0.0055821906,0
RASL11B,9606.ENSP00000248706,0.0055818413,-1
RAMAC,9606.ENSP00000307181,0.0055814497,0
ALG2,9606.ENSP00000417764,0.005581317,-1
CDC42SE1,9606.ENSP00000475845,0.0055811796,0
SLC23A3,9606.ENSP00000406546,0.0055793067,-1
MZT2A,9606.ENSP00000311500,0.0055777426,-1
MARCHF4,9606.ENSP00000273067,0.005576333,-1
ZNF35,9606.ENSP00000379368,0.005575054,-1
KLHL34,9606.ENSP00000368813,0.0055744112,-1
CAVIN2,9606.ENSP00000305675,0.005573048,-1
MYO9A,9606.ENSP00000348349,0.005572152,-1
HACL1,9606.ENSP00000323811,0.0055718687,-1
VPS53,9606.ENSP00000401435,0.005570532,-1
ARPC5,9606.ENSP00000294742,0.0055702655,-1
CCNG1,9606.ENSP00000344635,0.0055694683,0
NIPAL1,9606.ENSP00000295461,0.0055690273,-1
ZNF554,9606.ENSP00000321132,0.0055688396,-1
LCP1,9606.ENSP00000381581,0.005567879,-1
PSMC1,9606.ENSP00000261303,0.005567709,0
DNAJA2,9606.ENSP00000314030,0.00556744,0
ABHD4,9606.ENSP00000414558,0.0055667064,0
SLC66A2,9606.ENSP00000380880,0.005566611,-1
LANCL2,9606.ENSP00000254770,0.0055663837,-1
RAC3,9606.ENSP00000304283,0.00556635,-1
ZNF431,9606.ENSP00000308578,0.0055662966,-1
IDH1,9606.ENSP00000390265,0.005566094,-1
BRD8,9606.ENSP00000254900,0.0055659194,0
NFIB,9606.ENSP00000370340,0.0055631604,0
TIMM10B,9606.ENSP00000254616,0.005562764,0
MTUS1,9606.ENSP00000262102,0.005562727,-1
MORC1,9606.ENSP00000232603,0.0055608572,-1
SGMS2,9606.ENSP00000378176,0.0055608335,-1
USE1,9606.ENSP00000263897,0.0055592516,0
DYNLL1,9606.ENSP00000376297,0.0055589145,0
CARHSP1,9606.ENSP00000379838,0.005558608,-1
OVOL3,9606.ENSP00000487603,0.005558176,-1
ZDHHC2,9606.ENSP00000262096,0.005557343,-1
STX4,9606.ENSP00000317714,0.005556395,0
RBM34,9606.ENSP00000386226,0.005555939,-1
ECHDC2,9606.ENSP00000360577,0.0055539715,-1
DLG5,9606.ENSP00000361467,0.0055538975,-1
RFPL3,9606.ENSP00000249007,0.0055537554,-1
CDK2AP2,9606.ENSP00000301488,0.005553555,0
FAM47E,9606.ENSP00000409423,0.0055531557,-1
EEIG2,9606.ENSP00000359052,0.0055527226,-1
ZNF501,9606.ENSP00000482632,0.005552089,-1
PITPNB,9606.ENSP00000487693,0.0055505172,-1
NDFIP1,9606.ENSP00000253814,0.005547273,-1
TMEM131,9606.ENSP00000186436,0.005546255,0
SHISA4,9606.ENSP00000355064,0.005545035,-1
SSBP2,9606.ENSP00000483921,0.0055449926,-1
SMIM41,9606.ENSP00000493663,0.005544877,-1
POFUT4,9606.ENSP00000361932,0.005544399,-1
PHF21A,9606.ENSP00000398824,0.005544372,-1
ADGRG2,9606.ENSP00000369198,0.005544183,-1
ATP5MC1,9606.ENSP00000377033,0.005544089,0
H2BC14,9606.ENSP00000477907,0.0055427845,-1
DPM3,9606.ENSP00000357384,0.00554156,0
AGAP1,9606.ENSP00000307634,0.005541509,-1
NDUFAF8,9606.ENSP00000400184,0.00553888,0
PPP1R7,9606.ENSP00000234038,0.0055371807,0
CERK,9606.ENSP00000216264,0.0055369628,0
FAM187B,9606.ENSP00000323355,0.0055367686,-1
CRTC1,9606.ENSP00000345001,0.0055364147,-1
ZNF331,9606.ENSP00000253144,0.005536107,-1
ATP11A,9606.ENSP00000420387,0.0055356766,-1
DCAF11,9606.ENSP00000415556,0.0055340305,0
UBE3D,9606.ENSP00000358762,0.005533472,-1
NDUFA8,9606.ENSP00000362873,0.005532019,0
PBDC1,9606.ENSP00000362456,0.0055301194,0
ELOF1,9606.ENSP00000465765,0.0055283546,0
CRAT,9606.ENSP00000315013,0.0055274325,-1
CCDC7,9606.ENSP00000491655,0.0055269473,-1
ANKK1,9606.ENSP00000306678,0.005525037,0
PIGA,9606.ENSP00000369820,0.0055250293,-1
KLHL32,9606.ENSP00000358265,0.0055243373,-1
NYAP2,9606.ENSP00000490942,0.0055240183,-1
CCDC59,9606.ENSP00000256151,0.0055200425,-1
ACOT1,9606.ENSP00000311224,0.0055194437,-1
SLC35A4,9606.ENSP00000424566,0.005518629,0
SNX3,9606.ENSP00000230085,0.0055183317,0
ATG16L1,9606.ENSP00000375873,0.0055162953,-1
FSAF1,9606.ENSP00000355609,0.0055161337,-1
EXOC1L,9606.ENSP00000490760,0.0055148154,-1
INSC,9606.ENSP00000368872,0.0055136182,-1
PHYHD1,9606.ENSP00000309515,0.005510821,-1
EEF1B2,9606.ENSP00000376055,0.0055100266,0
SNRPF,9606.ENSP00000266735,0.0055096135,0
ACTL6A,9606.ENSP00000397552,0.0055092163,0
ACP7,9606.ENSP00000327557,0.005508785,-1
METTL23,9606.ENSP00000482599,0.0055085765,-1
NFKBIL1,9606.ENSP00000365318,0.0055084894,-1
PURB,9606.ENSP00000379051,0.005506839,0
VPS37B,9606.ENSP00000267202,0.0055055916,0
ATP5MC3,9606.ENSP00000284727,0.0055053513,-1
TCL1A,9606.ENSP00000451506,0.00550483,-1
GPSM1,9606.ENSP00000392828,0.0055047637,0
CDY2A,9606.ENSP00000402280,0.005504125,-1
NIP7,9606.ENSP00000254940,0.005503503,-1
RPP30,9606.ENSP00000389182,0.005503294,-1
RFPL4A,9606.ENSP00000392936,0.0055022426,-1
PPP1R14A,9606.ENSP00000301242,0.0055019166,-1
NFIA,9606.ENSP00000360231,0.0054999446,0
PKD2L2,9606.ENSP00000424725,0.0054997467,-1
H2AX,9606.ENSP00000434024,0.005497272,0
GFPT2,9606.ENSP00000253778,0.0054965555,-1
VAPB,9606.ENSP00000417175,0.005496143,-1
CACNA2D2,9606.ENSP00000418081,0.00549484,-1
EVL,9606.ENSP00000376652,0.0054925787,-1
AGBL5,9606.ENSP00000353249,0.0054920656,-1
TMA7,9606.ENSP00000397843,0.0054917173,0
TAF11L12,9606.ENSP00000491758,0.005491183,-1
RIOX1,9606.ENSP00000477507,0.0054899487,-1
PTPRA,9606.ENSP00000369756,0.00548884,-1
RPL30,9606.ENSP00000428085,0.005488741,0
TMEM60,9606.ENSP00000257663,0.0054880828,0
ANKMY1,9606.ENSP00000385887,0.0054879654,-1
ZNF26,9606.ENSP00000333725,0.005486453,-1
C15orf61,9606.ENSP00000342254,0.005486316,-1
VAMP5,9606.ENSP00000305647,0.005485936,0
NAT9,9606.ENSP00000462835,0.005485478,0
MAPK4,9606.ENSP00000383234,0.005484391,-1
COXFA4L3,9606.ENSP00000341610,0.0054842317,-1
ACOX2,9606.ENSP00000307697,0.005483249,-1
SAMSN1,9606.ENSP00000285670,0.00548232,-1
RPS27,9606.ENSP00000499044,0.0054809037,0
DENND5A,9606.ENSP00000328524,0.0054801847,-1
SPSB3,9606.ENSP00000457206,0.0054794303,-1
FAM240A,9606.ENSP00000490556,0.005478976,-1
TAFAZZIN,9606.ENSP00000469981,0.00547836,-1
JAK1,9606.ENSP00000499900,0.0054782717,0
LRRN4CL,9606.ENSP00000325808,0.0054777367,-1
INHA,9606.ENSP00000243786,0.0054776534,0
TTC39C,9606.ENSP00000323645,0.0054774433,-1
UBE2R2,9606.ENSP00000263228,0.005476724,0
MRPL36,9606.ENSP00000423399,0.0054764017,0
ZNF629,9606.ENSP00000262525,0.0054762247,-1
GOSR2,9606.ENSP00000461784,0.005474872,0
HNRNPA0,9606.ENSP00000316042,0.0054741767,0
NPTN,9606.ENSP00000290401,0.00547374,0
TTC23L,9606.ENSP00000422188,0.0054734214,-1
ARFIP2,9606.ENSP00000484121,0.005473379,-1
TRARG1,9606.ENSP00000329548,0.005472762,-1
STIP1,9606.ENSP00000351646,0.0054721907,0
TAF11L2,9606.ENSP00000492047,0.00547149,-1
ZNF467,9606.ENSP00000304769,0.0054714154,-1
C5orf34,9606.ENSP00000303490,0.0054710885,-1
CDY1,9606.ENSP00000302968,0.005469949,-1
PGBD5,9606.ENSP00000375733,0.005467911,-1
PIN1,9606.ENSP00000247970,0.005467382,0
AXIN2,9606.ENSP00000302625,0.005466389,0
FBXW9,9606.ENSP00000376945,0.0054657226,-1
TBPL1,9606.ENSP00000237264,0.0054644393,-1
PTPMT1,9606.ENSP00000325958,0.0054629683,-1
CNOT1,9606.ENSP00000320949,0.0054628043,-1
VSIG1,9606.ENSP00000402219,0.0054618903,-1
TMEM184C,9606.ENSP00000296582,0.0054600127,0
RNF7,9606.ENSP00000273480,0.0054600127,0
METTL21A,9606.ENSP00000272839,0.005459795,-1
CTDSP2,9606.ENSP00000381148,0.0054581896,0
TIMM22,9606.ENSP00000320236,0.005458151,0
NOP10,9606.ENSP00000332198,0.005457564,0
TIMM10,9606.ENSP00000257245,0.005457062,0
ENPP5,9606.ENSP00000360436,0.005456735,-1
TOMM7,9606.ENSP00000351214,0.005456301,0
CNBD1,9606.ENSP00000430073,0.005455763,-1
NFYC,9606.ENSP00000312617,0.005455682,0
DENND2D,9606.ENSP00000350266,0.0054555195,-1
NEK2,9606.ENSP00000355966,0.0054554935,0
ZFP41,9606.ENSP00000428966,0.0054537607,-1
BMAL1,9606.ENSP00000384517,0.0054523842,0
KEAP1,9606.ENSP00000377245,0.005451725,0
SAR1B,9606.ENSP00000385432,0.0054508853,-1
TRIO,9606.ENSP00000339299,0.0054507297,-1
GOLGA8O,9606.ENSP00000423159,0.0054506576,-1
CEMIP,9606.ENSP00000378177,0.005450105,-1
CYRIA,9606.ENSP00000370724,0.0054500764,-1
PNKP,9606.ENSP00000323511,0.0054499027,-1
AP2M1,9606.ENSP00000403362,0.0054490753,0
HNRNPA2B1,9606.ENSP00000346694,0.0054488815,0
FBXL22,9606.ENSP00000353794,0.0054481607,-1
TSFM,9606.ENSP00000313877,0.0054477737,-1
STX5,9606.ENSP00000294179,0.0054473784,0
LIMK2,9606.ENSP00000339916,0.005446833,0
CFAP95,9606.ENSP00000366402,0.0054464224,-1
ISCU,9606.ENSP00000310623,0.0054463116,0
CRLS1,9606.ENSP00000368140,0.0054458156,-1
NAPG,9606.ENSP00000324628,0.005445366,0
GTPBP3,9606.ENSP00000351644,0.005445005,-1
TTC7A,9606.ENSP00000378320,0.0054448494,-1
ATP5F1C,9606.ENSP00000349142,0.005443791,-1
CDK6,9606.ENSP00000265734,0.0054430068,0
MIX23,9606.ENSP00000291458,0.00544297,-1
ATP5PO,9606.ENSP00000290299,0.005442795,0
CLNS1A,9606.ENSP00000433919,0.005442588,0
EBNA1BP2,9606.ENSP00000407323,0.005442583,0
NABP1,9606.ENSP00000403683,0.005441174,0
H1-8,9606.ENSP00000319799,0.005440405,0
PUM3,9606.ENSP00000380982,0.005440271,-1
IMPDH2,9606.ENSP00000321584,0.0054399227,-1
ZFP64,9606.ENSP00000216923,0.0054395436,-1
RPL36,9606.ENSP00000464342,0.0054390426,0
ZNF677,9606.ENSP00000469391,0.0054385345,-1
ARFRP1,9606.ENSP00000483486,0.0054383106,-1
PACSIN2,9606.ENSP00000263246,0.0054364665,0
PNPT1,9606.ENSP00000400646,0.0054360544,-1
PTGES2,9606.ENSP00000345341,0.0054360465,0
LRRIQ4,9606.ENSP00000342188,0.0054360256,-1
SEC22B,9606.ENSP00000463393,0.005435975,-1
DUSP8,9606.ENSP00000380530,0.005434987,-1
ATP5PF,9606.ENSP00000389649,0.005434196,0
ZMYND12,9606.ENSP00000361646,0.005433989,-1
POLR1D,9606.ENSP00000302478,0.005433807,0
MPC1L,9606.ENSP00000489748,0.0054337517,-1
LRRC18,9606.ENSP00000363275,0.005433714,-1
H3-4,9606.ENSP00000355657,0.005433531,-1
HLTF,9606.ENSP00000308944,0.0054311734,-1
SEC22A,9606.ENSP00000310521,0.005429662,-1
FRMD3,9606.ENSP00000303508,0.0054286984,-1
EIF3D,9606.ENSP00000216190,0.005427504,0
CRK,9606.ENSP00000300574,0.0054262225,0
H2BC1,9606.ENSP00000274764,0.005426061,-1
NUBP1,9606.ENSP00000283027,0.0054232846,0
XG,9606.ENSP00000494087,0.0054231687,-1
C1orf53,9606.ENSP00000356363,0.005422994,-1
WIPF3,9606.ENSP00000242140,0.005422045,-1
PSMB1,9606.ENSP00000262193,0.005421798,0
ZFP69B,9606.ENSP00000354547,0.005421644,-1
RPL17,9606.ENSP00000463842,0.005421376,0
CDV3,9606.ENSP00000264993,0.0054213554,0
ZNF516,9606.ENSP00000394757,0.0054183593,-1
PAOX,9606.ENSP00000278060,0.005416008,-1
CLIC4,9606.ENSP00000363500,0.005415883,-1
HES6,9606.ENSP00000272937,0.0054140897,-1
DMRTC1;,9606.ENSP00000334501,0.005413494,-1
METTL18,9606.ENSP00000307975,0.005412791,-1
ZFPM1,9606.ENSP00000326630,0.0054124314,-1
SLC39A4,9606.ENSP00000301305,0.005411846,-1
GUK1,9606.ENSP00000355689,0.0054100654,0
SF3B4,9606.ENSP00000271628,0.005410004,0
USP4,9606.ENSP00000265560,0.005409485,0
RNF181,9606.ENSP00000306906,0.0054094694,0
AMOT,9606.ENSP00000361027,0.005409331,-1
ARL6,9606.ENSP00000419619,0.005409183,-1
EXOC4,9606.ENSP00000253861,0.005409075,0
PTPN7,9606.ENSP00000309116,0.005408462,-1
SLC10A3,9606.ENSP00000263512,0.0054081054,-1
HIC2,9606.ENSP00000387757,0.0054074284,-1
CFAP299,9606.ENSP00000425786,0.005406287,-1
PLEKHA8,9606.ENSP00000397947,0.005405644,-1
PIN4,9606.ENSP00000499466,0.0054048127,0
MBLAC1,9606.ENSP00000381150,0.0054046055,0
LIN37,9606.ENSP00000301159,0.005403706,0
RTF2,9606.ENSP00000023939,0.005403101,0
GNB5,9606.ENSP00000261837,0.005400829,-1
CDCA7,9606.ENSP00000306968,0.0053995526,-1
BRPF1,9606.ENSP00000373340,0.0053993813,-1
CCNJL,9606.ENSP00000377547,0.005399238,0
TRA2A,9606.ENSP00000297071,0.0053988188,0
COX6B2,9606.ENSP00000467266,0.0053986544,-1
FKBP5,9606.ENSP00000444810,0.0053973407,-1
TRAPPC6A,9606.ENSP00000006275,0.0053971945,-1
EIF3CL,9606.ENSP00000370258,0.0053948974,-1
G6PC3,9606.ENSP00000269097,0.0053938124,0
TBC1D30,9606.ENSP00000440207,0.005393784,-1
MYO1A,9606.ENSP00000393392,0.005393715,-1
TMED1,9606.ENSP00000214869,0.005393306,0
TP53I11,9606.ENSP00000436152,0.0053921086,-1
EXOSC4,9606.ENSP00000315476,0.0053920425,0
SPMIP3,9606.ENSP00000311218,0.0053919507,-1
RBPJ,9606.ENSP00000345206,0.005390958,0
MATR3,9606.ENSP00000354346,0.0053908764,-1
TCEAL2,9606.ENSP00000361866,0.0053901915,-1
PBX2,9606.ENSP00000364190,0.0053859185,0
OXCT2,9606.ENSP00000361914,0.005384785,-1
PRSS56,9606.ENSP00000479745,0.0053845607,-1
TMSB4X,9606.ENSP00000370010,0.005384465,0
CDK5RAP1,9606.ENSP00000217372,0.005383559,0
SBNO1,9606.ENSP00000473665,0.005383554,-1
CTU2,9606.ENSP00000456908,0.0053830203,-1
TRO,9606.ENSP00000173898,0.0053822263,-1
CDK9,9606.ENSP00000362361,0.00538193,0
DCAF10,9606.ENSP00000366953,0.0053818636,-1
RPL29,9606.ENSP00000294189,0.005381496,0
ZNF766,9606.ENSP00000409652,0.005380848,-1
YBEY,9606.ENSP00000329614,0.00538071,-1
NEK3,9606.ENSP00000484443,0.005380019,0
QPRT,9606.ENSP00000378782,0.0053796954,-1
PDHA1,9606.ENSP00000369134,0.005377336,0
DNAJB13,9606.ENSP00000344431,0.005377101,-1
RGS18,9606.ENSP00000356430,0.0053764554,-1
TTF1,9606.ENSP00000333920,0.005376369,-1
CCDC47,9606.ENSP00000225726,0.0053759557,0
SCAF11,9606.ENSP00000358374,0.0053759487,-1
RCBTB1,9606.ENSP00000367552,0.005375451,-1
MAT2A,9606.ENSP00000303147,0.005375181,-1
TAF1D,9606.ENSP00000410409,0.005373475,-1
MYRF,9606.ENSP00000278836,0.0053734686,-1
NUPR2,9606.ENSP00000455442,0.005372859,0
AGPAT3,9606.ENSP00000291572,0.005370614,0
MEIS1,9606.ENSP00000272369,0.0053705177,0
MNS1,9606.ENSP00000260453,0.005369728,0
ANAPC7,9606.ENSP00000394394,0.0053690765,0
TMEM121,9606.ENSP00000376304,0.005368908,-1
ZNF446,9606.ENSP00000472802,0.0053687245,-1
WDR45,9606.ENSP00000348848,0.0053685056,-1
FAM193B,9606.ENSP00000422131,0.0053683426,-1
ABHD14A,9606.ENSP00000273596,0.005368333,-1
LYAR,9606.ENSP00000345917,0.0053679864,0
ERICH3,9606.ENSP00000322609,0.005367828,-1
ZNF358,9606.ENSP00000472305,0.0053677163,-1
CATSPERB,9606.ENSP00000256343,0.0053676786,-1
MCUR1,9606.ENSP00000368468,0.00536668,-1
UBQLN3,9606.ENSP00000347997,0.005366622,-1
AK3,9606.ENSP00000371230,0.005365937,0
IRF2,9606.ENSP00000377218,0.005365354,0
PAQR4,9606.ENSP00000321804,0.005364756,-1
ASB15,9606.ENSP00000397655,0.0053640567,-1
ZNF610,9606.ENSP00000383922,0.0053640013,-1
PMVK,9606.ENSP00000357452,0.0053637004,0
TEKT5,9606.ENSP00000283025,0.0053631407,-1
VRK1,9606.ENSP00000216639,0.0053625256,0
ZFAND2B,9606.ENSP00000289528,0.005362236,-1
USP24,9606.ENSP00000294383,0.005361051,-1
VMA21,9606.ENSP00000359386,0.0053601204,0
CTXN2,9606.ENSP00000495988,0.0053598406,-1
TSN,9606.ENSP00000374332,0.0053597745,0
LSM12,9606.ENSP00000466718,0.005359759,0
EBF2,9606.ENSP00000430241,0.0053596324,-1
GNB3,9606.ENSP00000229264,0.0053595454,-1
CATSPERQ,9606.ENSP00000454468,0.00535889,-1
IPO11,9606.ENSP00000386992,0.0053577414,-1
JRKL,9606.ENSP00000333350,0.0053572636,-1
GALNT3,9606.ENSP00000376465,0.0053564147,-1
WTAP,9606.ENSP00000351141,0.005355683,0
RUFY3,9606.ENSP00000370394,0.005355622,-1
VTA1,9606.ENSP00000356602,0.00535543,-1
RASL12,9606.ENSP00000220062,0.0053541693,-1
ATRN,9606.ENSP00000262919,0.0053538345,0
GNG7,9606.ENSP00000371594,0.0053519453,-1
TMEM222,9606.ENSP00000483276,0.005351777,-1
ARSK,9606.ENSP00000369346,0.0053512603,-1
TRIM38,9606.ENSP00000349596,0.005350524,-1
NEMF,9606.ENSP00000298310,0.0053501185,-1
MANF,9606.ENSP00000499582,0.005348814,-1
RPLP1,9606.ENSP00000346037,0.0053487173,0
CACUL1,9606.ENSP00000358147,0.0053486084,0
RAD52,9606.ENSP00000351284,0.0053478875,-1
BLOC1S1,9606.ENSP00000447537,0.0053476593,-1
EGF,9606.ENSP00000265171,0.005347302,0
SRSF1,9606.ENSP00000258962,0.005346572,0
PFN4,9606.ENSP00000322170,0.005346125,-1
TUBB3,9606.ENSP00000320295,0.0053457073,0
DUSP15,9606.ENSP00000278979,0.0053456845,-1
FARS2,9606.ENSP00000316335,0.0053453012,-1
EAF2,9606.ENSP00000273668,0.0053452905,-1
SNAI3,9606.ENSP00000327968,0.0053449343,-1
EXOSC3,9606.ENSP00000323046,0.005344599,-1
HDGFL3,9606.ENSP00000299633,0.0053444603,-1
ERF,9606.ENSP00000222329,0.005344376,-1
TMEM132C,9606.ENSP00000410852,0.0053436537,-1
TOM1L2,9606.ENSP00000368818,0.005343621,0
COA8,9606.ENSP00000386485,0.0053433166,-1
PPM1L,9606.ENSP00000417659,0.005342587,-1
NUDT22,9606.ENSP00000279206,0.0053410893,-1
RPRM,9606.ENSP00000314946,0.0053403624,0
ZC3H4,9606.ENSP00000253048,0.0053401706,-1
FLOT2,9606.ENSP00000378368,0.0053395876,0
VPS4A,9606.ENSP00000254950,0.00533783,0
RUNX3,9606.ENSP00000382800,0.0053374353,0
ZFAND1,9606.ENSP00000220669,0.0053371517,-1
WDR86,9606.ENSP00000419162,0.0053369743,-1
GID8,9606.ENSP00000266069,0.0053363875,0
GBF1,9606.ENSP00000359000,0.005334107,0
PARD6G,9606.ENSP00000343144,0.005332972,0
PWP1,9606.ENSP00000387365,0.0053325193,0
CCND3,9606.ENSP00000362082,0.005332003,0
YIPF4,9606.ENSP00000238831,0.0053312317,-1
CENPBD1P,9606.ENSP00000393854,0.0053301947,-1
RAC1,9606.ENSP00000348461,0.0053301854,0
GYS1,9606.ENSP00000317904,0.0053299423,-1
DDN,9606.ENSP00000390590,0.0053290552,-1
TUBB2A,9606.ENSP00000369703,0.0053274254,0
RBAK,9606.ENSP00000380120,0.0053261113,-1
ALG1,9606.ENSP00000262374,0.005326106,-1
LDHD,9606.ENSP00000300051,0.005324692,-1
CCDC8,9606.ENSP00000303158,0.005323192,0
MRPS11,9606.ENSP00000317376,0.0053227628,-1
BTF3L4,9606.ENSP00000360664,0.005322646,0
MRPL21,9606.ENSP00000354580,0.005321485,0
RITA1,9606.ENSP00000448680,0.0053211567,-1
DCAF12,9606.ENSP00000355114,0.005321084,0
PSMD14,9606.ENSP00000386541,0.0053205895,0
ZNF383,9606.ENSP00000340132,0.0053202515,-1
SPC25,9606.ENSP00000282074,0.005319931,0
RBM22,9606.ENSP00000199814,0.0053194365,-1
SBDS,9606.ENSP00000246868,0.005318548,0
ZDHHC15,9606.ENSP00000362465,0.005318412,-1
REEP6,9606.ENSP00000233596,0.005318246,-1
TIGD6,9606.ENSP00000296736,0.0053179534,-1
ADO,9606.ENSP00000362888,0.0053173425,0
KAT6B,9606.ENSP00000287239,0.0053165057,-1
TEX28,9606.ENSP00000478834,0.005316372,-1
PHC1,9606.ENSP00000437659,0.0053160894,-1
ZNF404,9606.ENSP00000466051,0.0053160843,-1
PANX3,9606.ENSP00000284288,0.005314265,-1
LSM5,9606.ENSP00000410758,0.0053137834,-1
ASS1,9606.ENSP00000361471,0.005312372,-1
RAB24,9606.ENSP00000304376,0.0053117136,0
NOL4,9606.ENSP00000261592,0.005311268,-1
PDSS2,9606.ENSP00000358033,0.005310983,-1
PRR15L,9606.ENSP00000300557,0.005310981,-1
CDIN1,9606.ENSP00000456477,0.0053108097,-1
TIPRL,9606.ENSP00000356807,0.0053102756,0
PMPCB,9606.ENSP00000249269,0.005309513,0
OVOL1,9606.ENSP00000337862,0.0053086104,0
VPS26C,9606.ENSP00000311399,0.0053079138,0
EIF4E3,9606.ENSP00000393324,0.00530695,-1
MYCBP,9606.ENSP00000380702,0.005306519,-1
METTL22,9606.ENSP00000371345,0.0053062574,-1
AK2,9606.ENSP00000499935,0.00530585,0
CCNB1,9606.ENSP00000256442,0.005305749,0
ASB12,9606.ENSP00000355195,0.0053052106,-1
LFNG,9606.ENSP00000222725,0.00530433,0
FAM200B,9606.ENSP00000483930,0.005303877,-1
CDKL2,9606.ENSP00000306340,0.005302866,0
DNAJC8,9606.ENSP00000263697,0.005302861,0
NTMT1,9606.ENSP00000483489,0.005300341,0
RUNX1T1,9606.ENSP00000402257,0.0053000394,-1
SRP19,9606.ENSP00000424870,0.0052984906,0
KBTBD4,9606.ENSP00000436713,0.005298207,-1
ZNF22,9606.ENSP00000298299,0.005297908,0
FBXO42,9606.ENSP00000364742,0.005295135,0
UBR3,9606.ENSP00000396068,0.0052950047,-1
CSTF2T,9606.ENSP00000332444,0.005294507,-1
U2AF2,9606.ENSP00000307863,0.005294075,0
RRP12,9606.ENSP00000446184,0.005294052,-1
THOP1,9606.ENSP00000304467,0.005293578,-1
APOBEC1,9606.ENSP00000229304,0.0052930755,-1
DDX5,9606.ENSP00000225792,0.005292724,-1
ZNF185,9606.ENSP00000440847,0.0052906685,-1
EMC2,9606.ENSP00000220853,0.005289677,0
TK2,9606.ENSP00000299697,0.005288203,-1
PEG3,9606.ENSP00000326581,0.0052880063,-1
PIP4P2,9606.ENSP00000285419,0.005287997,-1
KDM6A,9606.ENSP00000367203,0.0052861962,-1
GARIN1A,9606.ENSP00000493102,0.005285554,-1
MAGEC3,9606.ENSP00000298296,0.005284762,-1
C18orf32,9606.ENSP00000480941,0.005283945,-1
ALKBH6,9606.ENSP00000368152,0.0052833334,-1
PRMT9,9606.ENSP00000314396,0.005282962,-1
NAP1L5,9606.ENSP00000320488,0.0052829017,-1
DDX17,9606.ENSP00000380033,0.0052822963,0
EPPK1,9606.ENSP00000484472,0.005282201,-1
GAS7,9606.ENSP00000407552,0.00528192,-1
SPATA31E1,9606.ENSP00000322640,0.0052809934,-1
FIZ1,9606.ENSP00000221665,0.0052805822,0
AGMAT,9606.ENSP00000364986,0.0052804723,-1
HGSNAT,9606.ENSP00000368965,0.0052804123,-1
TAF11L11,9606.ENSP00000491846,0.0052800043,-1
ANAPC16,9606.ENSP00000477760,0.005278464,0
ZFP57,9606.ENSP00000418259,0.005278144,-1
HINT1,9606.ENSP00000304229,0.005277182,0
NKRF,9606.ENSP00000442308,0.005276862,-1
MTRFR,9606.ENSP00000390647,0.005276091,-1
TMEM245,9606.ENSP00000363714,0.005274799,0
DNAJB5,9606.ENSP00000404079,0.0052742995,-1
ZC4H2,9606.ENSP00000363972,0.005273754,-1
NIBAN1,9606.ENSP00000356481,0.005273459,-1
AKAP1,9606.ENSP00000478212,0.0052721757,-1
MRPL18,9606.ENSP00000356001,0.0052717556,0
RNF216,9606.ENSP00000374552,0.0052714627,0
MANBAL,9606.ENSP00000362707,0.0052702953,-1
DOCK1,9606.ENSP00000485033,0.0052700927,-1
FHL1,9606.ENSP00000498684,0.005269271,0
NOBOX,9606.ENSP00000419457,0.0052682785,-1
PGCKA1,9606.ENSP00000371408,0.005268131,0
FAU,9606.ENSP00000431822,0.005267559,0
AP2S1,9606.ENSP00000470176,0.0052667297,0
FAXC,9606.ENSP00000374328,0.00526648,-1
TRAPPC6B,9606.ENSP00000330289,0.0052662846,-1
PDIK1L,9606.ENSP00000363389,0.005265093,0
TNRC6C,9606.ENSP00000336783,0.005265021,-1
UROD,9606.ENSP00000246337,0.005264704,0
ZNF425,9606.ENSP00000367300,0.005263533,-1
SCAMP2,9606.ENSP00000268099,0.0052623944,-1
ZNF664,9606.ENSP00000441405,0.0052623325,-1
TMEM14C,9606.ENSP00000444561,0.0052611963,0
ELAC1,9606.ENSP00000269466,0.005260443,-1
SNX30,9606.ENSP00000363349,0.00525818,-1
FOXN3,9606.ENSP00000343288,0.0052556093,0
PTPN12,9606.ENSP00000248594,0.0052554104,0
PKM,9606.ENSP00000320171,0.005254139,-1
ARL3,9606.ENSP00000260746,0.005254124,0
USP15,9606.ENSP00000280377,0.005253965,-1
B4GALT7,9606.ENSP00000029410,0.0052539296,0
BOLL,9606.ENSP00000314792,0.005253416,0
TUBB4B,9606.ENSP00000341289,0.005251667,0
H2AC20,9606.ENSP00000332194,0.0052514756,-1
ZNF689,9606.ENSP00000287461,0.0052508353,-1
CES2,9606.ENSP00000499140,0.0052506914,-1
HNRNPA3,9606.ENSP00000376309,0.005250629,0
GOLGA8R,9606.ENSP00000323217,0.0052496647,-1
HEATR3,9606.ENSP00000299192,0.005248958,-1
RAD23B,9606.ENSP00000350708,0.0052483454,0
UGDH,9606.ENSP00000319501,0.0052456423,-1
ZNF624,9606.ENSP00000310472,0.0052441596,-1
COX6B1,9606.ENSP00000466818,0.0052438467,0
ZNF490,9606.ENSP00000311521,0.005242956,-1
KRABD2,9606.ENSP00000494883,0.005241233,-1
SAP130,9606.ENSP00000350333,0.005241061,-1
FAM43B,9606.ENSP00000331397,0.005240997,-1
NDUFA9,9606.ENSP00000266544,0.0052408427,-1
DYNLL2,9606.ENSP00000477310,0.005238844,0
MGA,9606.ENSP00000219905,0.005238725,-1
PRDM10,9606.ENSP00000351686,0.005238476,-1
CUL3,9606.ENSP00000264414,0.0052384073,0
ASPH,9606.ENSP00000368767,0.0052381638,-1
ECEL1,9606.ENSP00000302051,0.005237627,-1
RUNDC1,9606.ENSP00000354622,0.0052368958,-1
ELOVL1,9606.ENSP00000477602,0.0052362103,0
KRR1,9606.ENSP00000229214,0.0052350983,-1
CDK5R2,9606.ENSP00000304250,0.0052345223,-1
KLHL6,9606.ENSP00000341342,0.0052342387,-1
TYW2,9606.ENSP00000329858,0.0052335365,-1
PRPF31,9606.ENSP00000324122,0.005233075,-1
CNOT8,9606.ENSP00000430493,0.0052311956,-1
VPS36,9606.ENSP00000367299,0.0052291616,0
COX7B2,9606.ENSP00000379784,0.005228601,-1
CEP162,9606.ENSP00000385215,0.005228393,-1
TCEAL4,9606.ENSP00000361712,0.0052271676,0
SWI5,9606.ENSP00000316609,0.0052271355,0
TEKT2,9606.ENSP00000207457,0.0052262656,-1
MMAB,9606.ENSP00000445920,0.0052262107,-1
TDRP,9606.ENSP00000430325,0.005225998,-1
TUSC1,9606.ENSP00000350716,0.005225539,-1
ESD,9606.ENSP00000367992,0.0052254153,0
TCEA1,9606.ENSP00000428426,0.0052254125,-1
ZNF540,9606.ENSP00000324598,0.0052253427,-1
TMEM30A,9606.ENSP00000230461,0.0052249767,0
RAB6C,9606.ENSP00000387307,0.0052245404,0
NME6,9606.ENSP00000416658,0.005224015,0
AGTRAP,9606.ENSP00000319713,0.0052239113,-1
POLDIP3,9606.ENSP00000397927,0.005223735,-1
MLF2,9606.ENSP00000203630,0.005223277,0
SPTBN2,9606.ENSP00000432568,0.0052224887,-1
ZNF483,9606.ENSP00000311679,0.0052222307,-1
ANKS4B,9606.ENSP00000308772,0.0052217753,-1
WDCP,9606.ENSP00000295148,0.005221012,-1
KIF23,9606.ENSP00000260363,0.005220958,0
PDLIM4,9606.ENSP00000253754,0.005220641,-1
CFAP53,9606.ENSP00000381553,0.0052205846,-1
TUBB2B,9606.ENSP00000259818,0.00522021,0
NTMT2,9606.ENSP00000408058,0.005220141,-1
SLN,9606.ENSP00000435380,0.0052199103,-1
DRG2,9606.ENSP00000225729,0.005219472,-1
KDELR3,9606.ENSP00000386918,0.005219442,-1
ULK4,9606.ENSP00000301831,0.0052183433,-1
SURF2,9606.ENSP00000361032,0.005217898,0
ZNF462,9606.ENSP00000277225,0.0052175513,-1
TTC1,9606.ENSP00000231238,0.0052173706,0
LRRC26,9606.ENSP00000360597,0.005217197,-1
ZFP36L1,9606.ENSP00000337386,0.005216364,0
KCTD5,9606.ENSP00000301738,0.005216346,0
WEE2,9606.ENSP00000380675,0.0052145626,0
KCNJ4,9606.ENSP00000306497,0.0052134153,-1
LMOD3,9606.ENSP00000414670,0.005213328,-1
PRKRIP1,9606.ENSP00000419270,0.005212888,-1
SENP1,9606.ENSP00000394791,0.0052116374,-1
PRDM7,9606.ENSP00000496449,0.005211491,-1
RCHY1,9606.ENSP00000321239,0.0052110516,-1
CHMP2B,9606.ENSP00000263780,0.0052110287,0
UQCC3,9606.ENSP00000432692,0.005209756,-1
CNGB3,9606.ENSP00000316605,0.005209654,-1
CSRNP2,9606.ENSP00000228515,0.005208041,0
ARPC5L,9606.ENSP00000345361,0.005206984,-1
TEX12,9606.ENSP00000280358,0.0052065393,0
COA5,9606.ENSP00000330730,0.005206144,0
NPEPL1,9606.ENSP00000348395,0.005204554,0
CDIPT,9606.ENSP00000219789,0.005203895,0
RING1,9606.ENSP00000363787,0.0052038184,0
IDS,9606.ENSP00000339801,0.0052032513,0
BOD1,9606.ENSP00000309644,0.005203115,0
CES4A,9606.ENSP00000444052,0.005202954,-1
ZNF737,9606.ENSP00000395733,0.005202927,-1
ZBED5,9606.ENSP00000398106,0.005202663,0
LRRFIP1,9606.ENSP00000375857,0.0052020117,-1
FANCI,9606.ENSP00000310842,0.0052019325,-1
N4BP2L1,9606.ENSP00000369473,0.0052016815,-1
FBXW5,9606.ENSP00000313034,0.005201197,0
PRR23C,9606.ENSP00000396648,0.005200549,-1
RPS28,9606.ENSP00000472469,0.00520044,0
ZNF532,9606.ENSP00000338217,0.0051997663,-1
ANKS6,9606.ENSP00000297837,0.005199081,-1
CCDC172,9606.ENSP00000329860,0.005194811,-1
ASF1B,9606.ENSP00000263382,0.005193759,0
FAM219B,9606.ENSP00000350260,0.0051936507,-1
DCAF4L2,9606.ENSP00000316496,0.00519283,-1
NR2C2AP,9606.ENSP00000402756,0.005192717,-1
CHMP3,9606.ENSP00000263856,0.0051913974,0
MTX2,9606.ENSP00000249442,0.0051904265,0
GTF2F2,9606.ENSP00000340823,0.005189998,0
DDX28,9606.ENSP00000332340,0.0051895557,-1
RBMY1E,9606.ENSP00000372105,0.005188925,-1
HNRNPM,9606.ENSP00000325376,0.005188772,0
ETV3,9606.ENSP00000357175,0.0051885536,-1
PACRG,9606.ENSP00000337946,0.005188517,-1
TTC7B,9606.ENSP00000336127,0.005188056,-1
ADGRF3,9606.ENSP00000307831,0.005187973,-1
LAGE3,9606.ENSP00000349923,0.005187842,-1
DUSP28,9606.ENSP00000385885,0.005187621,-1
BCKDK,9606.ENSP00000378405,0.0051872367,0
EIF4EBP2,9606.ENSP00000362314,0.0051870574,0
OAZ2,9606.ENSP00000463013,0.005186253,0
PTPRE,9606.ENSP00000254667,0.005186233,-1
EIF3C,9606.ENSP00000332604,0.0051851207,-1
TUBB4A,9606.ENSP00000264071,0.005184831,0
ALDH5A1,9606.ENSP00000314649,0.005184595,-1
RCN1,9606.ENSP00000054950,0.0051841084,0
GNB1,9606.ENSP00000367872,0.0051831887,0
C3orf33,9606.ENSP00000342512,0.0051819393,-1
ILRUN,9606.ENSP00000363135,0.0051811626,-1
SNX22,9606.ENSP00000323435,0.005180922,-1
RPL4,9606.ENSP00000311430,0.005180514,0
HNRNPDL,9606.ENSP00000483254,0.005180327,0
ADAT3,9606.ENSP00000332448,0.005179438,-1
P4HA2,9606.ENSP00000384999,0.0051785433,-1
MCTS1,9606.ENSP00000360365,0.0051779808,0
MUL1,9606.ENSP00000264198,0.0051774723,0
TET3,9606.ENSP00000386869,0.005176853,-1
KCNJ18,9606.ENSP00000457807,0.005176488,-1
MDH2,9606.ENSP00000327070,0.005174992,0
RCN3,9606.ENSP00000270645,0.0051746704,-1
PPIB,9606.ENSP00000300026,0.0051739146,0
KLHL21,9606.ENSP00000366886,0.005173029,0
C6orf47,9606.ENSP00000365076,0.0051698643,-1
GCNT1,9606.ENSP00000415454,0.0051698103,-1
IRF2BP2,9606.ENSP00000355568,0.0051695406,0
ZFYVE16,9606.ENSP00000426848,0.005169335,-1
DCAKD,9606.ENSP00000498268,0.0051687313,-1
TXNL1,9606.ENSP00000217515,0.005168589,0
CHMP2A,9606.ENSP00000469240,0.0051678834,0
RPS20,9606.ENSP00000429374,0.0051676403,0
KIAA0513,9606.ENSP00000457408,0.005167138,-1
RABGAP1,9606.ENSP00000362751,0.00516676,0
CDK20,9606.ENSP00000322343,0.0051664496,0
ZNFX1,9606.ENSP00000360817,0.0051661967,-1
HYCC1,9606.ENSP00000403396,0.005164393,-1
SMIM5,9606.ENSP00000477017,0.0051642708,-1
RAC2,9606.ENSP00000249071,0.00516372,-1
RBM45,9606.ENSP00000286070,0.0051632565,-1
TMEM8B,9606.ENSP00000367230,0.005162527,0
ZNF320,9606.ENSP00000473091,0.005162475,-1
CT55,9606.ENSP00000276241,0.0051624486,-1
HOXC9,9606.ENSP00000423861,0.0051624295,0
HUS1B,9606.ENSP00000370293,0.005162204,0
PHLDB3,9606.ENSP00000292140,0.005161067,-1
CLTA,9606.ENSP00000242285,0.0051607983,0
SCPEP1,9606.ENSP00000262288,0.005160489,-1
ISLR2,9606.ENSP00000355402,0.005159946,-1
KIF17,9606.ENSP00000247986,0.005159819,-1
QRSL1,9606.ENSP00000358042,0.005159653,-1
DMAP1,9606.ENSP00000361363,0.0051588397,0
ZNF613,9606.ENSP00000293471,0.005158796,-1
SCML1,9606.ENSP00000369380,0.0051587867,-1
GFPT1,9606.ENSP00000349860,0.005157621,-1
NF2,9606.ENSP00000344666,0.0051574847,0
ATG4C,9606.ENSP00000322159,0.005157103,-1
LDB3,9606.ENSP00000401437,0.00515702,-1
CASP8AP2,9606.ENSP00000478179,0.0051557426,0
NDUFV2,9606.ENSP00000327268,0.005154813,-1
ZSCAN31,9606.ENSP00000390076,0.00515453,-1
ACAP1,9606.ENSP00000158762,0.005153373,-1
VGLL1,9606.ENSP00000359668,0.005153366,-1
RERGL,9606.ENSP00000229002,0.0051530455,-1
PICALM,9606.ENSP00000377015,0.005152491,0
ZNF224,9606.ENSP00000337368,0.0051522907,-1
SAPCD1,9606.ENSP00000411948,0.0051518553,-1
B3GNT9,9606.ENSP00000400157,0.0051516504,-1
EIF2AK1,9606.ENSP00000199389,0.0051514157,0
INTS6L,9606.ENSP00000491427,0.005150512,-1
PCCB,9606.ENSP00000419027,0.0051504183,-1
DPY30,9606.ENSP00000345837,0.0051490897,0
MRPL34,9606.ENSP00000252602,0.0051487964,0
DOCK5,9606.ENSP00000276440,0.005148679,-1
ZNF486,9606.ENSP00000335042,0.0051482734,-1
GLG1,9606.ENSP00000205061,0.0051479465,0
FSIP2,9606.ENSP00000401306,0.005147214,-1
ABHD1,9606.ENSP00000326491,0.0051465547,-1
SRCIN1,9606.ENSP00000484715,0.0051460615,-1
DPF1,9606.ENSP00000347716,0.0051459004,0
PDIA6,9606.ENSP00000385385,0.0051456783,0
SEC24B,9606.ENSP00000428564,0.0051448853,0
CRYBG1,9606.ENSP00000358062,0.005144548,-1
GMPPA,9606.ENSP00000350949,0.0051444485,-1
YPEL5,9606.ENSP00000368835,0.005143041,0
FAM168B,9606.ENSP00000374565,0.0051430357,0
DAZAP2,9606.ENSP00000448051,0.0051426375,-1
EMG1,9606.ENSP00000470560,0.005141845,-1
CDK14,9606.ENSP00000369390,0.005141108,0
SYN1,9606.ENSP00000295987,0.005140148,-1
FIGNL2,9606.ENSP00000491257,0.0051395693,-1
ZBED3,9606.ENSP00000255198,0.005139484,0
TEKT4,9606.ENSP00000295201,0.005138685,-1
ARVCF,9606.ENSP00000263207,0.0051385774,-1
PDCL3,9606.ENSP00000264254,0.0051358654,-1
TMEM231,9606.ENSP00000258173,0.005134642,-1
H2AC18,9606.ENSP00000358155,0.005134199,-1
RGS6,9606.ENSP00000451030,0.005134072,-1
SPRY1,9606.ENSP00000481675,0.0051316884,0
SP2,9606.ENSP00000365931,0.0051310365,0
SRP68,9606.ENSP00000312066,0.005130242,-1
KLHDC3,9606.ENSP00000313995,0.005128967,0
ASB2,9606.ENSP00000451575,0.005128194,-1
MRPL27,9606.ENSP00000225969,0.005127469,-1
FCHO1,9606.ENSP00000473001,0.0051271725,-1
GTF2H3,9606.ENSP00000445162,0.005127128,-1
GLRX5,9606.ENSP00000328570,0.0051252996,0
RWDD4,9606.ENSP00000388920,0.0051250076,-1
KHDC4,9606.ENSP00000357304,0.0051247207,0
CARF,9606.ENSP00000414644,0.005124701,-1
CCNL1,9606.ENSP00000295926,0.005121829,0
RAB6B,9606.ENSP00000285208,0.0051206043,-1
TMED5,9606.ENSP00000359305,0.005120539,-1
TOMM22,9606.ENSP00000216034,0.0051203007,0
ZMAT1,9606.ENSP00000361868,0.005119818,-1
GATAD1,9606.ENSP00000287957,0.0051194676,0
CYP4Z1,9606.ENSP00000334246,0.005119385,-1
ZNF263,9606.ENSP00000219069,0.005118826,-1
MTG1,9606.ENSP00000323047,0.005118566,-1
POLR2K,9606.ENSP00000342889,0.0051181857,0
FAM131C,9606.ENSP00000364814,0.005118117,-1
ZNF891,9606.ENSP00000437590,0.0051177046,-1
B3GAT3,9606.ENSP00000265471,0.0051164255,-1
SUPT4H1,9606.ENSP00000225504,0.0051161414,0
RABIF,9606.ENSP00000356231,0.0051160245,-1
RAD23A,9606.ENSP00000467024,0.005115386,0
ZNF512,9606.ENSP00000347648,0.0051151,-1
TPPP,9606.ENSP00000353785,0.0051149228,0
PRTFDC1,9606.ENSP00000318602,0.0051148576,-1
EFCAB10,9606.ENSP00000417841,0.0051135276,-1
TAS1R2,9606.ENSP00000364520,0.005112463,0
ISCA2,9606.ENSP00000452007,0.00511233,0
BRF1,9606.ENSP00000448387,0.005112129,-1
RPL35,9606.ENSP00000259469,0.005111886,0
TMEM30B,9606.ENSP00000450842,0.0051111486,-1
GNB4,9606.ENSP00000232564,0.0051099123,-1
CCT3,9606.ENSP00000295688,0.0051089595,-1
KANK4,9606.ENSP00000360195,0.005108332,-1
PADI3,9606.ENSP00000364609,0.0051078275,-1
SH3BGRL2,9606.ENSP00000358853,0.0051077306,-1
NPAS1,9606.ENSP00000469142,0.005107339,-1
TMT1B,9606.ENSP00000377796,0.0051067476,-1
FAM220A,9606.ENSP00000317289,0.005106602,0
IAH1,9606.ENSP00000417580,0.0051056547,-1
DNAJC15,9606.ENSP00000368523,0.0051050954,-1
COX6C,9606.ENSP00000429707,0.0051048794,-1
GJA4,9606.ENSP00000343676,0.0051034945,-1
EFCAB7,9606.ENSP00000360129,0.0051029744,-1
LRRC74A,9606.ENSP00000377369,0.005100626,-1
LMF1,9606.ENSP00000262301,0.005100399,-1
IQGAP2,9606.ENSP00000274364,0.005099218,0
FBXO24,9606.ENSP00000416558,0.0050989785,-1
SNIP1,9606.ENSP00000296215,0.0050983476,-1
TRIM62,9606.ENSP00000291416,0.0050980714,-1
HSPH1,9606.ENSP00000487365,0.00509782,-1
TMEM132E,9606.ENSP00000487800,0.0050977767,-1
POFUT3,9606.ENSP00000332757,0.0050975448,-1
FAM13C,9606.ENSP00000481854,0.0050961035,-1
ZNF2,9606.ENSP00000482030,0.005094837,-1
TBC1D20,9606.ENSP00000346139,0.005094636,0
BZW2,9606.ENSP00000397249,0.005094085,-1
WDR83,9606.ENSP00000402653,0.0050939037,-1
AICDA,9606.ENSP00000229335,0.005091841,0
TIMM8B,9606.ENSP00000438455,0.0050904737,-1
OSGEP,9606.ENSP00000206542,0.005090445,-1
MTMR9,9606.ENSP00000221086,0.005089691,-1
SRGAP2B,9606.ENSP00000493121,0.0050895703,-1
DGKG,9606.ENSP00000265022,0.0050889472,-1
KLHL18,9606.ENSP00000232766,0.0050888313,0
RPS8,9606.ENSP00000379888,0.0050885566,0
ZNF510,9606.ENSP00000364379,0.0050884695,-1
MLF1,9606.ENSP00000376568,0.005087924,0
HEATR4,9606.ENSP00000450444,0.005087895,-1
SAMM50,9606.ENSP00000345445,0.0050872774,0
SDHA,9606.ENSP00000264932,0.005087234,-1
SPOUT1,9606.ENSP00000354812,0.0050862203,0
FAM181A,9606.ENSP00000267594,0.005085303,-1
DR1,9606.ENSP00000359295,0.0050850236,0
MEF2B,9606.ENSP00000402154,0.0050842855,-1
ZNF250,9606.ENSP00000292579,0.0050835838,-1
UTY,9606.ENSP00000442047,0.005083084,-1
ATP5MK,9606.ENSP00000358840,0.005082607,-1
RAB5B,9606.ENSP00000353444,0.0050825924,-1
TUBB6,9606.ENSP00000318697,0.005082585,0
ZFP69,9606.ENSP00000361791,0.0050806445,-1
EZR,9606.ENSP00000338934,0.0050803698,0
ADD3,9606.ENSP00000348381,0.0050798873,-1
MAGIX,9606.ENSP00000471299,0.0050791316,-1
RDM1,9606.ENSP00000483549,0.005078731,-1
DOCK7,9606.ENSP00000251157,0.0050779437,-1
NFIX,9606.ENSP00000380781,0.005077396,-1
PRR30,9606.ENSP00000335017,0.005077194,-1
GGN,9606.ENSP00000334940,0.005077189,-1
WARS2,9606.ENSP00000235521,0.005077165,-1
HNRNPA1L3,9606.ENSP00000493805,0.005075778,-1
ANKRD61,9606.ENSP00000386502,0.005075648,-1
UBE2G1,9606.ENSP00000380178,0.0050755125,0
ASPHD1,9606.ENSP00000311447,0.0050752,-1
IGSF8,9606.ENSP00000357065,0.005074685,0
UTP14A,9606.ENSP00000377944,0.0050746724,-1
PLD3,9606.ENSP00000387050,0.005074256,0
H2AC4,9606.ENSP00000303373,0.005074044,-1
FAM114A1,9606.ENSP00000351740,0.0050736084,-1
UNC50,9606.ENSP00000387146,0.0050734766,0
NCBP2AS2,9606.ENSP00000488305,0.005073197,-1
ACTR10,9606.ENSP00000254286,0.005073103,-1
BHLHA9,9606.ENSP00000375248,0.0050723,-1
COXFA4,9606.ENSP00000339720,0.005072182,-1
CFAP90,9606.ENSP00000382708,0.0050721285,-1
RNF19A,9606.ENSP00000428968,0.005071893,0
GRHPR,9606.ENSP00000313432,0.005071676,0
STRIT1,9606.ENSP00000489859,0.005071443,-1
TUSC2,9606.ENSP00000232496,0.005071267,0
OTUD6A,9606.ENSP00000339389,0.005070704,-1
NIT1,9606.ENSP00000356988,0.00507042,-1
ACOT8,9606.ENSP00000217455,0.005069641,-1
THEM6,9606.ENSP00000338607,0.0050686765,-1
YIPF7,9606.ENSP00000332772,0.0050677652,-1
METTL21C,9606.ENSP00000267273,0.005067477,-1
MTMR6,9606.ENSP00000371221,0.0050662654,-1
MRPL55,9606.ENSP00000403614,0.005065987,-1
USP7,9606.ENSP00000343535,0.0050654314,0
MAP3K7,9606.ENSP00000358335,0.0050653014,0
TTBK1,9606.ENSP00000259750,0.005065254,-1
MSI2,9606.ENSP00000284073,0.0050640595,-1
CDC34,9606.ENSP00000215574,0.0050609033,0
CACNA1B,9606.ENSP00000360423,0.0050599356,-1
TPP1,9606.ENSP00000299427,0.0050593526,0
FAF2,9606.ENSP00000261942,0.005058457,0
WDTC1,9606.ENSP00000317971,0.0050579086,-1
CCDC137,9606.ENSP00000329360,0.0050562955,-1
IRF2BP1,9606.ENSP00000307265,0.005055312,0
STK39,9606.ENSP00000348278,0.005055257,-1
BANF2,9606.ENSP00000439128,0.0050552087,-1
SNRPD2,9606.ENSP00000342374,0.005054384,0
CPLANE2,9606.ENSP00000364749,0.005053542,-1
FDX1,9606.ENSP00000260270,0.0050531714,0
RHEBL1,9606.ENSP00000301068,0.0050531253,-1
ZDHHC1,9606.ENSP00000340299,0.0050517255,-1
GPR137,9606.ENSP00000411827,0.00505058,-1
ZBTB24,9606.ENSP00000230122,0.005050312,-1
DEF6,9606.ENSP00000319831,0.0050500887,-1
ATMIN,9606.ENSP00000299575,0.0050497795,-1
H1-7,9606.ENSP00000334805,0.005049627,-1
ETFA,9606.ENSP00000452762,0.0050495323,-1
MYEF2,9606.ENSP00000316950,0.0050491183,-1
PFKP,9606.ENSP00000370517,0.005048479,-1
MOB4,9606.ENSP00000315702,0.0050480985,-1
CDK10,9606.ENSP00000338673,0.005047909,0
ZNF609,9606.ENSP00000316527,0.005047787,-1
GPN2,9606.ENSP00000363250,0.005047715,0
CCDC34,9606.ENSP00000330240,0.0050476477,-1
XXYLT1,9606.ENSP00000309640,0.0050470657,-1
HACD2,9606.ENSP00000373153,0.0050467406,-1
NUBPL,9606.ENSP00000281081,0.0050465083,-1
ENAH,9606.ENSP00000355809,0.005046048,-1
B9D1,9606.ENSP00000261499,0.005045551,-1
SAFB,9606.ENSP00000467423,0.005045393,0
TAF11L9,9606.ENSP00000492463,0.0050445357,-1
ATL3,9606.ENSP00000381844,0.0050444114,-1
GTSF1,9606.ENSP00000446485,0.005044265,-1
DRG1,9606.ENSP00000329715,0.005043882,0
HERC1,9606.ENSP00000390158,0.005042726,-1
SUPT3H,9606.ENSP00000360515,0.005041794,-1
MRPL54,9606.ENSP00000331849,0.0050399667,0
RAB6A,9606.ENSP00000311449,0.00503977,0
DKC1,9606.ENSP00000358563,0.005038934,0
RBL1,9606.ENSP00000362768,0.0050383955,0
ATP6V1E1,9606.ENSP00000253413,0.005038159,0
MTERF3,9606.ENSP00000287025,0.005038049,-1
MAN2C1,9606.ENSP00000457788,0.005037923,-1
NSUN4,9606.ENSP00000419740,0.0050369715,-1
RAVER1,9606.ENSP00000482486,0.005036305,-1
SLC6A17,9606.ENSP00000330199,0.0050353725,-1
ATP5MG,9606.ENSP00000300688,0.0050351154,0
EIF3F,9606.ENSP00000431800,0.0050346875,-1
ZNF426,9606.ENSP00000253115,0.0050343075,-1
UBTD1,9606.ENSP00000359698,0.0050339065,-1
CDK2AP1,9606.ENSP00000261692,0.005033847,0
PTPN9,9606.ENSP00000482732,0.0050328462,-1
CACNA1A,9606.ENSP00000489829,0.0050327317,-1
WRAP73,9606.ENSP00000270708,0.005030994,0
FAM200A,9606.ENSP00000411372,0.0050306735,-1
ANKRD45,9606.ENSP00000331268,0.0050301393,-1
RP1,9606.ENSP00000220676,0.0050285836,-1
TIFAB,9606.ENSP00000440509,0.0050285123,-1
ACOT9,9606.ENSP00000368605,0.0050280895,-1
RPH3A,9606.ENSP00000374036,0.0050274744,-1
CDK4,9606.ENSP00000257904,0.0050267726,0
ZC3H7A,9606.ENSP00000379773,0.0050263773,-1
MYPOP,9606.ENSP00000325402,0.0050263177,-1
WDFY3,9606.ENSP00000295888,0.00502627,-1
MOB1B,9606.ENSP00000379366,0.0050259167,-1
IQSEC2,9606.ENSP00000495726,0.0050247083,-1
TRNP1,9606.ENSP00000429216,0.0050241956,0
ABCA13,9606.ENSP00000411096,0.0050239763,-1
EMC4,9606.ENSP00000267750,0.005023161,0
PHLPP1,9606.ENSP00000262719,0.0050229346,-1
MRPL30,9606.ENSP00000338057,0.005022889,-1
TUBGCP2,9606.ENSP00000446093,0.0050227945,0
PSME1,9606.ENSP00000372155,0.0050227917,0
DAOA,9606.ENSP00000483757,0.0050215316,-1
LEPROT,9606.ENSP00000483521,0.0050215097,0
LRRC2,9606.ENSP00000379241,0.005021164,-1
TAF11L3,9606.ENSP00000492787,0.0050207977,-1
STX11,9606.ENSP00000356540,0.0050188303,-1
CEP41,9606.ENSP00000223208,0.005018583,-1
RANGAP1,9606.ENSP00000401470,0.0050185276,0
TAGLN,9606.ENSP00000376678,0.005018207,-1
TIMM21,9606.ENSP00000169551,0.005017085,-1
RBM47,9606.ENSP00000295971,0.0050159357,-1
RASL11A,9606.ENSP00000241463,0.005015669,-1
LYRM9,9606.ENSP00000368397,0.0050149173,-1
PPP1R11,9606.ENSP00000365963,0.005014827,0
DPF2,9606.ENSP00000252268,0.005014127,0
COX4I2,9606.ENSP00000365243,0.005014104,-1
TAF11L4,9606.ENSP00000491494,0.005014032,-1
NDUFV1,9606.ENSP00000497587,0.0050135753,-1
COQ8A,9606.ENSP00000355741,0.005012931,-1
TUBB1,9606.ENSP00000217133,0.0050125574,0
ZNF212,9606.ENSP00000338572,0.0050125048,-1
TMEM258,9606.ENSP00000443216,0.0050122864,0
ME1,9606.ENSP00000358719,0.0050120936,-1
MRPS9,9606.ENSP00000258455,0.0050119963,0
LRRC14,9606.ENSP00000292524,0.00501173,0
FLII,9606.ENSP00000324573,0.0050110733,-1
ERCC2,9606.ENSP00000375809,0.0050109313,0
TSNARE1,9606.ENSP00000303437,0.005010197,-1
TMEM88,9606.ENSP00000301599,0.0050093955,-1
KLHL30,9606.ENSP00000386389,0.005009165,-1
ZC3H14,9606.ENSP00000251038,0.0050089485,-1
NUDT12,9606.ENSP00000230792,0.0050083096,-1
CCT4,9606.ENSP00000377958,0.0050082076,0
TAMALIN,9606.ENSP00000293662,0.005007837,-1
PPP1R3B,9606.ENSP00000308318,0.005007095,-1
ALPK2,9606.ENSP00000354991,0.0050067846,-1
UBTD2,9606.ENSP00000377381,0.00500672,-1
ZFR,9606.ENSP00000265069,0.0050051715,-1
KHNYN,9606.ENSP00000450799,0.005004388,0
HSPBP1,9606.ENSP00000255631,0.005003559,-1
RAB11A,9606.ENSP00000261890,0.005002631,0
TAF11,9606.ENSP00000354633,0.005002327,0
BEX5,9606.ENSP00000446054,0.0050021517,-1
KRABD1,9606.ENSP00000388094,0.0050014732,-1
TCHHL1,9606.ENSP00000357796,0.005000799,-1
CDCA7L,9606.ENSP00000383986,0.0050006895,-1
ZKSCAN2,9606.ENSP00000331626,0.0049985102,-1
PLPP6,9606.ENSP00000371307,0.004997988,-1
C9orf78,9606.ENSP00000361524,0.004997907,-1
NHLRC1,9606.ENSP00000345464,0.0049976134,-1
SYF2,9606.ENSP00000236273,0.004997327,0
ERP29,9606.ENSP00000261735,0.004994862,0
RMND5A,9606.ENSP00000283632,0.0049947826,0
KLF8,9606.ENSP00000417303,0.004994492,-1
FAM32A,9606.ENSP00000263384,0.004993921,0
COX5B,9606.ENSP00000258424,0.0049935775,0
KCTD2,9606.ENSP00000312814,0.0049935654,-1
CNRIP1,9606.ENSP00000263655,0.0049930084,-1
PLCB4,9606.ENSP00000367762,0.0049923835,-1
WDR55,9606.ENSP00000351100,0.0049914736,0
TAF11L14,9606.ENSP00000491472,0.0049913763,-1
HCN4,9606.ENSP00000261917,0.0049911346,-1
ROPN1,9606.ENSP00000184183,0.0049909838,-1
PDZD9,9606.ENSP00000441685,0.00499097,-1
SRSF9,9606.ENSP00000229390,0.0049902666,0
ACTR8,9606.ENSP00000336842,0.004989944,0
MON1B,9606.ENSP00000248248,0.00498948,-1
SSX1,9606.ENSP00000366118,0.004988874,-1
GAA,9606.ENSP00000305692,0.0049884054,0
ZNF333,9606.ENSP00000292530,0.004988271,-1
FCHO2,9606.ENSP00000393776,0.0049878513,-1
ARMC3,9606.ENSP00000298032,0.0049866443,-1
OST4,9606.ENSP00000455716,0.0049862145,0
UBA1,9606.ENSP00000338413,0.004986153,0
CAP1,9606.ENSP00000361883,0.0049856184,0
ZSCAN20,9606.ENSP00000355053,0.0049853697,-1
RABL6,9606.ENSP00000360727,0.004985121,0
OLA1,9606.ENSP00000284719,0.00498506,-1
GCNA,9606.ENSP00000362799,0.004983934,-1
KCNK18,9606.ENSP00000334650,0.0049837525,-1
IGSF21,9606.ENSP00000251296,0.0049831974,-1
MCOLN1,9606.ENSP00000264079,0.004981927,-1
STX8,9606.ENSP00000305255,0.004981575,0
TAF4,9606.ENSP00000252996,0.004981376,-1
STAU2,9606.ENSP00000428756,0.0049807476,-1
TOPAZ1,9606.ENSP00000310303,0.0049791927,-1
ANKRD36C,9606.ENSP00000403302,0.004978433,-1
BCKDHA,9606.ENSP00000269980,0.004978423,-1
USO1,9606.ENSP00000264904,0.0049780873,-1
SOS2,9606.ENSP00000216373,0.0049773077,0
SS18L1,9606.ENSP00000333012,0.00497698,-1
KLHL11,9606.ENSP00000314608,0.0049762786,-1
STX19,9606.ENSP00000320679,0.0049758395,-1
RAB39A,9606.ENSP00000322594,0.004975719,-1
CSGALNACT1,9606.ENSP00000411816,0.004975599,-1
RUBCN,9606.ENSP00000296343,0.0049747797,-1
KRT222,9606.ENSP00000377616,0.0049745836,-1
CAPN7,9606.ENSP00000253693,0.0049744938,-1
TMEM50A,9606.ENSP00000363478,0.004974228,0
CHURC1,9606.ENSP00000475473,0.0049717524,-1
CASZ1,9606.ENSP00000366221,0.004970606,-1
TFDP1,9606.ENSP00000364519,0.0049703554,0
COX11,9606.ENSP00000299335,0.004970252,-1
GNS,9606.ENSP00000258145,0.0049694744,-1
ATP6V0E2,9606.ENSP00000411672,0.004968342,-1
ABCC5,9606.ENSP00000333926,0.0049675787,-1
TCEA2,9606.ENSP00000343515,0.004966879,-1
WDR33,9606.ENSP00000325377,0.004966634,-1
NAA60,9606.ENSP00000401237,0.004966367,0
CALR3,9606.ENSP00000269881,0.0049651423,-1
PTEN,9606.ENSP00000361021,0.0049651144,0
GAR1,9606.ENSP00000226796,0.0049633756,-1
PCYT2,9606.ENSP00000442050,0.0049633095,-1
BTBD19,9606.ENSP00000395461,0.0049625933,-1
ELOC,9606.ENSP00000478121,0.0049623484,-1
ZC3H12C,9606.ENSP00000278590,0.004961356,-1
ZBTB39,9606.ENSP00000300101,0.004961318,-1
HNRNPUL2,9606.ENSP00000301785,0.0049611037,0
RANBP1,9606.ENSP00000401564,0.0049605877,0
MRPS12,9606.ENSP00000384952,0.004959868,-1
DNAJC25,9606.ENSP00000320650,0.0049596303,-1
SPAG9,9606.ENSP00000262013,0.0049571907,0
ANKRD36B,9606.ENSP00000481149,0.004956932,-1
QTMAN,9606.ENSP00000376608,0.0049566585,-1
ZNF205,9606.ENSP00000480401,0.0049535227,-1
DEAF1,9606.ENSP00000371846,0.0049527893,0
LZIC,9606.ENSP00000366430,0.004952679,-1
GNB2,9606.ENSP00000305260,0.0049525257,0
LEKR1,9606.ENSP00000474182,0.004952388,-1
CNP,9606.ENSP00000377470,0.00495223,0
CDKN2AIP,9606.ENSP00000427108,0.0049518966,-1
SNX17,9606.ENSP00000233575,0.0049514035,0
ARHGAP15,9606.ENSP00000295095,0.0049513094,-1
TOB2,9606.ENSP00000331305,0.004951065,0
STAM2,9606.ENSP00000263904,0.00495098,-1
TPRX1,9606.ENSP00000323455,0.0049503036,-1
CAGE1,9606.ENSP00000425493,0.0049500335,-1
PDGFRL,9606.ENSP00000444211,0.0049493248,-1
TMTC1,9606.ENSP00000442046,0.004949294,-1
HNRNPR,9606.ENSP00000363745,0.0049490356,-1
WDR13,9606.ENSP00000365919,0.004948853,0
TAF11L5,9606.ENSP00000491174,0.0049487003,-1
CHADL,9606.ENSP00000216241,0.0049485755,-1
UBASH3A,9606.ENSP00000317327,0.0049482607,-1
DYNLT5,9606.ENSP00000282670,0.0049482044,-1
H2AC14,9606.ENSP00000328484,0.0049480777,-1
EFR3A,9606.ENSP00000254624,0.0049474416,-1
KNDC1,9606.ENSP00000304437,0.004947392,-1
SIRT7,9606.ENSP00000329466,0.004947376,0
MRM2,9606.ENSP00000242257,0.0049473587,-1
TPTE,9606.ENSP00000484403,0.0049469317,-1
TAF11L13,9606.ENSP00000491332,0.0049457587,-1
PKIB,9606.ENSP00000480824,0.0049454207,-1
ASB13,9606.ENSP00000350331,0.0049447967,-1
H2AC1,9606.ENSP00000297012,0.0049424698,-1
TAF13,9606.ENSP00000355051,0.0049421503,-1
DHCR24,9606.ENSP00000360316,0.0049419394,-1
KCNJ13,9606.ENSP00000233826,0.0049406546,-1
NMD3,9606.ENSP00000417559,0.004939417,0
KIF21B,9606.ENSP00000411831,0.004938323,-1
TNRC18,9606.ENSP00000395538,0.0049380017,-1
TTC5,9606.ENSP00000258821,0.004937988,-1
UNC80,9606.ENSP00000391088,0.004935167,-1
RAB28,9606.ENSP00000328551,0.00493321,-1
ACTN4,9606.ENSP00000252699,0.004933173,0
TRAK1,9606.ENSP00000328998,0.0049328306,-1
MARCKS,9606.ENSP00000478061,0.004932155,0
NUP54,9606.ENSP00000264883,0.004931874,-1
ARHGAP17,9606.ENSP00000289968,0.00493172,-1
REEP2,9606.ENSP00000367590,0.004930903,-1
ZMYM3,9606.ENSP00000322845,0.0049307556,-1
PACS2,9606.ENSP00000393559,0.0049301167,-1
KLHDC4,9606.ENSP00000270583,0.0049300324,-1
UBE2T,9606.ENSP00000494957,0.0049300096,0
RAB11B,9606.ENSP00000333547,0.004929864,0
PRSS16,9606.ENSP00000230582,0.0049294718,-1
VGLL2,9606.ENSP00000320957,0.004929116,-1
GNG11,9606.ENSP00000248564,0.0049280957,-1
TNFAIP1,9606.ENSP00000226225,0.004928073,0
CMPK2,9606.ENSP00000256722,0.0049280357,-1
PDZD2,9606.ENSP00000402033,0.0049279444,-1
RASD1,9606.ENSP00000225688,0.004927432,-1
PACS1,9606.ENSP00000316454,0.0049272357,0
NRBP1,9606.ENSP00000369192,0.00492689,0
RAB5A,9606.ENSP00000273047,0.0049266536,0
CES3,9606.ENSP00000304782,0.0049264925,-1
MTERF2,9606.ENSP00000447651,0.004926182,-1
OMP,9606.ENSP00000436376,0.0049259006,-1
SETD4,9606.ENSP00000382163,0.0049237167,-1
SYNCRIP,9606.ENSP00000358635,0.004922945,0
VAPA,9606.ENSP00000345656,0.0049226466,0
TMEM50B,9606.ENSP00000439768,0.004921705,-1
CPVL,9606.ENSP00000387164,0.0049213055,-1
CHORDC1,9606.ENSP00000319255,0.0049212123,0
QRICH2,9606.ENSP00000262765,0.0049198535,-1
INSM2,9606.ENSP00000306523,0.0049197692,0
KAT5,9606.ENSP00000340330,0.0049181357,0
RIOK2,9606.ENSP00000283109,0.004916969,0
ZC3HC1,9606.ENSP00000351052,0.0049160966,-1
PIP4P1,9606.ENSP00000381102,0.0049156747,0
ARPP21,9606.ENSP00000412326,0.0049155625,-1
MAGT1,9606.ENSP00000354649,0.004914385,0
POLR2B,9606.ENSP00000370625,0.0049141278,-1
TSGA10,9606.ENSP00000377123,0.0049114004,-1
ABTB3,9606.ENSP00000280758,0.0049112234,-1
RPL31,9606.ENSP00000386717,0.004909411,0
ZDHHC20,9606.ENSP00000383433,0.0049093924,-1
PEX5,9606.ENSP00000391601,0.004908661,-1
NCCRP1,9606.ENSP00000342137,0.004907897,-1
TAF3,9606.ENSP00000340271,0.0049069,-1
PINX1,9606.ENSP00000318966,0.0049065934,0
ERH,9606.ENSP00000451080,0.004906402,0
SH3BGR,9606.ENSP00000332513,0.004906157,-1
H2AJ,9606.ENSP00000438553,0.0049059764,-1
STRN4,9606.ENSP00000375777,0.004905769,0
NALCN,9606.ENSP00000251127,0.0049033533,-1
DNAJC7,9606.ENSP00000406463,0.004903116,0
IDH3A,9606.ENSP00000299518,0.0049027926,-1
TSC22D2,9606.ENSP00000354543,0.004902483,0
CHCHD10,9606.ENSP00000384973,0.0049023903,-1
H2AC11,9606.ENSP00000351589,0.0049019717,-1
NOP16,9606.ENSP00000483001,0.0049015107,-1
PHF1,9606.ENSP00000363640,0.0049009854,0
ATP5F1E,9606.ENSP00000243997,0.004900971,0
IKZF5,9606.ENSP00000357881,0.004900848,0
CCM2,9606.ENSP00000370503,0.00490065,-1
CDC42,9606.ENSP00000497733,0.00490052,0
ZDHHC21,9606.ENSP00000370303,0.0049005155,-1
ZNF615,9606.ENSP00000471041,0.0048997733,-1
CHD4,9606.ENSP00000440542,0.0048994226,-1
IFT52,9606.ENSP00000362121,0.00489939,-1
TMSB4Y,9606.ENSP00000284856,0.0048993835,-1
TM9SF4,9606.ENSP00000381104,0.004898707,-1
SLK,9606.ENSP00000358770,0.004898563,-1
OCIAD1,9606.ENSP00000370882,0.0048983856,-1
YBX2,9606.ENSP00000007699,0.0048981397,-1
SRSF3,9606.ENSP00000362820,0.0048980047,0
MORN5,9606.ENSP00000362869,0.004897849,-1
CC2D1B,9606.ENSP00000360642,0.004896894,-1
MRPS17,9606.ENSP00000285298,0.004896053,0
MISFA,9606.ENSP00000489616,0.004895909,-1
MYO1E,9606.ENSP00000288235,0.004894906,-1
CBFA2T2,9606.ENSP00000262653,0.004894787,-1
GATD1,9606.ENSP00000321691,0.0048942226,0
GPR137B,9606.ENSP00000355551,0.004894179,-1
EPM2A,9606.ENSP00000356489,0.004893229,0
CBFA2T3,9606.ENSP00000268679,0.0048931544,-1
ERICH1,9606.ENSP00000262109,0.004892593,-1
GLDC,9606.ENSP00000370737,0.0048919097,-1
COBLL1,9606.ENSP00000487041,0.004891641,-1
H2AB2,9606.ENSP00000346509,0.004891007,-1
TIA1,9606.ENSP00000401371,0.0048904875,-1
SREK1,9606.ENSP00000334538,0.0048893713,-1
HNRNPAB,9606.ENSP00000425031,0.004888673,0
BET1,9606.ENSP00000222547,0.004888622,-1
PCNA,9606.ENSP00000368458,0.004888132,0
ADIPOR1,9606.ENSP00000341785,0.0048877154,0
KCNK6,9606.ENSP00000263372,0.004887328,-1
C6orf89,9606.ENSP00000347322,0.0048864954,-1
UQCC6,9606.ENSP00000367330,0.0048864027,-1
GNG10,9606.ENSP00000363411,0.0048863096,0
L3MBTL1,9606.ENSP00000402107,0.0048861457,0
ATP13A4,9606.ENSP00000339182,0.004885967,-1
DDX43,9606.ENSP00000359361,0.004885848,-1
SERTAD3,9606.ENSP00000375882,0.0048857722,-1
SAMD15,9606.ENSP00000216471,0.0048856214,-1
PALM,9606.ENSP00000341911,0.004885065,-1
YY1,9606.ENSP00000262238,0.0048843347,0
MAPRE2,9606.ENSP00000300249,0.0048825047,0
TAMM41,9606.ENSP00000398596,0.004882407,-1
EEF2,9606.ENSP00000307940,0.00488187,0
RAB2B,9606.ENSP00000380869,0.0048801647,0
H2AC7,9606.ENSP00000341094,0.0048795445,-1
ZNF326,9606.ENSP00000340796,0.0048769354,-1
ZNF561,9606.ENSP00000303915,0.0048762667,-1
SYT12,9606.ENSP00000377520,0.004876165,-1
PIEZO2,9606.ENSP00000421377,0.004876096,-1
COA3,9606.ENSP00000354762,0.0048746197,0
TMED6,9606.ENSP00000288025,0.004874083,-1
ASCC1,9606.ENSP00000339404,0.004874032,-1
ZNF475,9606.ENSP00000489710,0.0048736758,-1
IFRD1,9606.ENSP00000384477,0.0048730792,0
FBXO39,9606.ENSP00000321386,0.0048725293,-1
PDHB,9606.ENSP00000307241,0.004871794,-1
ZNF620,9606.ENSP00000322265,0.0048707128,-1
H2AC25,9606.ENSP00000355656,0.004870627,-1
CD2BP2,9606.ENSP00000304903,0.004869848,0
TUBB8,9606.ENSP00000456206,0.0048688264,0
RANGRF,9606.ENSP00000226105,0.0048671267,0
ZNF521,9606.ENSP00000354794,0.004866757,-1
PHF14,9606.ENSP00000385795,0.0048663463,-1
RTCA,9606.ENSP00000260563,0.004866295,-1
MTARC1,9606.ENSP00000355877,0.0048642494,-1
EIF3G,9606.ENSP00000253108,0.004863169,0
MAPK15,9606.ENSP00000337691,0.004862957,0
PPTC7,9606.ENSP00000346255,0.0048618796,0
LRRC8E,9606.ENSP00000479953,0.004860733,-1
CSKMT,9606.ENSP00000431287,0.0048601986,-1
PTP4A3,9606.ENSP00000428976,0.0048600417,-1
STRADA,9606.ENSP00000336655,0.004859968,0
SPATA31A1,9606.ENSP00000498856,0.0048598205,-1
MZB1,9606.ENSP00000303920,0.00485946,-1
PYGO2,9606.ENSP00000357442,0.0048593176,-1
GALNT2,9606.ENSP00000355632,0.004858005,-1
RAB3A,9606.ENSP00000222256,0.0048579248,-1
UCK2,9606.ENSP00000356853,0.004857869,0
SPG7,9606.ENSP00000495795,0.0048575094,0
MPLKIP,9606.ENSP00000304553,0.0048573627,-1
MARK1,9606.ENSP00000483424,0.004857123,-1
FBXO33,9606.ENSP00000298097,0.0048550996,-1
ATP6V1G1,9606.ENSP00000363162,0.0048544263,0
GATAD2B,9606.ENSP00000357644,0.004853927,0
CACNA1E,9606.ENSP00000356545,0.0048537264,-1
BKGD,9606.ENSP00000331209,0.0048536016,-1
EPN1,9606.ENSP00000406209,0.0048530814,0
GABPA,9606.ENSP00000346886,0.004852018,-1
DPM2,9606.ENSP00000322181,0.004852009,-1
SARS2,9606.ENSP00000472847,0.0048516397,-1
LSM10,9606.ENSP00000319341,0.0048515853,0
IDH2,9606.ENSP00000331897,0.00485153,-1
WBP2NL,9606.ENSP00000332983,0.0048504937,0
PKD2,9606.ENSP00000237596,0.0048504663,0
TEN1,9606.ENSP00000380762,0.0048503047,-1
FBXL7,9606.ENSP00000423630,0.004850178,0
RAB1A,9606.ENSP00000387286,0.0048500197,0
KCNA5,9606.ENSP00000252321,0.004849614,0
RCSD1,9606.ENSP00000356828,0.00484921,-1
TMEM11,9606.ENSP00000319992,0.004849074,-1
CLIC2,9606.ENSP00000358460,0.004848303,-1
RAB3D,9606.ENSP00000222120,0.004848257,-1
B4GALT6,9606.ENSP00000306459,0.0048479903,-1
ZNF800,9606.ENSP00000265827,0.0048479214,-1
RBM12,9606.ENSP00000363228,0.0048471806,-1
NR2F6,9606.ENSP00000291442,0.004846863,0
SARNP,9606.ENSP00000337632,0.0048460625,0
ANKRD18A,9606.ENSP00000382610,0.0048458558,-1
RIIAD1,9606.ENSP00000419249,0.0048441654,-1
CTCF,9606.ENSP00000494538,0.004844122,0
NEU4,9606.ENSP00000320318,0.004844003,-1
CCNG2,9606.ENSP00000315743,0.004842651,0
POLDIP2,9606.ENSP00000475924,0.004842532,0
IPO4,9606.ENSP00000346453,0.0048424094,-1
SUSD6,9606.ENSP00000344424,0.004841599,0
RCL1,9606.ENSP00000371169,0.004841323,-1
SNRPA1,9606.ENSP00000254193,0.0048412406,-1
RPL12,9606.ENSP00000354739,0.0048411763,-1
CENATAC,9606.ENSP00000334767,0.0048410567,0
SVBP,9606.ENSP00000361599,0.0048406525,0
NCOA5,9606.ENSP00000290231,0.004840317,0
RAB8B,9606.ENSP00000312734,0.00484023,-1
ZNF621,9606.ENSP00000340841,0.004838792,-1
CALR,9606.ENSP00000320866,0.004837493,0
NDUFA12,9606.ENSP00000330737,0.0048370454,0
H2AC6,9606.ENSP00000367022,0.0048370427,-1
TUBA3C,9606.ENSP00000326042,0.0048368797,0
PLAAT5,9606.ENSP00000301790,0.004836678,-1
DAZAP1,9606.ENSP00000233078,0.0048365565,-1
VPS26B,9606.ENSP00000281187,0.0048362482,0
RAMACL,9606.ENSP00000498060,0.00483511,-1
CBARP,9606.ENSP00000465260,0.0048348997,-1
BNC1,9606.ENSP00000307041,0.004834505,-1
GFM1,9606.ENSP00000264263,0.0048329295,-1
GAS1,9606.ENSP00000298743,0.0048327805,0
AP4S1,9606.ENSP00000216366,0.004832349,-1
ARFGAP1,9606.ENSP00000314615,0.0048319823,-1
DCTN4,9606.ENSP00000414906,0.0048313467,0
BACC1,9606.ENSP00000448598,0.004830973,-1
MITD1,9606.ENSP00000289359,0.004830643,0
SREBF2,9606.ENSP00000354476,0.0048303497,0
RPSA,9606.ENSP00000389351,0.0048298547,0
FAM124A,9606.ENSP00000280057,0.0048297606,-1
CKS2,9606.ENSP00000364976,0.0048296573,0
ANKRD10,9606.ENSP00000267339,0.0048290663,0
UNC45B,9606.ENSP00000268876,0.0048290067,-1
SPTBN1,9606.ENSP00000349259,0.0048285937,0
STMND1,9606.ENSP00000455698,0.004828255,-1
TTYH3,9606.ENSP00000258796,0.004828251,-1
RASSF8,9606.ENSP00000384491,0.0048282277,-1
CIART,9606.ENSP00000290363,0.004827843,-1
COQ10B,9606.ENSP00000263960,0.004827664,0
TEKT3,9606.ENSP00000379263,0.004827147,-1
DLD,9606.ENSP00000205402,0.0048264093,0
ACBD5,9606.ENSP00000365049,0.004826354,-1
KCNK4,9606.ENSP00000402797,0.004826212,-1
SRRM3,9606.ENSP00000480851,0.0048261364,-1
TMEM218,9606.ENSP00000436596,0.0048261154,-1
UNKL,9606.ENSP00000301712,0.004825711,-1
PHC3,9606.ENSP00000420294,0.004825566,-1
CERCAM,9606.ENSP00000361929,0.004825127,-1
ZNF691,9606.ENSP00000361580,0.004824907,-1
TIMM8A,9606.ENSP00000361993,0.0048230733,-1
NUCB1,9606.ENSP00000385923,0.004822698,-1
RPL3L,9606.ENSP00000268661,0.0048222607,-1
WRAP53,9606.ENSP00000324203,0.0048214053,-1
FMC1,9606.ENSP00000297534,0.0048210155,-1
PASK,9606.ENSP00000351475,0.004821007,-1
UBE2Q1,9606.ENSP00000292211,0.004820122,0
VCF1,9606.ENSP00000384832,0.004819904,-1
H2AZ2,9606.ENSP00000308405,0.0048192637,0
MRPL19,9606.ENSP00000377486,0.004819004,-1
PPP1R3E,9606.ENSP00000408288,0.0048183217,-1
SFT2D3,9606.ENSP00000310803,0.0048179743,-1
TOLLIP,9606.ENSP00000314733,0.0048178416,0
PLPBP,9606.ENSP00000333551,0.0048177755,0
CLCN3,9606.ENSP00000261514,0.0048175217,0
MGAT1,9606.ENSP00000332073,0.004817337,-1
GRB2,9606.ENSP00000376345,0.0048168814,0
ZMYND8,9606.ENSP00000439800,0.0048168614,-1
STRAP,9606.ENSP00000392270,0.004815693,0
TIGD1,9606.ENSP00000386186,0.0048144707,-1
SYTL2,9606.ENSP00000318803,0.004814219,-1
NFIC,9606.ENSP00000396843,0.004813909,0
PKMYT1,9606.ENSP00000262300,0.0048136916,0
STK36,9606.ENSP00000295709,0.0048129745,-1
NBPF6,9606.ENSP00000417277,0.0048126825,-1
MYO1G,9606.ENSP00000258787,0.004812476,-1
KCTD13,9606.ENSP00000455785,0.0048122886,-1
DHX30,9606.ENSP00000405620,0.0048121703,0
CD99,9606.ENSP00000370588,0.0048121475,0
MTG2,9606.ENSP00000359859,0.0048120515,-1
IPO8,9606.ENSP00000256079,0.004811257,0
HSPA14,9606.ENSP00000367623,0.0048110103,0
RELCH,9606.ENSP00000256858,0.0048109787,-1
AHCY,9606.ENSP00000217426,0.0048102667,0
BAIAP3,9606.ENSP00000324510,0.0048101614,-1
INSM1,9606.ENSP00000312631,0.0048096175,0
HELZ2,9606.ENSP00000417401,0.0048096175,-1
ZNF562,9606.ENSP00000410734,0.0048087784,-1
RPS14,9606.ENSP00000385958,0.0048079477,0
BTBD6,9606.ENSP00000376337,0.004807915,0
RFPL1,9606.ENSP00000346342,0.0048071994,0
ADRM1,9606.ENSP00000478877,0.0048071677,0
H2AC21,9606.ENSP00000332790,0.0048067523,-1
CLINT1,9606.ENSP00000429824,0.004805666,-1
ZNRD2,9606.ENSP00000312318,0.004805621,0
TLK1,9606.ENSP00000411099,0.0048055565,0
CCT7,9606.ENSP00000258091,0.00480516,-1
RAB25,9606.ENSP00000354376,0.0048043327,-1
CAPZA2,9606.ENSP00000354947,0.004804084,-1
AIMP1,9606.ENSP00000378191,0.0048039746,-1
TMEM230,9606.ENSP00000341364,0.00480345,0
VPS26A,9606.ENSP00000263559,0.0048028715,0
SYNJ1,9606.ENSP00000409667,0.0048021534,-1
WIPF2,9606.ENSP00000320924,0.004802142,-1
NPRL3,9606.ENSP00000483814,0.004801755,-1
OAZ1,9606.ENSP00000473381,0.004801723,-1
TUBB8B,9606.ENSP00000496713,0.0047991755,0
GNG4,9606.ENSP00000398629,0.004799117,-1
H2AZ1,9606.ENSP00000296417,0.004798625,0
AP3D1,9606.ENSP00000495274,0.00479859,-1
GEMIN8,9606.ENSP00000369895,0.0047984784,-1
KLHL15,9606.ENSP00000332791,0.004798147,-1
VCP,9606.ENSP00000351777,0.0047975527,0
DAGLB,9606.ENSP00000297056,0.004797377,-1
DUXB,9606.ENSP00000491301,0.0047973497,-1
WASF1,9606.ENSP00000376367,0.004796972,-1
IKZF4,9606.ENSP00000448419,0.004796842,-1
FECH,9606.ENSP00000498358,0.0047966624,-1
CAP2,9606.ENSP00000229922,0.00479608,-1
TTC4,9606.ENSP00000360329,0.0047942726,-1
RPL3,9606.ENSP00000346001,0.0047936495,-1
WDR83OS,9606.ENSP00000468969,0.0047931555,0
UBE2Q2,9606.ENSP00000267938,0.004792908,-1
METTL3,9606.ENSP00000298717,0.004792899,0
UBE2G2,9606.ENSP00000338348,0.0047916435,0
ATP5MGL,9606.ENSP00000421076,0.004791339,-1
RPS11,9606.ENSP00000270625,0.0047913203,0
PCID2,9606.ENSP00000479494,0.004790816,0
WNK1,9606.ENSP00000341292,0.0047907475,0
ZBTB44,9606.ENSP00000350574,0.0047906437,-1
DCP1A,9606.ENSP00000476386,0.0047904705,-1
SUPT6H,9606.ENSP00000319104,0.0047898768,0
CSGALNACT2,9606.ENSP00000363590,0.0047898656,0
ALDH9A1,9606.ENSP00000346827,0.0047893617,0
SPATA31F1,9606.ENSP00000417711,0.004789343,-1
RAB43,9606.ENSP00000319781,0.00478832,-1
CHD3,9606.ENSP00000369716,0.0047879065,0
DNAJB11,9606.ENSP00000414398,0.00478778,0
ZNF835,9606.ENSP00000444747,0.0047867023,-1
ENKUR,9606.ENSP00000331044,0.004786244,-1
CHD5,9606.ENSP00000262450,0.00478608,-1
WDR45B,9606.ENSP00000376139,0.0047859713,0
VARS1,9606.ENSP00000364815,0.0047845724,-1
RAB37,9606.ENSP00000376390,0.004784141,-1
TMTC3,9606.ENSP00000266712,0.0047840886,-1
RGPD4,9606.ENSP00000386810,0.0047836094,-1
PAIP1,9606.ENSP00000302768,0.004783473,0
RAB13,9606.ENSP00000357564,0.004782829,0
BRCA2,9606.ENSP00000369497,0.0047821533,0
ZNF805,9606.ENSP00000412999,0.0047819456,-1
ZNF143,9606.ENSP00000379847,0.004781908,-1
ZNF768,9606.ENSP00000369777,0.0047817007,0
CHMP1A,9606.ENSP00000380998,0.0047816695,0
NTHL1,9606.ENSP00000219066,0.0047815493,-1
LMF2,9606.ENSP00000424381,0.0047813854,0
RNASEH2A,9606.ENSP00000221486,0.004780936,0
LYSET,9606.ENSP00000388431,0.0047805645,-1
PANK3,9606.ENSP00000239231,0.0047805575,0
LPCAT2,9606.ENSP00000262134,0.0047803535,-1
FBXO17,9606.ENSP00000292852,0.004780179,-1
ZNF598,9606.ENSP00000455308,0.0047800248,-1
EEF1AKMT3,9606.ENSP00000300209,0.0047788993,-1
CNOT2,9606.ENSP00000229195,0.0047781244,-1
ABHD16B,9606.ENSP00000358932,0.004777671,-1
TRRAP,9606.ENSP00000352925,0.004776446,0
MRPL48,9606.ENSP00000308717,0.004776249,-1
SELENOM,9606.ENSP00000384564,0.0047739716,-1
ZNF217,9606.ENSP00000360526,0.004773677,-1
TMEM167B,9606.ENSP00000342148,0.0047733323,0
SPMAP2,9606.ENSP00000340088,0.004773288,-1
IFRD2,9606.ENSP00000402849,0.004772866,-1
RTEL1,9606.ENSP00000353332,0.00477167,0
NDUFS7,9606.ENSP00000233627,0.0047712605,-1
RPL19,9606.ENSP00000225430,0.004771195,0
TSHZ3,9606.ENSP00000240587,0.0047706654,-1
SNRNP40,9606.ENSP00000263694,0.0047705704,-1
TSPYL6,9606.ENSP00000417919,0.0047703935,-1
DGLUCY,9606.ENSP00000428263,0.004770326,-1
PSMB10,9606.ENSP00000351314,0.00477016,-1
NAXD,9606.ENSP00000311984,0.004769214,-1
PDK1,9606.ENSP00000376352,0.004769135,-1
SELENOO,9606.ENSP00000370288,0.0047686324,-1
PGBD2,9606.ENSP00000331643,0.0047682524,-1
AHDC1,9606.ENSP00000363123,0.004767836,-1
C10orf53,9606.ENSP00000363226,0.0047673266,-1
GALNT10,9606.ENSP00000297107,0.0047672116,-1
OSCP1,9606.ENSP00000349052,0.0047671795,-1
MZT1,9606.ENSP00000367049,0.0047657844,0
TUBA8,9606.ENSP00000333326,0.004764936,0
ROPN1B,9606.ENSP00000426271,0.0047647166,0
TRAPPC3L,9606.ENSP00000357591,0.004764484,-1
ANKRD40CL,9606.ENSP00000494384,0.00476431,-1
POLR1C,9606.ENSP00000496044,0.004763471,-1
USP54,9606.ENSP00000345216,0.0047631823,-1
IFT122,9606.ENSP00000296266,0.0047627953,-1
GNG3,9606.ENSP00000294117,0.0047622733,-1
MOB3A,9606.ENSP00000349575,0.004761184,0
MOB1A,9606.ENSP00000379364,0.0047609666,0
SCAMP1,9606.ENSP00000481022,0.0047607594,-1
CHMP1B,9606.ENSP00000432279,0.0047607003,0
POLR1H,9606.ENSP00000331111,0.0047604116,-1
TBRG1,9606.ENSP00000409016,0.0047600367,0
CRNN,9606.ENSP00000271835,0.0047600274,0
BCL6B,9606.ENSP00000293805,0.0047598644,-1
TUBA3E,9606.ENSP00000318197,0.0047590737,0
KICS2,9606.ENSP00000311486,0.004758767,-1
YIF1A,9606.ENSP00000366098,0.0047583156,0
MOSPD2,9606.ENSP00000369860,0.0047576646,-1
APPL1,9606.ENSP00000288266,0.004757236,0
FRY,9606.ENSP00000445043,0.00475706,-1
ZNF414,9606.ENSP00000377504,0.004756281,-1
EFCAB13,9606.ENSP00000332111,0.004756252,-1
LSM6,9606.ENSP00000296581,0.004756218,-1
NBPF4,9606.ENSP00000389237,0.0047556697,-1
EXOSC5,9606.ENSP00000221233,0.004755622,-1
ZNF223,9606.ENSP00000401947,0.0047552898,-1
DHX32,9606.ENSP00000284690,0.004755182,-1
RSAD1,9606.ENSP00000258955,0.0047545685,0
WIPF1,9606.ENSP00000376330,0.004753875,-1
CT45A3,9606.ENSP00000471418,0.00475386,-1
KANSL3,9606.ENSP00000396749,0.004753585,-1
LINS1,9606.ENSP00000318423,0.0047534895,-1
BBX,9606.ENSP00000319974,0.004753174,-1
GTPBP4,9606.ENSP00000354040,0.0047528604,0
GTF2H4,9606.ENSP00000259895,0.004752159,-1
SRFBP1,9606.ENSP00000341324,0.0047500078,-1
NSMCE2,9606.ENSP00000287437,0.0047499654,0
NEIL3,9606.ENSP00000264596,0.00474958,-1
ANKS3,9606.ENSP00000304586,0.004749206,-1
ABRA,9606.ENSP00000311436,0.0047489805,-1
GATAD2A,9606.ENSP00000384899,0.0047488404,-1
UBE2J1,9606.ENSP00000451261,0.0047487505,0
DRC5,9606.ENSP00000360560,0.004748106,-1
IFFO2,9606.ENSP00000387941,0.004747948,-1
ZCWPW1,9606.ENSP00000381109,0.0047476776,0
POLR2F,9606.ENSP00000385725,0.0047473395,0
TXNL4A,9606.ENSP00000269601,0.0047469614,-1
ARMCX3,9606.ENSP00000340672,0.004746105,0
MOK,9606.ENSP00000355304,0.004745164,0
FAM83A,9606.ENSP00000428876,0.004744745,-1
TIPIN,9606.ENSP00000261881,0.004744389,0
ARFGEF1,9606.ENSP00000262215,0.00474398,-1
CWF19L1,9606.ENSP00000326411,0.0047429893,-1
OGG1,9606.ENSP00000306561,0.0047429395,-1
ZNF282,9606.ENSP00000477841,0.0047426894,-1
TPGS2,9606.ENSP00000464780,0.0047426242,-1
INSR,9606.ENSP00000303830,0.0047423807,0
VWA7,9606.ENSP00000364840,0.00474181,-1
ABHD6,9606.ENSP00000295962,0.0047409027,-1
TCIRG1,9606.ENSP00000265686,0.004739245,-1
PIP5K1C,9606.ENSP00000466363,0.004739178,0
PFN3,9606.ENSP00000351379,0.004739065,-1
PROX2,9606.ENSP00000451223,0.0047374456,-1
MPHOSPH6,9606.ENSP00000258169,0.004737392,-1
ATAD3C,9606.ENSP00000368062,0.0047370633,-1
STT3B,9606.ENSP00000295770,0.0047367085,0
WBP2,9606.ENSP00000467579,0.004735679,0
PPP1R3D,9606.ENSP00000360035,0.004735463,-1
FEM1B,9606.ENSP00000307298,0.0047354586,0
METTL2B,9606.ENSP00000262432,0.0047354097,-1
AP3B2,9606.ENSP00000440984,0.0047342856,-1
RAB35,9606.ENSP00000229340,0.0047339555,0
AK4,9606.ENSP00000378743,0.0047336477,-1
BCL9L,9606.ENSP00000335320,0.0047324887,-1
CMAS,9606.ENSP00000229329,0.0047319364,0
PFDN5,9606.ENSP00000447942,0.004731431,0
RNF115,9606.ENSP00000463650,0.0047311727,-1
RAE1,9606.ENSP00000379181,0.004731049,0
TFDP3,9606.ENSP00000385461,0.0047305753,0
CDK13,9606.ENSP00000181839,0.0047297273,0
CTIF,9606.ENSP00000372459,0.004729076,-1
EIF4E2,9606.ENSP00000258416,0.004728412,-1
GLYATL1B,9606.ENSP00000488958,0.0047283066,-1
EEF1A1,9606.ENSP00000339063,0.0047276807,0
MMAA,9606.ENSP00000497008,0.0047251727,-1
MED30,9606.ENSP00000297347,0.0047251163,-1
THOC2,9606.ENSP00000245838,0.0047246097,-1
C18orf63,9606.ENSP00000464330,0.004723749,-1
SLC4A2,9606.ENSP00000419412,0.0047236094,-1
PNLDC1,9606.ENSP00000376007,0.004723258,-1
MRPL10,9606.ENSP00000290208,0.004723065,-1
NDUFAF5,9606.ENSP00000367346,0.0047229985,-1
H2AB1,9606.ENSP00000484261,0.0047229175,-1
SULF2,9606.ENSP00000353007,0.004722628,-1
SPATA31A6,9606.ENSP00000329825,0.0047226124,-1
PDS5B,9606.ENSP00000313851,0.0047221286,0
KLHL35,9606.ENSP00000438526,0.004722106,-1
PPP2R3C,9606.ENSP00000261475,0.0047218283,-1
EIF2B1,9606.ENSP00000416250,0.0047202236,0
CFAP58,9606.ENSP00000358718,0.004720107,-1
REEP1,9606.ENSP00000392197,0.0047197714,-1
ADAD1,9606.ENSP00000296513,0.0047195656,-1
CCNK,9606.ENSP00000374529,0.0047190636,0
RAB8A,9606.ENSP00000300935,0.0047187004,-1
KCTD10,9606.ENSP00000228495,0.004718647,0
GPBP1,9606.ENSP00000401596,0.0047184727,0
BET1L,9606.ENSP00000372210,0.004717922,0
SNX1,9606.ENSP00000261889,0.004716793,0
SCYL3,9606.ENSP00000356746,0.004716641,-1
PDLIM1,9606.ENSP00000360305,0.0047161616,-1
FYCO1,9606.ENSP00000296137,0.0047157994,-1
CHCHD6,9606.ENSP00000290913,0.0047144163,-1
NSUN5,9606.ENSP00000309126,0.00471396,-1
MCOLN3,9606.ENSP00000359621,0.0047137,-1
ADTRP,9606.ENSP00000229583,0.004713566,-1
SELENOF,9606.ENSP00000328729,0.004712781,0
PPP4R3A,9606.ENSP00000450864,0.0047125374,-1
DUT,9606.ENSP00000370376,0.004712524,0
TIMM44,9606.ENSP00000270538,0.0047120694,-1
MMACHC,9606.ENSP00000383840,0.004711909,-1
COX8A,9606.ENSP00000321260,0.0047113523,0
EFCAB12,9606.ENSP00000420854,0.0047112983,-1
BCL7A,9606.ENSP00000445868,0.0047109458,0
ATP11B,9606.ENSP00000321195,0.0047108685,-1
PGLS,9606.ENSP00000252603,0.004710241,0
TRIQK,9606.ENSP00000429517,0.004710199,-1
PDF,9606.ENSP00000288022,0.004710087,-1
CHCHD4,9606.ENSP00000295767,0.0047090724,-1
PRPF3,9606.ENSP00000315379,0.004708902,0
NDUFA2,9606.ENSP00000252102,0.004708142,0
FBXL16,9606.ENSP00000380746,0.0047078296,-1
GRAMD1A,9606.ENSP00000441032,0.0047072307,-1
RPS2,9606.ENSP00000341885,0.0047055352,0
VWA8,9606.ENSP00000368612,0.004703577,-1
TMEM107,9606.ENSP00000314116,0.0047034035,-1
PPIE,9606.ENSP00000361918,0.004703388,-1
ZBTB26,9606.ENSP00000362760,0.0047032805,-1
RAB21,9606.ENSP00000261263,0.0047031464,-1
GYS2,9606.ENSP00000261195,0.0047017937,-1
DNAJB12,9606.ENSP00000345575,0.0047017653,-1
TMEM184A,9606.ENSP00000297477,0.00470164,-1
FBXO40,9606.ENSP00000337510,0.004701388,-1
CDK16,9606.ENSP00000276052,0.004700163,0
SMIM18,9606.ENSP00000428858,0.004699708,-1
SPRYD3,9606.ENSP00000301463,0.0046995473,0
NT5M,9606.ENSP00000373674,0.004699086,-1
UHRF2,9606.ENSP00000276893,0.0046984414,0
C5orf22,9606.ENSP00000326879,0.0046978216,-1
EHD1,9606.ENSP00000479153,0.004697585,-1
IFTAP,9606.ENSP00000403937,0.0046974267,-1
SARG,9606.ENSP00000352447,0.0046965196,-1
TBCD,9606.ENSP00000347719,0.00469621,0
ERMARD,9606.ENSP00000355735,0.0046958714,-1
PABPC1L2A,9606.ENSP00000362618,0.004693988,-1
BORCS5,9606.ENSP00000321546,0.0046935137,-1
FKBP4,9606.ENSP00000001008,0.0046931994,-1
ELL2,9606.ENSP00000237853,0.0046928884,-1
DYNLT2B,9606.ENSP00000324323,0.0046928655,-1
MTR,9606.ENSP00000355536,0.0046926383,-1
CHSY3,9606.ENSP00000302629,0.0046926118,-1
CCDC82,9606.ENSP00000495063,0.0046923733,-1
TOMM40,9606.ENSP00000410339,0.0046909484,-1
NUDT21,9606.ENSP00000300291,0.0046902783,0
RETREG2,9606.ENSP00000395249,0.004690042,-1
SH3BP5,9606.ENSP00000373301,0.004689995,-1
CYTH3,9606.ENSP00000297044,0.0046895216,-1
ZBTB32,9606.ENSP00000376035,0.0046895123,-1
FOXO4,9606.ENSP00000363377,0.0046886937,0
UTP14C,9606.ENSP00000428619,0.004688304,0
CFAP418,9606.ENSP00000286688,0.004687879,-1
HSF5,9606.ENSP00000313243,0.004687861,0
SUGP1,9606.ENSP00000247001,0.0046863575,-1
SUGT1,9606.ENSP00000367208,0.0046858233,0
SRP54,9606.ENSP00000451818,0.0046858233,-1
BCAT1,9606.ENSP00000443459,0.004685717,0
MISP3,9606.ENSP00000465157,0.0046857083,-1
TMEM14B,9606.ENSP00000420658,0.004684261,0
ZNF787,9606.ENSP00000478557,0.0046839737,-1
DNAL1,9606.ENSP00000452037,0.004683818,-1
ALDOB,9606.ENSP00000497767,0.0046824715,-1
RERG,9606.ENSP00000256953,0.0046818205,-1
RGPD3,9606.ENSP00000386588,0.004681785,-1
CKS1B,9606.ENSP00000311083,0.0046815914,0
RAB3C,9606.ENSP00000282878,0.004680374,-1
DPCD,9606.ENSP00000359170,0.0046795392,-1
NCOA6,9606.ENSP00000363929,0.0046791146,-1
SNX31,9606.ENSP00000312368,0.0046788217,-1
KGD4,9606.ENSP00000256441,0.004678695,-1
DYNC1LI2,9606.ENSP00000258198,0.0046786214,0
SPEF1,9606.ENSP00000369080,0.0046785907,-1
RHOF,9606.ENSP00000267205,0.0046781977,-1
RAB41,9606.ENSP00000363597,0.004678067,-1
SPRED3,9606.ENSP00000345405,0.004677876,-1
GBP2,9606.ENSP00000359497,0.004677652,-1
UFC1,9606.ENSP00000356982,0.0046775453,0
SOWAHD,9606.ENSP00000340975,0.004677243,-1
ARPC1B,9606.ENSP00000389631,0.004676981,-1
SMIM27,9606.ENSP00000490275,0.004676435,-1
CKAP5,9606.ENSP00000432768,0.004675867,0
TNRC6B,9606.ENSP00000401946,0.0046757604,-1
TAF7,9606.ENSP00000312709,0.00467551,0
ALG5,9606.ENSP00000239891,0.0046744645,-1
ATP5F1B,9606.ENSP00000262030,0.0046733245,-1
CATSPERH,9606.ENSP00000432459,0.0046731955,-1
FAM81A,9606.ENSP00000288228,0.0046728896,-1
KANSL1,9606.ENSP00000387393,0.004672817,-1
BCL9,9606.ENSP00000234739,0.004671878,-1
DORIP1,9606.ENSP00000326846,0.004671643,-1
TRMT61A,9606.ENSP00000374399,0.004670894,-1
INTS7,9606.ENSP00000355961,0.0046706903,0
CASTOR2,9606.ENSP00000484732,0.004670468,-1
STX18,9606.ENSP00000305810,0.0046701804,-1
ADIPOR2,9606.ENSP00000349616,0.0046699853,0
ZNF227,9606.ENSP00000482749,0.0046689194,-1
RAB1B,9606.ENSP00000310226,0.0046678362,0
COA7,9606.ENSP00000360593,0.0046658074,-1
TCP1,9606.ENSP00000317334,0.0046656053,0
ZBTB1,9606.ENSP00000451000,0.004665331,-1
ARHGAP39,9606.ENSP00000366522,0.00466446,-1
NASP,9606.ENSP00000255120,0.0046642483,0
ACOX3,9606.ENSP00000348775,0.0046631857,-1
DDX56,9606.ENSP00000258772,0.004663016,-1
CNN3,9606.ENSP00000359225,0.0046628537,-1
POLE3,9606.ENSP00000363286,0.0046616876,0
MYBL1,9606.ENSP00000429633,0.0046607316,0
TMEM131L,9606.ENSP00000386787,0.0046606325,-1
ACOT4,9606.ENSP00000323071,0.004659195,-1
FBXO36,9606.ENSP00000283946,0.0046588387,-1
CAND2,9606.ENSP00000387641,0.004658726,-1
NGDN,9606.ENSP00000386134,0.0046586706,0
RPS15,9606.ENSP00000466010,0.004658657,0
SNX4,9606.ENSP00000251775,0.0046585845,-1
RAB2A,9606.ENSP00000262646,0.0046585402,0
SPATA6L,9606.ENSP00000417063,0.0046568383,-1
HACD1,9606.ENSP00000355308,0.004655784,-1
LIPT2,9606.ENSP00000309463,0.0046545356,-1
LMAN2,9606.ENSP00000303366,0.004654328,0
ABT1,9606.ENSP00000274849,0.004654019,-1
RBM20,9606.ENSP00000358532,0.0046526403,-1
TNRC6A,9606.ENSP00000379144,0.0046521723,-1
EIF4A1,9606.ENSP00000293831,0.004651325,0
DAGLA,9606.ENSP00000257215,0.004651106,-1
SPATA2L,9606.ENSP00000289805,0.0046509323,-1
VARS2,9606.ENSP00000441000,0.004650724,-1
SLC12A9,9606.ENSP00000275730,0.0046503316,-1
TUBA1A,9606.ENSP00000439020,0.004650296,0
NMNAT2,9606.ENSP00000287713,0.004650219,-1
PMFBP1,9606.ENSP00000237353,0.004648403,-1
DNMT3B,9606.ENSP00000328547,0.0046470487,-1
SCFD1,9606.ENSP00000390783,0.0046467637,-1
MIDN,9606.ENSP00000300952,0.004644625,-1
MOB2,9606.ENSP00000328694,0.004644612,-1
FBXW8,9606.ENSP00000498999,0.004644387,-1
RPS18,9606.ENSP00000393241,0.004644334,0
SLC26A8,9606.ENSP00000347778,0.0046437234,0
THADA,9606.ENSP00000385995,0.0046434654,-1
RPA2,9606.ENSP00000363017,0.004643338,0
CCDC91,9606.ENSP00000438040,0.0046428023,-1
TARS3,9606.ENSP00000338093,0.004642331,-1
COPS3,9606.ENSP00000268717,0.004641916,-1
RAPGEFL1,9606.ENSP00000479735,0.0046416325,-1
LRRC14B,9606.ENSP00000327675,0.004641176,-1
UBL4A,9606.ENSP00000358674,0.0046411147,0
SELENOW,9606.ENSP00000473185,0.004640868,0
LURAP1L,9606.ENSP00000321026,0.00464074,-1
DDX6,9606.ENSP00000478754,0.0046407357,-1
H4C7,9606.ENSP00000477870,0.004640683,-1
TRAPPC5,9606.ENSP00000470262,0.0046399143,-1
DDX47,9606.ENSP00000350698,0.0046389913,0
AIP,9606.ENSP00000279146,0.004638908,0
TSHZ2,9606.ENSP00000360552,0.004638692,-1
MTF2,9606.ENSP00000359321,0.004638485,0
SRRD,9606.ENSP00000215917,0.0046376907,-1
ZNF669,9606.ENSP00000342818,0.0046375566,-1
UNC119,9606.ENSP00000337040,0.004637548,0
SH2D6,9606.ENSP00000498488,0.0046374775,-1
IPO5,9606.ENSP00000261574,0.004635946,0
SFT2D1,9606.ENSP00000354590,0.0046347175,0
TUBA1C,9606.ENSP00000443475,0.0046343524,0
NOC3L,9606.ENSP00000360412,0.0046342337,-1
ARPIN,9606.ENSP00000350075,0.0046336977,-1
GPRIN2,9606.ENSP00000363436,0.004633475,-1
ALDH18A1,9606.ENSP00000360268,0.004632833,-1
NSMCE1,9606.ENSP00000355077,0.00463111,0
ILKAP,9606.ENSP00000254654,0.004630698,0
TLCD5,9606.ENSP00000312672,0.0046295514,-1
CASTOR1,9606.ENSP00000384183,0.0046294415,-1
ZNF18,9606.ENSP00000315664,0.004629354,-1
CEP70,9606.ENSP00000264982,0.0046293493,-1
GNG8,9606.ENSP00000300873,0.0046292697,-1
PPAN,9606.ENSP00000253107,0.0046286546,-1
TMEM147,9606.ENSP00000222284,0.0046273787,0
RBM14,9606.ENSP00000311747,0.004626823,0
SF3A3,9606.ENSP00000362110,0.0046264366,0
MAPK1IP1L,9606.ENSP00000378851,0.004626228,0
TBATA,9606.ENSP00000400224,0.004625955,-1
ZNF639,9606.ENSP00000325634,0.004625793,-1
N4BP2L2,9606.ENSP00000382328,0.0046253516,-1
EML4,9606.ENSP00000320663,0.0046245838,0
HID1,9606.ENSP00000413520,0.0046245027,-1
KDM4D,9606.ENSP00000334181,0.0046239845,-1
ATP13A5,9606.ENSP00000341942,0.004623767,-1
THUMPD1,9606.ENSP00000379392,0.0046207393,-1
TUBA1B,9606.ENSP00000336799,0.004620242,0
FAM180B,9606.ENSP00000443133,0.0046197837,-1
MGARP,9606.ENSP00000381928,0.0046193977,-1
FIBP,9606.ENSP00000344572,0.00461938,0
PIWIL1,9606.ENSP00000245255,0.0046189805,0
SENP5,9606.ENSP00000327197,0.004618766,0
HSFY1,9606.ENSP00000303599,0.0046179486,-1
FHIP1B,9606.ENSP00000265978,0.004617806,-1
AAR2,9606.ENSP00000363043,0.004617569,0
RIC8A,9606.ENSP00000325941,0.004617521,0
ANKRD52,9606.ENSP00000267116,0.0046169907,0
HSPA4L,9606.ENSP00000296464,0.004616281,-1
CSNK2B,9606.ENSP00000365042,0.0046158493,0
ELP4,9606.ENSP00000379267,0.0046152137,-1
RPP25L,9606.ENSP00000297613,0.0046147914,-1
ANKS1B,9606.ENSP00000449629,0.0046146205,-1
MALRD1,9606.ENSP00000412763,0.0046145786,-1
ZNF221,9606.ENSP00000251269,0.004614563,-1
TEX264,9606.ENSP00000396628,0.00461418,-1
PFKFB4,9606.ENSP00000232375,0.0046135513,-1
CRLF3,9606.ENSP00000318804,0.0046134726,0
SDF4,9606.ENSP00000499387,0.004613422,0
RAB14,9606.ENSP00000362946,0.0046133366,0
ALDOA,9606.ENSP00000496166,0.0046129297,0
KIF5A,9606.ENSP00000408979,0.0046125576,-1
TCEA3,9606.ENSP00000406293,0.0046117194,-1
BCKDHB,9606.ENSP00000318351,0.0046116994,-1
PAQR8,9606.ENSP00000406197,0.00461138,-1
TIGD2,9606.ENSP00000486687,0.0046110842,-1
UBQLN4,9606.ENSP00000357292,0.004610767,0
TCAF1,9606.ENSP00000419235,0.004610592,0
COPG2,9606.ENSP00000402346,0.0046105306,-1
MEPCE,9606.ENSP00000308546,0.0046104304,0
MOB3B,9606.ENSP00000262244,0.004609874,-1
SREBF1,9606.ENSP00000348069,0.004609813,-1
TAF1A,9606.ENSP00000339976,0.0046090386,-1
PUF60,9606.ENSP00000434359,0.004608518,0
SMYD4,9606.ENSP00000304360,0.0046077375,-1
BLOC1S2,9606.ENSP00000359398,0.0046076016,0
CGGBP1,9606.ENSP00000381429,0.0046074507,0
SMIM12,9606.ENSP00000428585,0.0046068863,0
ARSI,9606.ENSP00000333395,0.0046063988,-1
TMEM238,9606.ENSP00000416154,0.0046061934,-1
CIMIP4,9606.ENSP00000386118,0.0046049533,-1
ERCC6L2,9606.ENSP00000499371,0.0046045543,-1
ALAD,9606.ENSP00000386284,0.004604501,-1
NOPCHAP1,9606.ENSP00000447057,0.0046044462,-1
DEK,9606.ENSP00000498653,0.004604086,0
YTHDF2,9606.ENSP00000444660,0.004603874,0
PRAG1,9606.ENSP00000481109,0.004603861,-1
CNBD2,9606.ENSP00000340954,0.0046036597,-1
SNUPN,9606.ENSP00000454852,0.0046032867,-1
HCFC1,9606.ENSP00000309555,0.0046032644,0
SNX8,9606.ENSP00000222990,0.004602834,-1
MOB3C,9606.ENSP00000271139,0.004602533,-1
TOE1,9606.ENSP00000361162,0.0046023442,-1
BPNT2,9606.ENSP00000262644,0.0046019517,-1
CRPPA,9606.ENSP00000385478,0.004600324,-1
NSRP1,9606.ENSP00000247026,0.0046003093,0
CFAP210,9606.ENSP00000391504,0.0045997193,-1
C22orf39,9606.ENSP00000382474,0.004599621,-1
KLHDC10,9606.ENSP00000334140,0.004599445,0
MAML1,9606.ENSP00000292599,0.004599318,0
RPS10,9606.ENSP00000481646,0.004598642,0
TRPT1,9606.ENSP00000378050,0.004597882,-1
USP51,9606.ENSP00000423333,0.0045976066,0
TFDP2,9606.ENSP00000420616,0.0045972094,0
DCAF13,9606.ENSP00000297579,0.0045961537,0
SPCS1,9606.ENSP00000233025,0.0045957915,-1
CDK18,9606.ENSP00000423665,0.004595696,0
MRPL9,9606.ENSP00000357823,0.0045952634,0
TMUB1,9606.ENSP00000376565,0.004594727,-1
NDUFA11,9606.ENSP00000389160,0.0045942906,0
PARP16,9606.ENSP00000261888,0.0045941384,-1
ANKRD18B,9606.ENSP00000290943,0.0045940727,-1
RBM42,9606.ENSP00000262633,0.004593698,0
SLIRP,9606.ENSP00000450909,0.0045932354,0
RAB19,9606.ENSP00000440167,0.004591919,-1
PAAF1,9606.ENSP00000438071,0.00459174,-1
RNF13,9606.ENSP00000341361,0.0045908033,0
RPA1,9606.ENSP00000254719,0.0045904745,0
SAP25,9606.ENSP00000481773,0.0045904615,-1
CPLX3,9606.ENSP00000378464,0.0045901393,-1
TAGLN2,9606.ENSP00000357076,0.004590082,-1
TIAL1,9606.ENSP00000358089,0.0045897886,-1
NPEPPS,9606.ENSP00000320324,0.0045894785,0
PCSK4,9606.ENSP00000300954,0.0045894743,-1
RAB5C,9606.ENSP00000447053,0.004589315,-1
RPL36A,9606.ENSP00000404375,0.0045893,0
MRPL53,9606.ENSP00000258105,0.004589278,0
BSG,9606.ENSP00000333769,0.004589257,0
LONP2,9606.ENSP00000285737,0.004589132,0
FDX2,9606.ENSP00000377311,0.004589099,-1
ZBTB8A,9606.ENSP00000362609,0.0045887483,-1
SPO16,9606.ENSP00000359401,0.0045879823,-1
MRPS33,9606.ENSP00000320567,0.0045879297,-1
ODR4,9606.ENSP00000287859,0.0045878673,0
NUDT13,9606.ENSP00000349874,0.004587423,-1
SUOX,9606.ENSP00000377668,0.0045872265,-1
DNAJB2,9606.ENSP00000338019,0.0045860903,0
UBQLN1,9606.ENSP00000365576,0.004585381,0
YIF1B,9606.ENSP00000343435,0.004584845,-1
SFR1,9606.ENSP00000358742,0.0045828302,0
MTO1,9606.ENSP00000402038,0.0045825676,-1
GPATCH4,9606.ENSP00000396441,0.0045825327,0
FRG1,9606.ENSP00000226798,0.0045825043,0
ZNF597,9606.ENSP00000301744,0.0045821955,-1
HSPE1,9606.ENSP00000233893,0.004582156,0
OTUD5,9606.ENSP00000156084,0.004582156,0
NDUFS2,9606.ENSP00000356972,0.004582113,-1
CABLES1,9606.ENSP00000256925,0.0045819674,0
KCNQ4,9606.ENSP00000262916,0.004581795,-1
HS3ST6,9606.ENSP00000416741,0.0045817522,-1
NUDT7,9606.ENSP00000268533,0.004581606,-1
IST1,9606.ENSP00000438399,0.0045815296,0
SYNPO,9606.ENSP00000377789,0.004581319,-1
TARS1,9606.ENSP00000387710,0.0045811795,-1
MRPL11,9606.ENSP00000308897,0.0045804903,-1
RAB4A,9606.ENSP00000355651,0.0045804903,0
RPL9,9606.ENSP00000494697,0.004579177,0
PDK3,9606.ENSP00000498864,0.00457873,-1
GALNT12,9606.ENSP00000364150,0.0045779,-1
HAUS2,9606.ENSP00000260372,0.0045774393,0
BHLHE41,9606.ENSP00000242728,0.0045763967,-1
GEMIN6,9606.ENSP00000281950,0.004575786,-1
CIMIP1,9606.ENSP00000360210,0.004575606,-1
RNPC3,9606.ENSP00000432886,0.0045751324,-1
TUBGCP4,9606.ENSP00000260383,0.0045747287,0
HNRNPH3,9606.ENSP00000265866,0.004574633,0
ZC3H12D,9606.ENSP00000386616,0.0045744674,0
RFC4,9606.ENSP00000376272,0.004573721,0
KIF27,9606.ENSP00000297814,0.0045731263,-1
NANOGP8,9606.ENSP00000487073,0.004572922,0
CDKN1C,9606.ENSP00000413720,0.0045720777,0
ASF1A,9606.ENSP00000229595,0.004571785,0
ABHD13,9606.ENSP00000365063,0.004571741,-1
TMEM244,9606.ENSP00000357125,0.0045716455,-1
C12orf56,9606.ENSP00000446101,0.004571403,-1
FBXO25,9606.ENSP00000372274,0.0045713335,-1
CDYL2,9606.ENSP00000476295,0.004570331,-1
ALDOC,9606.ENSP00000378731,0.00456977,-1
PAK1IP1,9606.ENSP00000368887,0.0045696585,-1
MICALL1,9606.ENSP00000215957,0.00456903,-1
OTUB1,9606.ENSP00000444357,0.0045677028,0
CDHR2,9606.ENSP00000424565,0.004567542,-1
KLF13,9606.ENSP00000302456,0.004567434,-1
TMEM167A,9606.ENSP00000424707,0.004567182,0
PLPP7,9606.ENSP00000361338,0.004567022,-1
TCF3,9606.ENSP00000262965,0.0045666015,0
GNL2,9606.ENSP00000362153,0.004566398,0
PLVAP,9606.ENSP00000252590,0.004566003,-1
RFX3,9606.ENSP00000371434,0.004565843,-1
EBF3,9606.ENSP00000357637,0.004564261,-1
FIG4,9606.ENSP00000230124,0.004563988,-1
DCAF12L1,9606.ENSP00000360167,0.00456375,-1
PTGES3L,9606.ENSP00000386902,0.0045629204,-1
TRIM37,9606.ENSP00000262294,0.004561813,0
TSPY4,9606.ENSP00000499192,0.004561658,-1
PTP4A2,9606.ENSP00000493688,0.0045612464,0
NUP210,9606.ENSP00000254508,0.004561116,-1
RPL36AL,9606.ENSP00000346012,0.0045600994,0
PEX7,9606.ENSP00000315680,0.004559376,-1
POLD2,9606.ENSP00000480186,0.004559194,0
WDR31,9606.ENSP00000363308,0.0045591053,-1
ITPRID1,9606.ENSP00000395835,0.004558443,-1
RASGRF1,9606.ENSP00000405963,0.004557727,-1
AHCYL2,9606.ENSP00000315931,0.0045574806,-1
PSMD5,9606.ENSP00000210313,0.004557104,0
CMSS1,9606.ENSP00000410396,0.0045561437,-1
TUBA4A,9606.ENSP00000248437,0.004555149,0
CCDC40,9606.ENSP00000380679,0.0045550196,-1
RABAC1,9606.ENSP00000222008,0.0045549027,0
CDKL1,9606.ENSP00000379176,0.0045546386,0
PER2,9606.ENSP00000254657,0.0045542065,0
USP37,9606.ENSP00000258399,0.0045531816,0
UQCR11,9606.ENSP00000467262,0.0045525036,0
TUBD1,9606.ENSP00000320797,0.004552473,0
SYNJ2,9606.ENSP00000347792,0.004552465,-1
ADAP1,9606.ENSP00000442682,0.0045519224,-1
FPGS,9606.ENSP00000362344,0.0045496603,-1
LPP,9606.ENSP00000491657,0.0045484724,-1
SEC24C,9606.ENSP00000343405,0.004548331,-1
RAB26,9606.ENSP00000210187,0.0045476053,-1
APEH,9606.ENSP00000296456,0.004547601,0
POLR3G,9606.ENSP00000498469,0.0045468975,-1
NEXMIF,9606.ENSP00000055682,0.004546228,-1
PPIL6,9606.ENSP00000392257,0.004546183,-1
SF3B6,9606.ENSP00000233468,0.004546114,0
RAB10,9606.ENSP00000264710,0.00454533,-1
PPP4R3C,9606.ENSP00000489770,0.004545279,-1
KIF5C,9606.ENSP00000393379,0.0045450716,-1
RASGRF2,9606.ENSP00000265080,0.0045450414,-1
SMIM22,9606.ENSP00000481592,0.0045449054,0
BCAS3,9606.ENSP00000468592,0.0045441696,-1
ZNF473,9606.ENSP00000472808,0.004544096,-1
PTX4,9606.ENSP00000445277,0.0045439973,-1
DYNLT3,9606.ENSP00000367841,0.004542887,0
MREG,9606.ENSP00000263268,0.004542876,-1
TIGD4,9606.ENSP00000355162,0.004541716,-1
RNF17,9606.ENSP00000255324,0.004541138,-1
SDHB,9606.ENSP00000364649,0.0045400863,0
MYO18B,9606.ENSP00000386096,0.0045398707,-1
KIAA0319,9606.ENSP00000367459,0.0045392136,-1
SNX33,9606.ENSP00000311427,0.004539102,0
SPTY2D1,9606.ENSP00000337991,0.0045386776,-1
FAM240B,9606.ENSP00000490097,0.004538322,-1
TCEANC2,9606.ENSP00000234827,0.004538061,-1
BEGAIN,9606.ENSP00000411124,0.0045380183,-1
ZC3H12B,9606.ENSP00000340839,0.0045379344,-1
FAM177A1,9606.ENSP00000280987,0.0045375912,0
CCSAP,9606.ENSP00000284617,0.004537475,0
DDX41,9606.ENSP00000330349,0.0045371004,-1
PSMA4,9606.ENSP00000044462,0.0045369198,0
ZNF750,9606.ENSP00000269394,0.004536041,-1
ARID5A,9606.ENSP00000350078,0.0045359544,-1
ZBTB33,9606.ENSP00000450969,0.004535921,-1
TDRD10,9606.ENSP00000357465,0.0045351824,-1
ZNF575,9606.ENSP00000315870,0.0045349305,-1
KIFBP,9606.ENSP00000354848,0.0045347456,-1
PDK2,9606.ENSP00000420927,0.004534448,-1
AASDHPPT,9606.ENSP00000278618,0.00453442,0
SART1,9606.ENSP00000310448,0.0045339875,0
PPP1R3A,9606.ENSP00000284601,0.0045339596,-1
PABPC5,9606.ENSP00000308012,0.0045338864,-1
GFM2,9606.ENSP00000427004,0.0045338413,-1
PRDM5,9606.ENSP00000264808,0.004533019,0
MRPS18A,9606.ENSP00000361206,0.00453227,0
MRPL15,9606.ENSP00000260102,0.004532193,0
VPS16,9606.ENSP00000369810,0.0045320834,0
CEMIP2,9606.ENSP00000366243,0.0045314482,-1
RNF8,9606.ENSP00000362578,0.0045308294,-1
TOR1B,9606.ENSP00000259339,0.0045306142,0
ZNF311,9606.ENSP00000366384,0.0045305993,-1
ZNF507,9606.ENSP00000348162,0.004530229,-1
CDC26,9606.ENSP00000363322,0.0045300857,0
UBTF,9606.ENSP00000302640,0.0045299735,-1
AEN,9606.ENSP00000331944,0.004529397,-1
CYB5R4,9606.ENSP00000358695,0.0045288703,-1
RPS5,9606.ENSP00000472985,0.0045276815,0
MRGBP,9606.ENSP00000359518,0.004527516,0
PUM1,9606.ENSP00000391723,0.004526867,0
RCC1L,9606.ENSP00000480364,0.0045267576,-1
LARP4B,9606.ENSP00000326128,0.0045261625,0
FAM135B,9606.ENSP00000378710,0.004526055,-1
FAM89A,9606.ENSP00000355614,0.004525217,-1
POF1B,9606.ENSP00000362238,0.0045248237,-1
USP50,9606.ENSP00000434676,0.0045248005,0
CEP57,9606.ENSP00000317902,0.0045244657,-1
CTPS2,9606.ENSP00000401264,0.004524261,-1
NDUFAB1,9606.ENSP00000458770,0.0045237504,0
DDX50,9606.ENSP00000362687,0.0045237415,0
POLR3K,9606.ENSP00000293860,0.00452348,-1
ZBTB45,9606.ENSP00000346603,0.0045232307,-1
DGUOK,9606.ENSP00000264093,0.0045230202,-1
RAB18,9606.ENSP00000478479,0.004522864,-1
ZFYVE28,9606.ENSP00000290974,0.0045226016,-1
ARFGEF2,9606.ENSP00000360985,0.0045218994,0
MSANTD2,9606.ENSP00000364118,0.004521853,-1
EIF3H,9606.ENSP00000429931,0.0045213415,0
CPLX4,9606.ENSP00000299721,0.0045211534,-1
HMGB4,9606.ENSP00000430919,0.004520209,-1
SRSF11,9606.ENSP00000359988,0.004519423,0
STAC3,9606.ENSP00000329200,0.004519391,-1
KATNA1,9606.ENSP00000356381,0.004519031,0
ZC3H6,9606.ENSP00000386764,0.004518885,-1
COPG1,9606.ENSP00000325002,0.004517995,0
HEMGN,9606.ENSP00000259456,0.0045173257,-1
LYSMD3,9606.ENSP00000314518,0.0045166593,-1
MMTAG2,9606.ENSP00000272139,0.004516541,-1
NKAPD1,9606.ENSP00000376767,0.0045159496,-1
RGPD5,9606.ENSP00000016946,0.0045149936,-1
DRC11,9606.ENSP00000407213,0.004514158,-1
MON1A,9606.ENSP00000296473,0.004514134,-1
CLIC6,9606.ENSP00000353959,0.0045131277,-1
BOLA1,9606.ENSP00000358149,0.0045127696,-1
GALNT4,9606.ENSP00000436604,0.004512311,-1
PDP1,9606.ENSP00000379503,0.0045116213,-1
WDR41,9606.ENSP00000296679,0.0045114458,-1
ZNF470,9606.ENSP00000333223,0.0045113987,-1
CCDC86,9606.ENSP00000227520,0.0045109964,0
POLR3B,9606.ENSP00000228347,0.0045102015,-1
CT45A2,9606.ENSP00000481184,0.0045100455,-1
UTP15,9606.ENSP00000296792,0.0045098118,-1
DRC11L,9606.ENSP00000482119,0.0045095617,-1
IDH3B,9606.ENSP00000482773,0.0045090886,0
BCAS1,9606.ENSP00000379290,0.0045085857,-1
COPE,9606.ENSP00000469035,0.0045079947,0
DAXX,9606.ENSP00000266000,0.0045067943,-1
UBA5,9606.ENSP00000348565,0.0045065354,-1
ATP6V1D,9606.ENSP00000216442,0.0045063514,-1
CCDC174,9606.ENSP00000373304,0.004505766,-1
PHACTR2,9606.ENSP00000417038,0.004505518,-1
DUS4L,9606.ENSP00000265720,0.0045053526,-1
ZDBF2,9606.ENSP00000497308,0.004505244,-1
RTCB,9606.ENSP00000216038,0.004504658,0
RMP64,9606.ENSP00000320251,0.004504585,-1
USP49,9606.ENSP00000377797,0.0045044483,-1
BRINP3,9606.ENSP00000356432,0.004504213,0
EIF2D,9606.ENSP00000271764,0.004503754,0
DGKZ,9606.ENSP00000412178,0.0045035887,0
STON1,9606.ENSP00000384615,0.0045034224,-1
R3HDM2,9606.ENSP00000385169,0.0045029176,-1
ZNF350,9606.ENSP00000243644,0.0045026015,-1
IPO9,9606.ENSP00000354742,0.004502554,0
DYNLT4,9606.ENSP00000341803,0.0045014424,-1
MED18,9606.ENSP00000362948,0.0045011695,-1
SEPHS1,9606.ENSP00000367893,0.0045008343,0
DIAPH3,9606.ENSP00000383178,0.0045001335,0
G3BP2,9606.ENSP00000352738,0.0044995416,0
DDX42,9606.ENSP00000464050,0.0044994224,-1
PLS3,9606.ENSP00000348163,0.0044989693,-1
NRDC,9606.ENSP00000346890,0.0044986573,-1
CENPVL1,9606.ENSP00000489273,0.0044983584,-1
MIEF1,9606.ENSP00000385110,0.004498346,0
CHMP7,9606.ENSP00000380794,0.0044979486,0
MRPS34,9606.ENSP00000177742,0.004496945,0
TRAPPC10,9606.ENSP00000291574,0.004496862,-1
TMEM127,9606.ENSP00000258439,0.0044958615,0
PCDH20,9606.ENSP00000386653,0.0044956687,-1
WBP11,9606.ENSP00000261167,0.0044955136,0
PAPOLB,9606.ENSP00000384700,0.0044949926,-1
NCOR1,9606.ENSP00000268712,0.0044948193,0
SERP2,9606.ENSP00000368477,0.004494338,-1
P4HTM,9606.ENSP00000341422,0.0044941558,-1
DNAJB9,9606.ENSP00000249356,0.0044931704,0
FADS1,9606.ENSP00000322229,0.0044930745,-1
C6orf136,9606.ENSP00000293604,0.0044928184,-1
IGSF3,9606.ENSP00000358495,0.004492729,-1
PATL1,9606.ENSP00000300146,0.004492307,0
SNRNP35,9606.ENSP00000403310,0.0044922507,0
GATB,9606.ENSP00000263985,0.004491258,-1
COA4,9606.ENSP00000443795,0.0044905073,0
NDUFS3,9606.ENSP00000263774,0.004490486,0
BTBD2,9606.ENSP00000255608,0.0044899574,0
CYTH1,9606.ENSP00000389095,0.0044898656,-1
RAB20,9606.ENSP00000267328,0.004489653,-1
PEX14,9606.ENSP00000349016,0.0044888174,-1
ABCB10,9606.ENSP00000355637,0.004488572,0
LONP1,9606.ENSP00000353826,0.004487328,0
OTULIN,9606.ENSP00000284274,0.0044863527,-1
EPGN,9606.ENSP00000411898,0.004486135,0
KDM6B,9606.ENSP00000254846,0.0044861264,-1
PRIM1,9606.ENSP00000350491,0.0044858204,-1
GALNT1,9606.ENSP00000269195,0.004485613,0
MRPL4,9606.ENSP00000306902,0.0044855685,-1
CCT5,9606.ENSP00000280326,0.004484479,-1
HINFP,9606.ENSP00000318085,0.004484215,0
CPLX1,9606.ENSP00000305613,0.004484062,-1
ALKBH8,9606.ENSP00000397673,0.0044840104,-1
GJC3,9606.ENSP00000325775,0.004483674,-1
GTF2A1L,9606.ENSP00000384597,0.004483517,-1
TOP2B,9606.ENSP00000264331,0.0044831852,0
DCAF5,9606.ENSP00000341351,0.00448304,0
TMED10,9606.ENSP00000303145,0.00448304,0
SELENOT,9606.ENSP00000418910,0.004483027,0
CSNK2A2IP,9606.ENSP00000489704,0.004482193,-1
ATP6V1G2,9606.ENSP00000302194,0.004482097,-1
CCDC191,9606.ENSP00000295878,0.004481772,-1
NDUFAF7,9606.ENSP00000002125,0.004481657,-1
TSTD2,9606.ENSP00000342499,0.0044813887,-1
MRPL46,9606.ENSP00000312311,0.0044797985,0
RAB40B,9606.ENSP00000461785,0.0044796127,-1
TRMT2A,9606.ENSP00000395738,0.004479517,-1
ZNF32,9606.ENSP00000379143,0.0044794367,0
ZNF804A,9606.ENSP00000303252,0.0044790837,-1
YRDC,9606.ENSP00000362135,0.004478441,-1
DUSP3,9606.ENSP00000226004,0.0044783284,0
PSMD7,9606.ENSP00000219313,0.004478178,0
MYO1C,9606.ENSP00000496954,0.0044773617,-1
ZNF410,9606.ENSP00000407130,0.004476856,-1
PAPOLA,9606.ENSP00000216277,0.004476507,0
IRGQ,9606.ENSP00000387535,0.00447645,-1
CCDC61,9606.ENSP00000471454,0.004476108,0
WDFY2,9606.ENSP00000298125,0.0044760737,-1
CDK11A,9606.ENSP00000367900,0.0044756066,0
DNAAF10,9606.ENSP00000295121,0.004475602,-1
LSM7,9606.ENSP00000252622,0.0044755084,-1
RXYLT1,9606.ENSP00000261234,0.004474986,-1
TINAG,9606.ENSP00000259782,0.004474582,-1
MAK,9606.ENSP00000346484,0.004473839,-1
CTPS1,9606.ENSP00000497744,0.00447372,0
RAB27B,9606.ENSP00000262094,0.004473525,-1
UHRF1,9606.ENSP00000479617,0.0044731814,0
ZKSCAN7,9606.ENSP00000273320,0.0044730194,-1
TMED4,9606.ENSP00000404042,0.004472726,0
KLHDC9,9606.ENSP00000356990,0.0044720112,-1
ZXDC,9606.ENSP00000374359,0.004472009,-1
DDOST,9606.ENSP00000399457,0.004471243,-1
NAA50,9606.ENSP00000240922,0.0044709006,0
OSER1,9606.ENSP00000255174,0.0044700815,0
STK33,9606.ENSP00000416750,0.0044699376,0
ARGFX,9606.ENSP00000335578,0.004469307,-1
RPL8,9606.ENSP00000262584,0.0044692117,0
FAM83E,9606.ENSP00000263266,0.004469165,-1
KLHDC1,9606.ENSP00000352282,0.0044676084,-1
PARG,9606.ENSP00000384408,0.0044674147,-1
TTC8,9606.ENSP00000482306,0.004467294,-1
PIGY,9606.ENSP00000432688,0.004467248,-1
UBA3,9606.ENSP00000354340,0.0044666156,0
CASQ1,9606.ENSP00000357057,0.004466473,-1
PITPNA,9606.ENSP00000316809,0.0044663274,-1
EXD3,9606.ENSP00000340474,0.004464907,-1
EXTL2,9606.ENSP00000359131,0.004464748,-1
HEMK2,9606.ENSP00000303584,0.0044644726,-1
LEO1,9606.ENSP00000299601,0.00446439,-1
ZFP42,9606.ENSP00000317686,0.004464364,0
CTXND1,9606.ENSP00000489837,0.0044643353,-1
ZNF75D,9606.ENSP00000359802,0.0044638305,-1
KDM5C,9606.ENSP00000364550,0.004463386,-1
KDM7A,9606.ENSP00000380692,0.0044628726,-1
TMEM160,9606.ENSP00000253047,0.0044617034,-1
YIPF2,9606.ENSP00000253031,0.004461665,-1
CDC40,9606.ENSP00000357928,0.004460746,-1
PPDPFL,9606.ENSP00000304926,0.0044605765,-1
UNC119B,9606.ENSP00000344942,0.004459768,-1
FAM186B,9606.ENSP00000257894,0.004459698,-1
MARCHF9,9606.ENSP00000266643,0.0044584596,-1
DMAC2,9606.ENSP00000403910,0.004458134,-1
UFD1,9606.ENSP00000263202,0.004457626,-1
WARS1,9606.ENSP00000347495,0.004457601,-1
RSPRY1,9606.ENSP00000443176,0.0044570803,-1
MAP3K4,9606.ENSP00000375986,0.004456227,-1
TMTC2,9606.ENSP00000322300,0.0044554556,-1
SIPA1L1,9606.ENSP00000450832,0.0044553177,-1
ZHX1,9606.ENSP00000297857,0.004454647,-1
CUL2,9606.ENSP00000414095,0.0044545475,0
NOB1,9606.ENSP00000268802,0.0044545475,0
FAM186A,9606.ENSP00000329995,0.004453605,-1
CDR2L,9606.ENSP00000336587,0.0044535566,-1
GMNN,9606.ENSP00000230056,0.0044535017,0
CIAO1,9606.ENSP00000418287,0.0044529284,0
STK35,9606.ENSP00000370891,0.004451464,0
PPP1R12A,9606.ENSP00000389168,0.00445132,0
EEF1D,9606.ENSP00000410059,0.0044505065,0
ERCC8,9606.ENSP00000265038,0.0044500823,-1
ZSCAN25,9606.ENSP00000377708,0.0044490173,-1
TBC1D5,9606.ENSP00000402935,0.0044489414,-1
PDE8A,9606.ENSP00000378056,0.0044489373,-1
BCAS4,9606.ENSP00000351642,0.00444865,-1
NDUFB2,9606.ENSP00000419087,0.0044482234,0
RHOU,9606.ENSP00000355652,0.004448148,0
DDX59,9606.ENSP00000330460,0.004447662,-1
CCDC185,9606.ENSP00000355840,0.0044469945,-1
JADE1,9606.ENSP00000226319,0.0044463254,0
RAB40A,9606.ENSP00000361716,0.0044462048,-1
EPN3,9606.ENSP00000268933,0.0044458397,-1
FAM169BP,9606.ENSP00000332615,0.0044458336,-1
FEN1,9606.ENSP00000305480,0.0044456315,0
LSM1,9606.ENSP00000310596,0.004445002,0
PFAS,9606.ENSP00000313490,0.0044447784,-1
SRP9,9606.ENSP00000305230,0.00444442,0
MYO7B,9606.ENSP00000415090,0.0044443314,-1
ODF2L,9606.ENSP00000359600,0.004444129,-1
INPP5F,9606.ENSP00000497527,0.0044441037,-1
SUV39H1,9606.ENSP00000337976,0.0044435463,0
TRIM36,9606.ENSP00000282369,0.0044428967,0
NUP43,9606.ENSP00000342262,0.004442597,0
ZNF688,9606.ENSP00000223459,0.0044415114,-1
CCNI,9606.ENSP00000237654,0.004441393,0
PSMD8,9606.ENSP00000215071,0.0044412524,0
RUNDC3B,9606.ENSP00000337732,0.00444059,-1
RNMT,9606.ENSP00000466111,0.004440468,-1
RAB30,9606.ENSP00000435189,0.004440135,-1
TUBAL3,9606.ENSP00000369784,0.004439793,0
SUV39H2,9606.ENSP00000346997,0.004439688,-1
PRCC,9606.ENSP00000271526,0.0044389125,0
UBXN4,9606.ENSP00000272638,0.0044388347,-1
C16orf54,9606.ENSP00000327506,0.004438596,-1
CDR2,9606.ENSP00000268383,0.004438552,-1
ZNF474,9606.ENSP00000296600,0.0044379937,-1
ZBTB21,9606.ENSP00000308759,0.004437724,-1
NDP,9606.ENSP00000495811,0.004437699,0
BRME1,9606.ENSP00000254336,0.0044376412,0
LMAN2L,9606.ENSP00000366280,0.004436494,0
DCAF1,9606.ENSP00000393183,0.004436165,-1
GINS2,9606.ENSP00000253462,0.0044359337,0
FAM210B,9606.ENSP00000360437,0.004435799,-1
UBQLN2,9606.ENSP00000345195,0.004435723,-1
FAM120A,9606.ENSP00000277165,0.0044346997,-1
ARSG,9606.ENSP00000407193,0.004434662,-1
TUBA4B,9606.ENSP00000487719,0.004434485,-1
CDKN2AIPNL,9606.ENSP00000394183,0.0044342196,0
ZDHHC7,9606.ENSP00000456782,0.004433157,0
POLR3D,9606.ENSP00000380904,0.004432888,-1
KRI1,9606.ENSP00000498803,0.0044325846,-1
COXFA4L2,9606.ENSP00000377411,0.004432138,-1
SF3A2,9606.ENSP00000221494,0.0044317283,0
ANKFN1,9606.ENSP00000321627,0.004431638,0
TADA1,9606.ENSP00000356848,0.004431522,-1
REDIC1,9606.ENSP00000317671,0.004429566,0
TOGARAM2,9606.ENSP00000368876,0.004429444,-1
AFAP1L2,9606.ENSP00000303042,0.004429147,0
HYCC2,9606.ENSP00000393667,0.0044280645,-1
ARID2,9606.ENSP00000335044,0.004427981,0
VCPKMT,9606.ENSP00000379201,0.0044278842,-1
MRPL52,9606.ENSP00000347277,0.004427594,-1
CENPA,9606.ENSP00000336868,0.0044274474,0
ZFP30,9606.ENSP00000343581,0.0044273604,-1
KIF25,9606.ENSP00000496229,0.0044272454,0
RUVBL2,9606.ENSP00000473172,0.0044270605,0
TMEM268,9606.ENSP00000363161,0.0044266693,-1
BANF1,9606.ENSP00000433760,0.004426577,0
MROH1,9606.ENSP00000435565,0.004426506,-1
LIAS,9606.ENSP00000492260,0.004426497,-1
PAPOLG,9606.ENSP00000238714,0.004424755,-1
RAVER2,9606.ENSP00000360112,0.004424753,-1
TEX9,9606.ENSP00000342169,0.004423531,-1
ZGRF1,9606.ENSP00000424737,0.004422997,-1
NUDT6,9606.ENSP00000306070,0.0044224793,0
BRI3,9606.ENSP00000297290,0.004421799,0
AFG3L2,9606.ENSP00000269143,0.004421272,0
DCAF4L1,9606.ENSP00000327796,0.004420932,-1
CCNB2,9606.ENSP00000288207,0.0044208895,0
KCMF1,9606.ENSP00000386738,0.0044207764,0
RBM15B,9606.ENSP00000454545,0.004419565,-1
TMEM101,9606.ENSP00000468025,0.0044189803,0
DCAF4,9606.ENSP00000351147,0.0044186315,-1
RNASEH2B,9606.ENSP00000337623,0.0044185584,0
THOC6,9606.ENSP00000326531,0.004417764,-1
CLASP1,9606.ENSP00000263710,0.004417696,0
BRINP2,9606.ENSP00000354481,0.0044176923,0
PPM1J,9606.ENSP00000308926,0.004417606,-1
TTC12,9606.ENSP00000419652,0.004417432,-1
RAD51,9606.ENSP00000493712,0.004417162,0
NOXA1,9606.ENSP00000342848,0.00441712,-1
TMEM203,9606.ENSP00000375053,0.004417034,0
DDX4,9606.ENSP00000424838,0.004416507,0
ZNF253,9606.ENSP00000468720,0.004416474,-1
OTUD3,9606.ENSP00000364261,0.0044155307,-1
PABIR2,9606.ENSP00000487221,0.0044152015,-1
SF3A1,9606.ENSP00000215793,0.0044150134,-1
MRPL3,9606.ENSP00000264995,0.004414659,0
GCNT3,9606.ENSP00000379377,0.004413733,-1
RPL18A,9606.ENSP00000222247,0.0044128336,0
ARAP2,9606.ENSP00000302895,0.004411937,-1
ATP6V1C2,9606.ENSP00000272238,0.0044118953,-1
PHYH,9606.ENSP00000263038,0.0044113947,-1
XAB2,9606.ENSP00000351137,0.004410794,-1
CYB5A,9606.ENSP00000341625,0.0044106385,-1
TAB1,9606.ENSP00000216160,0.0044100615,0
ZNF570,9606.ENSP00000467218,0.0044095204,-1
PFN2,9606.ENSP00000239940,0.0044087884,-1
GJA10,9606.ENSP00000358358,0.004408694,-1
MGME1,9606.ENSP00000366939,0.004408558,-1
TMEM134,9606.ENSP00000312615,0.0044083153,-1
FNDC10,9606.ENSP00000389111,0.004407294,-1
TAF7L,9606.ENSP00000361998,0.0044072564,-1
ACOX1,9606.ENSP00000293217,0.004407202,0
MED25,9606.ENSP00000326767,0.0044069383,0
CDKL4,9606.ENSP00000378476,0.0044066706,0
RCC1,9606.ENSP00000497402,0.004405997,0
LYSMD2,9606.ENSP00000267838,0.004405309,-1
PPDPF,9606.ENSP00000359198,0.0044050785,0
POLR2J,9606.ENSP00000292614,0.0044050263,0
ITPRIPL2,9606.ENSP00000370849,0.00440501,-1
POLR2A,9606.ENSP00000461879,0.004404719,-1
RAB40AL,9606.ENSP00000218249,0.004404391,-1
TIMMDC1,9606.ENSP00000418803,0.004403619,-1
C17orf75,9606.ENSP00000464275,0.0044034957,-1
CHIC1,9606.ENSP00000362601,0.0044034165,-1
BLOC1S6,9606.ENSP00000456851,0.004402827,-1
SERBP1,9606.ENSP00000360034,0.0044027935,0
RNASEK,9606.ENSP00000449500,0.004402455,0
EIF4EBP3,9606.ENSP00000308472,0.0044024074,0
MASTL,9606.ENSP00000365107,0.00440159,0
ADCK2,9606.ENSP00000072869,0.004401389,-1
SARS1,9606.ENSP00000358939,0.0044012307,-1
CCDC89,9606.ENSP00000320649,0.0044008694,-1
CCNQ,9606.ENSP00000402949,0.0044008205,0
TTLL7,9606.ENSP00000260505,0.004400504,-1
ZC3H13,9606.ENSP00000242848,0.0043998496,-1
GTF2IRD2B,9606.ENSP00000480524,0.0043989285,-1
FBXL15,9606.ENSP00000224862,0.0043988284,0
PSMB8,9606.ENSP00000364016,0.004398563,-1
SPCS2,9606.ENSP00000263672,0.0043985154,0
IDH3G,9606.ENSP00000217901,0.0043984083,0
MRPL58,9606.ENSP00000301585,0.004398202,0
XYLT1,9606.ENSP00000261381,0.004398144,-1
SYT9,9606.ENSP00000324419,0.0043975674,-1
RND3,9606.ENSP00000364886,0.0043974086,-1
KBTBD11,9606.ENSP00000321544,0.0043971115,-1
H4C1,9606.ENSP00000244537,0.004395088,-1
ABHD10,9606.ENSP00000273359,0.0043946896,-1
TK1,9606.ENSP00000468425,0.0043946574,0
ELL,9606.ENSP00000262809,0.0043946016,0
MIER3,9606.ENSP00000370624,0.004393081,-1
POLR3C,9606.ENSP00000334564,0.004393077,0
HES4,9606.ENSP00000393198,0.0043924428,-1
DYNLRB1,9606.ENSP00000349679,0.0043921755,0
ZCCHC4,9606.ENSP00000303468,0.0043912437,-1
PSMF1,9606.ENSP00000338039,0.0043912246,-1
PAIP2,9606.ENSP00000378275,0.00439115,0
FAM53C,9606.ENSP00000239906,0.004391017,0
GOLIM4,9606.ENSP00000417354,0.0043906164,-1
TFAM,9606.ENSP00000420588,0.004390097,-1
PTP4A1,9606.ENSP00000497588,0.0043900535,-1
SPEN,9606.ENSP00000364912,0.004388955,0
CYB5RL,9606.ENSP00000434343,0.004388818,-1
XPO5,9606.ENSP00000265351,0.0043885973,-1
MAT1A,9606.ENSP00000361287,0.0043883654,-1
ALG11,9606.ENSP00000430236,0.004387591,-1
EIF3M,9606.ENSP00000436049,0.0043874998,0
WDR74,9606.ENSP00000432119,0.004387343,-1
BMAL2,9606.ENSP00000266503,0.0043871747,-1
DTYMK,9606.ENSP00000304802,0.0043866686,0
ZBED4,9606.ENSP00000216268,0.0043858876,-1
COX5A,9606.ENSP00000317780,0.004384676,0
STXBP3,9606.ENSP00000359025,0.0043846676,0
PIGZ,9606.ENSP00000413405,0.0043844306,-1
ACBD6,9606.ENSP00000495710,0.004384333,0
RAB40C,9606.ENSP00000248139,0.004383207,-1
CHST2,9606.ENSP00000307911,0.0043818583,-1
TEX19,9606.ENSP00000331500,0.00438185,0
GBP5,9606.ENSP00000359488,0.0043814755,-1
RRP36,9606.ENSP00000244496,0.0043812343,0
POM121L1P,9606.ENSP00000481613,0.0043802275,-1
PPM1K,9606.ENSP00000477341,0.0043801796,-1
COPZ2,9606.ENSP00000480707,0.00437962,-1
KDM3A,9606.ENSP00000386660,0.004379259,-1
PABPC1,9606.ENSP00000313007,0.0043791174,0
PTRH1,9606.ENSP00000418661,0.004379084,-1
TAF5,9606.ENSP00000358854,0.004378976,-1
CCDC85B,9606.ENSP00000311695,0.0043788385,0
FTO,9606.ENSP00000418823,0.004378327,-1
RC3H1,9606.ENSP00000356669,0.004378315,-1
MYO1D,9606.ENSP00000324527,0.004378219,-1
SYN2,9606.ENSP00000480050,0.0043776995,-1
NMT2,9606.ENSP00000367407,0.0043772403,-1
EEF2KMT,9606.ENSP00000398502,0.0043769577,-1
CCDC69,9606.ENSP00000347586,0.0043769204,0
NUDCD2,9606.ENSP00000304854,0.0043768855,-1
FAM3A,9606.ENSP00000320521,0.0043766564,-1
POLR2L,9606.ENSP00000324124,0.004375917,0
CHTOP,9606.ENSP00000357679,0.004374776,0
CUL7,9606.ENSP00000438788,0.004373857,0
SMYD5,9606.ENSP00000374152,0.0043733246,0
KIF9,9606.ENSP00000333942,0.00437308,-1
MCTS2,9606.ENSP00000496921,0.004372864,-1
RPL7L1,9606.ENSP00000418221,0.0043721166,0
FOXR1,9606.ENSP00000314806,0.004371963,-1
LCMT1,9606.ENSP00000382021,0.004371158,0
ABHD8,9606.ENSP00000247706,0.004370805,-1
PHF8,9606.ENSP00000350676,0.004370336,0
ZNF222,9606.ENSP00000375822,0.0043701762,-1
YJU2B,9606.ENSP00000465776,0.0043701697,-1
ZSWIM5,9606.ENSP00000352614,0.0043699793,-1
SLX1A,9606.ENSP00000251303,0.004369021,-1
ALKBH4,9606.ENSP00000292566,0.004368274,0
CHERP,9606.ENSP00000439856,0.004367847,-1
POLR2J3,9606.ENSP00000483328,0.004367677,-1
SHISA5,9606.ENSP00000296444,0.004367229,0
CLOCK,9606.ENSP00000426983,0.004367022,0
ANKRD24,9606.ENSP00000471252,0.004366329,-1
GNB1L,9606.ENSP00000331313,0.004366047,0
DPP7,9606.ENSP00000360635,0.004364207,0
NVL,9606.ENSP00000281701,0.004364149,-1
ARSF,9606.ENSP00000370519,0.004364095,-1
MUSTN1,9606.ENSP00000410910,0.0043640826,-1
SCARF2,9606.ENSP00000485276,0.0043632477,-1
COMMD3,9606.ENSP00000366032,0.0043619056,-1
ESCO1,9606.ENSP00000269214,0.004361396,0
NAPEPLD,9606.ENSP00000407112,0.004361315,-1
HAPSTR1,9606.ENSP00000331720,0.0043612453,-1
JMJD8,9606.ENSP00000399475,0.0043609594,-1
PARD6B,9606.ENSP00000360672,0.004360699,0
LSG1,9606.ENSP00000265245,0.0043604877,0
BICDL2,9606.ENSP00000459043,0.0043604793,-1
RAB3B,9606.ENSP00000360718,0.0043601114,-1
PHLPP2,9606.ENSP00000457991,0.004358707,-1
CTDNEP1,9606.ENSP00000460683,0.004358654,0
VRK3,9606.ENSP00000469880,0.0043584965,0
SLC39A7,9606.ENSP00000363809,0.004358424,0
ZNF276,9606.ENSP00000415836,0.004357818,0
SUPT5H,9606.ENSP00000470252,0.004357433,-1
EMC10,9606.ENSP00000334037,0.00435729,-1
PARP2,9606.ENSP00000250416,0.004357267,-1
RBM27,9606.ENSP00000265271,0.004356916,-1
NUDC,9606.ENSP00000319664,0.0043564565,0
MAN1C1,9606.ENSP00000363452,0.004356413,-1
TMED9,9606.ENSP00000330945,0.0043563573,0
EFHC1,9606.ENSP00000360107,0.004355278,0
ZBTB4,9606.ENSP00000307858,0.004355046,-1
ARL6IP4,9606.ENSP00000313422,0.0043550013,-1
FBXL12,9606.ENSP00000247977,0.0043549757,0
RANBP6,9606.ENSP00000259569,0.004354906,-1
UPF3A,9606.ENSP00000364448,0.0043545607,-1
HPDL,9606.ENSP00000335060,0.0043542604,-1
UBFD1,9606.ENSP00000379217,0.004354,0
SERP1,9606.ENSP00000420076,0.004353822,0
HECTD2,9606.ENSP00000401023,0.0043529375,-1
PGRMC1,9606.ENSP00000217971,0.0043527973,0
NTAQ1,9606.ENSP00000287387,0.004352636,-1
PEX16,9606.ENSP00000241041,0.0043523526,0
TBL2,9606.ENSP00000307260,0.004351673,-1
PPM1G,9606.ENSP00000342778,0.004351615,0
NUFIP2,9606.ENSP00000225388,0.0043515097,0
EIF4A2,9606.ENSP00000326381,0.0043513943,-1
ENTPD4,9606.ENSP00000351520,0.0043510366,0
DCTD,9606.ENSP00000349576,0.0043508243,0
SNW1,9606.ENSP00000451129,0.0043506487,-1
DIAPH1,9606.ENSP00000373706,0.004348854,-1
KBTBD2,9606.ENSP00000302586,0.004348815,0
CROT,9606.ENSP00000413575,0.004348646,-1
SDAD1,9606.ENSP00000348596,0.0043482264,-1
PSMB7,9606.ENSP00000259457,0.004348142,0
PRPF40A,9606.ENSP00000386458,0.0043467795,0
NCBP2,9606.ENSP00000326806,0.004346734,0
SF3B1,9606.ENSP00000335321,0.0043466864,0
SLC39A6,9606.ENSP00000269187,0.0043460755,0
AKAP8,9606.ENSP00000269701,0.004345548,0
CHCHD5,9606.ENSP00000325655,0.0043454813,-1
PMPCA,9606.ENSP00000360782,0.004345063,0
ETNK2,9606.ENSP00000356169,0.0043449723,-1
TRAM1L1,9606.ENSP00000309402,0.0043445146,-1
ATP6V1E2,9606.ENSP00000304891,0.0043444936,-1
ACTR5,9606.ENSP00000243903,0.0043437844,0
SAFB2,9606.ENSP00000252542,0.0043430375,0
STXBP5L,9606.ENSP00000273666,0.004342567,-1
ISCA1,9606.ENSP00000365159,0.0043418873,0
RFX5,9606.ENSP00000290524,0.004341562,-1
E2F2,9606.ENSP00000355249,0.004341473,0
DNAI2,9606.ENSP00000400252,0.004340914,-1
ZNF783,9606.ENSP00000410890,0.004340757,-1
NFE2L1,9606.ENSP00000354855,0.00434065,0
ZNF667,9606.ENSP00000439402,0.0043400316,-1
R3HDM4,9606.ENSP00000355385,0.0043389304,0
PRR29,9606.ENSP00000396936,0.0043386724,-1
WDFY1,9606.ENSP00000233055,0.004338421,0
RAB27A,9606.ENSP00000379601,0.0043381676,-1
OOEP,9606.ENSP00000359384,0.0043371343,0
RARS1,9606.ENSP00000231572,0.0043365764,-1
TTC32,9606.ENSP00000333018,0.004336313,-1
MX2,9606.ENSP00000333657,0.004336065,0
DHX15,9606.ENSP00000336741,0.004335763,0
KDM2A,9606.ENSP00000432786,0.0043352833,0
RCOR1,9606.ENSP00000262241,0.00433474,-1
ALKBH3,9606.ENSP00000302232,0.004334588,-1
ACOT2,9606.ENSP00000238651,0.0043339543,-1
DYNLT2,9606.ENSP00000355736,0.004333516,-1
THAP12,9606.ENSP00000260045,0.0043330854,0
PLEKHH3,9606.ENSP00000468678,0.004332514,-1
U2AF1,9606.ENSP00000291552,0.0043318206,0
RAB22A,9606.ENSP00000244040,0.004331582,-1
RAB9A,9606.ENSP00000420127,0.004331471,0
EDC3,9606.ENSP00000497737,0.0043314467,0
C19orf85,9606.ENSP00000490220,0.0043310747,-1
EML2,9606.ENSP00000468312,0.0043309038,-1
RNGTT,9606.ENSP00000358497,0.0043305275,-1
BSN,9606.ENSP00000296452,0.0043301117,-1
USP33,9606.ENSP00000359829,0.004329806,0
ATXN3L,9606.ENSP00000369996,0.004329639,-1
C16orf78,9606.ENSP00000299191,0.004329569,-1
NLE1,9606.ENSP00000413572,0.004329132,0
DMC1,9606.ENSP00000216024,0.0043288316,0
GPANK1,9606.ENSP00000365071,0.0043286528,-1
ANAPC11,9606.ENSP00000349957,0.0043282458,0
ZNF777,9606.ENSP00000247930,0.004328209,0
MYO3B,9606.ENSP00000386213,0.0043271934,-1
MRPS15,9606.ENSP00000362208,0.004326861,-1
CBY1,9606.ENSP00000478962,0.004326788,0
CBX2,9606.ENSP00000308750,0.0043267356,-1
POP4,9606.ENSP00000465213,0.004325138,-1
UBE3B,9606.ENSP00000340596,0.0043249526,-1
ACAP2,9606.ENSP00000324287,0.004324926,-1
FAM9A,9606.ENSP00000440163,0.0043245037,0
KMT2C,9606.ENSP00000262189,0.0043242406,-1
COMMD9,9606.ENSP00000263401,0.004324144,-1
PSME2,9606.ENSP00000216802,0.0043238974,0
NUP50,9606.ENSP00000345895,0.0043236,0
UPF3B,9606.ENSP00000276201,0.004323481,-1
CLIP2,9606.ENSP00000223398,0.0043233624,-1
ASB11,9606.ENSP00000417914,0.0043232203,-1
ATP6V0E1,9606.ENSP00000429690,0.004322036,0
MAP7D3,9606.ENSP00000318086,0.0043215225,-1
MRPL47,9606.ENSP00000417602,0.0043212976,0
LSM14B,9606.ENSP00000279068,0.0043210387,0
CNOT4,9606.ENSP00000445508,0.004320772,-1
ZNF280C,9606.ENSP00000360017,0.0043204767,-1
SHTN1,9606.ENSP00000347532,0.0043202695,-1
DDX60,9606.ENSP00000377344,0.0043199845,-1
ABCF3,9606.ENSP00000411471,0.0043197055,-1
DNAJB6,9606.ENSP00000262177,0.004319375,0
CXorf58,9606.ENSP00000368511,0.004318914,-1
PHF7,9606.ENSP00000333024,0.004318847,-1
ZBTB3,9606.ENSP00000501025,0.0043184794,-1
HES7,9606.ENSP00000446205,0.0043181144,-1
MCAT,9606.ENSP00000290429,0.004317639,-1
RAB42,9606.ENSP00000491546,0.004317606,-1
MED12L,9606.ENSP00000417235,0.0043173023,-1
ZNF791,9606.ENSP00000342974,0.004317145,-1
ZCCHC17,9606.ENSP00000480986,0.0043170466,0
GNL3L,9606.ENSP00000354091,0.0043161795,-1
MYSM1,9606.ENSP00000418734,0.004316145,-1
CPLX2,9606.ENSP00000352544,0.0043158885,-1
UBR4,9606.ENSP00000364403,0.0043158126,0
ENTPD7,9606.ENSP00000359520,0.0043156776,-1
NDUFB3,9606.ENSP00000407336,0.004313885,0
MED29,9606.ENSP00000481733,0.004312943,0
ZNF24,9606.ENSP00000382015,0.004312933,-1
SEC13,9606.ENSP00000373312,0.004312902,0
GSE1,9606.ENSP00000253458,0.0043122014,-1
CC2D1A,9606.ENSP00000313601,0.0043122014,-1
ELFN2,9606.ENSP00000385277,0.0043112477,-1
PPP1R2,9606.ENSP00000484580,0.004310284,-1
ATE1,9606.ENSP00000224652,0.0043102163,0
ATP6V1A,9606.ENSP00000273398,0.0043098764,-1
PRPF6,9606.ENSP00000266079,0.004309762,0
MRPS2,9606.ENSP00000360850,0.004309705,0
HEPACAM,9606.ENSP00000298251,0.00430969,0
POLR2J2,9606.ENSP00000330898,0.004308524,-1
ATP5PD,9606.ENSP00000301587,0.004307851,0
MKRN3,9606.ENSP00000313881,0.0043074256,-1
ZNF771,9606.ENSP00000323945,0.0043054023,-1
MTHFD2,9606.ENSP00000377617,0.00430533,0
SMARCD1,9606.ENSP00000378414,0.004305289,0
ASB10,9606.ENSP00000391137,0.004305166,-1
SMAP2,9606.ENSP00000361803,0.004305091,-1
IDUA,9606.ENSP00000247933,0.004304768,-1
PSMB5,9606.ENSP00000355325,0.0043028924,0
DENND4C,9606.ENSP00000473469,0.004302537,-1
DRAP1,9606.ENSP00000307850,0.0043018786,0
CLASRP,9606.ENSP00000221455,0.00430172,-1
VPS41,9606.ENSP00000309457,0.004301712,-1
HYLS1,9606.ENSP00000414884,0.004300954,-1
TOM1,9606.ENSP00000413697,0.004300405,-1
PER1,9606.ENSP00000314420,0.004299898,-1
C19orf47,9606.ENSP00000463159,0.0042977384,-1
APOOL,9606.ENSP00000362268,0.0042974823,-1
GTPBP8,9606.ENSP00000373176,0.00429699,-1
BDP1,9606.ENSP00000351575,0.004296347,-1
IMP3,9606.ENSP00000326981,0.0042959927,0
RAB29,9606.ENSP00000356107,0.004295226,-1
RBM6,9606.ENSP00000266022,0.0042951955,-1
DEPDC5,9606.ENSP00000498382,0.0042951056,-1
TUFM,9606.ENSP00000322439,0.0042947726,-1
TMCO6,9606.ENSP00000252100,0.004294735,-1
TTC9B,9606.ENSP00000311760,0.004294647,-1
SNAPC3,9606.ENSP00000370200,0.0042945608,-1
ATP6V1B1,9606.ENSP00000234396,0.00429428,-1
OSBPL3,9606.ENSP00000315410,0.0042939084,-1
GNL3,9606.ENSP00000395772,0.004293138,-1
CCT6A,9606.ENSP00000275603,0.004292845,0
CAPRIN1,9606.ENSP00000340329,0.0042925836,-1
RAB15,9606.ENSP00000434103,0.0042918073,-1
DIP2C,9606.ENSP00000280886,0.004291699,-1
USP20,9606.ENSP00000313811,0.004291675,-1
SHARPIN,9606.ENSP00000381698,0.004291076,0
NAV2,9606.ENSP00000379396,0.0042907577,-1
COPS6,9606.ENSP00000304102,0.004290581,0
CFAP52,9606.ENSP00000339449,0.004289982,-1
GALC,9606.ENSP00000261304,0.0042895647,-1
PABPC1L,9606.ENSP00000255136,0.004288314,-1
SPTBN5,9606.ENSP00000317790,0.0042882934,-1
SBK3,9606.ENSP00000483467,0.0042880736,-1
CNOT11,9606.ENSP00000289382,0.00428798,0
ANKEF1,9606.ENSP00000367644,0.0042877924,-1
DNAJC14,9606.ENSP00000350223,0.0042876173,-1
SAMD4B,9606.ENSP00000317224,0.004287475,0
UTP23,9606.ENSP00000308332,0.004287035,-1
OTUD6B,9606.ENSP00000285420,0.00428695,-1
HUWE1,9606.ENSP00000340648,0.004286946,0
ZYG11B,9606.ENSP00000294353,0.0042862254,0
MKRN1,9606.ENSP00000255977,0.004285281,0
KCNK7,9606.ENSP00000344820,0.004284984,-1
ZNF319,9606.ENSP00000299237,0.0042847376,-1
ZNF668,9606.ENSP00000442573,0.004284634,-1
TTYH2,9606.ENSP00000269346,0.0042845774,-1
TWF2,9606.ENSP00000303908,0.0042843414,0
GNGT1,9606.ENSP00000248572,0.004283869,-1
IMP4,9606.ENSP00000259239,0.00428353,-1
CCNO,9606.ENSP00000282572,0.004283428,0
AKNAD1,9606.ENSP00000359018,0.0042833528,-1
PPA1,9606.ENSP00000362329,0.00428232,0
ETNK1,9606.ENSP00000500633,0.0042817346,-1
HCN1,9606.ENSP00000307342,0.0042811716,-1
TADA3,9606.ENSP00000307684,0.004281133,0
ZFR2,9606.ENSP00000262961,0.0042811143,-1
CCSER1,9606.ENSP00000425040,0.0042809215,-1
EMC7,9606.ENSP00000256545,0.004280726,0
RBM28,9606.ENSP00000223073,0.00427958,-1
MAGEF1,9606.ENSP00000315064,0.004279092,0
YJU2,9606.ENSP00000262962,0.004279092,0
CENPB,9606.ENSP00000369075,0.004278982,0
NDUFC1,9606.ENSP00000441126,0.0042789523,-1
UTP6,9606.ENSP00000261708,0.004278156,-1
VPS52,9606.ENSP00000409952,0.0042780885,0
NRBF2,9606.ENSP00000277746,0.004277744,-1
IFT25,9606.ENSP00000194214,0.004277593,-1
PIWIL4,9606.ENSP00000299001,0.004277471,0
RHOQ,9606.ENSP00000238738,0.004277333,-1
RPF1,9606.ENSP00000359688,0.004276937,0
DESI2,9606.ENSP00000306528,0.004276111,-1
UBXN1,9606.ENSP00000294119,0.004275723,0
NSFL1C,9606.ENSP00000418529,0.0042745112,0
ARPC2,9606.ENSP00000295685,0.0042743655,0
SAXO5,9606.ENSP00000355241,0.0042736,-1
CENPW,9606.ENSP00000357308,0.004273586,0
PITHD1,9606.ENSP00000246151,0.0042722328,0
ZIM3,9606.ENSP00000269834,0.004272069,-1
CNNM1,9606.ENSP00000349147,0.0042719548,-1
NEIL1,9606.ENSP00000347170,0.0042718975,-1
MED20,9606.ENSP00000265350,0.004271841,-1
GANC,9606.ENSP00000326227,0.004271632,-1
CNBP,9606.ENSP00000410769,0.0042712972,0
MTRF1L,9606.ENSP00000356202,0.0042708456,-1
KCTD14,9606.ENSP00000316482,0.004270466,-1
KIN,9606.ENSP00000368881,0.004270357,-1
CMTR1,9606.ENSP00000362550,0.0042702453,0
ZNF488,9606.ENSP00000462269,0.0042699045,-1
CCDC152,9606.ENSP00000354888,0.004269734,-1
LRRC47,9606.ENSP00000367498,0.0042696637,0
CATSPERZ,9606.ENSP00000491717,0.0042694286,0
PDE6D,9606.ENSP00000287600,0.0042689643,0
TRMT10A,9606.ENSP00000273962,0.004268658,-1
METTL1,9606.ENSP00000314441,0.0042684227,-1
TMUB2,9606.ENSP00000444565,0.0042677317,-1
PSMA1,9606.ENSP00000414359,0.0042671217,0
TMEM40,9606.ENSP00000322837,0.0042664497,-1
ST18,9606.ENSP00000276480,0.0042662635,-1
EIF4A3,9606.ENSP00000497641,0.0042661633,0
RAN,9606.ENSP00000446215,0.004265967,0
UTP3,9606.ENSP00000254803,0.004265441,0
RAP1GAP,9606.ENSP00000363895,0.004264651,-1
MED9,9606.ENSP00000268711,0.004264294,0
VKORC1L1,9606.ENSP00000403077,0.004264201,-1
DNALI1,9606.ENSP00000296218,0.0042641805,-1
ATP6V1G3,9606.ENSP00000417171,0.0042640716,-1
LCORL,9606.ENSP00000371661,0.004263713,-1
RAD17,9606.ENSP00000426191,0.004263691,0
ZDHHC24,9606.ENSP00000309429,0.0042634844,-1
RPS29,9606.ENSP00000379339,0.0042633954,0
ANKRD60,9606.ENSP00000396747,0.0042630476,-1
USB1,9606.ENSP00000219281,0.0042626867,0
SSB,9606.ENSP00000386636,0.0042626103,0
SAMD4A,9606.ENSP00000452535,0.0042625046,-1
TAGLN3,9606.ENSP00000377494,0.004262173,-1
PPP1R14B,9606.ENSP00000310117,0.004262068,0
DNAJB8,9606.ENSP00000417418,0.0042620157,-1
GINM1,9606.ENSP00000356389,0.0042618876,0
KRCC1,9606.ENSP00000340083,0.0042614043,0
TM9SF3,9606.ENSP00000360184,0.0042613074,0
PTPRK,9606.ENSP00000432973,0.0042611994,0
GGA1,9606.ENSP00000371175,0.0042610643,-1
TOMM6,9606.ENSP00000381859,0.0042604734,0
MTRES1,9606.ENSP00000485698,0.0042596366,-1
AASS,9606.ENSP00000403768,0.0042595835,-1
SWAP70,9606.ENSP00000315630,0.0042592133,-1
PDXP,9606.ENSP00000215904,0.004259096,0
TSPYL2,9606.ENSP00000364591,0.0042586573,0
JHY,9606.ENSP00000227349,0.0042586187,-1
TSPYL5,9606.ENSP00000322802,0.0042572687,-1
CSDE1,9606.ENSP00000481762,0.0042561768,0
TOMM5,9606.ENSP00000438204,0.0042552454,0
TEKTL1,9606.ENSP00000292574,0.0042546946,-1
GTF3A,9606.ENSP00000370532,0.004254446,0
PRAF2,9606.ENSP00000451962,0.0042543462,-1
CDK15,9606.ENSP00000406472,0.0042543127,0
MAP4,9606.ENSP00000353375,0.0042540417,0
AKAP8L,9606.ENSP00000380557,0.0042537022,0
RPS12,9606.ENSP00000230050,0.004252858,0
MEIG1,9606.ENSP00000384334,0.004252119,-1
VBP1,9606.ENSP00000286428,0.0042520706,0
PPP1R21,9606.ENSP00000294952,0.004252026,-1
GET4,9606.ENSP00000265857,0.004251509,0
GSPT1,9606.ENSP00000398131,0.0042506456,0
ELF4,9606.ENSP00000311280,0.0042504817,-1
ZNF225,9606.ENSP00000262894,0.0042501893,-1
ABHD16A,9606.ENSP00000379282,0.0042500016,-1
ATP6V1B2,9606.ENSP00000276390,0.0042482647,0
METTL15,9606.ENSP00000384369,0.0042482205,-1
TSC22D4,9606.ENSP00000300181,0.0042481134,0
SAMD14,9606.ENSP00000424474,0.004247813,-1
MEIOC,9606.ENSP00000386452,0.004247444,0
PHLDB1,9606.ENSP00000354498,0.0042470447,-1
RHBDF1,9606.ENSP00000262316,0.004246441,-1
USP44,9606.ENSP00000258499,0.0042450284,0
TAF5L,9606.ENSP00000258281,0.004244946,-1
LIG1,9606.ENSP00000263274,0.004244817,0
TRAPPC1,9606.ENSP00000302783,0.004244041,0
CHLSN,9606.ENSP00000380286,0.0042438777,-1
LBHD1,9606.ENSP00000436848,0.0042436565,-1
DENND2A,9606.ENSP00000419654,0.0042436076,-1
ZNF366,9606.ENSP00000313158,0.004243314,-1
DYNC1LI1,9606.ENSP00000273130,0.004243209,0
NUP37,9606.ENSP00000448054,0.004243124,0
SAMD11,9606.ENSP00000342313,0.0042426484,-1
NOL7,9606.ENSP00000405674,0.0042420044,0
FCHSD1,9606.ENSP00000399259,0.0042416416,-1
WDR20,9606.ENSP00000395793,0.0042415042,-1
L3MBTL3,9606.ENSP00000357118,0.00424148,-1
POLR2E,9606.ENSP00000478303,0.004241239,-1
BRD3,9606.ENSP00000305918,0.004240941,0
SOWAHC,9606.ENSP00000365830,0.004240548,-1
HBP1,9606.ENSP00000222574,0.0042404933,0
BSDC1,9606.ENSP00000344816,0.00424022,0
CCDC88C,9606.ENSP00000374507,0.0042401436,-1
SPMAP2L,9606.ENSP00000456850,0.0042392416,-1
TMEM200A,9606.ENSP00000376224,0.004238827,-1
SPTBN4,9606.ENSP00000469242,0.00423875,-1
GOLM2,9606.ENSP00000299957,0.0042374143,-1
EHD2,9606.ENSP00000263277,0.004236617,-1
CCDC183,9606.ENSP00000338013,0.0042365007,-1
MYBL2,9606.ENSP00000217026,0.0042359335,0
PLS1,9606.ENSP00000336831,0.004235919,-1
YTHDF3,9606.ENSP00000478490,0.0042354288,-1
JMJD6,9606.ENSP00000394085,0.0042351973,-1
SYDE1,9606.ENSP00000341489,0.0042349785,-1
RBM44,9606.ENSP00000321179,0.0042347694,-1
UBN2,9606.ENSP00000418648,0.0042339186,-1
BTBD1,9606.ENSP00000261721,0.004233879,0
COQ4,9606.ENSP00000300452,0.0042337663,0
EIF2B3,9606.ENSP00000353575,0.004233673,0
PSMA7,9606.ENSP00000359910,0.0042336653,0
FBXO48,9606.ENSP00000367193,0.004232723,-1
YEATS4,9606.ENSP00000247843,0.004232472,0
EML1,9606.ENSP00000334314,0.0042316136,0
EXOC7,9606.ENSP00000334100,0.0042309402,0
ZNF496,9606.ENSP00000294753,0.0042303903,-1
RPS13,9606.ENSP00000435777,0.0042301244,0
SELENOH,9606.ENSP00000434511,0.0042300383,0
CCT6B,9606.ENSP00000327191,0.0042299363,-1
TRABD,9606.ENSP00000379173,0.0042292573,-1
SSX3,9606.ENSP00000298396,0.0042291936,-1
ALG13,9606.ENSP00000378260,0.004228968,-1
RPL37A,9606.ENSP00000418082,0.004228968,0
PYURF,9606.ENSP00000273968,0.0042280303,0
LTN1,9606.ENSP00000478783,0.0042279405,-1
ERCC4,9606.ENSP00000310520,0.0042274203,0
ATXN2L,9606.ENSP00000378917,0.0042271772,-1
RPL37,9606.ENSP00000274242,0.0042265793,0
RNF139,9606.ENSP00000304051,0.0042263865,0
HTATSF1,9606.ENSP00000442699,0.00422617,0
IDNK,9606.ENSP00000365601,0.004225865,-1
IGBP1,9606.ENSP00000363661,0.004225779,0
ANAPC5,9606.ENSP00000261819,0.0042255926,0
FBXW4,9606.ENSP00000499522,0.004225424,0
MRPL44,9606.ENSP00000258383,0.0042246454,0
SKIC3,9606.ENSP00000497948,0.00422423,-1
MSS51,9606.ENSP00000299432,0.004223885,-1
RC3H2,9606.ENSP00000362774,0.004223691,0
COPRS,9606.ENSP00000304327,0.004223406,0
IFFO1,9606.ENSP00000482285,0.0042233295,0
CEP295NL,9606.ENSP00000312767,0.0042228606,0
OGA,9606.ENSP00000354850,0.004222431,0
AZI2,9606.ENSP00000419371,0.004222303,0
CAPRIN2,9606.ENSP00000298892,0.0042221146,-1
TMEM115,9606.ENSP00000266025,0.00422189,0
RPS9,9606.ENSP00000375632,0.0042217416,0
TIGD3,9606.ENSP00000308354,0.004221405,-1
RNF213,9606.ENSP00000464087,0.0042212745,-1
CEP192,9606.ENSP00000427550,0.004221213,0
EFCAB3,9606.ENSP00000403932,0.0042207316,-1
AP1S1,9606.ENSP00000336666,0.0042206994,-1
NUP35,9606.ENSP00000295119,0.0042205155,-1
ASB4,9606.ENSP00000321388,0.004220072,-1
GJC1,9606.ENSP00000467201,0.0042192247,-1
EFHC2,9606.ENSP00000404232,0.0042190687,-1
C2orf72,9606.ENSP00000362743,0.0042178547,-1
HCN3,9606.ENSP00000357342,0.0042178403,-1
CT45A1,9606.ENSP00000470185,0.004217734,-1
USP13,9606.ENSP00000263966,0.0042175567,-1
EIF5,9606.ENSP00000216554,0.004217522,-1
PABPC4L,9606.ENSP00000463233,0.0042174817,-1
RASSF9,9606.ENSP00000354884,0.004217106,-1
KIAA0232,9606.ENSP00000303928,0.0042143194,-1
TMX2,9606.ENSP00000278422,0.004213985,0
MINDY2,9606.ENSP00000452885,0.004213919,-1
HDHD5,9606.ENSP00000337358,0.0042134626,-1
SYTL1,9606.ENSP00000440704,0.004212735,-1
RABL3,9606.ENSP00000273375,0.004211785,-1
POLR2C,9606.ENSP00000219252,0.0042115585,0
MRPS18B,9606.ENSP00000259873,0.0042112386,-1
UQCC2,9606.ENSP00000476140,0.004210683,0
SLC4A3,9606.ENSP00000273063,0.004210609,-1
PARN,9606.ENSP00000387911,0.0042105024,0
FBXL6,9606.ENSP00000330098,0.004210191,-1
ANKRD13A,9606.ENSP00000261739,0.0042101173,-1
METTL6,9606.ENSP00000407613,0.0042091,-1
PPP1R36,9606.ENSP00000298705,0.004208338,-1
TOR1A,9606.ENSP00000345719,0.0042080483,0
RIMOC1,9606.ENSP00000371061,0.0042075687,-1
ZSCAN32,9606.ENSP00000380061,0.0042073973,-1
DNAJC2,9606.ENSP00000368565,0.0042055203,-1
PAN2,9606.ENSP00000481859,0.0042051044,0
OGDHL,9606.ENSP00000363216,0.004204903,-1
STARD9,9606.ENSP00000290607,0.0042048665,0
AP3B1,9606.ENSP00000255194,0.0042047747,-1
ANKRD55,9606.ENSP00000342295,0.004204689,-1
CHPF,9606.ENSP00000243776,0.004204645,-1
COMMD4,9606.ENSP00000267935,0.0042045177,-1
TMEM201,9606.ENSP00000344503,0.0042036893,-1
GPAA1,9606.ENSP00000347206,0.004203244,0
MAP6D1,9606.ENSP00000314560,0.0042028287,-1
RNF133,9606.ENSP00000344489,0.004202741,-1
GARS1,9606.ENSP00000373918,0.0042019472,-1
PCLAF,9606.ENSP00000300035,0.0042017335,0
ARHGAP5,9606.ENSP00000371897,0.004201608,-1
WDR12,9606.ENSP00000261015,0.00420147,0
SMIM26,9606.ENSP00000485316,0.0042013163,0
YTHDF1,9606.ENSP00000359364,0.00420045,0
MRM3,9606.ENSP00000306080,0.004200237,0
BUD31,9606.ENSP00000386023,0.0041998443,0
DCDC2,9606.ENSP00000367715,0.004199661,-1
MAN1A2,9606.ENSP00000348959,0.004198857,0
MTURN,9606.ENSP00000324204,0.0041987835,-1
ALS2CL,9606.ENSP00000313670,0.004198748,-1
SMU1,9606.ENSP00000380336,0.0041987356,0
PRMT5,9606.ENSP00000319169,0.0041987337,0
RNF185,9606.ENSP00000320508,0.004198137,-1
BUD23,9606.ENSP00000401191,0.0041977484,0
NDUFB1,9606.ENSP00000483888,0.004197332,0
SARAF,9606.ENSP00000256255,0.0041970694,0
ATPSCKMT,9606.ENSP00000422338,0.0041968278,-1
GALNT11,9606.ENSP00000416787,0.0041966666,0
MTFR2,9606.ENSP00000395232,0.004196344,-1
BEST4,9606.ENSP00000361281,0.0041960846,-1
DPH7,9606.ENSP00000277540,0.004196057,-1
DHTKD1,9606.ENSP00000263035,0.004195471,-1
INSYN2B,9606.ENSP00000366582,0.0041953595,-1
FAM98B,9606.ENSP00000380734,0.0041953176,-1
ABHD18,9606.ENSP00000496010,0.004194702,-1
TTLL13,9606.ENSP00000491066,0.004194294,-1
YIPF1,9606.ENSP00000072644,0.0041940766,-1
DPH2,9606.ENSP00000255108,0.0041939113,-1
LRRC36,9606.ENSP00000329943,0.0041934517,-1
GARNL3,9606.ENSP00000362485,0.0041931467,-1
LENG1,9606.ENSP00000222224,0.0041929814,0
LRMDA,9606.ENSP00000480240,0.0041915383,-1
VWA3A,9606.ENSP00000374049,0.0041909395,-1
RPP38,9606.ENSP00000478982,0.0041898033,-1
CCNE1,9606.ENSP00000262643,0.0041895984,0
EPDR1,9606.ENSP00000199448,0.0041893856,-1
PBLD,9606.ENSP00000351619,0.0041888542,-1
TRAPPC3,9606.ENSP00000480332,0.004188023,0
PGGT1B,9606.ENSP00000404676,0.004187967,-1
ANKRD26,9606.ENSP00000365255,0.004187538,-1
PNO1,9606.ENSP00000263657,0.0041874736,0
HGH1,9606.ENSP00000321320,0.004187021,-1
N4BP1,9606.ENSP00000262384,0.004186774,0
NOM1,9606.ENSP00000275820,0.004186524,-1
ZNF829,9606.ENSP00000428679,0.0041864146,-1
RAB34,9606.ENSP00000413156,0.0041860305,-1
ZWILCH,9606.ENSP00000311429,0.004185955,0
CFAP263,9606.ENSP00000219299,0.004185609,-1
KNSTRN,9606.ENSP00000249776,0.00418551,0
FAM174A,9606.ENSP00000307954,0.004185224,0
TTYH1,9606.ENSP00000365714,0.0041851806,0
ZSCAN30,9606.ENSP00000392371,0.0041851443,-1
RAB7B,9606.ENSP00000479762,0.004183956,-1
ORC4,9606.ENSP00000441953,0.004183535,0
PABPC3,9606.ENSP00000281589,0.0041831555,-1
ZNG1E,9606.ENSP00000371842,0.0041830125,-1
G3BP1,9606.ENSP00000377681,0.004182852,0
RBM48,9606.ENSP00000265732,0.0041826875,-1
BSCL2,9606.ENSP00000354032,0.0041817753,-1
SETMAR,9606.ENSP00000373354,0.004181251,0
POTED,9606.ENSP00000299443,0.004181241,-1
WDR27,9606.ENSP00000416289,0.0041811955,-1
ERP44,9606.ENSP00000262455,0.0041803657,0
PDCD2L,9606.ENSP00000246535,0.0041802665,-1
EEA1,9606.ENSP00000317955,0.0041800365,-1
RAD21,9606.ENSP00000297338,0.004179413,0
RPRML,9606.ENSP00000318032,0.004178139,-1
NOP53,9606.ENSP00000246802,0.0041774088,0
ABRAXAS2,9606.ENSP00000298492,0.004177378,0
CCNL2,9606.ENSP00000383611,0.0041773277,0
TXNDC9,9606.ENSP00000264255,0.0041764416,0
AHRR,9606.ENSP00000323816,0.004176001,-1
ZNG1A,9606.ENSP00000366617,0.0041755806,-1
CCDC12,9606.ENSP00000292314,0.004174962,0
POP7,9606.ENSP00000304353,0.0041738674,0
SULF1,9606.ENSP00000260128,0.0041733165,-1
ZNF394,9606.ENSP00000499131,0.004173158,-1
PHGDH,9606.ENSP00000493382,0.0041728816,0
AIRE,9606.ENSP00000291582,0.0041726907,-1
BTBD10,9606.ENSP00000431186,0.0041725403,-1
CAVIN3,9606.ENSP00000307292,0.004172275,-1
B4GAT1,9606.ENSP00000309096,0.004172197,0
CDC14C,9606.ENSP00000497679,0.0041720923,0
WASF3,9606.ENSP00000335055,0.004171201,-1
ZNF12,9606.ENSP00000385939,0.0041710306,-1
NCF2,9606.ENSP00000356505,0.0041706264,-1
POC1A,9606.ENSP00000296484,0.004170202,0
DHX36,9606.ENSP00000417078,0.0041701477,-1
OCEL1,9606.ENSP00000215061,0.0041701416,-1
ZSCAN22,9606.ENSP00000332433,0.0041694976,-1
PIWIL2,9606.ENSP00000349208,0.0041691894,0
PCYOX1,9606.ENSP00000387654,0.004168722,0
ANKRD62,9606.ENSP00000467740,0.0041681477,-1
CUEDC1,9606.ENSP00000462717,0.0041672653,-1
DNMBP,9606.ENSP00000315659,0.004167166,-1
JMJD1C,9606.ENSP00000382204,0.004167014,-1
ZBTB41,9606.ENSP00000356375,0.004166992,-1
ELFN1,9606.ENSP00000456548,0.004166778,-1
TASOR2,9606.ENSP00000328426,0.004166593,-1
DONSON,9606.ENSP00000307143,0.004165677,0
DIS3L2,9606.ENSP00000315569,0.0041651228,0
GIN1,9606.ENSP00000381970,0.0041647963,-1
TWF1,9606.ENSP00000449428,0.0041641872,-1
RABEPK,9606.ENSP00000362639,0.0041636736,-1
CSTF3,9606.ENSP00000315791,0.00416225,-1
RPL7A,9606.ENSP00000361076,0.004161784,0
UBXN2A,9606.ENSP00000312107,0.004161165,-1
NELFE,9606.ENSP00000364578,0.004161076,-1
ATP10B,9606.ENSP00000313600,0.0041609537,-1
SRPK1,9606.ENSP00000362931,0.004160894,0
RPA4,9606.ENSP00000362131,0.0041602403,0
ACER1,9606.ENSP00000301452,0.004160191,-1
CINP,9606.ENSP00000216756,0.0041597104,-1
DDX49,9606.ENSP00000247003,0.0041596,0
CYC1,9606.ENSP00000317159,0.0041590356,0
TBC1D31,9606.ENSP00000287380,0.0041575567,-1
SCAND1,9606.ENSP00000363103,0.0041565495,0
GPN1,9606.ENSP00000264718,0.0041557127,-1
STAU1,9606.ENSP00000360922,0.004155673,0
ABTB1,9606.ENSP00000232744,0.004155306,-1
AP1S3,9606.ENSP00000379891,0.0041550635,-1
MAGOH,9606.ENSP00000360525,0.004154267,0
ZNG1B,9606.ENSP00000259199,0.0041540754,-1
ACAD11,9606.ENSP00000264990,0.0041540577,-1
ZNF76,9606.ENSP00000363064,0.0041540004,-1
ZNF397,9606.ENSP00000331577,0.0041536177,-1
NDUFB9,9606.ENSP00000276689,0.004152955,0
MCM7,9606.ENSP00000307288,0.004152028,0
IWS1,9606.ENSP00000295321,0.0041519576,0
TMEM248,9606.ENSP00000340668,0.0041507767,0
DDX39B,9606.ENSP00000416269,0.00415031,-1
CYB5B,9606.ENSP00000308430,0.0041501834,0
SNX21,9606.ENSP00000418593,0.004149561,-1
ANKIB1,9606.ENSP00000265742,0.004149503,-1
GEMIN2,9606.ENSP00000308533,0.004149318,-1
LRRC59,9606.ENSP00000225972,0.0041480716,0
CENPO,9606.ENSP00000370214,0.0041466337,0
HABP4,9606.ENSP00000364398,0.0041462975,0
C11orf98,9606.ENSP00000432523,0.004146041,-1
TBC1D19,9606.ENSP00000264866,0.004145945,-1
GTPBP10,9606.ENSP00000222511,0.0041454835,-1
ADARB1,9606.ENSP00000353920,0.0041452753,0
PTPN5,9606.ENSP00000351342,0.0041450746,-1
ELP6,9606.ENSP00000296149,0.004144529,-1
ZNF264,9606.ENSP00000263095,0.0041439096,-1
MED28,9606.ENSP00000237380,0.0041438662,0
KCNJ14,9606.ENSP00000375756,0.004143795,-1
NEIL2,9606.ENSP00000284503,0.00414378,-1
E2F4,9606.ENSP00000368686,0.0041432558,0
PRR35,9606.ENSP00000386499,0.0041424814,-1
METTL25B,9606.ENSP00000357199,0.004142477,-1
SH2D4A,9606.ENSP00000265807,0.004142239,-1
TBL3,9606.ENSP00000454836,0.0041419542,-1
DHX35,9606.ENSP00000252011,0.004141919,-1
KCNH5,9606.ENSP00000321427,0.0041415393,0
DYNLRB2,9606.ENSP00000455791,0.004141222,0
RFX2,9606.ENSP00000306335,0.004141171,-1
KIF21A,9606.ENSP00000354878,0.004140546,-1
NARS1,9606.ENSP00000256854,0.0041403016,-1
TTC21B,9606.ENSP00000243344,0.00413948,-1
TTLL1,9606.ENSP00000266254,0.0041393344,-1
MAN1A1,9606.ENSP00000357453,0.004139062,-1
CT45A5,9606.ENSP00000427342,0.004139012,-1
RSL1D1,9606.ENSP00000460871,0.004138995,-1
APH1A,9606.ENSP00000358105,0.0041388455,0
SMARCA2,9606.ENSP00000371638,0.0041385647,0
GTF2E1,9606.ENSP00000283875,0.004138455,-1
ZFP28,9606.ENSP00000301318,0.0041379156,-1
RAB31,9606.ENSP00000461945,0.004137694,-1
SLC12A7,9606.ENSP00000264930,0.004136792,-1
COMMD10,9606.ENSP00000274458,0.0041365647,-1
DCAF6,9606.ENSP00000356814,0.004136191,-1
PDGFB,9606.ENSP00000330382,0.0041350327,0
MYO1H,9606.ENSP00000444076,0.004134793,-1
MYCBPAP,9606.ENSP00000498665,0.004134396,-1
TRUB2,9606.ENSP00000361982,0.0041334582,-1
AP1S2,9606.ENSP00000500695,0.004133446,-1
MON2,9606.ENSP00000377250,0.0041328254,-1
TGS1,9606.ENSP00000260129,0.004132708,-1
TEX30,9606.ENSP00000365200,0.004132492,-1
ANKRD9,9606.ENSP00000286918,0.004131935,-1
HECTD1,9606.ENSP00000382269,0.004131899,0
PNKD,9606.ENSP00000273077,0.004131329,0
CCDC175,9606.ENSP00000453940,0.004130636,-1
LAMTOR1,9606.ENSP00000278671,0.0041304794,0
SMARCD2,9606.ENSP00000392617,0.0041304184,0
AMN1,9606.ENSP00000281471,0.0041298144,-1
IGHMBP2,9606.ENSP00000255078,0.0041294536,-1
ERCC6L,9606.ENSP00000334675,0.004128173,-1
CUL9,9606.ENSP00000252050,0.004128146,0
NAP1L3,9606.ENSP00000362171,0.004127911,-1
SMC5,9606.ENSP00000354957,0.0041268957,0
CCNE2,9606.ENSP00000429089,0.004126778,0
MOSPD1,9606.ENSP00000359819,0.00412637,-1
DHPS,9606.ENSP00000210060,0.004126304,0
BRDT,9606.ENSP00000387822,0.004126282,0
PCM1,9606.ENSP00000327077,0.0041257604,0
TRIR,9606.ENSP00000242784,0.004125308,0
KLHDC2,9606.ENSP00000298307,0.0041245716,-1
CEBPZ,9606.ENSP00000234170,0.004124552,0
MAF1,9606.ENSP00000318604,0.0041237064,0
ATP6V1H,9606.ENSP00000352522,0.0041233324,-1
IQCF6,9606.ENSP00000381760,0.004123015,-1
NCBP2L,9606.ENSP00000492033,0.0041229697,-1
MTIF3,9606.ENSP00000370508,0.004122886,-1
FBXO31,9606.ENSP00000310841,0.004122696,0
RAB38,9606.ENSP00000243662,0.004122696,-1
TAPBPL,9606.ENSP00000266556,0.004122467,-1
SIKE1,9606.ENSP00000358541,0.004122383,-1
HGS,9606.ENSP00000331201,0.004122316,0
SNRNP27,9606.ENSP00000244227,0.0041219066,-1
SNX20,9606.ENSP00000332062,0.004121901,-1
TBC1D8B,9606.ENSP00000349781,0.004121756,-1
TRAK2,9606.ENSP00000328875,0.0041215955,0
RFTN1,9606.ENSP00000334153,0.00412156,-1
PPP1R42,9606.ENSP00000315035,0.0041213143,-1
GMNC,9606.ENSP00000406164,0.0041211904,-1
MRPL51,9606.ENSP00000229238,0.004120603,0
TACO1,9606.ENSP00000258975,0.004120421,-1
ASB1,9606.ENSP00000264607,0.00411934,-1
GPATCH2L,9606.ENSP00000261530,0.004119029,-1
STPG3,9606.ENSP00000373583,0.004119003,-1
CDC23,9606.ENSP00000378350,0.0041182013,0
SPCS3,9606.ENSP00000427463,0.004117887,0
BRICD5,9606.ENSP00000332389,0.0041176006,-1
ZAR1,9606.ENSP00000329803,0.0041174055,-1
ZNF396,9606.ENSP00000466500,0.0041172295,-1
ARSA,9606.ENSP00000216124,0.0041171513,-1
IFT88,9606.ENSP00000323580,0.0041167913,-1
GTF2IRD2,9606.ENSP00000406723,0.004116531,-1
RAB9B,9606.ENSP00000243298,0.0041157105,-1
ADISSP,9606.ENSP00000217195,0.0041156965,-1
SURF6,9606.ENSP00000361092,0.004114837,-1
ZNF142,9606.ENSP00000398798,0.0041148057,-1
ANKRD20A2P,9606.ENSP00000366826,0.004113913,-1
ARHGAP28,9606.ENSP00000392660,0.004113661,-1
MCM5,9606.ENSP00000216122,0.0041134832,0
MIEF2,9606.ENSP00000379057,0.0041132504,-1
KPTN,9606.ENSP00000337850,0.004112622,-1
VPS33B,9606.ENSP00000327650,0.004112317,-1
TMEM266,9606.ENSP00000373594,0.0041117705,-1
EIF3B,9606.ENSP00000354125,0.0041116686,0
SLTM,9606.ENSP00000369887,0.0041115284,0
RFTN2,9606.ENSP00000295049,0.004111124,-1
CEP128,9606.ENSP00000451162,0.0041106297,-1
HDAC10,9606.ENSP00000216271,0.0041101696,-1
TADA2A,9606.ENSP00000481091,0.004110076,0
RNF180,9606.ENSP00000373752,0.0041100425,-1
GSPT2,9606.ENSP00000341247,0.004109455,-1
TTI1,9606.ENSP00000362547,0.00410942,0
PGAP1,9606.ENSP00000346809,0.0041093947,-1
DCLRE1C,9606.ENSP00000367527,0.0041093263,-1
ESYT1,9606.ENSP00000267113,0.004108598,0
CCT8L2,9606.ENSP00000353048,0.004108534,-1
SH2B1,9606.ENSP00000321221,0.0041083996,0
AMFR,9606.ENSP00000290649,0.0041082148,0
TRIM8,9606.ENSP00000496301,0.0041078576,0
DDX52,9606.ENSP00000479504,0.004107504,-1
THAP7,9606.ENSP00000215742,0.0041070087,-1
CCDC102B,9606.ENSP00000353377,0.0041065444,0
ZBTB22,9606.ENSP00000407545,0.004106369,-1
CHCHD1,9606.ENSP00000361923,0.00410571,0
ZNG1C,9606.ENSP00000353295,0.0041056476,-1
ZER1,9606.ENSP00000291900,0.0041053104,0
BCCIP,9606.ENSP00000357748,0.004105285,0
SYCE1L,9606.ENSP00000367911,0.004105133,0
TOM1L1,9606.ENSP00000460823,0.0041048992,0
RIC8B,9606.ENSP00000376582,0.004103677,-1
EED,9606.ENSP00000338186,0.004103449,0
ADAMTS1,9606.ENSP00000284984,0.004103324,0
SYTL3,9606.ENSP00000483936,0.004103223,-1
WDR44,9606.ENSP00000254029,0.0041029244,-1
SORCS1,9606.ENSP00000263054,0.0041024266,-1
CNEP1R1,9606.ENSP00000405635,0.0041023497,-1
SRSF10,9606.ENSP00000420195,0.0041014035,0
CDC20,9606.ENSP00000361540,0.004100983,0
KCTD6,9606.ENSP00000347188,0.004100422,-1
FAM20B,9606.ENSP00000263733,0.004099217,0
CDK17,9606.ENSP00000261211,0.0040986557,0
RNF113A,9606.ENSP00000360497,0.0040983856,0
PHF10,9606.ENSP00000341805,0.00409835,0
MEIKIN,9606.ENSP00000488568,0.0040975837,0
RWDD2A,9606.ENSP00000358739,0.0040974123,-1
GINS3,9606.ENSP00000401018,0.004097224,0
CCDC146,9606.ENSP00000285871,0.00409687,-1
KDM4A,9606.ENSP00000361473,0.004096724,-1
PADI1,9606.ENSP00000364620,0.0040965406,-1
SEC62,9606.ENSP00000337688,0.0040960936,0
CRCP,9606.ENSP00000378736,0.0040960894,-1
UBA2,9606.ENSP00000246548,0.004095759,0
RNF148,9606.ENSP00000388207,0.004095343,-1
ARMH3,9606.ENSP00000359050,0.004094946,-1
UBAP2L,9606.ENSP00000389445,0.0040948335,0
ZYX,9606.ENSP00000324422,0.0040947786,0
GLI4,9606.ENSP00000345024,0.0040946854,-1
TRIP6,9606.ENSP00000200457,0.0040946756,-1
ZNF280D,9606.ENSP00000267807,0.004094341,-1
RNF150,9606.ENSP00000425840,0.004093719,-1
MORC3,9606.ENSP00000383333,0.0040933983,-1
PRKAG3,9606.ENSP00000397133,0.004093352,0
FBXO30,9606.ENSP00000237281,0.0040932777,0
VPS25,9606.ENSP00000253794,0.004092924,0
CCNP,9606.ENSP00000396755,0.004091762,0
STRN3,9606.ENSP00000350071,0.004091599,0
FAM135A,9606.ENSP00000410768,0.004091168,-1
UBR1,9606.ENSP00000290650,0.0040910747,-1
ORC6,9606.ENSP00000219097,0.0040909727,0
TTC36,9606.ENSP00000307640,0.004090289,-1
ZSWIM8,9606.ENSP00000381693,0.0040891203,-1
LRRC10B,9606.ENSP00000367315,0.0040889685,-1
RRS1,9606.ENSP00000322396,0.004088854,0
MKKS,9606.ENSP00000246062,0.004088658,-1
CEP126,9606.ENSP00000263468,0.0040878817,0
PABPC4,9606.ENSP00000361949,0.0040868972,0
PIBF1,9606.ENSP00000317144,0.0040860996,0
DNAI1,9606.ENSP00000480538,0.0040858514,-1
RNF146,9606.ENSP00000357297,0.00408538,-1
HIRA,9606.ENSP00000263208,0.004085215,0
MED8,9606.ENSP00000290663,0.0040851645,-1
MOSPD3,9606.ENSP00000377522,0.0040846057,-1
NDUFA1,9606.ENSP00000360492,0.004084039,0
RALGAPA1,9606.ENSP00000490119,0.0040840353,-1
C14orf119,9606.ENSP00000322238,0.004083838,-1
HEPACAM2,9606.ENSP00000390204,0.004083485,0
RUVBL1,9606.ENSP00000318297,0.004083384,0
PET117,9606.ENSP00000397881,0.0040832562,0
DHX29,9606.ENSP00000251636,0.004083159,0
TACC2,9606.ENSP00000358001,0.004083048,0
CWC22,9606.ENSP00000387006,0.004082217,-1
NEK9,9606.ENSP00000238616,0.0040813405,0
ARHGAP35,9606.ENSP00000500409,0.0040809684,0
RHBDD2,9606.ENSP00000006777,0.0040808073,0
RAB12,9606.ENSP00000331748,0.00408063,0
IGBP1C,9606.ENSP00000492384,0.004080407,-1
DYM,9606.ENSP00000269445,0.0040801037,-1
RP2,9606.ENSP00000218340,0.004079849,-1
BRD2,9606.ENSP00000378702,0.004079818,-1
ABI3,9606.ENSP00000225941,0.0040790117,-1
MRPL37,9606.ENSP00000473980,0.00407839,0
OXCT1,9606.ENSP00000196371,0.004078167,-1
SETBP1,9606.ENSP00000497406,0.0040781205,-1
IGSF9,9606.ENSP00000357073,0.004077547,-1
BORCS6,9606.ENSP00000373669,0.0040771873,-1
SMARCA4,9606.ENSP00000343896,0.004077154,0
CENPS,9606.ENSP00000308583,0.0040770536,0
DNTTIP1,9606.ENSP00000361705,0.0040770136,0
GEM,9606.ENSP00000297596,0.00407676,0
TEX14,9606.ENSP00000240361,0.004076411,0
TRMT13,9606.ENSP00000359160,0.0040749046,-1
MED27,9606.ENSP00000292035,0.0040745386,-1
PADI2,9606.ENSP00000364635,0.0040744347,-1
DENR,9606.ENSP00000280557,0.004074197,0
CCDC14,9606.ENSP00000420180,0.0040725274,-1
ARHGAP25,9606.ENSP00000386911,0.0040724073,-1
MCM6,9606.ENSP00000264156,0.0040720208,0
RNF220,9606.ENSP00000347548,0.004071831,-1
COQ10A,9606.ENSP00000312587,0.0040718154,-1
NSMCE4A,9606.ENSP00000358019,0.004071565,0
FASTKD1,9606.ENSP00000400513,0.004071288,-1
KIF1A,9606.ENSP00000438388,0.0040711737,-1
HSBP1,9606.ENSP00000392896,0.0040711523,0
MRPS35,9606.ENSP00000081029,0.004070913,-1
PPP4R3B,9606.ENSP00000483228,0.0040707584,-1
PAPSS2,9606.ENSP00000406157,0.0040705493,-1
NUDT19,9606.ENSP00000380251,0.004070482,-1
FMNL1,9606.ENSP00000329219,0.0040704664,-1
TAF10,9606.ENSP00000299424,0.004070294,0
MTRF1,9606.ENSP00000368793,0.004069956,-1
LRRC45,9606.ENSP00000306760,0.0040688794,-1
ANKRD20A1,9606.ENSP00000477695,0.004068808,-1
GPBP1L1,9606.ENSP00000347224,0.004068675,-1
COX8C,9606.ENSP00000340568,0.0040683053,-1
OGDH,9606.ENSP00000388183,0.004067127,0
CARS1,9606.ENSP00000369897,0.004066755,-1
RAB39B,9606.ENSP00000358466,0.0040665986,-1
ZYG11A,9606.ENSP00000360583,0.004066585,-1
INO80D,9606.ENSP00000384198,0.0040650596,0
FYTTD1,9606.ENSP00000241502,0.004064967,-1
NUDT17,9606.ENSP00000334437,0.004064409,-1
DDX21,9606.ENSP00000346120,0.004064077,-1
ARSH,9606.ENSP00000370522,0.0040638396,-1
LMOD2,9606.ENSP00000411932,0.004063488,-1
CDC42BPG,9606.ENSP00000345133,0.0040634186,-1
TBCEL,9606.ENSP00000403925,0.0040633725,-1
SYBU,9606.ENSP00000407118,0.0040631504,-1
NAP1L4,9606.ENSP00000369915,0.00406283,0
WASHC4,9606.ENSP00000484713,0.0040628077,-1
PIWIL3,9606.ENSP00000330031,0.0040627723,0
CHRAC1,9606.ENSP00000220913,0.004062661,-1
BICRA,9606.ENSP00000379946,0.0040625664,-1
TRAPPC8,9606.ENSP00000283351,0.0040622093,-1
ZNF618,9606.ENSP00000363241,0.0040621837,-1
LRRIQ3,9606.ENSP00000346414,0.004061399,-1
SSRP1,9606.ENSP00000278412,0.0040610787,0
COG6,9606.ENSP00000397441,0.0040607196,-1
WDR19,9606.ENSP00000382717,0.0040594726,-1
ANKFY1,9606.ENSP00000459943,0.004059318,0
SLC4A1AP,9606.ENSP00000479964,0.004059153,0
KDM5D,9606.ENSP00000322408,0.0040587415,-1
HDGFL2,9606.ENSP00000483345,0.0040582367,-1
KIF5B,9606.ENSP00000307078,0.004057975,0
MYCBP2,9606.ENSP00000444596,0.004057811,0
UQCRB,9606.ENSP00000430494,0.004057678,0
DDB2,9606.ENSP00000256996,0.0040575387,-1
NOP14,9606.ENSP00000405068,0.004056491,0
GTPBP6,9606.ENSP00000316598,0.0040564835,-1
MATCAP1,9606.ENSP00000290881,0.0040564463,-1
NPHP1,9606.ENSP00000313169,0.004055782,-1
PCMTD2,9606.ENSP00000307854,0.004055376,0
FNTB,9606.ENSP00000246166,0.0040548886,0
CCNB1IP1,9606.ENSP00000409896,0.004054492,0
OTUD1,9606.ENSP00000365678,0.0040540895,-1
RGPD8,9606.ENSP00000306637,0.00405398,-1
ARIH2,9606.ENSP00000348769,0.004053516,0
EVPLL,9606.ENSP00000382086,0.004053125,-1
WDR18,9606.ENSP00000476117,0.004052644,-1
NEK4,9606.ENSP00000233027,0.0040524015,0
BTBD8,9606.ENSP00000490913,0.004052284,-1
ATP10D,9606.ENSP00000273859,0.004052028,-1
RBM7,9606.ENSP00000364639,0.004051066,0
NUCKS1,9606.ENSP00000356110,0.0040508215,0
SKA1,9606.ENSP00000285116,0.0040502427,0
GALNTL6,9606.ENSP00000423313,0.004049931,-1
TRIP4,9606.ENSP00000261884,0.004048908,0
RAB33B,9606.ENSP00000306496,0.0040482944,-1
USP6NL,9606.ENSP00000277575,0.004047343,-1
MTMR14,9606.ENSP00000296003,0.004046932,-1
THAP1,9606.ENSP00000254250,0.0040461724,0
NECAP1,9606.ENSP00000491067,0.0040458557,-1
DIO2,9606.ENSP00000451419,0.004045583,-1
CT45A10,9606.ENSP00000484601,0.004044165,-1
MSL3,9606.ENSP00000312244,0.0040438343,-1
KDELR2,9606.ENSP00000258739,0.0040436625,0
MKRN2,9606.ENSP00000170447,0.0040435432,0
BTBD17,9606.ENSP00000364515,0.0040434855,-1
ZNF316,9606.ENSP00000477706,0.0040433896,-1
RBM46,9606.ENSP00000281722,0.0040430147,0
COG4,9606.ENSP00000315775,0.00404289,-1
C10orf90,9606.ENSP00000284694,0.0040426906,-1
ZNF784,9606.ENSP00000320096,0.0040424606,-1
GPATCH1,9606.ENSP00000170564,0.004042414,-1
LIPT1,9606.ENSP00000377115,0.0040421854,-1
RBM17,9606.ENSP00000388638,0.004041892,0
TBC1D21,9606.ENSP00000300504,0.0040416075,-1
PGRMC2,9606.ENSP00000481886,0.0040415497,0
ATXN10,9606.ENSP00000252934,0.004040982,0
ZNF174,9606.ENSP00000268655,0.004040913,-1
SVIL,9606.ENSP00000348128,0.004040644,0
NAV3,9606.ENSP00000381007,0.0040403353,-1
ENOX1,9606.ENSP00000261488,0.0040399535,-1
CCDC63,9606.ENSP00000312399,0.004038971,-1
RBM19,9606.ENSP00000442053,0.0040377686,-1
TRIM55,9606.ENSP00000323913,0.004037238,-1
POLM,9606.ENSP00000379174,0.0040370496,-1
CCNB3,9606.ENSP00000365210,0.004036938,0
ATOSB,9606.ENSP00000367823,0.004036344,-1
ZNF155,9606.ENSP00000385163,0.0040358496,-1
EMC9,9606.ENSP00000403210,0.0040355157,-1
TOP3A,9606.ENSP00000321636,0.004035202,0
SNX2,9606.ENSP00000368831,0.0040347883,-1
TRIT1,9606.ENSP00000321810,0.0040346924,-1
SRSF12,9606.ENSP00000414302,0.0040344433,-1
ECD,9606.ENSP00000401566,0.0040337,0
FAM89B,9606.ENSP00000431459,0.00403365,0
SYNE4,9606.ENSP00000316130,0.004032282,-1
DCK,9606.ENSP00000286648,0.0040321196,0
FAM98A,9606.ENSP00000238823,0.0040320796,0
DNAJC11,9606.ENSP00000366800,0.0040320526,0
HMCN2,9606.ENSP00000485357,0.004032001,-1
MCM2,9606.ENSP00000265056,0.0040316815,0
LARP1,9606.ENSP00000336721,0.0040314673,0
ZNHIT6,9606.ENSP00000359606,0.004031337,-1
TRUB1,9606.ENSP00000298746,0.0040310607,-1
PSMA3,9606.ENSP00000216455,0.0040304195,0
TENT2,9606.ENSP00000397563,0.004030418,-1
UPF2,9606.ENSP00000348708,0.0040302877,-1
RPS19BP1,9606.ENSP00000333948,0.0040298244,0
SEPTIN3,9606.ENSP00000494051,0.0040282723,0
BLOC1S3,9606.ENSP00000393840,0.004028007,-1
BAHD1,9606.ENSP00000396976,0.0040279566,-1
SNAPIN,9606.ENSP00000357674,0.0040275324,0
ZDHHC3,9606.ENSP00000345268,0.004026882,-1
RNASEH2C,9606.ENSP00000308193,0.004026865,-1
SMNDC1,9606.ENSP00000358616,0.00402648,-1
CCDC102A,9606.ENSP00000258214,0.004025943,-1
SAMD5,9606.ENSP00000356444,0.00402562,-1
RUSC1,9606.ENSP00000357336,0.0040253713,-1
PRKAG1,9606.ENSP00000323867,0.004024909,0
CLCC1,9606.ENSP00000349456,0.0040248283,-1
CCDC178,9606.ENSP00000463254,0.0040248,-1
THEMIS2,9606.ENSP00000363031,0.00402428,-1
BAP1,9606.ENSP00000417132,0.004023791,0
EVPL,9606.ENSP00000465630,0.004023611,-1
VSIG8,9606.ENSP00000357080,0.0040222453,-1
CRTC3,9606.ENSP00000268184,0.004021254,0
LRRC8A,9606.ENSP00000259324,0.004021126,-1
SNX15,9606.ENSP00000366452,0.0040209633,-1
MPRIP,9606.ENSP00000379156,0.004020937,0
BBS1,9606.ENSP00000317469,0.0040208907,-1
PCYT1B,9606.ENSP00000368439,0.004020866,-1
TCF19,9606.ENSP00000365433,0.0040207454,0
ANKRD20A3P,9606.ENSP00000482325,0.0040206388,-1
RSPH6A,9606.ENSP00000221538,0.0040204036,-1
ZNF398,9606.ENSP00000420418,0.004019816,-1
GANAB,9606.ENSP00000340466,0.004019526,-1
SLFN11,9606.ENSP00000378067,0.004019152,0
DDX39A,9606.ENSP00000242776,0.0040184855,0
MRFAP1L1,9606.ENSP00000318154,0.004018417,0
LENG8,9606.ENSP00000318374,0.0040182127,0
AQR,9606.ENSP00000156471,0.004018205,-1
EID3,9606.ENSP00000435619,0.0040181666,-1
DENND3,9606.ENSP00000428714,0.00401694,-1
IRAG2,9606.ENSP00000346442,0.0040163067,-1
ZNF497,9606.ENSP00000311183,0.0040161065,-1
TINF2,9606.ENSP00000267415,0.004015155,0
SKA2,9606.ENSP00000333433,0.0040150117,0
DUS3L,9606.ENSP00000311977,0.0040147547,-1
TSNAX,9606.ENSP00000355599,0.004014127,0
KCNK12,9606.ENSP00000327611,0.004013931,-1
YTHDC1,9606.ENSP00000463982,0.004013801,0
DOT1L,9606.ENSP00000381657,0.004012671,0
NDUFB6,9606.ENSP00000369176,0.004012513,0
VPS37A,9606.ENSP00000318629,0.0040124347,-1
RPA3,9606.ENSP00000223129,0.00401233,0
HERPUD2,9606.ENSP00000379390,0.0040120576,0
ZNF511,9606.ENSP00000355251,0.0040119085,-1
TAF1L,9606.ENSP00000418379,0.004011848,0
NCF4,9606.ENSP00000380334,0.004011575,-1
RBM23,9606.ENSP00000352956,0.0040113963,-1
EPC2,9606.ENSP00000258484,0.0040110154,0
MRPL39,9606.ENSP00000305682,0.0040107276,0
OSGEPL1,9606.ENSP00000264151,0.0040095085,-1
ZC3HAV1L,9606.ENSP00000275766,0.0040094825,-1
ABCF2,9606.ENSP00000222388,0.0040092682,0
DIDO1,9606.ENSP00000266070,0.004009044,-1
TTC14,9606.ENSP00000296015,0.004008751,-1
SERGEF,9606.ENSP00000265965,0.0040086443,-1
RAD51B,9606.ENSP00000419881,0.0040085795,0
REXO4,9606.ENSP00000361010,0.004008515,0
SSR1,9606.ENSP00000244763,0.004008414,-1
COPZ1,9606.ENSP00000449270,0.0040076543,0
CAV2,9606.ENSP00000222693,0.0040068896,0
CMTR2,9606.ENSP00000337512,0.0040066442,-1
SPDYA,9606.ENSP00000335628,0.0040065185,0
SPAG1,9606.ENSP00000373450,0.004006315,-1
DDX1,9606.ENSP00000370745,0.0040062247,0
KATNAL2,9606.ENSP00000245121,0.004005622,0
ARSD,9606.ENSP00000370546,0.0040054545,-1
SPATS2,9606.ENSP00000448228,0.004005415,-1
CRY2,9606.ENSP00000478187,0.0040051886,0
PRRT2,9606.ENSP00000456226,0.0040047965,-1
TSEN2,9606.ENSP00000284995,0.004004307,-1
ZSCAN21,9606.ENSP00000292450,0.004004291,0
AUNIP,9606.ENSP00000443647,0.0040039164,0
RAD9B,9606.ENSP00000376440,0.0040036007,0
FBXL8,9606.ENSP00000258200,0.0040035606,-1
CDC37,9606.ENSP00000222005,0.00400329,0
SUN3,9606.ENSP00000297325,0.004003264,-1
ITGB1BP2,9606.ENSP00000362935,0.004002313,0
NDUFA10,9606.ENSP00000252711,0.0040022866,-1
CDC14A,9606.ENSP00000354916,0.0040020966,0
FKBP6,9606.ENSP00000252037,0.004002089,0
RPL39L,9606.ENSP00000389356,0.0040019443,-1
SRBD1,9606.ENSP00000263736,0.004001473,-1
MYO7A,9606.ENSP00000386331,0.0040013744,-1
TRMT10B,9606.ENSP00000297994,0.0040007588,-1
B4GALNT4,9606.ENSP00000328277,0.0040005744,-1
ANKRD65,9606.ENSP00000445688,0.004000409,-1
EEIG1,9606.ENSP00000362187,0.003999788,-1
SEPTIN9,9606.ENSP00000391249,0.003999486,0
ZNF234,9606.ENSP00000400878,0.0039994367,-1
MTREX,9606.ENSP00000230640,0.0039991383,0
MXRA7,9606.ENSP00000465103,0.0039990493,-1
ENTHD1,9606.ENSP00000317431,0.0039983657,-1
FAM53B,9606.ENSP00000338532,0.0039981944,-1
MRPS30,9606.ENSP00000424328,0.0039979247,0
HSF1,9606.ENSP00000431512,0.0039978395,0
SETD5,9606.ENSP00000385852,0.003997834,0
RAD51C,9606.ENSP00000336701,0.0039974805,0
RAI14,9606.ENSP00000427123,0.0039966567,-1
STOX1,9606.ENSP00000298596,0.003996429,0
PUSL1,9606.ENSP00000368318,0.0039962395,-1
LRRC8C,9606.ENSP00000359483,0.003996116,-1
IFT46,9606.ENSP00000264020,0.003995754,-1
PTPN23,9606.ENSP00000265562,0.0039957454,-1
HPS5,9606.ENSP00000265967,0.0039957366,-1
CFAP69,9606.ENSP00000373948,0.003995666,-1
CTDSPL,9606.ENSP00000273179,0.003995501,0
PFKL,9606.ENSP00000269848,0.0039952425,0
ZKSCAN1,9606.ENSP00000323148,0.003995013,0
KMT2A,9606.ENSP00000436786,0.0039935224,-1
BRD4,9606.ENSP00000263377,0.0039932434,0
MYZAP,9606.ENSP00000267853,0.0039930935,-1
PRR36,9606.ENSP00000482374,0.003992502,-1
PRR19,9606.ENSP00000445247,0.003992282,0
BEND2,9606.ENSP00000369372,0.00399188,-1
GAREM2,9606.ENSP00000384593,0.00399152,-1
LRRC49,9606.ENSP00000453273,0.00399119,-1
KIF3C,9606.ENSP00000264712,0.0039910306,-1
MRPL12,9606.ENSP00000333837,0.0039910064,0
ZBTB18,9606.ENSP00000351539,0.003990902,0
BMERB1,9606.ENSP00000300006,0.003990864,-1
LCMT2,9606.ENSP00000307214,0.003990614,-1
COPA,9606.ENSP00000357048,0.0039897496,0
LETMD1,9606.ENSP00000389903,0.0039893044,-1
JOSD2,9606.ENSP00000468956,0.003989179,-1
EZHIP,9606.ENSP00000342680,0.0039890185,-1
TMEM198,9606.ENSP00000343507,0.003988852,-1
PSMG4,9606.ENSP00000392353,0.003988715,-1
MEAK7,9606.ENSP00000343635,0.0039887037,-1
FBXO28,9606.ENSP00000355827,0.0039883456,0
ZC2HC1C,9606.ENSP00000435550,0.0039881775,-1
SCML2,9606.ENSP00000251900,0.003988071,-1
SH3D21,9606.ENSP00000421294,0.0039878306,-1
BABAM1,9606.ENSP00000352408,0.0039876965,0
SMPD3,9606.ENSP00000219334,0.003987094,0
SEC16B,9606.ENSP00000308339,0.003986992,-1
EPC1,9606.ENSP00000263062,0.0039868895,0
PABPN1,9606.ENSP00000216727,0.0039868783,0
KMT2E,9606.ENSP00000312379,0.0039868476,0
SSX7,9606.ENSP00000298181,0.0039866166,-1
CAPN15,9606.ENSP00000219611,0.003986493,-1
GBP3,9606.ENSP00000359512,0.0039864704,-1
RAB7A,9606.ENSP00000265062,0.0039847954,0
CDC42EP4,9606.ENSP00000338258,0.0039844355,-1
CTDSP1,9606.ENSP00000273062,0.0039837174,0
CCDC144A,9606.ENSP00000353717,0.003983702,-1
MSN,9606.ENSP00000353408,0.003983622,0
LRIF1,9606.ENSP00000358778,0.003983426,-1
CCDC83,9606.ENSP00000280245,0.0039833277,-1
RRM1,9606.ENSP00000300738,0.0039832857,0
PPP1R16B,9606.ENSP00000299824,0.003983233,-1
PEX12,9606.ENSP00000482609,0.0039831684,-1
EP400,9606.ENSP00000374212,0.003983009,0
RNF10,9606.ENSP00000415682,0.003982654,0
C16orf90,9606.ENSP00000401335,0.0039822874,-1
BUD13,9606.ENSP00000260210,0.0039817616,0
RESF1,9606.ENSP00000310338,0.003981712,-1
OTUD7B,9606.ENSP00000462729,0.003981703,-1
OTC,9606.ENSP00000039007,0.0039813155,-1
MRPS27,9606.ENSP00000426941,0.003981304,-1
EIF4G2,9606.ENSP00000433664,0.003980791,0
DNMT3L,9606.ENSP00000270172,0.003980629,0
SPAST,9606.ENSP00000320885,0.003979855,0
ZSCAN1,9606.ENSP00000282326,0.0039790673,-1
FXR2,9606.ENSP00000250113,0.003978584,0
CENPX,9606.ENSP00000464357,0.0039777956,0
RINL,9606.ENSP00000467107,0.00397738,-1
RANBP2,9606.ENSP00000283195,0.0039773122,0
PTPN3,9606.ENSP00000363667,0.003977044,0
EFL1,9606.ENSP00000268206,0.0039763777,-1
PBRM1,9606.ENSP00000386593,0.0039759143,0
CCNT2,9606.ENSP00000264157,0.0039758924,-1
HCN2,9606.ENSP00000251287,0.0039754575,-1
CBX3,9606.ENSP00000336687,0.0039753327,0
MAD2L1,9606.ENSP00000296509,0.003975201,0
ASH2L,9606.ENSP00000340896,0.0039740796,-1
PAPSS1,9606.ENSP00000265174,0.0039734454,-1
CHEK1,9606.ENSP00000391090,0.0039724982,0
TBCB,9606.ENSP00000221855,0.0039719734,0
ZKSCAN8,9606.ENSP00000332750,0.003971883,-1
MRPS24,9606.ENSP00000318158,0.0039717043,0
USP11,9606.ENSP00000218348,0.0039710677,0
TCERG1,9606.ENSP00000296702,0.003970769,-1
STK11IP,9606.ENSP00000389383,0.0039700633,-1
VPS11,9606.ENSP00000481126,0.0039700004,-1
USP28,9606.ENSP00000003302,0.0039698123,0
DDX23,9606.ENSP00000310723,0.003969301,0
USF3,9606.ENSP00000320794,0.0039690416,-1
PDE6C,9606.ENSP00000360502,0.003968697,-1
SENP2,9606.ENSP00000296257,0.003968668,0
DENND11,9606.ENSP00000445768,0.0039686644,-1
MCM9,9606.ENSP00000314505,0.003968617,-1
ANKRD20A4P,9606.ENSP00000349891,0.003968157,-1
RMND1,9606.ENSP00000412708,0.003967479,-1
CNPY2,9606.ENSP00000273308,0.003967464,-1
CPSF7,9606.ENSP00000345412,0.00396713,-1
PGP,9606.ENSP00000330918,0.003966684,-1
ZNF407,9606.ENSP00000299687,0.00396474,-1
CHPF2,9606.ENSP00000035307,0.0039644875,-1
SMARCD3,9606.ENSP00000262188,0.0039644702,0
UTP18,9606.ENSP00000225298,0.0039635613,0
PPP1R13B,9606.ENSP00000202556,0.0039633657,0
ADAD2,9606.ENSP00000268624,0.0039632358,-1
WSB1,9606.ENSP00000262394,0.00396288,0
DGCR6,9606.ENSP00000331681,0.003961213,-1
MRPL57,9606.ENSP00000310726,0.0039609834,0
PDLIM3,9606.ENSP00000284767,0.0039605787,-1
MRPS25,9606.ENSP00000253686,0.0039605317,0
POLE4,9606.ENSP00000420176,0.0039603547,0
PRKAG2,9606.ENSP00000287878,0.003960238,0
REPS1,9606.ENSP00000392065,0.0039601387,-1
ROS1,9606.ENSP00000357494,0.0039599747,-1
CHTF8,9606.ENSP00000408367,0.0039599207,0
PMS2,9606.ENSP00000265849,0.003959617,0
PHF12,9606.ENSP00000329933,0.0039592637,0
CAMLG,9606.ENSP00000297156,0.0039589973,0
PFDN4,9606.ENSP00000360473,0.0039588106,-1
LARS2,9606.ENSP00000498867,0.003957993,-1
PGS1,9606.ENSP00000262764,0.0039576697,-1
TAF1,9606.ENSP00000406549,0.0039568054,0
ENGASE,9606.ENSP00000462333,0.0039565493,-1
MRFAP1,9606.ENSP00000318352,0.0039561377,0
CASQ2,9606.ENSP00000261448,0.0039555705,-1
UBE4A,9606.ENSP00000387362,0.003955339,-1
USP14,9606.ENSP00000261601,0.003954802,0
FAM133A,9606.ENSP00000318974,0.003954511,-1
UXT,9606.ENSP00000337393,0.003954081,0
MRPL33,9606.ENSP00000296102,0.003954068,0
SLC30A5,9606.ENSP00000379836,0.003953933,0
QSOX1,9606.ENSP00000356574,0.003953848,0
APPL2,9606.ENSP00000446917,0.0039532697,0
ZBTB11,9606.ENSP00000326200,0.0039532175,-1
HMCES,9606.ENSP00000372955,0.0039525866,0
THUMPD2,9606.ENSP00000423933,0.0039525717,-1
TECPR1,9606.ENSP00000404923,0.003952335,0
ZNF747,9606.ENSP00000457274,0.0039520813,-1
NUP42,9606.ENSP00000258742,0.003951926,-1
ZNF202,9606.ENSP00000432504,0.0039515356,-1
DNAI7,9606.ENSP00000379310,0.0039514736,-1
SOHLH1,9606.ENSP00000404438,0.003951434,-1
SYN3,9606.ENSP00000351614,0.0039509796,-1
TRMT112,9606.ENSP00000438349,0.0039508147,0
VPS18,9606.ENSP00000220509,0.003950507,-1
C2orf81,9606.ENSP00000491941,0.003950428,-1
BEND6,9606.ENSP00000359782,0.0039504245,-1
GALNTL5,9606.ENSP00000479207,0.00395015,-1
MESP2,9606.ENSP00000342392,0.0039497786,-1
TRAPPC2,9606.ENSP00000392495,0.003949184,-1
SREK1IP1,9606.ENSP00000427401,0.0039486648,-1
CATIP,9606.ENSP00000289388,0.0039484324,-1
NDUFA7,9606.ENSP00000301457,0.003948183,-1
NECAP2,9606.ENSP00000391942,0.003948147,-1
C11orf16,9606.ENSP00000318999,0.0039473446,-1
NEK1,9606.ENSP00000424757,0.003946318,-1
TUBE1,9606.ENSP00000357651,0.0039462913,0
FMNL2,9606.ENSP00000288670,0.0039461977,-1
ZNF672,9606.ENSP00000421915,0.003946074,0
COMMD5,9606.ENSP00000394331,0.003945538,-1
SAMTOR,9606.ENSP00000297145,0.003944614,-1
ZBTB48,9606.ENSP00000366902,0.003944485,-1
RNF2,9606.ENSP00000356480,0.0039443835,0
ZCCHC9,9606.ENSP00000254037,0.0039443164,-1
YOD1,9606.ENSP00000326813,0.003943848,-1
TAOK1,9606.ENSP00000261716,0.0039435984,0
PSMB11,9606.ENSP00000386212,0.003942981,-1
RPAP3,9606.ENSP00000005386,0.003941923,-1
GXYLT2,9606.ENSP00000374268,0.003941885,-1
DNAJC12,9606.ENSP00000225171,0.00394093,-1
NOA1,9606.ENSP00000264230,0.003940818,-1
METTL2A,9606.ENSP00000309610,0.003940335,-1
LSM11,9606.ENSP00000286307,0.003940304,0
CEP83,9606.ENSP00000380911,0.003940298,-1
PPP6R3,9606.ENSP00000377390,0.003940154,-1
GCN1,9606.ENSP00000300648,0.003940088,0
KAT7,9606.ENSP00000259021,0.0039391173,0
RALBP1,9606.ENSP00000372924,0.003939093,0
VPS33A,9606.ENSP00000267199,0.00393873,-1
NAP1L1,9606.ENSP00000477538,0.0039385203,0
WSB2,9606.ENSP00000409131,0.003938139,0
RHNO1,9606.ENSP00000479598,0.0039378754,0
C6orf163,9606.ENSP00000373575,0.0039377795,-1
DUX4L2,9606.ENSP00000458065,0.0039377017,-1
MRPS22,9606.ENSP00000418008,0.003937391,-1
MFAP1,9606.ENSP00000267812,0.003936688,0
POLR3F,9606.ENSP00000366828,0.0039361683,-1
LARP4,9606.ENSP00000415464,0.003935929,-1
SEPTIN1,9606.ENSP00000324511,0.0039355885,0
DNAAF3,9606.ENSP00000436975,0.003934646,-1
PTCD2,9606.ENSP00000370013,0.003934583,-1
GINS1,9606.ENSP00000262460,0.0039343457,0
XRCC4,9606.ENSP00000421491,0.003934108,0
AGFG1,9606.ENSP00000387282,0.003933925,0
CCDC158,9606.ENSP00000373566,0.003933406,-1
RAB32,9606.ENSP00000356465,0.0039318483,-1
TTC33,9606.ENSP00000338533,0.0039310833,-1
PABPN1L,9606.ENSP00000408598,0.00393036,-1
RGSL1,9606.ENSP00000457748,0.003930156,-1
NDUFAF4,9606.ENSP00000358272,0.00392978,-1
PDRG1,9606.ENSP00000202017,0.003929623,-1
CFAP119,9606.ENSP00000437532,0.0039293594,-1
MRPL49,9606.ENSP00000279242,0.0039292965,0
TPRG1L,9606.ENSP00000367595,0.003928966,0
RPL39,9606.ENSP00000355315,0.003927945,0
RIMS2,9606.ENSP00000427018,0.003927223,-1
EAPP,9606.ENSP00000250454,0.0039267736,0
INTS15,9606.ENSP00000340220,0.003926063,-1
KDM4B,9606.ENSP00000159111,0.003925768,0
INO80,9606.ENSP00000497609,0.0039253174,0
DDX18,9606.ENSP00000263239,0.0039251926,0
TYW1,9606.ENSP00000352645,0.0039251796,-1
FTSJ3,9606.ENSP00000396673,0.0039248588,0
KANSL1L,9606.ENSP00000281772,0.0039242883,-1
ZKSCAN4,9606.ENSP00000366509,0.0039242255,-1
DCTN2,9606.ENSP00000408910,0.003923882,0
ZMAT2,9606.ENSP00000274712,0.003923327,0
WDR46,9606.ENSP00000363746,0.003923293,0
FAM149B1,9606.ENSP00000242505,0.003922999,-1
TMEM43,9606.ENSP00000303992,0.0039228536,0
RBL2,9606.ENSP00000262133,0.003922658,0
PPM1D,9606.ENSP00000306682,0.0039226483,0
GPAT4,9606.ENSP00000380184,0.003919129,0
SMPD4,9606.ENSP00000386531,0.0039183917,-1
SHMT1,9606.ENSP00000318868,0.003918373,0
PEX13,9606.ENSP00000295030,0.003917886,-1
MAGOHB,9606.ENSP00000319240,0.003917104,-1
OSTC,9606.ENSP00000426167,0.0039163656,0
ECPAS,9606.ENSP00000259335,0.0039144964,0
WDR87,9606.ENSP00000405012,0.0039142044,-1
SCML4,9606.ENSP00000358016,0.0039132508,-1
SMCHD1,9606.ENSP00000326603,0.0039132214,-1
MBTPS2,9606.ENSP00000368798,0.003913132,0
OSBP,9606.ENSP00000263847,0.003913026,0
UBR5,9606.ENSP00000429084,0.003912857,-1
PARP3,9606.ENSP00000381740,0.003912723,0
SH3BP5L,9606.ENSP00000355428,0.003912459,-1
NSD1,9606.ENSP00000395929,0.0039121066,-1
MMADHC,9606.ENSP00000389060,0.003911742,0
CCDC88A,9606.ENSP00000338728,0.003910813,-1
TARBP1,9606.ENSP00000040877,0.0039106105,-1
LAS1L,9606.ENSP00000363944,0.0039102836,-1
DHX40,9606.ENSP00000251241,0.0039101145,0
SIL1,9606.ENSP00000265195,0.0039099515,-1
BCOR,9606.ENSP00000367705,0.003909391,-1
RAB17,9606.ENSP00000264601,0.003909205,-1
KDELR1,9606.ENSP00000329471,0.003908971,0
DHX16,9606.ENSP00000365625,0.0039084805,-1
OCSTAMP,9606.ENSP00000279028,0.003907144,-1
PSIP1,9606.ENSP00000370114,0.0039059643,0
CYS1,9606.ENSP00000371234,0.0039058751,-1
BRIX1,9606.ENSP00000338862,0.0039057913,-1
GCNT4,9606.ENSP00000317027,0.0039057008,-1
NYAP1,9606.ENSP00000300179,0.003905282,-1
TM9SF2,9606.ENSP00000493515,0.0039051776,-1
ZSCAN23,9606.ENSP00000289788,0.0039044954,-1
GAREM1,9606.ENSP00000269209,0.0039039017,-1
BRCC3,9606.ENSP00000358474,0.0039038125,0
SIPA1L2,9606.ENSP00000355589,0.00390377,-1
ZNF662,9606.ENSP00000329264,0.0039034307,-1
BPTF,9606.ENSP00000307208,0.0039021145,-1
EIF4G3,9606.ENSP00000383274,0.0039019163,-1
LSM14A,9606.ENSP00000446271,0.0039013193,0
BTAF1,9606.ENSP00000265990,0.0039013063,-1
CUTA,9606.ENSP00000499422,0.0039009252,0
TP53INP2,9606.ENSP00000363943,0.0039007654,-1
SETD1B,9606.ENSP00000474253,0.0039006844,0
AFG2A,9606.ENSP00000274008,0.0039002222,-1
PSMB6,9606.ENSP00000270586,0.003900203,0
USPL1,9606.ENSP00000255304,0.0039001543,0
MINDY4B,9606.ENSP00000491923,0.003899908,-1
NKAPL,9606.ENSP00000345716,0.0038992525,-1
RER1,9606.ENSP00000475168,0.003898893,0
LBR,9606.ENSP00000339883,0.0038987803,0
GPR108,9606.ENSP00000264080,0.003898615,-1
YLPM1,9606.ENSP00000324463,0.0038984835,-1
SYDE2,9606.ENSP00000340594,0.003898417,-1
FAM133B,9606.ENSP00000398401,0.003898417,-1
HSF2BP,9606.ENSP00000291560,0.0038982278,0
PEX6,9606.ENSP00000303511,0.0038978062,-1
NSG1,9606.ENSP00000388823,0.003896845,-1
C8orf74,9606.ENSP00000307129,0.0038967137,-1
JTB,9606.ENSP00000271843,0.003896068,0
MAGED2,9606.ENSP00000364193,0.0038954332,0
SYTL4,9606.ENSP00000362080,0.003895126,-1
KIAA0408,9606.ENSP00000435150,0.003894445,-1
B4GALNT1,9606.ENSP00000341562,0.0038944376,-1
SECISBP2,9606.ENSP00000364965,0.0038928625,-1
MRPL50,9606.ENSP00000363999,0.0038918066,-1
TRMT11,9606.ENSP00000333934,0.003891679,-1
GTF2H1,9606.ENSP00000265963,0.00389145,-1
RBBP5,9606.ENSP00000264515,0.0038908548,-1
ELMOD2,9606.ENSP00000326342,0.0038906587,-1
SFMBT2,9606.ENSP00000380353,0.003890047,-1
EIF4ENIF1,9606.ENSP00000380659,0.0038900084,-1
KAT8,9606.ENSP00000406037,0.0038896778,0
EXOSC1,9606.ENSP00000359939,0.0038896054,-1
POLR1F,9606.ENSP00000222567,0.0038894815,-1
ZNF619,9606.ENSP00000411132,0.0038891882,-1
DOP1A,9606.ENSP00000237163,0.0038891714,-1
TRAPPC12,9606.ENSP00000324318,0.0038890995,0
TENT4A,9606.ENSP00000488642,0.0038888003,0
OS9,9606.ENSP00000318165,0.0038879986,0
CTAGE1,9606.ENSP00000375220,0.0038879912,-1
RNF114,9606.ENSP00000244061,0.003887947,0
TMEM106B,9606.ENSP00000379901,0.003887823,-1
C19orf81,9606.ENSP00000417035,0.0038868058,-1
RNF167,9606.ENSP00000262482,0.003886525,0
GOLGA8B,9606.ENSP00000343064,0.0038863844,-1
YTHDC2,9606.ENSP00000161863,0.0038857572,0
ANTKMT,9606.ENSP00000454380,0.0038851001,-1
ZRANB2,9606.ENSP00000359958,0.0038850524,0
SEPTIN7,9606.ENSP00000413507,0.003884879,0
GALNT7,9606.ENSP00000265000,0.003884613,-1
CCDC150,9606.ENSP00000373827,0.0038844843,-1
MARF1,9606.ENSP00000379654,0.0038839784,0
SPRTN,9606.ENSP00000295050,0.0038837937,-1
SEPTIN14,9606.ENSP00000373627,0.0038837038,0
HIF3A,9606.ENSP00000366898,0.0038835136,-1
N4BP2,9606.ENSP00000261435,0.00388313,-1
ZC2HC1A,9606.ENSP00000263849,0.0038826228,-1
RPRD1A,9606.ENSP00000381984,0.0038825916,-1
PPIL2,9606.ENSP00000486725,0.0038820198,-1
ELOB,9606.ENSP00000262306,0.0038819422,0
ARHGAP36,9606.ENSP00000276211,0.0038814628,-1
TDRD15,9606.ENSP00000384376,0.003881157,-1
ATP5F1D,9606.ENSP00000215375,0.0038806961,0
STRA8,9606.ENSP00000275764,0.0038806887,0
SIX5,9606.ENSP00000316842,0.0038806873,-1
CCDC148,9606.ENSP00000283233,0.0038802866,-1
GGA2,9606.ENSP00000311962,0.003880088,0
OGFR,9606.ENSP00000290291,0.0038799148,0
ME2,9606.ENSP00000321070,0.0038796016,-1
POLR2M,9606.ENSP00000299638,0.0038795383,-1
SETDB2,9606.ENSP00000346175,0.0038794167,0
WDR70,9606.ENSP00000265107,0.0038793208,-1
CDC25A,9606.ENSP00000303706,0.0038790593,0
XRN2,9606.ENSP00000366396,0.0038784994,-1
MRPS23,9606.ENSP00000320184,0.0038784682,-1
PSMB9,9606.ENSP00000363993,0.0038783571,-1
XYLT2,9606.ENSP00000017003,0.0038780982,-1
BCL7B,9606.ENSP00000411073,0.0038777587,0
SLU7,9606.ENSP00000297151,0.0038777166,0
SNX25,9606.ENSP00000426255,0.003877361,-1
C2CD4C,9606.ENSP00000328677,0.0038773022,-1
NDUFA3,9606.ENSP00000418438,0.0038771366,-1
DRC10,9606.ENSP00000400669,0.0038769261,-1
DYNC2I2,9606.ENSP00000361800,0.0038767608,-1
ZNF8,9606.ENSP00000477716,0.003876477,-1
PTCD3,9606.ENSP00000254630,0.003876208,-1
CLN5,9606.ENSP00000498772,0.003875833,0
TIGD7,9606.ENSP00000380071,0.0038755825,-1
CATSPERT,9606.ENSP00000409937,0.0038753983,-1
EXOC8,9606.ENSP00000355605,0.0038749233,0
TTI2,9606.ENSP00000478396,0.003874323,0
EML6,9606.ENSP00000348842,0.0038742793,-1
RTF1,9606.ENSP00000374280,0.003872379,0
SFMBT1,9606.ENSP00000378235,0.003870707,-1
WRNIP1,9606.ENSP00000370150,0.003870016,0
EHD3,9606.ENSP00000327116,0.0038696337,-1
EXOSC6,9606.ENSP00000398597,0.0038696297,-1
MED19,9606.ENSP00000498791,0.0038693503,0
PET100,9606.ENSP00000470539,0.003869174,-1
PPIL4,9606.ENSP00000253329,0.0038688085,0
ASB18,9606.ENSP00000386532,0.0038686444,-1
ENOX2,9606.ENSP00000337146,0.0038686157,-1
GTF3C6,9606.ENSP00000357863,0.0038683286,0
ANKRD49,9606.ENSP00000440396,0.0038678695,-1
FADS3,9606.ENSP00000278829,0.0038671715,-1
VASH1,9606.ENSP00000167106,0.0038671528,0
TSR2,9606.ENSP00000364293,0.0038670206,0
NOL12,9606.ENSP00000352021,0.0038663922,-1
MRPL42,9606.ENSP00000449884,0.0038661265,-1
MAK16,9606.ENSP00000353246,0.0038660397,-1
ATP6V0D2,9606.ENSP00000285393,0.0038659812,-1
CLTC,9606.ENSP00000479606,0.0038644169,0
TPRG1,9606.ENSP00000341031,0.0038642006,-1
PRMT6,9606.ENSP00000359095,0.003863932,0
ZFHX2,9606.ENSP00000413418,0.0038633414,-1
ARID5B,9606.ENSP00000279873,0.0038630844,-1
JADE2,9606.ENSP00000282605,0.0038625414,0
GNL1,9606.ENSP00000365806,0.00386236,-1
RBM39,9606.ENSP00000253363,0.003862336,-1
EXD1,9606.ENSP00000415056,0.003861643,0
VPS39,9606.ENSP00000335193,0.0038609563,0
DGCR6L,9606.ENSP00000248879,0.0038602522,0
GBA2,9606.ENSP00000367343,0.0038592739,0
DYNC2LI1,9606.ENSP00000474032,0.0038590678,-1
KCTD12,9606.ENSP00000366694,0.0038589232,-1
NEU1,9606.ENSP00000364782,0.0038589053,0
SPAG8,9606.ENSP00000340982,0.0038586191,-1
PSMA6,9606.ENSP00000261479,0.0038583863,0
TRAPPC11,9606.ENSP00000335371,0.0038582985,-1
FHIP2A,9606.ENSP00000358251,0.0038581884,-1
SGO2,9606.ENSP00000350447,0.0038581025,0
NDUFB7,9606.ENSP00000215565,0.003858005,0
PLRG1,9606.ENSP00000424417,0.0038577998,0
PSMA8,9606.ENSP00000311121,0.003857756,0
AHCYL1,9606.ENSP00000358814,0.0038568615,0
PPFIA3,9606.ENSP00000335614,0.0038568492,-1
PEX2,9606.ENSP00000349543,0.003856012,-1
PHAF1,9606.ENSP00000219139,0.0038556238,-1
SF3B2,9606.ENSP00000318861,0.003855349,0
COG5,9606.ENSP00000297135,0.0038549902,-1
MED21,9606.ENSP00000282892,0.0038549097,0
AGFG2,9606.ENSP00000300176,0.003854767,-1
ISY1,9606.ENSP00000411822,0.0038546717,-1
PQBP1,9606.ENSP00000498362,0.0038541444,-1
PPWD1,9606.ENSP00000261308,0.0038540233,-1
FAM217A,9606.ENSP00000274673,0.0038539718,-1
MVB12A,9606.ENSP00000324810,0.003853965,-1
ZNF775,9606.ENSP00000330838,0.0038533132,-1
ARID4B,9606.ENSP00000264183,0.003853207,-1
COASY,9606.ENSP00000464814,0.0038530568,0
PDCD2,9606.ENSP00000439467,0.003853011,-1
MTHFSD,9606.ENSP00000354152,0.0038528668,-1
PRPF38B,9606.ENSP00000359042,0.0038513204,0
DNAAF5,9606.ENSP00000297440,0.003851161,-1
SART3,9606.ENSP00000449386,0.0038508815,0
MZF1,9606.ENSP00000215057,0.0038506014,-1
ZNF710,9606.ENSP00000268154,0.003850574,-1
CDK5RAP2,9606.ENSP00000343818,0.0038505446,0
SEPTIN12,9606.ENSP00000268231,0.0038491897,0
PRR23A,9606.ENSP00000372649,0.0038481804,-1
AURKAIP1,9606.ENSP00000342676,0.0038471827,0
INTS12,9606.ENSP00000415433,0.003846724,0
SPDYC,9606.ENSP00000366390,0.0038463937,-1
PSMD2,9606.ENSP00000310129,0.0038461594,0
TSPYL4,9606.ENSP00000410943,0.0038461192,-1
TTL,9606.ENSP00000233336,0.0038459075,0
THOC1,9606.ENSP00000261600,0.0038454689,-1
SP100,9606.ENSP00000343023,0.0038454144,-1
SSR4,9606.ENSP00000317331,0.003844875,0
ODAD1,9606.ENSP00000318429,0.0038447562,-1
EPB41,9606.ENSP00000345259,0.0038445576,-1
ATR,9606.ENSP00000343741,0.003844021,0
NFU1,9606.ENSP00000387219,0.0038437925,-1
DNAAF6,9606.ENSP00000441930,0.003843789,-1
WAC,9606.ENSP00000346986,0.0038436574,0
PDCD11,9606.ENSP00000358812,0.0038436283,-1
E2F6,9606.ENSP00000370936,0.0038431464,-1
TCP11L1,9606.ENSP00000335595,0.0038430844,-1
CCDC188,9606.ENSP00000409542,0.0038430623,-1
DST,9606.ENSP00000307959,0.003842666,-1
ELP5,9606.ENSP00000379869,0.0038424912,-1
IQCM,9606.ENSP00000490518,0.003842223,-1
F8A1;,9606.ENSP00000358518,0.0038416202,-1
WDR53,9606.ENSP00000328079,0.0038411294,-1
ZBTB49,9606.ENSP00000338807,0.0038401862,0
FMR1,9606.ENSP00000359506,0.0038397377,-1
DNAJC30,9606.ENSP00000378605,0.003839705,-1
USP29,9606.ENSP00000254181,0.0038395845,0
MED10,9606.ENSP00000255764,0.0038382788,0
BBLN,9606.ENSP00000362085,0.003838071,-1
SNX9,9606.ENSP00000376024,0.0038377556,0
MAGEL2,9606.ENSP00000497810,0.003836844,-1
DACT2,9606.ENSP00000355760,0.0038363251,-1
VMA12,9606.ENSP00000292114,0.0038363046,-1
SEPTIN6,9606.ENSP00000341524,0.0038362157,0
MALSU1,9606.ENSP00000419370,0.0038361242,-1
MRPL24,9606.ENSP00000354525,0.0038360588,0
BOP1,9606.ENSP00000455106,0.0038358874,0
UQCC1,9606.ENSP00000363506,0.0038355428,-1
MED12,9606.ENSP00000363193,0.0038354793,-1
SDHAF2,9606.ENSP00000301761,0.0038345228,0
NUB1,9606.ENSP00000454264,0.0038344592,-1
CWC27,9606.ENSP00000370460,0.0038342515,-1
CCNA2,9606.ENSP00000481380,0.0038337416,0
AAGAB,9606.ENSP00000261880,0.0038337237,-1
KIF4B,9606.ENSP00000387875,0.0038336576,0
LEMD2,9606.ENSP00000293760,0.003833412,0
UBXN2B,9606.ENSP00000382507,0.0038332716,0
UBAP2,9606.ENSP00000354039,0.0038327805,-1
ZBTB17,9606.ENSP00000364885,0.0038322778,0
C9orf50,9606.ENSP00000361556,0.003831688,-1
MIOS,9606.ENSP00000339881,0.0038313442,-1
RBM33,9606.ENSP00000384160,0.0038312746,-1
DCLRE1B,9606.ENSP00000498042,0.0038310473,0
NDUFAF1,9606.ENSP00000260361,0.003830971,-1
AP4M1,9606.ENSP00000403663,0.0038308364,-1
RBM26,9606.ENSP00000483408,0.0038304578,-1
DEUP1,9606.ENSP00000298050,0.0038304178,0
SPATA31A7,9606.ENSP00000484807,0.0038300578,-1
ANKRD17,9606.ENSP00000351416,0.0038300212,0
RRP8,9606.ENSP00000254605,0.0038298718,0
FBXL3,9606.ENSP00000347834,0.0038295412,0
SRPRA,9606.ENSP00000328023,0.0038294173,0
GTF2F1,9606.ENSP00000377969,0.0038286154,0
SPATA17,9606.ENSP00000355900,0.0038285602,-1
OTUB2,9606.ENSP00000203664,0.0038283477,-1
SLC9D1,9606.ENSP00000389399,0.0038280783,-1
TRMT1,9606.ENSP00000466967,0.0038279805,-1
FAM90A10,9606.ENSP00000497650,0.003827604,-1
RBM41,9606.ENSP00000361557,0.0038275588,-1
ZNG1F,9606.ENSP00000366608,0.003827068,-1
RHOBTB3,9606.ENSP00000369318,0.0038266513,-1
MPHOSPH9,9606.ENSP00000475489,0.0038256082,-1
TDP1,9606.ENSP00000337353,0.0038252263,-1
ARFGAP2,9606.ENSP00000434442,0.0038252196,0
CEP55,9606.ENSP00000360540,0.0038248904,0
TTC22,9606.ENSP00000360323,0.0038247998,-1
ELK1,9606.ENSP00000366182,0.0038245237,0
PPP1R9B,9606.ENSP00000478767,0.0038244983,0
ERCC6,9606.ENSP00000348089,0.0038243819,0
PHACTR1,9606.ENSP00000329880,0.0038243055,-1
SMG6,9606.ENSP00000263073,0.0038241635,-1
TRIP11,9606.ENSP00000267622,0.003824035,-1
KIAA1210,9606.ENSP00000384670,0.0038239604,-1
EPS8,9606.ENSP00000494689,0.0038238622,0
DRC1,9606.ENSP00000288710,0.0038236987,-1
EEF1G,9606.ENSP00000331901,0.0038235518,0
FBXW2,9606.ENSP00000476369,0.0038234664,0
SLF2,9606.ENSP00000359292,0.003823445,0
SS18L2,9606.ENSP00000401115,0.0038234375,0
CCDC18,9606.ENSP00000343377,0.0038231867,-1
RAD51D,9606.ENSP00000466399,0.0038230852,0
CABCOCO1,9606.ENSP00000328698,0.0038223516,-1
TUB,9606.ENSP00000305426,0.0038222985,-1
TASOR,9606.ENSP00000347845,0.00382225,-1
E4F1,9606.ENSP00000301727,0.0038217087,0
TULP4,9606.ENSP00000356064,0.00382148,-1
TXLNA,9606.ENSP00000362711,0.0038210915,-1
CCDC62,9606.ENSP00000253079,0.0038207904,-1
SLC39A5,9606.ENSP00000266980,0.0038204526,0
MMS19,9606.ENSP00000359818,0.00381993,0
STAG2,9606.ENSP00000218089,0.0038195741,0
FAM47B,9606.ENSP00000328307,0.0038191737,-1
PHF3,9606.ENSP00000262043,0.0038190915,-1
TUFT1,9606.ENSP00000357842,0.0038190302,-1
JAKMIP2,9606.ENSP00000479248,0.003818406,-1
ARK2N,9606.ENSP00000481626,0.0038183844,-1
FAM110B,9606.ENSP00000355204,0.00381829,-1
LARGE2,9606.ENSP00000385235,0.003818094,-1
FBXO46,9606.ENSP00000410007,0.0038180691,-1
ZKSCAN5,9606.ENSP00000377725,0.0038176987,-1
RSPH1,9606.ENSP00000291536,0.0038175825,0
VEPH1,9606.ENSP00000354919,0.0038171057,-1
PAXBP1,9606.ENSP00000328992,0.003816212,-1
SWT1,9606.ENSP00000356470,0.0038146044,-1
USP5,9606.ENSP00000229268,0.0038140372,-1
PRRC2A,9606.ENSP00000365201,0.0038135445,-1
ALMS1,9606.ENSP00000482968,0.0038133708,0
FMNL3,9606.ENSP00000335655,0.0038128525,-1
PARVA,9606.ENSP00000334008,0.003812842,-1
PRR18,9606.ENSP00000319590,0.0038127422,-1
GADD45GIP1,9606.ENSP00000323065,0.0038115236,0
CTR9,9606.ENSP00000355013,0.0038115086,-1
PDE6A,9606.ENSP00000255266,0.0038110272,-1
RBM25,9606.ENSP00000261973,0.0038109461,0
PPM1N,9606.ENSP00000397050,0.0038108937,-1
CFAP73,9606.ENSP00000333915,0.0038106511,-1
MCC,9606.ENSP00000386227,0.0038105731,-1
WASHC3,9606.ENSP00000240079,0.003809916,0
STEEP1,9606.ENSP00000441786,0.0038095214,-1
GIGYF2,9606.ENSP00000387170,0.0038094458,0
POLG2,9606.ENSP00000442563,0.0038093517,-1
ATP6V0B,9606.ENSP00000434729,0.003809138,0
ZNF213,9606.ENSP00000380087,0.0038088195,-1
FOCAD,9606.ENSP00000369599,0.003808738,-1
VRTN,9606.ENSP00000256362,0.0038087,-1
EXOC3L1,9606.ENSP00000325674,0.0038086672,-1
PATL2,9606.ENSP00000416673,0.0038085443,-1
NUMB,9606.ENSP00000451300,0.0038082697,0
DENND10,9606.ENSP00000354688,0.003808125,-1
RTRAF,9606.ENSP00000261700,0.003807855,0
MAP7,9606.ENSP00000482335,0.0038077265,-1
ZBTB6,9606.ENSP00000362763,0.0038075442,-1
SGF29,9606.ENSP00000316114,0.003807474,0
SRRT,9606.ENSP00000480421,0.0038073903,-1
ALDH16A1,9606.ENSP00000293350,0.0038068264,-1
CDC14B,9606.ENSP00000364389,0.0038063852,0
TMEM184B,9606.ENSP00000354441,0.0038060811,0
PRIM2,9606.ENSP00000484105,0.0038060793,0
CFAP57,9606.ENSP00000479773,0.003805987,-1
CEP350,9606.ENSP00000356579,0.0038058606,-1
LRR1,9606.ENSP00000298288,0.0038057922,-1
POLR3GL,9606.ENSP00000358320,0.0038054702,0
KIZ,9606.ENSP00000479542,0.0038049696,0
PSMG3,9606.ENSP00000288607,0.003804039,0
NAXE,9606.ENSP00000357218,0.003803576,0
NSUN6,9606.ENSP00000366519,0.003802935,-1
RGPD1,9606.ENSP00000453170,0.0038017412,-1
LETM2,9606.ENSP00000369291,0.0038013977,-1
NDC1,9606.ENSP00000360483,0.0038008129,0
ATAD1,9606.ENSP00000339017,0.0038002299,-1
NAT10,9606.ENSP00000257829,0.003799466,0
SPA17,9606.ENSP00000432305,0.003799416,-1
TMEM106C,9606.ENSP00000400471,0.0037992334,-1
PAF1,9606.ENSP00000221265,0.0037990997,0
NPAT,9606.ENSP00000278612,0.0037989859,0
RAI2,9606.ENSP00000444210,0.0037984813,-1
RHBDD3,9606.ENSP00000216085,0.003798452,-1
RUSC2,9606.ENSP00000393922,0.0037983996,-1
DDX54,9606.ENSP00000323858,0.0037976617,-1
MUS81,9606.ENSP00000307853,0.0037976475,0
DDHD1,9606.ENSP00000500986,0.0037973514,-1
REEP3,9606.ENSP00000362863,0.003797108,0
SPIRE1,9606.ENSP00000387266,0.0037969043,0
MCF2L2,9606.ENSP00000328118,0.0037957283,-1
SETDB1,9606.ENSP00000271640,0.003795382,-1
KMT2B,9606.ENSP00000398837,0.0037945167,-1
GINS4,9606.ENSP00000276533,0.0037943688,0
MRPS28,9606.ENSP00000276585,0.0037937798,0
IFT70A,9606.ENSP00000347915,0.0037937239,-1
STYXL2,9606.ENSP00000354483,0.0037936806,-1
RILPL2,9606.ENSP00000280571,0.0037936482,-1
NUDCD3,9606.ENSP00000347626,0.0037928554,-1
CHAF1B,9606.ENSP00000315700,0.0037923364,-1
TMEM177,9606.ENSP00000402661,0.0037921853,-1
MFI,9606.ENSP00000483537,0.0037921437,-1
PIF1,9606.ENSP00000328174,0.0037919532,-1
OPTN,9606.ENSP00000368022,0.0037917707,0
HEXIM2,9606.ENSP00000302276,0.0037915837,0
DYNC1I1,9606.ENSP00000320130,0.0037913348,0
EARS2,9606.ENSP00000456218,0.0037910684,-1
SEPTIN11,9606.ENSP00000422896,0.0037900384,0
SRCAP,9606.ENSP00000262518,0.0037896927,-1
KIF3A,9606.ENSP00000385808,0.0037896207,0
C19orf25,9606.ENSP00000397394,0.0037890845,-1
TMEM183A,9606.ENSP00000356211,0.0037881597,0
ATL2,9606.ENSP00000368237,0.0037881343,0
DOP1B,9606.ENSP00000382104,0.0037881213,-1
FBXO16,9606.ENSP00000369604,0.0037877779,-1
XRCC3,9606.ENSP00000451974,0.003787659,0
ZNF445,9606.ENSP00000379387,0.0037872596,-1
NBEAL1,9606.ENSP00000399903,0.0037868768,-1
NCLN,9606.ENSP00000246117,0.003786605,0
C3orf38,9606.ENSP00000322469,0.0037861138,-1
REV3L,9606.ENSP00000351697,0.0037859252,-1
MTFMT,9606.ENSP00000220058,0.0037850006,-1
C19orf67,9606.ENSP00000449137,0.0037850006,-1
THEM5,9606.ENSP00000357807,0.0037845226,-1
TMEM214,9606.ENSP00000238788,0.0037842314,-1
SNAP47,9606.ENSP00000314157,0.0037837205,-1
ARFGAP3,9606.ENSP00000263245,0.0037836472,0
CBX1,9606.ENSP00000377060,0.0037834137,0
NDUFV3,9606.ENSP00000346196,0.0037826498,0
CALCOCO1,9606.ENSP00000449960,0.0037823515,0
CWH43,9606.ENSP00000226432,0.0037815322,-1
KIAA0825,9606.ENSP00000331385,0.0037814174,-1
NDUFB4,9606.ENSP00000184266,0.0037810795,0
LRPAP1,9606.ENSP00000497444,0.0037808192,0
RAB36,9606.ENSP00000263116,0.003780692,-1
MTMR3,9606.ENSP00000384651,0.003779625,0
ZDHHC6,9606.ENSP00000358413,0.0037795156,0
MCRIP2,9606.ENSP00000305138,0.003779237,-1
PKD1,9606.ENSP00000262304,0.0037792353,0
VPS51,9606.ENSP00000279281,0.003779151,0
ARMC5,9606.ENSP00000386125,0.0037786092,-1
UNC79,9606.ENSP00000256339,0.0037775715,-1
CRNKL1,9606.ENSP00000366557,0.0037775054,-1
POLD1,9606.ENSP00000472445,0.003776786,0
NOP58,9606.ENSP00000264279,0.0037765398,0
CDCA5,9606.ENSP00000275517,0.0037764052,0
PRPF8,9606.ENSP00000460348,0.00377626,0
INO80B,9606.ENSP00000233331,0.0037757738,0
SDHAF4,9606.ENSP00000359505,0.0037757347,-1
TMEM143,9606.ENSP00000293261,0.003775582,-1
CCDC159,9606.ENSP00000468232,0.0037754762,-1
TRMT1L,9606.ENSP00000356476,0.0037750027,-1
WRN,9606.ENSP00000298139,0.0037749792,0
ANKRD27,9606.ENSP00000304292,0.003774587,-1
CCDC93,9606.ENSP00000365477,0.0037744825,-1
M6PR,9606.ENSP00000000412,0.0037743968,0
CNPY3,9606.ENSP00000361926,0.0037740308,-1
DDX46,9606.ENSP00000416534,0.0037735393,-1
KIFC1,9606.ENSP00000393963,0.0037718301,0
DENND4A,9606.ENSP00000391167,0.00377178,-1
CANX,9606.ENSP00000247461,0.0037714178,-1
EEF1AKMT1,9606.ENSP00000372206,0.0037709305,-1
GPATCH11,9606.ENSP00000386772,0.003770619,-1
PARP9,9606.ENSP00000353512,0.0037706008,0
TTC17,9606.ENSP00000039989,0.0037704257,-1
RFC5,9606.ENSP00000408295,0.0037701265,0
RASIP1,9606.ENSP00000222145,0.0037700995,-1
SEPTIN5,9606.ENSP00000391311,0.0037696213,0
RBM11,9606.ENSP00000383421,0.0037694925,-1
PRAM1,9606.ENSP00000408342,0.003769283,-1
KIF1C,9606.ENSP00000320821,0.0037692436,-1
KIF15,9606.ENSP00000324020,0.0037690788,0
KCNQ3,9606.ENSP00000373648,0.0037679723,-1
MRS2,9606.ENSP00000399585,0.0037673034,-1
CCDC177,9606.ENSP00000469474,0.0037660578,-1
THAP2,9606.ENSP00000310796,0.0037658913,-1
RNF123,9606.ENSP00000328287,0.0037658394,0
SORCS3,9606.ENSP00000358715,0.003765401,-1
TXLNG,9606.ENSP00000369465,0.0037653495,0
DCTN3,9606.ENSP00000259632,0.003765242,0
VIPAS39,9606.ENSP00000452181,0.0037652387,-1
CYB5D1,9606.ENSP00000331479,0.00376492,-1
ATXN2,9606.ENSP00000446576,0.0037646126,-1
PLEKHG2,9606.ENSP00000392906,0.0037645516,-1
SWSAP1,9606.ENSP00000310008,0.0037645213,-1
SLX9,9606.ENSP00000291634,0.0037632072,-1
FLYWCH2,9606.ENSP00000380159,0.00376315,-1
CABIN1,9606.ENSP00000381364,0.003762989,-1
SHMT2,9606.ENSP00000333667,0.0037627157,-1
FRG2C,9606.ENSP00000312299,0.0037627032,-1
RAD54L,9606.ENSP00000361043,0.0037622133,0
YIPF3,9606.ENSP00000361499,0.0037620277,0
NOLC1,9606.ENSP00000385410,0.0037616557,0
TMX3,9606.ENSP00000299608,0.0037615558,0
TULP3,9606.ENSP00000380321,0.0037613274,-1
WDR36,9606.ENSP00000423067,0.0037612966,-1
ZNF707,9606.ENSP00000436212,0.003760741,-1
TTC29,9606.ENSP00000423505,0.0037605087,-1
ZKSCAN3,9606.ENSP00000366465,0.0037600764,-1
EXOSC9,9606.ENSP00000368984,0.0037597101,-1
PAXIP1,9606.ENSP00000384048,0.003759451,0
ZNF513,9606.ENSP00000318373,0.0037589513,-1
MED6,9606.ENSP00000481920,0.0037588943,-1
UTP25,9606.ENSP00000419005,0.0037578265,-1
SLC39A1,9606.ENSP00000357612,0.0037575834,0
RFC1,9606.ENSP00000371321,0.003756873,0
BRWD1,9606.ENSP00000330753,0.003756768,-1
ABCF1,9606.ENSP00000313603,0.003755762,-1
MRNIP,9606.ENSP00000292586,0.0037553979,0
CDC5L,9606.ENSP00000360532,0.0037548481,0
ABHD2,9606.ENSP00000268129,0.0037547788,-1
JPH1,9606.ENSP00000344488,0.0037543385,-1
ZBTB38,9606.ENSP00000426387,0.003753855,0
NSD2,9606.ENSP00000372351,0.0037537625,0
UBAC1,9606.ENSP00000360821,0.0037536195,0
SYNRG,9606.ENSP00000483453,0.003752687,-1
MYRIP,9606.ENSP00000301972,0.0037526677,-1
CFAP54,9606.ENSP00000431759,0.0037521576,-1
DACT3,9606.ENSP00000375783,0.0037521343,-1
TRMT61B,9606.ENSP00000302801,0.0037512488,-1
MTMR4,9606.ENSP00000325285,0.0037511135,0
KIF26A,9606.ENSP00000388241,0.003750789,-1
ZGPAT,9606.ENSP00000332013,0.003750552,-1
CNTD1,9606.ENSP00000465204,0.0037500353,0
AVL9,9606.ENSP00000315568,0.0037500104,-1
TBC1D22A,9606.ENSP00000336724,0.0037499054,-1
MIGA1,9606.ENSP00000393675,0.0037497804,-1
PRPF39,9606.ENSP00000348010,0.0037493922,-1
POP5,9606.ENSP00000350098,0.0037492604,-1
GAS2,9606.ENSP00000401145,0.0037487424,0
ARL14EP,9606.ENSP00000282032,0.0037486816,0
CCNI2,9606.ENSP00000478257,0.0037484802,0
SMAP1,9606.ENSP00000359484,0.0037479359,0
DNAJC17,9606.ENSP00000220496,0.003747569,-1
DHX38,9606.ENSP00000268482,0.0037469456,0
ITFG2,9606.ENSP00000228799,0.0037467035,-1
EXOC5,9606.ENSP00000484855,0.0037459738,0
PSMD6,9606.ENSP00000418695,0.0037458385,0
MRPL45,9606.ENSP00000484903,0.0037458104,-1
P3H1,9606.ENSP00000236040,0.003745693,-1
INPPL1,9606.ENSP00000298229,0.0037445119,0
GNPTG,9606.ENSP00000204679,0.0037442876,0
SKP2,9606.ENSP00000274255,0.0037437251,0
SMARCAD1,9606.ENSP00000351947,0.0037435936,0
WSCD2,9606.ENSP00000448047,0.0037434727,-1
AK7,9606.ENSP00000267584,0.0037432343,-1
TOGARAM1,9606.ENSP00000354917,0.0037430387,-1
BRK1,9606.ENSP00000432472,0.0037427684,0
COMMD2,9606.ENSP00000419475,0.0037426832,-1
VMA22,9606.ENSP00000259229,0.003742495,-1
PIK3R4,9606.ENSP00000349205,0.003742463,0
MEI4,9606.ENSP00000473370,0.0037424432,0
ZNF335,9606.ENSP00000325326,0.0037424236,-1
SQLE,9606.ENSP00000265896,0.0037424217,0
KAT14,9606.ENSP00000392318,0.0037422315,0
IFT70B,9606.ENSP00000386181,0.0037421,-1
DISP3,9606.ENSP00000294484,0.0037420185,-1
IFT20,9606.ENSP00000464443,0.0037417929,-1
SCAF8,9606.ENSP00000413098,0.003741654,-1
TMEM81,9606.ENSP00000356135,0.0037413181,-1
CHD6,9606.ENSP00000362330,0.0037412364,-1
SETD6,9606.ENSP00000219315,0.0037404867,-1
MAP9,9606.ENSP00000310593,0.0037401489,0
TREX1,9606.ENSP00000486676,0.0037397402,0
GPNMB,9606.ENSP00000371420,0.0037396036,0
KTN1,9606.ENSP00000378725,0.003739456,0
ASH1L,9606.ENSP00000376204,0.0037388694,0
HIRIP3,9606.ENSP00000279392,0.0037387987,-1
IFT43,9606.ENSP00000238628,0.0037383565,-1
RPN2,9606.ENSP00000237530,0.0037373176,0
IFT27,9606.ENSP00000393541,0.0037367994,-1
FCSK,9606.ENSP00000288078,0.0037362385,-1
SEPTIN2,9606.ENSP00000479861,0.003735653,0
PPP1R8,9606.ENSP00000311677,0.003735553,0
DPH1,9606.ENSP00000263083,0.003734585,-1
PCYT1A,9606.ENSP00000292823,0.0037343751,0
CSPP1,9606.ENSP00000262210,0.0037342543,0
GORASP2,9606.ENSP00000234160,0.0037342124,0
CHD1,9606.ENSP00000483667,0.0037336426,-1
PRRT1B,9606.ENSP00000490857,0.0037335553,-1
RSPH4A,9606.ENSP00000229554,0.0037326831,-1
CCDC60,9606.ENSP00000333374,0.0037316917,-1
ODF2,9606.ENSP00000403453,0.0037314293,0
ASB6,9606.ENSP00000277458,0.0037307579,-1
BOD1L1,9606.ENSP00000040738,0.0037303364,-1
REPS2,9606.ENSP00000349824,0.0037302189,-1
BRD7,9606.ENSP00000378181,0.003729716,0
EME2,9606.ENSP00000457353,0.0037295565,0
DMWD,9606.ENSP00000270223,0.003729459,-1
CDC45,9606.ENSP00000405726,0.0037293385,0
PRKCSH,9606.ENSP00000466134,0.0037290994,0
TENT4B,9606.ENSP00000396995,0.0037288102,-1
PLK4,9606.ENSP00000270861,0.0037286603,0
USP25,9606.ENSP00000383044,0.0037282081,-1
UBE4B,9606.ENSP00000343001,0.003727268,-1
GRXCR1,9606.ENSP00000382670,0.0037271562,-1
IQCH,9606.ENSP00000336861,0.0037260144,-1
PEX5L,9606.ENSP00000419975,0.0037259085,-1
PDLIM2,9606.ENSP00000312634,0.0037256393,-1
CASC3,9606.ENSP00000264645,0.003725209,0
TM2D3,9606.ENSP00000330433,0.003725041,0
MED14,9606.ENSP00000323720,0.0037245492,-1
RSRP1,9606.ENSP00000243189,0.0037245248,-1
EPB41L1,9606.ENSP00000337168,0.0037236963,-1
MEA1,9606.ENSP00000495612,0.0037236612,0
DRC3,9606.ENSP00000382140,0.0037228724,-1
FAM184A,9606.ENSP00000342604,0.0037228316,-1
AFF3,9606.ENSP00000386834,0.0037226374,-1
GOLGA8A,9606.ENSP00000352111,0.0037224265,-1
TFIP11,9606.ENSP00000384421,0.0037222463,-1
GLTPD2,9606.ENSP00000328070,0.0037221736,-1
CCZ1B,9606.ENSP00000314544,0.003722133,-1
MORN3,9606.ENSP00000347486,0.0037215478,-1
CLTRN,9606.ENSP00000369699,0.0037213163,-1
EXOC3,9606.ENSP00000425587,0.0037205736,0
CIAO2B,9606.ENSP00000387471,0.0037203494,0
GDE1,9606.ENSP00000261386,0.0037194039,0
CEP170,9606.ENSP00000355500,0.0037193033,-1
RAP1GAP2,9606.ENSP00000254695,0.0037189955,-1
CRTAP,9606.ENSP00000323696,0.00371899,0
TBC1D10A,9606.ENSP00000384996,0.0037179675,-1
SPATA4,9606.ENSP00000280191,0.0037177468,-1
TRMO,9606.ENSP00000364260,0.0037174553,-1
MED26,9606.ENSP00000263390,0.0037171075,-1
FAM169A,9606.ENSP00000373808,0.0037170637,-1
PRDM15,9606.ENSP00000269844,0.0037169731,-1
COMMD7,9606.ENSP00000278980,0.0037165424,0
CDK11B,9606.ENSP00000464036,0.0037164085,0
ATF7IP2,9606.ENSP00000379808,0.0037156846,-1
SCAF1,9606.ENSP00000353769,0.0037156474,0
OSBP2,9606.ENSP00000332576,0.0037155573,-1
INAVA,9606.ENSP00000392105,0.0037150844,-1
SURF1,9606.ENSP00000361042,0.0037147277,0
SEC61B,9606.ENSP00000223641,0.0037145657,0
ZSWIM6,9606.ENSP00000252744,0.0037142038,-1
NIFK,9606.ENSP00000285814,0.0037141244,0
ANGEL2,9606.ENSP00000355929,0.0037139745,0
FAM8A1,9606.ENSP00000259963,0.0037138949,0
NEDD1,9606.ENSP00000451211,0.0037135598,0
SPAG16,9606.ENSP00000332592,0.0037132297,-1
SFI1,9606.ENSP00000383145,0.0037131682,-1
BCORL1,9606.ENSP00000437775,0.0037129705,-1
SPAG17,9606.ENSP00000337804,0.0037126706,-1
SAC3D1,9606.ENSP00000436649,0.003711962,0
LTV1,9606.ENSP00000356548,0.0037119335,0
NDUFB11,9606.ENSP00000276062,0.0037116867,0
NUP155,9606.ENSP00000231498,0.0037116199,-1
NDUFAF2,9606.ENSP00000296597,0.0037113603,0
SEPTIN8,9606.ENSP00000367991,0.0037111263,0
ARID4A,9606.ENSP00000347602,0.003711045,0
UGGT2,9606.ENSP00000365938,0.0037109796,-1
CCDC87,9606.ENSP00000328487,0.0037101563,-1
WDR3,9606.ENSP00000308179,0.0037100401,-1
SESTD1,9606.ENSP00000415332,0.0037097898,-1
TRMT6,9606.ENSP00000203001,0.0037097158,-1
CHCHD7,9606.ENSP00000306425,0.0037089845,-1
USP34,9606.ENSP00000381577,0.0037072878,0
EPB41L2,9606.ENSP00000357110,0.0037071628,-1
TBC1D24,9606.ENSP00000494678,0.0037061684,-1
REEP4,9606.ENSP00000303482,0.0037045626,0
DDX19B,9606.ENSP00000399208,0.0037041826,-1
SEPTIN10,9606.ENSP00000349116,0.0037040242,0
KIF26B,9606.ENSP00000385545,0.003703908,-1
WDR62,9606.ENSP00000384792,0.0037036212,0
RPL13,9606.ENSP00000307889,0.003703007,0
CCDC13,9606.ENSP00000309836,0.0037027295,-1
DAAM1,9606.ENSP00000378557,0.0037019239,-1
RDX,9606.ENSP00000496414,0.0037014876,0
TBCK,9606.ENSP00000378198,0.0037014314,-1
DNAH12,9606.ENSP00000312554,0.0037010144,-1
NOP9,9606.ENSP00000267425,0.0037009495,0
TMEM200C,9606.ENSP00000463375,0.0037008966,-1
RAB33A,9606.ENSP00000257017,0.0037007069,-1
PRDM2,9606.ENSP00000235372,0.0037005593,-1
TAOK2,9606.ENSP00000310094,0.0037000491,0
KDM8,9606.ENSP00000398410,0.0036997646,0
WDR77,9606.ENSP00000235090,0.0036988195,-1
GOLGA6A,9606.ENSP00000290438,0.003698759,-1
ZNF644,9606.ENSP00000359469,0.0036980354,-1
PWP2,9606.ENSP00000291576,0.0036977334,0
PPP6R2,9606.ENSP00000478417,0.003697535,0
DDHD2,9606.ENSP00000380352,0.0036974961,-1
TTLL3,9606.ENSP00000392549,0.0036970607,-1
RBBP6,9606.ENSP00000317872,0.003696878,-1
DDX25,9606.ENSP00000263576,0.0036962281,-1
LAMTOR4,9606.ENSP00000343118,0.0036961453,0
TOP3B,9606.ENSP00000381773,0.0036961106,0
CEP104,9606.ENSP00000367476,0.0036958228,-1
MRPL38,9606.ENSP00000308275,0.003695668,0
KIF22,9606.ENSP00000160827,0.0036952079,0
NOP56,9606.ENSP00000370589,0.003694639,0
MYH15,9606.ENSP00000273353,0.0036946042,-1
WDR11,9606.ENSP00000263461,0.0036944272,-1
AFG2B,9606.ENSP00000305494,0.0036942111,0
SRRM2,9606.ENSP00000301740,0.0036940742,0
LARP1B,9606.ENSP00000321997,0.0036939972,-1
TSR3,9606.ENSP00000007390,0.0036935827,0
NELFCD,9606.ENSP00000473290,0.0036935566,-1
CYFIP2,9606.ENSP00000479719,0.0036935376,-1
PRMT7,9606.ENSP00000343103,0.0036935234,-1
GSAP,9606.ENSP00000257626,0.0036931427,-1
LDLRAD2,9606.ENSP00000340988,0.0036921864,-1
TERB1,9606.ENSP00000463762,0.0036917483,0
LRRIQ1,9606.ENSP00000376910,0.003691455,-1
DHX57,9606.ENSP00000405111,0.0036910467,-1
RGPD2,9606.ENSP00000381214,0.003690499,-1
TRAPPC14,9606.ENSP00000324741,0.003690364,-1
ZNF646,9606.ENSP00000300850,0.0036902085,-1
AP3M1,9606.ENSP00000347408,0.0036899683,0
DENND6A,9606.ENSP00000311401,0.0036897333,0
TUBGCP6,9606.ENSP00000248846,0.0036896437,0
EPS15L1,9606.ENSP00000393313,0.0036892127,-1
EMC1,9606.ENSP00000420608,0.0036885643,-1
EXOC3L2,9606.ENSP00000252482,0.003687821,-1
ZNF219,9606.ENSP00000354206,0.0036875217,-1
WASHC5,9606.ENSP00000318016,0.0036873694,0
THUMPD3,9606.ENSP00000339532,0.0036873133,-1
UBL7,9606.ENSP00000457703,0.0036871207,0
BRIP1,9606.ENSP00000259008,0.0036870122,0
ELMOD1,9606.ENSP00000265840,0.003686977,-1
EXD2,9606.ENSP00000313140,0.003686865,-1
MYNN,9606.ENSP00000326240,0.0036862993,-1
C2orf78,9606.ENSP00000387124,0.0036857368,-1
FBXL19,9606.ENSP00000369666,0.003685509,-1
NEK11,9606.ENSP00000372857,0.0036854532,0
ZXDA,9606.ENSP00000351530,0.0036853293,-1
IFT56,9606.ENSP00000419279,0.0036853168,-1
DHX37,9606.ENSP00000311135,0.0036848967,-1
STXBP4,9606.ENSP00000365530,0.003684879,0
NISCH,9606.ENSP00000418232,0.0036846148,-1
TBC1D15,9606.ENSP00000448182,0.003683906,-1
SHROOM4,9606.ENSP00000365188,0.0036831046,-1
NOC4L,9606.ENSP00000328854,0.0036829996,-1
TBCC,9606.ENSP00000361967,0.0036829785,-1
CUEDC2,9606.ENSP00000358953,0.0036827547,0
LRRC73,9606.ENSP00000361518,0.0036826984,-1
RSBN1,9606.ENSP00000261441,0.0036824082,-1
MIGA2,9606.ENSP00000351138,0.0036821945,-1
KAT2A,9606.ENSP00000225916,0.0036821056,0
DNAI3,9606.ENSP00000294664,0.0036816138,-1
SEC31A,9606.ENSP00000378721,0.0036814199,0
PWWP2B,9606.ENSP00000306324,0.003681369,-1
MISP,9606.ENSP00000215582,0.0036813377,0
ATP6V0D1,9606.ENSP00000290949,0.0036809915,0
SYNE2,9606.ENSP00000350719,0.003680967,-1
PPP1R3F,9606.ENSP00000055335,0.0036808879,-1
FTSJ1,9606.ENSP00000326948,0.0036802639,-1
ESS2,9606.ENSP00000252137,0.0036800997,-1
CEP290,9606.ENSP00000448012,0.0036796643,-1
XRCC6,9606.ENSP00000352257,0.0036789442,0
DMTN,9606.ENSP00000427866,0.0036788376,-1
FHIP2B,9606.ENSP00000289921,0.0036781405,-1
ARMC2,9606.ENSP00000376417,0.0036780667,-1
POGZ,9606.ENSP00000271715,0.003677651,0
TIMELESS,9606.ENSP00000450607,0.0036773246,0
CRACD,9606.ENSP00000264229,0.0036761889,-1
RTTN,9606.ENSP00000491507,0.0036761502,0
AKAP9,9606.ENSP00000348573,0.0036759495,-1
C2orf49,9606.ENSP00000258457,0.0036758955,-1
SEC22C,9606.ENSP00000264454,0.0036758117,0
DDX55,9606.ENSP00000238146,0.0036754832,-1
CTTNBP2NL,9606.ENSP00000271277,0.0036751481,-1
C2orf69,9606.ENSP00000312770,0.0036748408,-1
IFT57,9606.ENSP00000264538,0.0036743747,-1
TEFM,9606.ENSP00000462963,0.0036741493,-1
ASXL3,9606.ENSP00000269197,0.0036738496,-1
MYO16,9606.ENSP00000401633,0.0036727919,0
ZNF280B,9606.ENSP00000485750,0.0036727865,-1
CCDC74B,9606.ENSP00000308873,0.0036721567,-1
SHLD2,9606.ENSP00000298786,0.0036720312,-1
PHAX,9606.ENSP00000297540,0.0036715951,-1
FAM110C,9606.ENSP00000328347,0.003670252,-1
KCTD8,9606.ENSP00000353129,0.0036701472,-1
KLHDC7B,9606.ENSP00000497256,0.0036686833,-1
GPAT3,9606.ENSP00000264409,0.0036686764,-1
PHF2,9606.ENSP00000352185,0.0036684077,-1
TAOK3,9606.ENSP00000376317,0.0036679842,0
TBC1D9,9606.ENSP00000411197,0.0036679406,-1
ZNF444,9606.ENSP00000338860,0.0036672647,-1
DPPA2,9606.ENSP00000417710,0.0036668256,-1
GOLGA6B,9606.ENSP00000408132,0.0036666375,-1
SHCBP1L,9606.ENSP00000356518,0.0036664456,0
MTHFS,9606.ENSP00000258874,0.0036659339,-1
CNOT10,9606.ENSP00000399862,0.003665899,-1
RNF5,9606.ENSP00000364235,0.0036657876,-1
C9orf72,9606.ENSP00000482753,0.0036651192,-1
CRY1,9606.ENSP00000008527,0.0036647462,0
ZZEF1,9606.ENSP00000371051,0.0036639175,-1
MRM1,9606.ENSP00000481559,0.0036629078,-1
GLE1,9606.ENSP00000308622,0.0036628717,0
SYNPO2L,9606.ENSP00000378289,0.003661899,-1
AK8,9606.ENSP00000298545,0.0036613962,-1
ATG101,9606.ENSP00000338990,0.0036613627,0
KIAA1958,9606.ENSP00000440504,0.0036612656,-1
CCDC134,9606.ENSP00000255784,0.0036606707,-1
CCDC170,9606.ENSP00000239374,0.0036604847,-1
GOLGA6D,9606.ENSP00000391085,0.003660038,-1
NSG2,9606.ENSP00000307722,0.0036596938,-1
EIF4G1,9606.ENSP00000416255,0.0036592411,0
ZRSR2,9606.ENSP00000303015,0.0036591946,0
PAAT,9606.ENSP00000419126,0.0036584276,-1
EFCAB14,9606.ENSP00000361001,0.00365839,0
ZNF324,9606.ENSP00000444812,0.0036582227,0
DUS1L,9606.ENSP00000303515,0.0036572164,0
PRRT4,9606.ENSP00000415026,0.0036571452,-1
PARVB,9606.ENSP00000384515,0.0036570027,-1
PGBD1,9606.ENSP00000259883,0.003656965,-1
DDX24,9606.ENSP00000481495,0.003656833,-1
FAM161A,9606.ENSP00000385158,0.0036565093,-1
ANKRD33,9606.ENSP00000301190,0.0036564926,-1
REXO5,9606.ENSP00000261377,0.0036561757,-1
ZNF236,9606.ENSP00000322361,0.0036557333,-1
MCM3,9606.ENSP00000480987,0.003655339,0
CTDSPL2,9606.ENSP00000260327,0.0036546444,-1
SMG7,9606.ENSP00000425133,0.0036544655,-1
MAP3K7CL,9606.ENSP00000382828,0.0036539251,-1
ANKRD31,9606.ENSP00000274361,0.0036535072,0
TNFAIP2,9606.ENSP00000452634,0.0036532104,-1
BRWD3,9606.ENSP00000362372,0.003651137,-1
ECSIT,9606.ENSP00000270517,0.0036511146,0
WDR24,9606.ENSP00000293883,0.0036508245,-1
COA6,9606.ENSP00000355574,0.0036501342,0
MIER2,9606.ENSP00000264819,0.0036500217,-1
TOP1,9606.ENSP00000354522,0.0036499386,0
CCDC15,9606.ENSP00000341684,0.0036490092,0
PDCD7,9606.ENSP00000204549,0.0036484161,0
SESN1,9606.ENSP00000393762,0.003647886,-1
RPL5,9606.ENSP00000359345,0.0036474941,0
HPS6,9606.ENSP00000299238,0.003647349,-1
ATP6V0A2,9606.ENSP00000332247,0.0036468215,-1
ASPSCR1,9606.ENSP00000306625,0.0036468129,0
ROCK2,9606.ENSP00000317985,0.0036467991,0
SYNE3,9606.ENSP00000334308,0.0036467453,-1
DMAC2L,9606.ENSP00000451583,0.003645902,-1
FBXO43,9606.ENSP00000403293,0.0036453751,0
HENMT1,9606.ENSP00000359049,0.0036451314,-1
TTC21A,9606.ENSP00000398211,0.0036448229,-1
ZNF786,9606.ENSP00000417470,0.003644605,-1
ANAPC2,9606.ENSP00000314004,0.0036430536,0
COG8,9606.ENSP00000497669,0.0036428845,-1
PES1,9606.ENSP00000346725,0.0036418682,0
HERC3,9606.ENSP00000385684,0.0036417523,-1
PIGT,9606.ENSP00000279036,0.0036415895,-1
KIF1B,9606.ENSP00000263934,0.0036414375,-1
CCDC186,9606.ENSP00000498136,0.003641247,-1
TNIP1,9606.ENSP00000317891,0.0036412163,-1
CARNS1,9606.ENSP00000389009,0.003640481,-1
SPATA32,9606.ENSP00000331532,0.0036394603,-1
GZF1,9606.ENSP00000338290,0.0036393516,-1
CD320,9606.ENSP00000301458,0.0036390962,0
KCTD19,9606.ENSP00000305702,0.0036390647,0
PHF20,9606.ENSP00000363124,0.0036390058,-1
DHX8,9606.ENSP00000262415,0.003638975,-1
TMEM223,9606.ENSP00000303987,0.003638909,-1
CDC42BPA,9606.ENSP00000355731,0.00363857,-1
MKI67,9606.ENSP00000357643,0.003638484,0
LZTS2,9606.ENSP00000359240,0.0036383679,0
EML5,9606.ENSP00000451998,0.0036380913,-1
MLEC,9606.ENSP00000228506,0.0036380515,0
CCDC110,9606.ENSP00000306776,0.0036379013,-1
FBXO38,9606.ENSP00000342023,0.0036358398,-1
MEN1,9606.ENSP00000337088,0.0036358258,0
PRC1,9606.ENSP00000377793,0.0036357983,0
FAM110A,9606.ENSP00000354163,0.0036357895,0
SPATA22,9606.ENSP00000459580,0.0036350405,0
BTBD16,9606.ENSP00000260723,0.0036350212,-1
FIP1L1,9606.ENSP00000336752,0.0036339299,-1
CEP19,9606.ENSP00000387209,0.003633809,-1
NAA80,9606.ENSP00000346927,0.0036337713,-1
SCAND3,9606.ENSP00000395259,0.0036329408,0
SMS,9606.ENSP00000385746,0.0036320968,-1
TTLL6,9606.ENSP00000377043,0.003631907,-1
ZC3H11B,9606.ENSP00000498875,0.0036314514,-1
NDC80,9606.ENSP00000261597,0.0036312912,0
MED4,9606.ENSP00000258648,0.0036310803,0
SPO11,9606.ENSP00000360310,0.00362973,0
VPS13C,9606.ENSP00000493560,0.0036294507,-1
DDX27,9606.ENSP00000483495,0.003629144,0
RNF128,9606.ENSP00000255499,0.0036290502,-1
CCDC141,9606.ENSP00000386503,0.0036287333,-1
FAM91A1,9606.ENSP00000335082,0.0036282209,-1
RNF25,9606.ENSP00000295704,0.003627175,-1
DDX51,9606.ENSP00000380495,0.0036270388,0
ZFYVE19,9606.ENSP00000347498,0.0036264546,0
MAP7D2,9606.ENSP00000368964,0.0036262895,-1
TDRD3,9606.ENSP00000440190,0.003626248,-1
LRRC41,9606.ENSP00000477792,0.0036261743,0
SMARCA1,9606.ENSP00000360162,0.003626136,-1
PHLDB2,9606.ENSP00000405405,0.0036259724,-1
TAPBP,9606.ENSP00000404833,0.0036259706,0
ZNF408,9606.ENSP00000309606,0.0036258725,-1
CCDC74A,9606.ENSP00000295171,0.003625728,-1
MRPS31,9606.ENSP00000315397,0.003624374,-1
POLD3,9606.ENSP00000263681,0.0036232686,0
EXOC2,9606.ENSP00000230449,0.0036228143,0
ZNF428,9606.ENSP00000300811,0.00362279,-1
LRRC8B,9606.ENSP00000491377,0.0036225854,-1
PNISR,9606.ENSP00000496842,0.003622288,0
PHF21B,9606.ENSP00000324403,0.0036219403,-1
ATP6V0A1,9606.ENSP00000264649,0.0036217992,-1
ZNF518B,9606.ENSP00000317614,0.0036214532,-1
TRMT5,9606.ENSP00000261249,0.0036213896,-1
INVS,9606.ENSP00000262457,0.003620899,-1
URM1,9606.ENSP00000501135,0.0036196883,0
SKIC2,9606.ENSP00000364543,0.0036185242,-1
CFAP99,9606.ENSP00000480601,0.0036182934,-1
DBX2,9606.ENSP00000331470,0.003617936,0
RCCD1,9606.ENSP00000377801,0.0036177628,-1
TOP6BL,9606.ENSP00000354227,0.0036173721,0
ATAD2,9606.ENSP00000287394,0.0036172867,0
PTPRR,9606.ENSP00000283228,0.003616685,-1
LCLAT1,9606.ENSP00000310551,0.0036165372,-1
NDUFB8,9606.ENSP00000299166,0.0036162212,0
NIPBL,9606.ENSP00000282516,0.003616204,0
PCYOX1L,9606.ENSP00000274569,0.0036154687,-1
GEN1,9606.ENSP00000370653,0.003615235,0
PRIMPOL,9606.ENSP00000420860,0.0036146753,-1
TIMM29,9606.ENSP00000270502,0.003614672,-1
PHF20L1,9606.ENSP00000378784,0.0036145516,-1
COG2,9606.ENSP00000355629,0.0036144415,-1
FUZ,9606.ENSP00000313309,0.003614368,-1
SFSWAP,9606.ENSP00000437738,0.0036136585,0
ORC2,9606.ENSP00000234296,0.003613597,0
RABGGTB,9606.ENSP00000317473,0.0036130373,0
FAM177B,9606.ENSP00000414451,0.0036129856,-1
DGCR8,9606.ENSP00000263209,0.0036128517,-1
RBFA,9606.ENSP00000305696,0.0036124538,-1
TYSND1,9606.ENSP00000287078,0.003612165,-1
DAAM2,9606.ENSP00000381876,0.0036121309,-1
GAS2L1,9606.ENSP00000481012,0.0036118806,-1
LETM1,9606.ENSP00000305653,0.003611084,0
DIS3,9606.ENSP00000366997,0.003611052,-1
HECTD3,9606.ENSP00000361245,0.0036109006,-1
DALRD3,9606.ENSP00000344989,0.003610758,-1
AP5B1,9606.ENSP00000454303,0.003610389,-1
YEATS2,9606.ENSP00000306983,0.0036098303,0
CCDC181,9606.ENSP00000356780,0.0036088305,-1
TMEM62,9606.ENSP00000260403,0.0036087378,-1
PDZRN4,9606.ENSP00000384197,0.0036083676,-1
GPATCH8,9606.ENSP00000467556,0.0036077676,-1
TRMT10C,9606.ENSP00000312356,0.0036066999,-1
TMEM121B,9606.ENSP00000329318,0.0036057692,-1
P3H4,9606.ENSP00000347649,0.0036053378,0
METTL8,9606.ENSP00000480056,0.0036049248,-1
FHIP1A,9606.ENSP00000413196,0.003604483,-1
USP10,9606.ENSP00000457411,0.00360442,-1
NUF2,9606.ENSP00000271452,0.0036044098,0
ZNHIT3,9606.ENSP00000484687,0.0036043648,-1
ZNF232,9606.ENSP00000250076,0.0036037432,-1
SCFD2,9606.ENSP00000384182,0.0036034114,-1
DRC7,9606.ENSP00000353942,0.0036027916,-1
STIMATE,9606.ENSP00000347195,0.003602725,-1
MTIF2,9606.ENSP00000263629,0.0036021,-1
POGK,9606.ENSP00000356849,0.0036016912,-1
ZNF469,9606.ENSP00000456500,0.003600466,-1
IQGAP3,9606.ENSP00000354451,0.0036004453,0
RPRD2,9606.ENSP00000358064,0.0036003704,0
ZNF581,9606.ENSP00000466047,0.0036001103,-1
NACAD,9606.ENSP00000420477,0.0035995834,-1
WDR4,9606.ENSP00000381266,0.0035995168,-1
TTBK2,9606.ENSP00000267890,0.0035994775,-1
EPG5,9606.ENSP00000282041,0.0035994074,-1
RSPH3,9606.ENSP00000252655,0.0035991627,-1
PER3,9606.ENSP00000482093,0.003598689,-1
COA1,9606.ENSP00000379218,0.0035983198,-1
PIEZO1,9606.ENSP00000301015,0.0035981573,-1
GRSF1,9606.ENSP00000254799,0.0035978616,-1
CLUAP1,9606.ENSP00000344392,0.0035978497,-1
SCAF4,9606.ENSP00000286835,0.0035974837,-1
HASPIN,9606.ENSP00000325290,0.003597094,0
CCP110,9606.ENSP00000370803,0.0035967883,0
BYSL,9606.ENSP00000230340,0.0035953189,-1
TFB2M,9606.ENSP00000355471,0.0035948455,-1
ELOA,9606.ENSP00000395574,0.0035934695,0
TRDMT1,9606.ENSP00000367030,0.0035934045,-1
TTC19,9606.ENSP00000261647,0.0035933293,0
POLR1A,9606.ENSP00000263857,0.003593164,-1
LMTK2,9606.ENSP00000297293,0.0035931126,-1
C2orf42,9606.ENSP00000264434,0.0035924076,-1
ERLEC1,9606.ENSP00000185150,0.0035922606,0
SOWAHA,9606.ENSP00000367965,0.0035913032,-1
KIF4A,9606.ENSP00000363524,0.0035910134,0
FLACC1,9606.ENSP00000385098,0.0035910083,-1
TMEM191C,9606.ENSP00000489706,0.0035909095,-1
TSR1,9606.ENSP00000301364,0.003590865,0
TXNDC11,9606.ENSP00000349439,0.003590602,-1
KIF20A,9606.ENSP00000378356,0.0035903086,0
NCDN,9606.ENSP00000362340,0.003590295,-1
CHM,9606.ENSP00000350386,0.003590295,-1
FYB2,9606.ENSP00000345972,0.0035900136,-1
CRACDL,9606.ENSP00000380996,0.0035892462,-1
ZNF280A,9606.ENSP00000302855,0.0035891542,-1
AFF2,9606.ENSP00000359489,0.0035884278,-1
SPIN4,9606.ENSP00000364018,0.0035881582,-1
NOL6,9606.ENSP00000297990,0.003586796,-1
UTP20,9606.ENSP00000261637,0.0035864199,-1
RBMX2,9606.ENSP00000339090,0.0035856443,0
STAG1,9606.ENSP00000372689,0.0035855884,0
GATC,9606.ENSP00000446872,0.0035854676,-1
ICE1,9606.ENSP00000296564,0.0035853193,-1
BAZ2A,9606.ENSP00000446880,0.0035848783,-1
SEC14L1,9606.ENSP00000376268,0.0035847246,-1
BBS9,9606.ENSP00000242067,0.0035842513,-1
UBXN6,9606.ENSP00000301281,0.0035841356,0
IMMT,9606.ENSP00000387262,0.0035840024,-1
FAM227B,9606.ENSP00000299338,0.0035837847,-1
ASB16,9606.ENSP00000293414,0.0035835328,-1
RNF225,9606.ENSP00000470441,0.003583165,-1
ALKBH5,9606.ENSP00000382091,0.0035831328,0
TSSC4,9606.ENSP00000331087,0.0035830147,-1
ZWINT,9606.ENSP00000363055,0.0035828177,0
MED13L,9606.ENSP00000281928,0.0035826033,-1
TMEM87A,9606.ENSP00000374484,0.0035825896,0
MBTD1,9606.ENSP00000468304,0.003582586,0
OGFOD1,9606.ENSP00000457258,0.0035822422,-1
SENP6,9606.ENSP00000402527,0.0035820752,0
PTTG1,9606.ENSP00000377536,0.0035816124,0
NUMA1,9606.ENSP00000377298,0.0035805234,0
SPIDR,9606.ENSP00000297423,0.0035804112,-1
CEP112,9606.ENSP00000376522,0.0035802107,-1
AFF1,9606.ENSP00000378578,0.0035800845,-1
RBM43,9606.ENSP00000331211,0.0035799185,-1
ZNF785,9606.ENSP00000378642,0.003578352,-1
FBXO21,9606.ENSP00000328187,0.0035779865,0
PALMD,9606.ENSP00000263174,0.0035775611,-1
ZMYND10,9606.ENSP00000231749,0.0035763413,-1
PLXDC1,9606.ENSP00000323927,0.0035762154,-1
MYOF,9606.ENSP00000352208,0.0035757972,-1
RANBP3,9606.ENSP00000341483,0.003575602,-1
C3orf20,9606.ENSP00000253697,0.0035751485,-1
TRIP12,9606.ENSP00000373696,0.0035751213,0
PPHLN1,9606.ENSP00000378935,0.0035746866,-1
STAG3,9606.ENSP00000477973,0.0035744454,0
INTU,9606.ENSP00000334003,0.003574172,-1
TCP11X2,9606.ENSP00000392879,0.0035740766,-1
KIF3B,9606.ENSP00000364864,0.0035740666,0
PIK3C3,9606.ENSP00000262039,0.0035728305,0
PPP4R4,9606.ENSP00000305924,0.0035727269,-1
CENPC,9606.ENSP00000273853,0.0035725574,0
CENPF,9606.ENSP00000355922,0.0035718717,0
PADI6,9606.ENSP00000483125,0.0035716612,0
NCAPG,9606.ENSP00000251496,0.0035716002,0
ZNF518A,9606.ENSP00000485614,0.0035712235,-1
CTAGE8,9606.ENSP00000417289,0.0035708875,-1
SMN1,9606.ENSP00000370083,0.0035706228,-1
JPH3,9606.ENSP00000284262,0.0035705566,-1
CTAGE6,9606.ENSP00000474388,0.0035703073,-1
MROH6,9606.ENSP00000381857,0.0035700903,-1
VWA5A,9606.ENSP00000407726,0.003569683,-1
ZFYVE26,9606.ENSP00000251119,0.0035696523,0
ODAD4,9606.ENSP00000478589,0.0035695778,-1
AJM1,9606.ENSP00000412388,0.003569296,-1
CNGB1,9606.ENSP00000251102,0.0035692726,-1
UPF1,9606.ENSP00000470142,0.0035689261,0
SGSM1,9606.ENSP00000383212,0.003568828,-1
SNRNP48,9606.ENSP00000339834,0.0035688162,-1
LCA5L,9606.ENSP00000351008,0.0035687196,-1
SCLT1,9606.ENSP00000281142,0.0035681226,-1
CIT,9606.ENSP00000376306,0.003567833,0
HOOK2,9606.ENSP00000380785,0.0035676144,-1
R3HCC1,9606.ENSP00000265806,0.00356756,0
BMS1,9606.ENSP00000363642,0.0035671974,0
FSTL4,9606.ENSP00000265342,0.003567011,-1
SNX24,9606.ENSP00000261369,0.0035669906,-1
DNAAF4,9606.ENSP00000323275,0.0035666851,-1
SGO1,9606.ENSP00000263753,0.0035665417,0
FAM47A,9606.ENSP00000345029,0.0035661398,-1
DYNC1I2,9606.ENSP00000380308,0.0035658958,0
SMCR8,9606.ENSP00000385025,0.0035657946,-1
DGKH,9606.ENSP00000337572,0.0035656926,-1
COG3,9606.ENSP00000258654,0.0035653706,0
WBP4,9606.ENSP00000368801,0.0035652218,0
FXR1,9606.ENSP00000350170,0.0035648725,-1
SYTL5,9606.ENSP00000395220,0.0035648593,-1
TTC34,9606.ENSP00000490537,0.0035648118,-1
MEIOB,9606.ENSP00000314484,0.003564141,0
RAD21L1,9606.ENSP00000386414,0.0035636874,0
DTNBP1,9606.ENSP00000341680,0.0035636057,-1
KIF19,9606.ENSP00000374566,0.0035630811,-1
LRRC34,9606.ENSP00000414635,0.0035630234,-1
WDR47,9606.ENSP00000383599,0.003562717,-1
TCF25,9606.ENSP00000263346,0.0035626884,0
TMEM70,9606.ENSP00000312599,0.0035624648,-1
DRC9,9606.ENSP00000265239,0.0035622125,-1
RPRD1B,9606.ENSP00000362532,0.0035621673,0
ZZZ3,9606.ENSP00000359837,0.003562027,0
SMARCC2,9606.ENSP00000449396,0.0035616714,0
TRAF3IP1,9606.ENSP00000362424,0.0035610264,-1
NUP210L,9606.ENSP00000357547,0.0035609384,-1
HR,9606.ENSP00000370826,0.0035607084,-1
RNF149,9606.ENSP00000295317,0.003560607,0
TRMT44,9606.ENSP00000374387,0.0035593652,-1
LRWD1,9606.ENSP00000292616,0.0035592706,-1
TCP11,9606.ENSP00000501201,0.0035592655,-1
PPIG,9606.ENSP00000260970,0.0035586786,-1
BLM,9606.ENSP00000347232,0.0035583945,0
ZC3H18,9606.ENSP00000416951,0.003558378,0
WDR81,9606.ENSP00000386609,0.0035583596,-1
KANK3,9606.ENSP00000328923,0.0035583442,-1
GRPEL1,9606.ENSP00000264954,0.0035576324,0
ASXL2,9606.ENSP00000383920,0.003557276,-1
PPP2R3B,9606.ENSP00000375080,0.0035570962,0
FBXL4,9606.ENSP00000358247,0.003556823,-1
KIAA1586,9606.ENSP00000359768,0.0035563023,-1
ZNF628,9606.ENSP00000469591,0.003556211,-1
STRC,9606.ENSP00000401513,0.00355614,-1
MED17,9606.ENSP00000251871,0.003555819,-1
CENPU,9606.ENSP00000281453,0.0035547835,0
PTTG2,9606.ENSP00000424261,0.0035542734,0
CCDC149,9606.ENSP00000488929,0.0035541032,-1
PI4K2B,9606.ENSP00000264864,0.003553978,-1
PNPLA5,9606.ENSP00000216177,0.0035536857,-1
AFG1L,9606.ENSP00000357973,0.003553142,-1
ZNF526,9606.ENSP00000301215,0.0035528499,-1
RTN3,9606.ENSP00000367050,0.0035528431,-1
UBA6,9606.ENSP00000313454,0.0035526324,-1
TULP1,9606.ENSP00000229771,0.0035525498,-1
TXLNB,9606.ENSP00000351206,0.0035521952,-1
PARVG,9606.ENSP00000391583,0.0035521376,-1
TBC1D8,9606.ENSP00000386856,0.0035517311,-1
CYFIP1,9606.ENSP00000481038,0.0035517057,-1
SLC38A10,9606.ENSP00000363891,0.003550415,0
LZTS3,9606.ENSP00000353496,0.0035502713,-1
SPART,9606.ENSP00000414147,0.0035494757,0
WDR59,9606.ENSP00000262144,0.0035493067,0
TMEM67,9606.ENSP00000389998,0.0035488734,0
NENF,9606.ENSP00000355955,0.0035488207,0
SNX29,9606.ENSP00000456480,0.0035487877,-1
MRPL40,9606.ENSP00000333401,0.003548634,-1
RUFY2,9606.ENSP00000373420,0.0035484652,-1
UVRAG,9606.ENSP00000348455,0.003548398,0
CCDC24,9606.ENSP00000361392,0.0035483625,-1
MTFR1L,9606.ENSP00000363419,0.0035479649,0
HEXIM1,9606.ENSP00000328773,0.003547735,0
ERGIC2,9606.ENSP00000353270,0.003547526,-1
U2SURP,9606.ENSP00000418563,0.0035473106,-1
LMAN1,9606.ENSP00000251047,0.0035464677,0
LPGAT1,9606.ENSP00000355964,0.0035459222,0
POLR3A,9606.ENSP00000361446,0.0035458815,-1
CKAP2L,9606.ENSP00000305204,0.0035458799,-1
CENPN,9606.ENSP00000377007,0.0035457537,0
DDX19A,9606.ENSP00000306117,0.0035451401,0
AIDA,9606.ENSP00000339161,0.0035444582,0
SYAP1,9606.ENSP00000369500,0.0035439916,0
ZC3H3,9606.ENSP00000262577,0.0035435033,0
JMJD7,9606.ENSP00000380467,0.0035432072,-1
TBC1D9B,9606.ENSP00000349291,0.0035428351,-1
METTL25,9606.ENSP00000248306,0.0035425792,-1
RPP25,9606.ENSP00000317691,0.0035422882,-1
PCF11,9606.ENSP00000298281,0.0035420659,-1
CROCC,9606.ENSP00000364691,0.003541132,0
RMI2,9606.ENSP00000310356,0.0035411099,0
SMARCA5,9606.ENSP00000283131,0.003540848,0
NUS1,9606.ENSP00000357480,0.003540437,0
C20orf96,9606.ENSP00000353470,0.0035394316,-1
SPEM3,9606.ENSP00000490274,0.0035384966,-1
CGNL1,9606.ENSP00000281282,0.0035374574,-1
VPS72,9606.ENSP00000346464,0.003537447,0
PALM3,9606.ENSP00000344996,0.0035373548,-1
SETD1A,9606.ENSP00000262519,0.0035372926,0
POLL,9606.ENSP00000359181,0.0035365769,-1
HECTD4,9606.ENSP00000366783,0.0035365482,-1
PEAK3,9606.ENSP00000345102,0.0035361804,-1
RSRC2,9606.ENSP00000330188,0.003536148,0
ZSCAN18,9606.ENSP00000470123,0.003535878,-1
RAD51AP1,9606.ENSP00000228843,0.0035355617,0
ACBD3,9606.ENSP00000355777,0.0035350143,0
CCNYL1,9606.ENSP00000295414,0.0035349738,-1
CCDC30,9606.ENSP00000339280,0.0035347573,-1
EXOC3L4,9606.ENSP00000369409,0.0035333484,-1
FBXW12,9606.ENSP00000296438,0.0035330865,-1
NSUN2,9606.ENSP00000264670,0.0035315964,0
PPP1R26,9606.ENSP00000349274,0.003531264,-1
TRMT2B,9606.ENSP00000362027,0.0035308849,-1
SETD2,9606.ENSP00000386759,0.0035302204,0
ABRAXAS1,9606.ENSP00000369857,0.0035297375,0
TMX1,9606.ENSP00000393316,0.0035296904,-1
NOL8,9606.ENSP00000441140,0.0035288855,-1
TEPSIN,9606.ENSP00000490393,0.0035287945,-1
TRPC4AP,9606.ENSP00000252015,0.0035280674,0
CLPTM1,9606.ENSP00000336994,0.003526448,0
FBXO9,9606.ENSP00000244426,0.003526425,-1
TECPR2,9606.ENSP00000352510,0.003526113,-1
TESMIN,9606.ENSP00000255087,0.0035253726,0
SF3B3,9606.ENSP00000305790,0.0035253156,-1
BICRAL,9606.ENSP00000313933,0.0035252452,-1
ZFYVE21,9606.ENSP00000216602,0.0035251016,0
SGIP1,9606.ENSP00000360076,0.0035246927,-1
TAF4B,9606.ENSP00000462980,0.0035244145,-1
RNF214,9606.ENSP00000300650,0.0035236378,-1
AP5M1,9606.ENSP00000261558,0.0035235072,-1
ELMOD3,9606.ENSP00000386248,0.0035233432,-1
EXPH5,9606.ENSP00000265843,0.0035232275,-1
GPATCH3,9606.ENSP00000354645,0.003523003,-1
CEP44,9606.ENSP00000389427,0.00352262,0
MBD6,9606.ENSP00000347896,0.0035223253,0
CENPK,9606.ENSP00000379911,0.0035223018,0
ZW10,9606.ENSP00000200135,0.0035219472,0
INTS4,9606.ENSP00000434466,0.0035218052,-1
ZNF318,9606.ENSP00000354964,0.0035218033,0
KIF18A,9606.ENSP00000263181,0.0035211,0
EDN3,9606.ENSP00000337128,0.0035204329,0
GON4L,9606.ENSP00000357315,0.003520244,-1
PPP1R3G,9606.ENSP00000393832,0.00351804,-1
SGSM2,9606.ENSP00000268989,0.003517938,-1
RMI1,9606.ENSP00000317039,0.0035177057,0
DCLRE1A,9606.ENSP00000355185,0.003517607,-1
UBR7,9606.ENSP00000013070,0.0035161865,0
PIGH,9606.ENSP00000216452,0.0035159478,0
PSMC3IP,9606.ENSP00000377384,0.003515729,0
BBS12,9606.ENSP00000438273,0.0035157122,-1
ABTB2,9606.ENSP00000410157,0.0035157006,-1
SIX6OS1,9606.ENSP00000324920,0.0035156303,-1
TRAIP,9606.ENSP00000328203,0.0035152612,0
TBC1D2B,9606.ENSP00000300584,0.0035149339,-1
TMEM237,9606.ENSP00000386264,0.003514436,-1
ZCWPW2,9606.ENSP00000373278,0.0035144077,-1
ZCCHC7,9606.ENSP00000443113,0.0035143609,-1
TMEM59,9606.ENSP00000234831,0.003513992,0
PCARE,9606.ENSP00000332809,0.0035132526,-1
PRPF19,9606.ENSP00000227524,0.003512982,0
ANKRD11,9606.ENSP00000301030,0.0035128086,-1
FNBP4,9606.ENSP00000263773,0.0035121809,0
NSUN7,9606.ENSP00000371201,0.0035121657,-1
ATRX,9606.ENSP00000362441,0.003512112,0
TCP11L2,9606.ENSP00000299045,0.0035118219,-1
DENND1B,9606.ENSP00000479816,0.0035115934,-1
MRPL43,9606.ENSP00000339844,0.0035112714,0
NUTM2D,9606.ENSP00000371116,0.003511076,-1
CRACR2A,9606.ENSP00000409382,0.0035088814,-1
DLEC1,9606.ENSP00000308597,0.0035082994,-1
ZRANB1,9606.ENSP00000352676,0.003508248,0
ANKRD33B,9606.ENSP00000296657,0.0035082246,-1
RILPL1,9606.ENSP00000366070,0.0035081229,-1
CGN,9606.ENSP00000271636,0.003507486,-1
AK9,9606.ENSP00000410186,0.003506398,-1
USP16,9606.ENSP00000334808,0.0035063897,0
MPHOSPH10,9606.ENSP00000244230,0.0035061834,0
PLK5,9606.ENSP00000468376,0.0035059813,0
TCERG1L,9606.ENSP00000357631,0.0035058598,-1
GTSF1L,9606.ENSP00000362094,0.0035058346,-1
IQUB,9606.ENSP00000417769,0.0035046488,-1
PI4K2A,9606.ENSP00000359665,0.0035044642,0
FAM171A2,9606.ENSP00000293443,0.0035042923,-1
BCLAF3,9606.ENSP00000369009,0.0035037864,-1
C1orf52,9606.ENSP00000419417,0.0035029042,-1
DNAI4,9606.ENSP00000360065,0.003502696,-1
ZBTB9,9606.ENSP00000378503,0.0035024716,-1
METTL14,9606.ENSP00000373474,0.0035024716,-1
HOOK3,9606.ENSP00000305699,0.0035011054,-1
HPF1,9606.ENSP00000406598,0.0035007775,0
FOXRED2,9606.ENSP00000380401,0.003499989,-1
TCOF1,9606.ENSP00000367028,0.0034997182,-1
THEMIS,9606.ENSP00000487358,0.0034995237,-1
MCRIP1,9606.ENSP00000461433,0.003499068,0
SELENOV,9606.ENSP00000333956,0.0034986825,-1
ANKRD35,9606.ENSP00000347802,0.0034983417,-1
CDC27,9606.ENSP00000434614,0.0034983135,0
ERAL1,9606.ENSP00000254928,0.0034979975,0
MOV10,9606.ENSP00000399797,0.0034970618,-1
PPA2,9606.ENSP00000343885,0.0034969288,-1
ULK1,9606.ENSP00000324560,0.003496359,0
DNAH7,9606.ENSP00000311273,0.0034963025,-1
WDR64,9606.ENSP00000355510,0.003496153,-1
CCNT1,9606.ENSP00000261900,0.0034960734,0
TANGO6,9606.ENSP00000261778,0.0034959435,-1
MTMR10,9606.ENSP00000402537,0.003495615,-1
TYW1B,9606.ENSP00000482502,0.0034955381,-1
POLR2D,9606.ENSP00000272645,0.0034945752,-1
CDCA2,9606.ENSP00000328228,0.0034941365,0
SAMD1,9606.ENSP00000431971,0.003493745,0
CCDC9,9606.ENSP00000221922,0.0034927258,0
USP1,9606.ENSP00000343526,0.0034926326,0
ELP1,9606.ENSP00000363779,0.0034918548,-1
ZNF837,9606.ENSP00000405699,0.0034913719,-1
HELQ,9606.ENSP00000295488,0.0034913516,-1
SECISBP2L,9606.ENSP00000453854,0.003490456,0
ASNSD1,9606.ENSP00000260952,0.003489494,0
POMGNT1,9606.ENSP00000361060,0.0034893234,0
CCDC22,9606.ENSP00000365401,0.003488735,0
PDCL,9606.ENSP00000259467,0.0034875846,-1
OTUD7A,9606.ENSP00000305926,0.0034875483,-1
PUS1,9606.ENSP00000365837,0.003487137,-1
CEP120,9606.ENSP00000303058,0.003486554,0
NAE1,9606.ENSP00000351990,0.0034857956,0
OIP5,9606.ENSP00000220514,0.0034855073,-1
B4GALT5,9606.ENSP00000360776,0.0034854196,0
CDAN1,9606.ENSP00000348564,0.003485237,-1
ETAA1,9606.ENSP00000272342,0.0034852158,0
MBTPS1,9606.ENSP00000344223,0.0034840682,0
LACTB,9606.ENSP00000261893,0.0034839439,-1
IQSEC1,9606.ENSP00000480301,0.0034838496,0
EIF5B,9606.ENSP00000289371,0.003483161,0
SDCCAG8,9606.ENSP00000355499,0.003482752,0
CDC42BPB,9606.ENSP00000355237,0.003482481,0
INTS13,9606.ENSP00000261191,0.003482259,0
NDUFB10,9606.ENSP00000268668,0.0034818621,0
POLI,9606.ENSP00000462664,0.0034817199,-1
TRAPPC9,9606.ENSP00000373979,0.003481594,-1
COMMD8,9606.ENSP00000370984,0.0034814717,-1
NKAP,9606.ENSP00000360464,0.0034811373,-1
STN1,9606.ENSP00000224950,0.003480726,-1
TPGS1,9606.ENSP00000352265,0.0034786968,-1
MRPS26,9606.ENSP00000369682,0.0034785513,0
USP35,9606.ENSP00000431876,0.0034785348,-1
HMGXB3,9606.ENSP00000421917,0.0034778144,0
ACTMAP,9606.ENSP00000367564,0.003477477,-1
NICN1,9606.ENSP00000273598,0.00347715,-1
SYNE1,9606.ENSP00000356224,0.003477145,-1
C1orf167,9606.ENSP00000414909,0.0034762016,-1
TBRG4,9606.ENSP00000258770,0.0034758183,0
MED24,9606.ENSP00000440100,0.0034757226,-1
SENP7,9606.ENSP00000377655,0.0034753594,-1
DNAH6,9606.ENSP00000374045,0.0034749927,-1
ZNF74,9606.ENSP00000383301,0.0034746362,-1
EIF2A,9606.ENSP00000417229,0.003474583,-1
LRATD1,9606.ENSP00000295092,0.0034740933,-1
GPKOW,9606.ENSP00000156109,0.0034737464,0
GTF3C3,9606.ENSP00000263956,0.0034735664,0
PDC,9606.ENSP00000375855,0.003473441,-1
TBCE,9606.ENSP00000495202,0.0034727526,0
LRCH3,9606.ENSP00000399751,0.003472223,-1
LARP6,9606.ENSP00000299213,0.0034721668,-1
CFAP74,9606.ENSP00000417061,0.003471873,-1
FAM83H,9606.ENSP00000373565,0.00347153,-1
FIRRM,9606.ENSP00000286031,0.0034713224,0
PLAA,9606.ENSP00000380460,0.0034710914,0
WDR48,9606.ENSP00000307491,0.00347031,-1
ANKRD34B,9606.ENSP00000339802,0.0034699996,-1
FAM98C,9606.ENSP00000252530,0.0034673046,-1
PPP1R12B,9606.ENSP00000375821,0.0034672718,-1
ZMYM6,9606.ENSP00000349708,0.0034672178,-1
MIS18A,9606.ENSP00000290130,0.0034672043,0
INTS8,9606.ENSP00000430338,0.0034668585,-1
IQCK,9606.ENSP00000324901,0.0034664562,-1
IQANK1,9606.ENSP00000489685,0.003466308,-1
CCDC88B,9606.ENSP00000349238,0.0034648457,-1
MTBP,9606.ENSP00000303398,0.0034645263,0
ANKLE1,9606.ENSP00000377971,0.0034644539,0
SETX,9606.ENSP00000224140,0.0034637295,-1
SLMAP,9606.ENSP00000499241,0.0034635242,-1
C4orf46,9606.ENSP00000368503,0.003462278,-1
GOLGA4,9606.ENSP00000349305,0.0034621533,0
KIF13B,9606.ENSP00000427900,0.0034615495,-1
THAP5,9606.ENSP00000400500,0.0034604014,0
FHOD1,9606.ENSP00000258201,0.0034603898,-1
RNF212B,9606.ENSP00000382794,0.0034603574,0
CFAP300,9606.ENSP00000414390,0.003459272,-1
AHSA1,9606.ENSP00000216479,0.0034589926,0
SYCE2,9606.ENSP00000293695,0.0034583744,0
GRPEL2,9606.ENSP00000329558,0.0034580987,-1
NCAPH,9606.ENSP00000240423,0.0034580096,0
TAF6L,9606.ENSP00000294168,0.0034578668,-1
TOR4A,9606.ENSP00000350102,0.0034577649,-1
TP53I13,9606.ENSP00000301057,0.0034572822,0
ALPK3,9606.ENSP00000258888,0.0034558286,-1
DNAH17,9606.ENSP00000374490,0.0034547197,-1
WDR89,9606.ENSP00000378399,0.0034534151,-1
ARGLU1,9606.ENSP00000383059,0.003453215,-1
KIAA1328,9606.ENSP00000280020,0.0034527374,-1
BBS2,9606.ENSP00000245157,0.0034525522,-1
TBC1D32,9606.ENSP00000381270,0.0034519874,-1
PRPF38A,9606.ENSP00000257181,0.0034517513,0
ZSCAN10,9606.ENSP00000458879,0.0034505806,-1
PGAP4,9606.ENSP00000363984,0.0034500167,-1
ZMYM1,9606.ENSP00000496876,0.0034497443,-1
ZNF365,9606.ENSP00000387091,0.0034496197,0
MCM4,9606.ENSP00000262105,0.0034487986,0
IFT81,9606.ENSP00000242591,0.0034487154,-1
YJEFN3,9606.ENSP00000426964,0.003448423,-1
LRRC56,9606.ENSP00000270115,0.0034481417,-1
KIAA0586,9606.ENSP00000346359,0.0034466456,-1
PRRC2B,9606.ENSP00000349856,0.0034462186,-1
DNAH5,9606.ENSP00000265104,0.0034460386,-1
ZHX1-C8orf76,9606.ENSP00000349593,0.003445714,-1
PIH1D1,9606.ENSP00000262265,0.0034455145,-1
MCM8,9606.ENSP00000368164,0.0034454998,-1
ZFC3H1,9606.ENSP00000368017,0.003445128,-1
UQCC4,9606.ENSP00000413100,0.0034447513,-1
SAPCD2,9606.ENSP00000386348,0.0034445107,0
TDRD6,9606.ENSP00000346065,0.0034441133,-1
ZNF517,9606.ENSP00000353058,0.0034439526,-1
MIDEAS,9606.ENSP00000286523,0.0034426404,-1
VIRMA,9606.ENSP00000297591,0.0034422788,-1
RSF1,9606.ENSP00000311513,0.003442035,-1
MTMR11,9606.ENSP00000391668,0.0034416446,-1
CFAP47,9606.ENSP00000367922,0.0034408495,-1
MAD2L1BP,9606.ENSP00000410818,0.003440688,0
ANLN,9606.ENSP00000265748,0.0034406418,0
CLTCL1,9606.ENSP00000441158,0.0034394388,0
PERM1,9606.ENSP00000414022,0.0034391202,-1
BLOC1S4,9606.ENSP00000318128,0.0034367184,0
AFF4,9606.ENSP00000265343,0.0034362176,0
WDR17,9606.ENSP00000280190,0.0034343414,-1
POLR1E,9606.ENSP00000367029,0.0034341016,0
CCNH,9606.ENSP00000498750,0.0034338962,0
SESN2,9606.ENSP00000253063,0.0034334357,-1
HORMAD1,9606.ENSP00000355167,0.0034328224,0
NUTM2G,9606.ENSP00000361397,0.0034326806,-1
P3H3,9606.ENSP00000478600,0.0034322287,-1
WDR7,9606.ENSP00000254442,0.0034315784,-1
OSBPL11,9606.ENSP00000296220,0.0034303372,-1
LZTS1,9606.ENSP00000370981,0.0034302706,-1
CLIP1,9606.ENSP00000479322,0.0034298028,0
CENPP,9606.ENSP00000364737,0.0034292615,0
CKAP4,9606.ENSP00000367265,0.0034292098,-1
CFAP44,9606.ENSP00000377428,0.0034284403,-1
USP31,9606.ENSP00000219689,0.003428424,-1
NUTM2F,9606.ENSP00000253262,0.0034283428,-1
MYO15B,9606.ENSP00000495242,0.0034283232,-1
RPN1,9606.ENSP00000296255,0.0034282778,0
IFT74,9606.ENSP00000404122,0.0034281993,-1
ZSWIM4,9606.ENSP00000254323,0.0034281828,-1
ANKRD34C,9606.ENSP00000401089,0.0034262773,-1
C6orf132,9606.ENSP00000341368,0.0034259616,-1
ATPAF1,9606.ENSP00000460964,0.003425737,0
SRA1,9606.ENSP00000337513,0.0034254766,-1
RINT1,9606.ENSP00000257700,0.0034251527,0
KIF16B,9606.ENSP00000384164,0.0034235385,-1
DYNC2H1,9606.ENSP00000497174,0.003423485,-1
PYM1,9606.ENSP00000386156,0.003423462,-1
HEATR1,9606.ENSP00000355541,0.0034230326,-1
ZNF764,9606.ENSP00000252797,0.003422886,-1
URB1,9606.ENSP00000372199,0.003422873,-1
RSPH10B,9606.ENSP00000385443,0.0034227658,-1
ZNF438,9606.ENSP00000412363,0.0034207657,-1
CWF19L2,9606.ENSP00000282251,0.0034206521,-1
SMARCC1,9606.ENSP00000254480,0.0034198263,0
TOP1MT,9606.ENSP00000328835,0.0034194884,-1
ZNF648,9606.ENSP00000344129,0.0034189569,-1
BIVM,9606.ENSP00000257336,0.0034187378,-1
DNAH2,9606.ENSP00000458355,0.0034183315,-1
ZNF654,9606.ENSP00000490842,0.0034181902,-1
USP8,9606.ENSP00000379721,0.003418169,0
NPAS2,9606.ENSP00000338283,0.0034179073,-1
NCKAP5L,9606.ENSP00000337998,0.0034178798,-1
SMARCB1,9606.ENSP00000340883,0.0034178086,0
TOR3A,9606.ENSP00000356599,0.0034173864,0
REPIN1,9606.ENSP00000417291,0.0034162954,-1
RNF207,9606.ENSP00000367173,0.0034159478,-1
DCP1B,9606.ENSP00000280665,0.003415772,-1
UBXN10,9606.ENSP00000364240,0.003415639,-1
LPIN1,9606.ENSP00000397908,0.003414896,0
GIGYF1,9606.ENSP00000275732,0.0034143995,0
PPP6R1,9606.ENSP00000414202,0.0034142437,0
PIGO,9606.ENSP00000367880,0.0034134618,-1
CHD2,9606.ENSP00000377747,0.0034126784,0
RWDD3,9606.ENSP00000359221,0.0034122681,-1
FBXL13,9606.ENSP00000321927,0.0034121932,0
LYST,9606.ENSP00000374443,0.0034121615,-1
ESCO2,9606.ENSP00000306999,0.0034121056,0
MLH3,9606.ENSP00000348020,0.0034100926,0
FRA10AC1,9606.ENSP00000360488,0.0034099838,-1
ASXL1,9606.ENSP00000364839,0.0034099661,0
TMX4,9606.ENSP00000246024,0.0034096388,0
CEP250,9606.ENSP00000380661,0.0034095612,0
HOOK1,9606.ENSP00000360252,0.0034090069,-1
ZC3H11A,9606.ENSP00000491830,0.0034086637,0
BRD9,9606.ENSP00000419765,0.0034085987,-1
TPR,9606.ENSP00000356448,0.0034085147,0
TBCCD1,9606.ENSP00000411253,0.0034078718,-1
TDRD9,9606.ENSP00000387303,0.0034078474,0
ZC3H7B,9606.ENSP00000345793,0.0034077729,-1
ANAPC4,9606.ENSP00000426654,0.0034073452,0
MED23,9606.ENSP00000357047,0.0034072173,-1
SEL1L,9606.ENSP00000337053,0.0034059142,0
TERF2IP,9606.ENSP00000300086,0.003405267,0
PCIF1,9606.ENSP00000361486,0.0034052297,0
AP5Z1,9606.ENSP00000497815,0.0034050145,-1
FAM50B,9606.ENSP00000369627,0.0034046585,-1
C1orf87,9606.ENSP00000360244,0.0034044646,-1
MSTO1,9606.ENSP00000245564,0.0034026788,-1
RGS22,9606.ENSP00000354109,0.0034023083,-1
LPIN2,9606.ENSP00000261596,0.0034016925,-1
FLAD1,9606.ENSP00000292180,0.0034007225,-1
COG1,9606.ENSP00000299886,0.0034005383,-1
WDFY4,9606.ENSP00000320563,0.0034004964,-1
ELP2,9606.ENSP00000414851,0.003400485,-1
CROCC2,9606.ENSP00000397968,0.0033991004,-1
ZCCHC2,9606.ENSP00000269499,0.003399081,-1
CBX5,9606.ENSP00000209875,0.0033990054,0
ATF6B,9606.ENSP00000364349,0.0033989747,0
UBOX5,9606.ENSP00000217173,0.0033988038,-1
NFRKB,9606.ENSP00000436926,0.0033987127,0
DNAH10,9606.ENSP00000489675,0.0033984706,-1
PPP1R35,9606.ENSP00000292330,0.0033982545,0
ZFAT,9606.ENSP00000367069,0.0033978086,-1
DNAH8,9606.ENSP00000333363,0.003397626,-1
ARHGAP11A,9606.ENSP00000355090,0.0033960037,-1
TMPO,9606.ENSP00000266732,0.003395423,0
PPP1R18,9606.ENSP00000480270,0.0033950051,-1
TTLL8,9606.ENSP00000392252,0.003393974,-1
CDC7,9606.ENSP00000393139,0.0033939502,0
DOCK6,9606.ENSP00000294618,0.0033937516,-1
KIF2B,9606.ENSP00000268919,0.0033930193,0
KIF20B,9606.ENSP00000360793,0.0033918265,0
GNPAT,9606.ENSP00000355607,0.0033909355,0
ERGIC3,9606.ENSP00000349970,0.003390911,0
CALCOCO2,9606.ENSP00000398523,0.003390903,0
GOLGA5,9606.ENSP00000163416,0.0033906163,0
NPLOC4,9606.ENSP00000331487,0.0033899508,0
DNAJC13,9606.ENSP00000260818,0.0033898833,0
NUTM2A,9606.ENSP00000371126,0.0033897965,-1
RANBP3L,9606.ENSP00000421853,0.0033895643,-1
APLF,9606.ENSP00000307004,0.0033894242,-1
CPSF1,9606.ENSP00000484669,0.003388295,-1
SZT2,9606.ENSP00000457168,0.0033870875,-1
COG7,9606.ENSP00000305442,0.0033865822,0
TIGD5,9606.ENSP00000421489,0.0033860882,-1
DRC12,9606.ENSP00000423567,0.0033858872,-1
NUP205,9606.ENSP00000285968,0.0033853143,0
DYTN,9606.ENSP00000396593,0.0033852146,-1
ATG2A,9606.ENSP00000366475,0.0033845517,-1
MTNAP1,9606.ENSP00000351937,0.0033842525,-1
CACTIN,9606.ENSP00000415078,0.0033840053,0
TBC1D10B,9606.ENSP00000386538,0.0033838025,0
ARHGAP31,9606.ENSP00000264245,0.0033836577,-1
TUT1,9606.ENSP00000308000,0.003383576,0
CCDC68,9606.ENSP00000466690,0.003382542,-1
GRIPAP1,9606.ENSP00000365606,0.0033822174,-1
ANKZF1,9606.ENSP00000321617,0.0033808097,-1
CCDC142,9606.ENSP00000290418,0.003380273,-1
DIXDC1,9606.ENSP00000394352,0.0033794218,-1
DIS3L,9606.ENSP00000321711,0.0033789624,-1
CGRRF1,9606.ENSP00000216420,0.003378927,0
UBE3C,9606.ENSP00000309198,0.0033787198,0
PAXX,9606.ENSP00000360682,0.003377349,-1
CCDC9B,9606.ENSP00000453969,0.0033773298,-1
CRYBG2,9606.ENSP00000428746,0.0033772672,-1
PTCD1,9606.ENSP00000292478,0.0033766828,-1
RPUSD3,9606.ENSP00000373331,0.0033765994,-1
RBBP8NL,9606.ENSP00000252998,0.0033765454,-1
SHCBP1,9606.ENSP00000306473,0.0033757396,-1
ZNF500,9606.ENSP00000219478,0.003373961,-1
FBXO34,9606.ENSP00000313159,0.0033734736,-1
VPS37D,9606.ENSP00000320416,0.00337293,-1
TOR1AIP1,9606.ENSP00000435365,0.0033727442,0
CXorf49C,9606.ENSP00000490941,0.0033726129,-1
TUT4,9606.ENSP00000257177,0.003372353,-1
CFAP61,9606.ENSP00000245957,0.0033718308,-1
AP3M2,9606.ENSP00000428787,0.0033707255,-1
NSD3,9606.ENSP00000313983,0.0033701935,-1
SPEF2,9606.ENSP00000348314,0.003369878,-1
MCMBP,9606.ENSP00000353098,0.003369447,0
NUFIP1,9606.ENSP00000368459,0.003369146,-1
POLQ,9606.ENSP00000264233,0.0033687747,0
PHF23,9606.ENSP00000322579,0.0033685071,-1
MTCL3,9606.ENSP00000434570,0.0033680801,-1
C8orf76,9606.ENSP00000276704,0.0033679055,-1
MGAT3,9606.ENSP00000345270,0.0033675183,-1
FOXM1,9606.ENSP00000342307,0.0033674766,0
LPIN3,9606.ENSP00000487971,0.0033663437,-1
CKAP2,9606.ENSP00000367276,0.0033660508,0
CYB5D2,9606.ENSP00000301391,0.0033655711,-1
IQCB1,9606.ENSP00000311505,0.0033652515,0
NUP188,9606.ENSP00000361658,0.0033648547,-1
ZNF574,9606.ENSP00000222339,0.003364391,-1
MED13,9606.ENSP00000380888,0.0033643125,0
ANKRD34A,9606.ENSP00000475189,0.0033642056,-1
HPS1,9606.ENSP00000326649,0.003364193,-1
GJC2,9606.ENSP00000355675,0.0033633981,-1
EXO5,9606.ENSP00000361788,0.0033624442,-1
ZNHIT2,9606.ENSP00000308548,0.0033621213,-1
WDR73,9606.ENSP00000387982,0.0033607988,-1
NELFA,9606.ENSP00000445757,0.003360275,-1
JAKMIP3,9606.ENSP00000499375,0.0033598754,-1
FAM81B,9606.ENSP00000283357,0.0033597446,-1
SPINDOC,9606.ENSP00000294244,0.0033585501,-1
GOLGB1,9606.ENSP00000377275,0.0033583734,0
RPUSD4,9606.ENSP00000298317,0.0033580796,-1
NBN,9606.ENSP00000265433,0.0033571734,0
UBN1,9606.ENSP00000262376,0.003357105,-1
UTP4,9606.ENSP00000327179,0.003356894,-1
KIFC2,9606.ENSP00000301332,0.003356518,-1
PCLO,9606.ENSP00000334319,0.003356374,-1
CFAP221,9606.ENSP00000393222,0.0033562435,-1
PREB,9606.ENSP00000260643,0.003355618,0
NFATC2IP,9606.ENSP00000324792,0.0033553506,0
CLMN,9606.ENSP00000298912,0.0033549452,-1
METTL17,9606.ENSP00000372445,0.0033547014,-1
HORMAD2,9606.ENSP00000385055,0.003354161,0
CC2D2B,9606.ENSP00000386988,0.0033537883,-1
HAUS1,9606.ENSP00000282058,0.0033536507,0
CFAP91,9606.ENSP00000273390,0.0033535105,-1
ANKRD40,9606.ENSP00000285243,0.0033532556,0
DMXL2,9606.ENSP00000441858,0.0033527426,-1
SBF2,9606.ENSP00000256190,0.0033519634,-1
NCAPG2,9606.ENSP00000387007,0.0033516942,0
DHX34,9606.ENSP00000331907,0.0033515827,-1
ATRAID,9606.ENSP00000484228,0.0033514188,0
PBXIP1,9606.ENSP00000357448,0.0033509508,-1
TESPA1,9606.ENSP00000400892,0.003350909,-1
GCC2,9606.ENSP00000307939,0.0033506555,-1
RFWD3,9606.ENSP00000354361,0.0033502262,0
ATOSA,9606.ENSP00000443598,0.0033498022,-1
KIF2A,9606.ENSP00000385000,0.0033487217,0
ATG16L2,9606.ENSP00000326340,0.0033474884,-1
KIF18B,9606.ENSP00000465992,0.003347436,0
CIAO2A,9606.ENSP00000300030,0.0033472006,0
OSGIN2,9606.ENSP00000396445,0.003346146,0
MIS18BP1,9606.ENSP00000309790,0.0033461237,-1
ZNF862,9606.ENSP00000223210,0.0033460888,-1
EFCAB5,9606.ENSP00000378312,0.0033460653,-1
REV1,9606.ENSP00000258428,0.003346014,-1
HAUS8,9606.ENSP00000253669,0.0033452336,0
CGREF1,9606.ENSP00000385452,0.0033451745,0
TEDC1,9606.ENSP00000376307,0.0033450078,-1
NRDE2,9606.ENSP00000346335,0.0033448106,0
MAD1L1,9606.ENSP00000385334,0.0033447628,0
ZNF696,9606.ENSP00000328515,0.0033445691,-1
INTS10,9606.ENSP00000381064,0.0033445626,0
MLLT3,9606.ENSP00000369695,0.0033445214,-1
CSTPP1,9606.ENSP00000367878,0.0033444988,-1
TTK,9606.ENSP00000358813,0.003344334,0
TMEM259,9606.ENSP00000349087,0.0033437582,0
TEDC2,9606.ENSP00000355022,0.003342932,-1
MLLT1,9606.ENSP00000252674,0.0033427607,-1
POLA2,9606.ENSP00000265465,0.0033418743,0
PDE4DIP,9606.ENSP00000358363,0.0033418708,0
FERRY3,9606.ENSP00000261250,0.0033418331,-1
WIZ,9606.ENSP00000469534,0.0033407374,0
ITM2B,9606.ENSP00000497221,0.003339385,0
VWA5B1,9606.ENSP00000364220,0.003339363,-1
SHOC1,9606.ENSP00000363405,0.0033392643,0
IQCN,9606.ENSP00000376213,0.0033385218,-1
FAM184B,9606.ENSP00000265018,0.0033384392,-1
AAAS,9606.ENSP00000209873,0.003337657,0
RAI1,9606.ENSP00000323074,0.003335672,-1
VPS37C,9606.ENSP00000301765,0.0033355323,0
CATSPERE,9606.ENSP00000355492,0.003335163,-1
CNST,9606.ENSP00000355470,0.0033346177,-1
TOR1AIP2,9606.ENSP00000356584,0.0033346037,-1
WHAMM,9606.ENSP00000286760,0.0033335686,0
C16orf96,9606.ENSP00000415027,0.0033333723,-1
ATP6V0A4,9606.ENSP00000308122,0.0033333185,-1
C1orf94,9606.ENSP00000435634,0.0033330813,-1
RABGGTA,9606.ENSP00000382341,0.0033330347,-1
CDT1,9606.ENSP00000301019,0.0033322633,0
CCDC81,9606.ENSP00000415528,0.0033322477,-1
XRCC1,9606.ENSP00000262887,0.0033315355,-1
RBSN,9606.ENSP00000253699,0.0033314053,0
PUS7,9606.ENSP00000417402,0.0033307944,-1
IHO1,9606.ENSP00000391788,0.0033307308,0
CPAP,9606.ENSP00000371308,0.0033304398,0
KDM4C,9606.ENSP00000370710,0.003327744,-1
VPS13A,9606.ENSP00000353422,0.003327252,-1
VWA3B,9606.ENSP00000417955,0.003327236,-1
SEL1L2,9606.ENSP00000367312,0.003326792,-1
DNAH11,9606.ENSP00000475939,0.0033264945,-1
MAP7D1,9606.ENSP00000362244,0.0033259827,-1
RSPH10B2,9606.ENSP00000384766,0.0033258277,-1
METTL4,9606.ENSP00000458290,0.0033252747,-1
RILP,9606.ENSP00000301336,0.0033252002,-1
C8orf58,9606.ENSP00000289989,0.0033251573,-1
CHML,9606.ENSP00000355511,0.0033244276,-1
SMC6,9606.ENSP00000404092,0.0033241177,0
DMXL1,9606.ENSP00000439479,0.0033240702,-1
TDRD1,9606.ENSP00000251864,0.0033229773,0
JPH4,9606.ENSP00000380307,0.0033228889,-1
ATP6AP2,9606.ENSP00000490083,0.0033215275,0
INTS14,9606.ENSP00000498715,0.0033214977,-1
DDX11,9606.ENSP00000440402,0.0033212546,0
AP5S1,9606.ENSP00000481750,0.003320068,-1
PDZD8,9606.ENSP00000334642,0.003319773,-1
FZR1,9606.ENSP00000378529,0.0033192148,0
NUTM2B,9606.ENSP00000394623,0.0033187792,-1
KDM5A,9606.ENSP00000382688,0.003318555,-1
INTS5,9606.ENSP00000327889,0.003318101,-1
CDK12,9606.ENSP00000398880,0.0033178895,0
DNAH3,9606.ENSP00000261383,0.0033173366,-1
RNF32,9606.ENSP00000385285,0.003317262,-1
SMC3,9606.ENSP00000354720,0.003315182,0
PP2D1,9606.ENSP00000373702,0.0033148162,-1
ASTE1,9606.ENSP00000426421,0.0033133044,-1
TRIM28,9606.ENSP00000253024,0.003313194,0
CPLANE1,9606.ENSP00000389014,0.003313065,-1
POM121L2,9606.ENSP00000392726,0.0033130588,-1
JPH2,9606.ENSP00000362071,0.0033119912,-1
KNL1,9606.ENSP00000335463,0.003311541,0
PDP2,9606.ENSP00000309548,0.0033110376,-1
PIGS,9606.ENSP00000309430,0.003310968,-1
SMTN,9606.ENSP00000484398,0.0033105467,-1
GTF3C5,9606.ENSP00000361180,0.0033103265,-1
GOLGA1,9606.ENSP00000362656,0.0033102445,-1
PRP4K,9606.ENSP00000337194,0.003310062,0
FANCG,9606.ENSP00000367910,0.003309335,-1
KIAA0930,9606.ENSP00000251993,0.0033092725,-1
KIF13A,9606.ENSP00000259711,0.0033086967,0
CCHCR1,9606.ENSP00000379566,0.003308694,-1
ADNP2,9606.ENSP00000262198,0.0033086685,-1
LARP7,9606.ENSP00000422626,0.003308115,-1
MAP10,9606.ENSP00000403208,0.003307936,0
CLGN,9606.ENSP00000392782,0.003307175,-1
ATP6AP1,9606.ENSP00000358777,0.0033063688,0
CCDC154,9606.ENSP00000373828,0.0033050978,-1
SYNM,9606.ENSP00000336775,0.003303945,-1
SNAPC1,9606.ENSP00000216294,0.003303683,-1
WDR76,9606.ENSP00000263795,0.0033033828,0
ODAD3,9606.ENSP00000348757,0.003303129,-1
CFAP36,9606.ENSP00000342699,0.0033030342,0
DDX10,9606.ENSP00000314348,0.0033029623,-1
DNAH9,9606.ENSP00000262442,0.0033021714,-1
PWWP3B,9606.ENSP00000338641,0.0033018605,-1
NYNRIN,9606.ENSP00000371994,0.003301258,-1
NAF1,9606.ENSP00000274054,0.0033007981,-1
MSH4,9606.ENSP00000263187,0.0033000188,0
TDRD12,9606.ENSP00000390621,0.00329994,0
EXO1,9606.ENSP00000355506,0.0032996896,0
HAUS7,9606.ENSP00000359230,0.00329925,0
MRPL1,9606.ENSP00000315017,0.0032977422,-1
IFT172,9606.ENSP00000260570,0.0032975557,-1
RBBP8,9606.ENSP00000382628,0.0032969739,0
MACF1,9606.ENSP00000354573,0.003296313,0
RAB11FIP1,9606.ENSP00000331342,0.0032959667,-1
NOCT,9606.ENSP00000280614,0.0032943338,-1
CFAP337,9606.ENSP00000311343,0.0032942924,-1
FANCF,9606.ENSP00000330875,0.0032937087,-1
NDE1,9606.ENSP00000379643,0.003292111,0
HYDIN,9606.ENSP00000377197,0.0032913536,-1
CFAP70,9606.ENSP00000310829,0.0032911988,-1
CFAP184,9606.ENSP00000309285,0.0032907936,-1
CRACR2B,9606.ENSP00000435299,0.0032902525,-1
GTF3C1,9606.ENSP00000348510,0.003289474,-1
GBP6,9606.ENSP00000359485,0.0032892742,-1
TPTE2,9606.ENSP00000383089,0.0032879643,-1
EFCC1,9606.ENSP00000414597,0.0032878858,-1
TSPYL1,9606.ENSP00000357597,0.0032878236,0
FAM83D,9606.ENSP00000481465,0.0032869626,0
JSRP1,9606.ENSP00000300961,0.0032867203,-1
KNOP1,9606.ENSP00000219837,0.0032864579,-1
CCNY,9606.ENSP00000363836,0.0032864113,0
FBXW10B,9606.ENSP00000379242,0.0032863128,-1
NWD1,9606.ENSP00000501265,0.003286086,-1
FAM90A1,9606.ENSP00000445418,0.003286074,-1
DBF4,9606.ENSP00000265728,0.0032859459,0
WAPL,9606.ENSP00000298767,0.0032851696,0
DNTTIP2,9606.ENSP00000411010,0.0032841095,-1
CCDC120,9606.ENSP00000474071,0.0032838008,-1
C15orf39,9606.ENSP00000353854,0.003283626,-1
P3H2,9606.ENSP00000316881,0.0032834278,-1
BRAP,9606.ENSP00000403524,0.0032821996,-1
CCDC97,9606.ENSP00000269967,0.0032810334,0
RABEP2,9606.ENSP00000350934,0.0032806029,-1
ZNF692,9606.ENSP00000391200,0.0032803332,-1
MANEAL,9606.ENSP00000362136,0.003280132,-1
REC8,9606.ENSP00000482546,0.0032798199,0
KIF11,9606.ENSP00000260731,0.0032792215,0
PLD6,9606.ENSP00000317177,0.0032790282,0
XRCC5,9606.ENSP00000375978,0.0032783116,0
MBIP,9606.ENSP00000399718,0.0032780732,0
TONSL,9606.ENSP00000386239,0.0032774624,-1
CTCFL,9606.ENSP00000415579,0.00327733,-1
EXOSC10,9606.ENSP00000366135,0.0032769535,0
ZNF106,9606.ENSP00000263805,0.0032760345,-1
RACGAP1,9606.ENSP00000404190,0.0032751097,0
DMRTC2,9606.ENSP00000269945,0.0032749572,0
NUTM2E,9606.ENSP00000407521,0.0032748354,-1
ZXDB,9606.ENSP00000364023,0.0032735066,-1
DNAAF11,9606.ENSP00000484634,0.003272981,-1
CEP76,9606.ENSP00000262127,0.0032712237,0
POLE,9606.ENSP00000322570,0.003271057,0
SYCP3,9606.ENSP00000376658,0.003270995,0
EMD,9606.ENSP00000358857,0.0032709686,0
RPGRIP1L,9606.ENSP00000493946,0.0032708787,-1
OSBPL9,9606.ENSP00000412733,0.0032704154,-1
MKS1,9606.ENSP00000376827,0.0032702335,-1
FASTK,9606.ENSP00000297532,0.0032702012,-1
SMC1A,9606.ENSP00000323421,0.0032701355,0
NINL,9606.ENSP00000278886,0.0032698791,-1
ADAM17,9606.ENSP00000309968,0.003269792,0
PUS7L,9606.ENSP00000343081,0.0032693972,-1
NGLY1,9606.ENSP00000280700,0.0032691595,-1
KIAA1671,9606.ENSP00000351207,0.0032690663,-1
FBXO5,9606.ENSP00000229758,0.0032687928,0
RNF112,9606.ENSP00000454919,0.003268555,0
DCDC1,9606.ENSP00000385936,0.0032684822,0
ZFYVE27,9606.ENSP00000409594,0.0032675378,-1
BCAS2,9606.ENSP00000358554,0.0032671588,0
TPX2,9606.ENSP00000300403,0.0032666079,0
NUP133,9606.ENSP00000261396,0.0032659234,0
NBEAL2,9606.ENSP00000415034,0.003265836,-1
TRAF3IP3,9606.ENSP00000355991,0.003264849,-1
MSH3,9606.ENSP00000265081,0.0032646568,-1
PUS3,9606.ENSP00000227474,0.0032638763,-1
ZNF638,9606.ENSP00000386433,0.0032637818,-1
TTC24,9606.ENSP00000357219,0.0032636514,-1
RNF168,9606.ENSP00000320898,0.0032635415,0
ZBBX,9606.ENSP00000390232,0.003262839,-1
CENPH,9606.ENSP00000283006,0.0032615643,0
MORC2,9606.ENSP00000380763,0.0032608823,0
UVSSA,9606.ENSP00000425130,0.0032607166,-1
DACT1,9606.ENSP00000337439,0.003260207,0
CCDC66,9606.ENSP00000378167,0.003259999,0
WDR91,9606.ENSP00000346466,0.00325937,-1
PRRC2C,9606.ENSP00000343629,0.0032593545,-1
C1orf198,9606.ENSP00000355623,0.0032587042,-1
DCAF17,9606.ENSP00000364404,0.0032585212,-1
EVC,9606.ENSP00000264956,0.0032583014,-1
UBE2O,9606.ENSP00000323687,0.0032578523,0
RIMBP3B,9606.ENSP00000479326,0.0032568674,-1
RTN2,9606.ENSP00000245923,0.0032564527,-1
TERB2,9606.ENSP00000340644,0.0032559389,0
MINDY4,9606.ENSP00000265299,0.0032549163,-1
CECR2,9606.ENSP00000383428,0.0032544383,0
GOLGA6C,9606.ENSP00000300576,0.0032541442,-1
HAUS3,9606.ENSP00000243706,0.0032539167,0
NPAP1,9606.ENSP00000333735,0.0032531098,-1
NHSL3,9606.ENSP00000383851,0.0032528113,-1
CENPE,9606.ENSP00000265148,0.003251533,0
REXO1,9606.ENSP00000170168,0.0032512918,0
CHFR,9606.ENSP00000392395,0.0032510094,0
BRAT1,9606.ENSP00000339637,0.0032492236,0
DEPDC1B,9606.ENSP00000265036,0.0032484792,-1
HPS3,9606.ENSP00000296051,0.0032482073,-1
KIFC3,9606.ENSP00000442008,0.0032481598,-1
TTC13,9606.ENSP00000355621,0.0032480175,-1
TCAF2,9606.ENSP00000404265,0.0032472503,-1
PPM1M,9606.ENSP00000387046,0.0032471204,-1
CAPS2,9606.ENSP00000386959,0.0032469356,-1
PUS10,9606.ENSP00000326003,0.0032465435,-1
RIMBP3C,9606.ENSP00000390630,0.0032465192,-1
PLEKHG4B,9606.ENSP00000490806,0.00324584,-1
SYCE1,9606.ENSP00000303978,0.0032458245,0
NUP93,9606.ENSP00000310668,0.0032454222,-1
POP1,9606.ENSP00000385787,0.003245061,-1
POLH,9606.ENSP00000361310,0.0032439353,-1
KIAA2012,9606.ENSP00000419834,0.003242978,-1
CEP57L1,9606.ENSP00000357966,0.0032428396,-1
RNF40,9606.ENSP00000325677,0.0032426761,0
LENG9,9606.ENSP00000479355,0.0032420198,-1
SPIRE2,9606.ENSP00000367494,0.003241802,0
LCA5,9606.ENSP00000376686,0.0032417316,-1
RBM8A,9606.ENSP00000463058,0.0032416664,0
NKTR,9606.ENSP00000232978,0.0032416577,-1
NHLRC2,9606.ENSP00000358307,0.0032406051,-1
NCAPH2,9606.ENSP00000299821,0.003240559,0
DNAH1,9606.ENSP00000401514,0.0032403956,-1
PPP1R12C,9606.ENSP00000263433,0.0032394903,0
CCNF,9606.ENSP00000380256,0.0032392903,0
FAAP100,9606.ENSP00000333283,0.0032372372,-1
TUT7,9606.ENSP00000365130,0.0032372,-1
ORC3,9606.ENSP00000257789,0.0032368677,-1
RARS2,9606.ENSP00000358549,0.003236463,0
RAD54B,9606.ENSP00000336606,0.003236003,0
CATSPERD,9606.ENSP00000371037,0.003235902,-1
TEX13B,9606.ENSP00000303777,0.003233651,-1
FGFR1OP2,9606.ENSP00000229395,0.0032324002,-1
NUP153,9606.ENSP00000444029,0.003231417,0
PROSER2,9606.ENSP00000277570,0.0032306707,-1
LRCH4,9606.ENSP00000309689,0.003229829,0
VWA5B2,9606.ENSP00000398688,0.0032296483,-1
NELFB,9606.ENSP00000339495,0.003229527,0
C12orf50,9606.ENSP00000298699,0.0032291848,-1
ZNF292,9606.ENSP00000358590,0.0032290495,-1
TTC31,9606.ENSP00000233623,0.0032289145,-1
E2F7,9606.ENSP00000323246,0.0032284572,0
TAF1B,9606.ENSP00000263663,0.0032284078,-1
ARHGEF40,9606.ENSP00000298694,0.0032281885,-1
EML3,9606.ENSP00000434513,0.0032268767,0
MCM3AP,9606.ENSP00000291688,0.0032265335,-1
NGRN,9606.ENSP00000368389,0.0032259293,0
SPICE1,9606.ENSP00000295872,0.003225506,0
TUBGCP5,9606.ENSP00000480316,0.0032249608,0
PPARGC1B,9606.ENSP00000312649,0.0032239982,-1
TELO2,9606.ENSP00000262319,0.003222835,0
KMT2D,9606.ENSP00000301067,0.0032227084,-1
MPHOSPH8,9606.ENSP00000355388,0.003219981,0
SPATA31G1,9606.ENSP00000308279,0.0032195235,-1
POC1B,9606.ENSP00000323302,0.0032195235,0
RAB3GAP1,9606.ENSP00000411418,0.0032192953,0
CENPI,9606.ENSP00000362018,0.0032192816,0
TRIM66,9606.ENSP00000495413,0.0032184464,-1
RADX,9606.ENSP00000361628,0.0032160243,-1
TMEM130,9606.ENSP00000413163,0.0032154727,-1
GEMIN5,9606.ENSP00000285873,0.0032150096,-1
CEP135,9606.ENSP00000257287,0.0032149944,0
KIAA2013,9606.ENSP00000365756,0.0032145707,0
CAMSAP1,9606.ENSP00000374183,0.0032143798,-1
CFAP206,9606.ENSP00000358575,0.003214285,-1
ASCC3,9606.ENSP00000358159,0.003213254,-1
MCM10,9606.ENSP00000418268,0.0032131271,-1
BRF2,9606.ENSP00000220659,0.0032120096,0
SPATA7,9606.ENSP00000377176,0.0032118903,-1
DCTN1,9606.ENSP00000354791,0.0032116019,0
RNF20,9606.ENSP00000373772,0.003211489,0
SMC2,9606.ENSP00000286398,0.0032114263,0
ZNF839,9606.ENSP00000399863,0.0032109166,-1
ZNF324B,9606.ENSP00000337473,0.003208768,-1
FANCB,9606.ENSP00000498215,0.0032087122,-1
TDRD7,9606.ENSP00000347444,0.0032078044,-1
GCFC2,9606.ENSP00000318690,0.0032073963,-1
DCAF15,9606.ENSP00000254337,0.0032048116,0
UBTFL1,9606.ENSP00000485108,0.0032047383,-1
FMN1,9606.ENSP00000479134,0.0032022933,-1
CXorf49;,9606.ENSP00000480355,0.0032005096,-1
HAUS4,9606.ENSP00000206474,0.0031999787,0
RUFY4,9606.ENSP00000363270,0.0031996213,-1
DPPA4,9606.ENSP00000335306,0.0031983915,-1
INTS2,9606.ENSP00000414237,0.00319818,-1
PMF1,9606.ENSP00000357256,0.0031979734,0
IFT80,9606.ENSP00000312778,0.0031979568,-1
CIC,9606.ENSP00000458663,0.003196744,0
TMEM82,9606.ENSP00000364938,0.0031963473,-1
FAM90A7,9606.ENSP00000497076,0.0031959326,-1
SESN3,9606.ENSP00000441927,0.0031951505,-1
DEPDC7,9606.ENSP00000241051,0.0031946949,-1
PIH1D2,9606.ENSP00000280350,0.0031946218,-1
ASZ1,9606.ENSP00000284629,0.0031945365,0
CCDC92,9606.ENSP00000238156,0.003193893,-1
TROAP,9606.ENSP00000257909,0.003193641,0
PEX26,9606.ENSP00000331106,0.0031936122,-1
FANCD2,9606.ENSP00000287647,0.003192005,0
PELP1,9606.ENSP00000301396,0.0031913894,0
EIF2AK4,9606.ENSP00000263791,0.0031906823,0
WDPCP,9606.ENSP00000272321,0.0031904792,-1
USP48,9606.ENSP00000309262,0.0031903307,0
FAM185A,9606.ENSP00000395340,0.0031902152,-1
SRRM1,9606.ENSP00000326261,0.0031900075,0
EHBP1,9606.ENSP00000263991,0.003189266,-1
BUB1,9606.ENSP00000302530,0.0031891358,0
FBXO15,9606.ENSP00000393154,0.0031886294,-1
CEP95,9606.ENSP00000450461,0.0031875642,-1
PITPNM1,9606.ENSP00000348772,0.0031874506,-1
WDR6,9606.ENSP00000378857,0.0031860634,0
DENND1C,9606.ENSP00000370889,0.003185509,-1
YY1AP1,9606.ENSP00000357323,0.0031844932,0
HAUS5,9606.ENSP00000439056,0.0031840573,0
FAM50A,9606.ENSP00000377225,0.0031839681,0
WDR93,9606.ENSP00000268130,0.0031836454,-1
CENPQ,9606.ENSP00000337289,0.0031812207,0
GAS2L2,9606.ENSP00000474529,0.0031811362,-1
CDC6,9606.ENSP00000209728,0.003180885,0
SMG8,9606.ENSP00000438748,0.003178594,-1
WDR35,9606.ENSP00000314444,0.0031769779,-1
NBAS,9606.ENSP00000281513,0.0031766559,-1
SERAC1,9606.ENSP00000496731,0.0031763224,-1
DYNC1H1,9606.ENSP00000348965,0.0031758018,0
TLE6,9606.ENSP00000246112,0.003174876,0
NCAPD2,9606.ENSP00000325017,0.0031739078,0
OBI1,9606.ENSP00000282003,0.0031731687,-1
DNHD1,9606.ENSP00000254579,0.003170364,-1
SPDL1,9606.ENSP00000265295,0.003170298,0
MMS22L,9606.ENSP00000275053,0.0031697585,0
KIF2C,9606.ENSP00000361298,0.003169236,0
RECQL5,9606.ENSP00000317636,0.003169135,0
CC2D2A,9606.ENSP00000403465,0.0031689135,-1
CCDC171,9606.ENSP00000370077,0.00316684,-1
TSEN34,9606.ENSP00000397402,0.0031651605,-1
LRPPRC,9606.ENSP00000260665,0.003164532,0
FAM178B,9606.ENSP00000429896,0.0031637407,-1
CRAMP1,9606.ENSP00000380559,0.003163365,-1
NUP160,9606.ENSP00000367721,0.0031619621,-1
TMEM191B,9606.ENSP00000481358,0.0031608576,-1
HJURP,9606.ENSP00000414109,0.003159548,0
RASEF,9606.ENSP00000365630,0.0031585898,-1
ZAR1L,9606.ENSP00000437289,0.0031582145,-1
ESPNL,9606.ENSP00000339115,0.003157575,-1
NHSL2,9606.ENSP00000488668,0.003157518,-1
RIC1,9606.ENSP00000416696,0.003157266,-1
MCIDAS,9606.ENSP00000426359,0.0031572192,0
SLC30A9,9606.ENSP00000264451,0.0031567197,0
MIPOL1,9606.ENSP00000333539,0.0031565952,-1
CEP170B,9606.ENSP00000404151,0.0031561016,-1
POM121C,9606.ENSP00000481575,0.003155215,-1
LRRC42,9606.ENSP00000360421,0.003154732,0
RECQL4,9606.ENSP00000482313,0.0031541819,-1
RNF212,9606.ENSP00000389709,0.0031541819,0
DISC1,9606.ENSP00000403888,0.0031536482,-1
ZNF541,9606.ENSP00000375770,0.0031536482,0
CEP20,9606.ENSP00000461830,0.0031536333,-1
FBXL5,9606.ENSP00000344866,0.0031531206,0
KIF24,9606.ENSP00000384433,0.0031524657,-1
MCMDC2,9606.ENSP00000413632,0.0031524342,0
HERC4,9606.ENSP00000378624,0.0031522126,-1
THRAP3,9606.ENSP00000346634,0.0031521944,0
CFAP65,9606.ENSP00000340776,0.003150864,-1
CEP63,9606.ENSP00000336524,0.0031504866,0
SKA3,9606.ENSP00000319417,0.0031491704,0
PRR11,9606.ENSP00000262293,0.0031475304,0
COIL,9606.ENSP00000240316,0.0031471697,-1
CLSPN,9606.ENSP00000312995,0.0031463117,0
PPP1R15B,9606.ENSP00000356156,0.003145979,0
FAM234B,9606.ENSP00000197268,0.0031452617,-1
TBC1D2,9606.ENSP00000481721,0.0031449597,-1
DLGAP5,9606.ENSP00000247191,0.0031446787,0
NDEL1,9606.ENSP00000333982,0.0031437369,0
HFM1,9606.ENSP00000359454,0.0031421445,0
CAVIN4,9606.ENSP00000418668,0.0031419876,-1
NUSAP1,9606.ENSP00000499238,0.003141801,0
CENPL,9606.ENSP00000348527,0.0031413827,0
CHTF18,9606.ENSP00000262315,0.0031409587,-1
LRRC46,9606.ENSP00000269025,0.0031392376,-1
SDE2,9606.ENSP00000272091,0.0031391797,0
C2CD3,9606.ENSP00000334379,0.0031388812,0
MLPH,9606.ENSP00000264605,0.0031379622,-1
MEI1,9606.ENSP00000384115,0.0031373864,0
UBXN11,9606.ENSP00000363339,0.0031364725,-1
NWD2,9606.ENSP00000309501,0.0031350802,-1
GTF3C2,9606.ENSP00000352536,0.0031337794,-1
THAP6,9606.ENSP00000309007,0.0031327938,-1
USP38,9606.ENSP00000303434,0.0031317233,-1
DSCC1,9606.ENSP00000322180,0.003131403,0
MEIOSIN,9606.ENSP00000402674,0.0031310073,0
ELOA2,9606.ENSP00000331302,0.0031309107,-1
PGAP6,9606.ENSP00000401338,0.0031308793,-1
XPC,9606.ENSP00000285021,0.0031305326,0
CFAP92,9606.ENSP00000265068,0.0031275533,-1
SMC4,9606.ENSP00000341382,0.0031268143,0
FHAD1,9606.ENSP00000351770,0.0031267626,-1
URB2,9606.ENSP00000258243,0.0031259288,-1
PITPNC1,9606.ENSP00000464006,0.0031253106,-1
ASPM,9606.ENSP00000356379,0.0031244415,0
CNTRL,9606.ENSP00000362962,0.0031241283,-1
PRORP,9606.ENSP00000440915,0.0031234794,-1
LACTBL1,9606.ENSP00000402297,0.0031232834,-1
SASS6,9606.ENSP00000287482,0.0031230086,0
E2F8,9606.ENSP00000250024,0.003122096,0
ZBTB42,9606.ENSP00000409107,0.0031214224,-1
POLR3E,9606.ENSP00000299853,0.0031204044,-1
KDM3B,9606.ENSP00000326563,0.0031201986,-1
EHBP1L1,9606.ENSP00000312671,0.0031198678,-1
SLC7A6OS,9606.ENSP00000263997,0.003119506,-1
BORA,9606.ENSP00000479266,0.0031194673,0
KASH5,9606.ENSP00000404220,0.00311883,0
MSH5,9606.ENSP00000364855,0.003117952,0
RIPOR1,9606.ENSP00000400099,0.0031179017,-1
KIAA1614,9606.ENSP00000356560,0.0031175786,0
MDN1,9606.ENSP00000358400,0.0031170305,-1
WDR43,9606.ENSP00000384302,0.0031156791,-1
DZIP1L,9606.ENSP00000332148,0.0031147879,-1
CEP152,9606.ENSP00000370337,0.0031135413,0
MSH6,9606.ENSP00000234420,0.0031120777,0
PWWP3A,9606.ENSP00000498656,0.003111556,-1
BRD10,9606.ENSP00000382815,0.0031109436,-1
AMER3,9606.ENSP00000392700,0.0031106095,-1
UBAP1,9606.ENSP00000486574,0.003109264,-1
GEMIN4,9606.ENSP00000321706,0.0031089745,-1
BAZ1B,9606.ENSP00000342434,0.0031084956,0
NUP214,9606.ENSP00000352400,0.0031077985,0
SOWAHB,9606.ENSP00000334879,0.0031077778,-1
ATG2B,9606.ENSP00000353010,0.0031068118,-1
NUP107,9606.ENSP00000229179,0.003106741,0
SMC1B,9606.ENSP00000350036,0.003106475,0
NOL11,9606.ENSP00000253247,0.0031056302,-1
CEP295,9606.ENSP00000316681,0.0031049026,0
TJAP1,9606.ENSP00000361522,0.0031048378,-1
IFT140,9606.ENSP00000406012,0.0031046148,-1
ANO8,9606.ENSP00000159087,0.003104485,-1
BBOF1,9606.ENSP00000377577,0.0031044644,-1
RAD18,9606.ENSP00000264926,0.0031042842,0
SGSM3,9606.ENSP00000248929,0.003104119,0
CFAP157,9606.ENSP00000362392,0.0031010879,-1
ORC1,9606.ENSP00000360623,0.0030998164,0
FANCM,9606.ENSP00000267430,0.0030996893,0
POC5,9606.ENSP00000410216,0.0030986525,0
CDCA3,9606.ENSP00000442068,0.0030977451,0
TGFBRAP1,9606.ENSP00000377027,0.003096899,-1
WDHD1,9606.ENSP00000353793,0.0030966834,0
ANAPC1,9606.ENSP00000339109,0.0030966029,0
XKR5,9606.ENSP00000483879,0.0030965612,-1
BAZ1A,9606.ENSP00000371859,0.0030949248,-1
POM121,9606.ENSP00000378687,0.0030941383,-1
ZRANB3,9606.ENSP00000264159,0.0030936867,-1
JOSD1,9606.ENSP00000216039,0.0030925986,0
FAM53A,9606.ENSP00000310057,0.0030925793,-1
SMARCAL1,9606.ENSP00000349823,0.003091975,-1
CNPPD1,9606.ENSP00000386277,0.0030918901,0
VPS13D,9606.ENSP00000478104,0.0030913993,-1
NOL9,9606.ENSP00000366934,0.003090807,-1
NHS,9606.ENSP00000369400,0.003090535,-1
MAP1S,9606.ENSP00000325313,0.0030884205,0
FDXACB1,9606.ENSP00000260257,0.0030873783,-1
NOP2,9606.ENSP00000371858,0.0030869585,-1
FASTKD3,9606.ENSP00000264669,0.0030860796,-1
FAN1,9606.ENSP00000354497,0.0030850573,-1
POLK,9606.ENSP00000241436,0.003082196,-1
WASHC1,9606.ENSP00000485627,0.0030819676,-1
ZNF592,9606.ENSP00000452877,0.0030793035,-1
C7orf57,9606.ENSP00000335500,0.0030789478,-1
PAGR1,9606.ENSP00000326519,0.003077821,0
MICALL2,9606.ENSP00000297508,0.003077356,-1
GOLGA3,9606.ENSP00000204726,0.0030766947,0
AHCTF1,9606.ENSP00000355465,0.0030765717,0
FAM83C,9606.ENSP00000363529,0.0030765047,-1
MDM1,9606.ENSP00000302537,0.003076326,0
AXDND1,9606.ENSP00000356590,0.003074271,-1
LRRCC1,9606.ENSP00000353538,0.00307399,-1
LRGUK,9606.ENSP00000285928,0.003073923,-1
GSTCD,9606.ENSP00000422354,0.00307019,-1
KIAA1191,9606.ENSP00000298569,0.0030687079,-1
MED16,9606.ENSP00000325612,0.0030677072,-1
CFAP46,9606.ENSP00000357575,0.0030665246,-1
REC114,9606.ENSP00000328423,0.003064001,0
MTPAP,9606.ENSP00000263063,0.0030637404,-1
NUTM1,9606.ENSP00000444896,0.0030635041,-1
ICE2,9606.ENSP00000261520,0.003063038,-1
MAMSTR,9606.ENSP00000324175,0.0030626394,-1
RPAP2,9606.ENSP00000476948,0.0030625984,-1
SUGP2,9606.ENSP00000472914,0.0030609625,-1
INCENP,9606.ENSP00000378295,0.0030597073,0
FBF1,9606.ENSP00000490726,0.003059412,-1
LMNTD2,9606.ENSP00000331167,0.0030571145,-1
CCDC78,9606.ENSP00000293889,0.0030558663,-1
ZNF831,9606.ENSP00000490240,0.003055396,-1
ERICH6,9606.ENSP00000295910,0.0030547641,-1
FAM149A,9606.ENSP00000227065,0.0030538365,-1
NPHP4,9606.ENSP00000367398,0.0030518235,-1
OTUD4,9606.ENSP00000409279,0.0030512563,0
GAS2L3,9606.ENSP00000448955,0.0030509154,-1
SIPA1,9606.ENSP00000377771,0.0030508256,0
MSL1,9606.ENSP00000462945,0.003050173,0
GTF3C4,9606.ENSP00000361219,0.0030495755,-1
WDR75,9606.ENSP00000314193,0.0030481028,0
PCNT,9606.ENSP00000352572,0.003047393,0
POLG,9606.ENSP00000399851,0.0030472104,-1
WDR25,9606.ENSP00000334148,0.0030470686,-1
SPOCD1,9606.ENSP00000353670,0.0030455568,-1
TSC1,9606.ENSP00000298552,0.0030455014,0
SPG11,9606.ENSP00000261866,0.0030445436,0
HROB,9606.ENSP00000313500,0.0030442914,-1
HMMR,9606.ENSP00000377492,0.003043435,0
CAMSAP3,9606.ENSP00000416797,0.0030410457,0
SEL1L3,9606.ENSP00000382767,0.003041008,-1
CTDP1,9606.ENSP00000484525,0.0030404313,0
RPH3AL,9606.ENSP00000328977,0.003040424,-1
DYNC2I1,9606.ENSP00000384290,0.0030402709,-1
TSNAXIP1,9606.ENSP00000457241,0.0030402509,-1
C6orf118,9606.ENSP00000230301,0.003036432,-1
CFAP97,9606.ENSP00000409964,0.0030349914,-1
TTC27,9606.ENSP00000313953,0.0030346394,-1
EME1,9606.ENSP00000376952,0.0030342962,0
FILIP1L,9606.ENSP00000346560,0.003033845,-1
SPAG5,9606.ENSP00000323300,0.0030336184,0
NPAS4,9606.ENSP00000311196,0.0030334874,-1
HAUS6,9606.ENSP00000369871,0.0030309143,0
KRABD3,9606.ENSP00000418647,0.003030574,-1
HEMK1,9606.ENSP00000404843,0.0030304878,-1
CCDC116,9606.ENSP00000292779,0.0030302715,-1
RPUSD1,9606.ENSP00000455026,0.0030302545,-1
TTF2,9606.ENSP00000358478,0.0030300585,-1
CLHC1,9606.ENSP00000384869,0.0030296175,-1
MBD1,9606.ENSP00000468785,0.0030262782,0
CDC25C,9606.ENSP00000321656,0.0030236868,0
TMEM59L,9606.ENSP00000470879,0.0030231217,-1
CAMSAP2,9606.ENSP00000236925,0.0030225602,-1
SBF1,9606.ENSP00000370196,0.0030216188,0
UIMC1,9606.ENSP00000421926,0.0030202358,0
NUP85,9606.ENSP00000245544,0.0030196314,-1
WDR90,9606.ENSP00000293879,0.0030176695,0
DNAAF1,9606.ENSP00000367815,0.0030173196,-1
CFAP251,9606.ENSP00000288912,0.0030165599,-1
DNA2,9606.ENSP00000351185,0.0030155412,0
CCDC17,9606.ENSP00000432172,0.0030152174,-1
DZIP1,9606.ENSP00000257312,0.0030150341,-1
CHAMP1,9606.ENSP00000496699,0.0030149338,0
PPP1R15A,9606.ENSP00000200453,0.0030140795,0
BICD2,9606.ENSP00000349351,0.0030136611,-1
TOPBP1,9606.ENSP00000260810,0.0030123978,0
POLRMT,9606.ENSP00000465759,0.0030115962,-1
KIAA0753,9606.ENSP00000355250,0.0030107286,0
TSPOAP1,9606.ENSP00000345824,0.003010043,-1
RIMBP3,9606.ENSP00000483386,0.0030084131,-1
SIMC1,9606.ENSP00000410552,0.0030075083,-1
UBXN8,9606.ENSP00000479216,0.003006915,-1
CCDC180,9606.ENSP00000501085,0.0030059945,-1
CCDC57,9606.ENSP00000376154,0.0030059658,0
RNF169,9606.ENSP00000299563,0.0030045689,-1
CNTLN,9606.ENSP00000370021,0.0030044,0
BICD1,9606.ENSP00000498700,0.0030038275,-1
CCDC33,9606.ENSP00000381795,0.0030028406,-1
PRR14,9606.ENSP00000441641,0.0030026436,-1
DNAAF2,9606.ENSP00000298292,0.0030024226,-1
TTC16,9606.ENSP00000362386,0.0030005975,-1
PALD1,9606.ENSP00000263563,0.002999736,-1
RIPPLY3,9606.ENSP00000331734,0.0029989264,-1
PROB1,9606.ENSP00000416033,0.0029988575,-1
PPRC1,9606.ENSP00000278070,0.0029987723,-1
LIG3,9606.ENSP00000367787,0.0029985271,0
GCC1,9606.ENSP00000318821,0.0029974207,-1
RPS6KC1,9606.ENSP00000355927,0.0029968026,-1
SPC24,9606.ENSP00000465075,0.002995515,0
MDC1,9606.ENSP00000365588,0.002994137,0
LRRC43,9606.ENSP00000344233,0.0029940614,-1
PEX1,9606.ENSP00000248633,0.0029901068,-1
CUSTOS,9606.ENSP00000442224,0.0029900542,-1
KNTC1,9606.ENSP00000328236,0.0029872695,0
SHQ1,9606.ENSP00000315182,0.0029869287,-1
NUP88,9606.ENSP00000458954,0.0029853329,-1
MIS12,9606.ENSP00000370557,0.0029846889,0
C10orf67,9606.ENSP00000501139,0.0029841396,-1
NSL1,9606.ENSP00000355944,0.0029828758,0
ZCCHC8,9606.ENSP00000438993,0.0029819312,-1
CFAP43,9606.ENSP00000349568,0.0029818635,-1
RPUSD2,9606.ENSP00000323288,0.0029804208,-1
CDCA8,9606.ENSP00000362146,0.0029803694,0
SPATA21,9606.ENSP00000335612,0.0029800495,-1
CFAP20DC,9606.ENSP00000295966,0.0029781826,-1
KDF1,9606.ENSP00000319179,0.0029773954,-1
SYCP1,9606.ENSP00000358535,0.0029759153,0
C19orf44,9606.ENSP00000221671,0.0029751202,-1
CEP72,9606.ENSP00000264935,0.0029750667,0
CIPC,9606.ENSP00000355319,0.0029750522,0
TDRD5,9606.ENSP00000406052,0.0029742166,-1
GTSE1,9606.ENSP00000415430,0.002973829,-1
NHEJ1,9606.ENSP00000349313,0.0029735055,-1
C2CD2L,9606.ENSP00000338885,0.0029709716,-1
ZNF687,9606.ENSP00000319829,0.0029708487,-1
DDX31,9606.ENSP00000361232,0.0029708124,-1
APEX2,9606.ENSP00000364126,0.0029692634,-1
SUN2,9606.ENSP00000385616,0.0029691462,0
CHAF1A,9606.ENSP00000301280,0.0029673113,0
NCAPD3,9606.ENSP00000433681,0.0029648396,0
WDR97,9606.ENSP00000320648,0.0029642235,-1
RAD50,9606.ENSP00000368100,0.0029638838,0
MCPH1,9606.ENSP00000342924,0.0029638542,0
RPAP1,9606.ENSP00000306123,0.0029637136,-1
DEPDC1,9606.ENSP00000412292,0.0029631334,0
FKBP15,9606.ENSP00000416158,0.0029622542,-1
LRRC9,9606.ENSP00000493790,0.0029615657,-1
DTL,9606.ENSP00000355958,0.0029611054,0
PROSER3,9606.ENSP00000380116,0.002958696,-1
DENND4B,9606.ENSP00000354597,0.0029575652,0
HERC2,9606.ENSP00000261609,0.0029574807,-1
CEP85,9606.ENSP00000252992,0.0029569354,0
SEC31B,9606.ENSP00000359370,0.0029558025,-1
RIPOR2,9606.ENSP00000259698,0.0029553166,0
FANCC,9606.ENSP00000289081,0.0029514534,0
CCDC166,9606.ENSP00000437468,0.002950111,-1
FAM234A,9606.ENSP00000382814,0.002947313,0
FANCA,9606.ENSP00000373952,0.0029462508,0
ZMYND15,9606.ENSP00000269289,0.0029457465,-1
CEP131,9606.ENSP00000269392,0.0029436047,0
GARIN5B,9606.ENSP00000398617,0.0029432185,-1
CENPT,9606.ENSP00000457810,0.0029418964,0
RAB44,9606.ENSP00000481054,0.002940114,-1
ESPL1,9606.ENSP00000257934,0.0029369842,0
MOV10L1,9606.ENSP00000262794,0.0029331744,0
POLA1,9606.ENSP00000368358,0.002932773,0
RABEP1,9606.ENSP00000445408,0.0029290342,-1
RECQL,9606.ENSP00000416739,0.0029278926,-1
RETREG3,9606.ENSP00000309432,0.002926981,0
SSX2IP,9606.ENSP00000340279,0.002926021,0
SLF1,9606.ENSP00000265140,0.0029259098,0
TERF2,9606.ENSP00000254942,0.0029241047,0
FASTKD5,9606.ENSP00000369618,0.0029237347,-1
NIN,9606.ENSP00000371472,0.0029229608,0
TSEN54,9606.ENSP00000327487,0.0029227035,-1
SNAPC4,9606.ENSP00000298532,0.0029223892,-1
DSE,9606.ENSP00000494147,0.0029205324,-1
MIA2,9606.ENSP00000491014,0.0029200742,-1
CEP68,9606.ENSP00000367229,0.0029195952,0
RAB3GAP2,9606.ENSP00000351832,0.0029159607,-1
KIAA1755,9606.ENSP00000279024,0.0029153605,-1
DSN1,9606.ENSP00000389810,0.0029152755,0
OFD1,9606.ENSP00000344314,0.0029099332,0
RPGRIP1,9606.ENSP00000382895,0.0029083923,-1
CCDC157,9606.ENSP00000385357,0.0029077425,-1
TERF1,9606.ENSP00000276603,0.0029034142,0
DNAAF8,9606.ENSP00000299320,0.0029030666,-1
DZANK1,9606.ENSP00000262547,0.0029026058,-1
CNTROB,9606.ENSP00000369614,0.0029025876,0
CDC20B,9606.ENSP00000370781,0.0028999364,-1
MORN1,9606.ENSP00000367792,0.0028932597,-1
TTLL12,9606.ENSP00000216129,0.002892256,0
CEP89,9606.ENSP00000306105,0.0028919096,-1
LRRC27,9606.ENSP00000357603,0.0028909664,-1
BICDL1,9606.ENSP00000380690,0.0028854525,-1
XRRA1,9606.ENSP00000339918,0.0028837959,-1
IQCE,9606.ENSP00000480715,0.0028833011,-1
CCDC187,9606.ENSP00000456543,0.0028814916,-1
CEP97,9606.ENSP00000342510,0.0028806946,0
TACC1,9606.ENSP00000321703,0.002880429,0
CCPG1,9606.ENSP00000403400,0.0028797744,0
VPS8,9606.ENSP00000487164,0.0028779046,-1
BUB1B,9606.ENSP00000287598,0.0028776077,0
LRRC71,9606.ENSP00000336661,0.0028770592,-1
UBAP1L,9606.ENSP00000454012,0.0028750214,-1
KLHDC7A,9606.ENSP00000383505,0.0028723737,-1
CTC1,9606.ENSP00000498499,0.002862394,0
CCDC77,9606.ENSP00000239830,0.002858095,-1
CEP85L,9606.ENSP00000357474,0.0028552685,-1
DBNDD2,9606.ENSP00000361795,0.0028496752,-1
SNAPC2,9606.ENSP00000221573,0.0028490585,-1
BTBD18,9606.ENSP00000394472,0.0028439371,0
POLN,9606.ENSP00000435506,0.002832635,-1
POLR1G,9606.ENSP00000465099,0.002828172,-1
CEP164,9606.ENSP00000278935,0.0028164699,-1
RAB11FIP4,9606.ENSP00000482620,0.0028138703,0
DBF4B,9606.ENSP00000323663,0.002813541,0
AKNA,9606.ENSP00000303769,0.0028119816,-1
GOLGA2,9606.ENSP00000416097,0.0028116275,0
SLX4,9606.ENSP00000294008,0.0027973254,0
TNKS1BP1,9606.ENSP00000437271,0.002795743,-1
DELE1,9606.ENSP00000396225,0.0027956474,0
CCDC27,9606.ENSP00000294600,0.0027937894,-1
CEP78,9606.ENSP00000365782,0.0027724167,-1
TCAIM,9606.ENSP00000341539,0.002761633,-1
ACD,9606.ENSP00000483117,0.0027594378,-1
BLZF1,9606.ENSP00000356782,0.0027581495,-1
EDC4,9606.ENSP00000351811,0.0027460887,-1
CCDC125,9606.ENSP00000379754,0.0027459818,-1
ATRIP,9606.ENSP00000323099,0.0027348865,0
SPEG,9606.ENSP00000311684,0.0027147376,-1
SH3TC1,9606.ENSP00000245105,0.0027125024,-1
RUFY1,9606.ENSP00000325594,0.0027030867,-1
TACC3,9606.ENSP00000326550,0.002689653,0
MTCL2,9606.ENSP00000237536,0.0026893779,0
MTCL1,9606.ENSP00000352927,0.0026821692,0
TAF1C,9606.ENSP00000455265,0.0026687547,-1
RAB11FIP3,9606.ENSP00000262305,0.0026565238,0
TICRR,9606.ENSP00000268138,0.0026389505,0
SUN1,9606.ENSP00000384015,0.0026196989,0
SNX19,9606.ENSP00000265909,0.0026138294,0
BLTP2,9606.ENSP00000436773,0.0026048152,-1
EVC2,9606.ENSP00000342144,0.0025887478,-1
